fof_halo_tag,delta1,delta2,sod_halo_core_entropy,TPI,R1,R2,R3,R4
192428183948,0.013181882,0.01778535,177.23648,1.2204566896185536,True,True,False,True
376265811754,0.045265622,0.030649643,159.90079,-0.1937136774960192,True,True,False,False
379452856022,0.013239482,0.04565795,203.20865,-0.915068805977998,True,True,False,False
286092198970,0.11333074,0.10413701,234.5426,-2.942200356540792,False,False,False,False
60678400122,0.036425296,0.026182763,43.78155,3.1483072742266245,True,True,True,True
203550455686,0.003967544,0.02011131,32.28587,2.3942750932396537,True,True,True,True
77188281888,0.0071973563,0.0496996,211.55957,0.4925808614863295,True,True,False,True
343262329930,0.04972541,0.07443517,364.54062,-2.928822284742303,True,False,False,False
321682611786,0.058370747,0.07036105,144.36143,-0.9595411346089148,True,False,True,False
258183450518,0.0093851,0.062207736,102.52006,0.1561627791985982,True,True,True,True
21600232684,0.020119904,0.024881436,116.24929,1.200015353351708,True,True,True,True
236250430016,0.0067453906,0.059127677,186.12102,1.1360200075878597,True,True,False,True
210524406320,0.1304224,0.105822615,116.184906,-1.4093987516599054,False,False,True,False
488673034108,0.019554568,0.0359482,105.63093,0.562295333216263,True,True,True,True
439776769184,0.009709448,0.034653526,255.86145,0.6140678233276234,True,True,False,True
19390369506,0.00781373,0.029809585,101.470215,1.0024330445651968,True,True,True,True
289600343344,0.09572254,0.08792968,247.95244,-1.539240227757913,False,False,False,False
310570724734,0.010690848,0.014131263,109.831345,-0.2880233763560821,True,True,True,False
383600979994,0.028471217,0.05817461,197.77151,1.2254805982261283,True,True,False,True
609326324272,0.09472629,0.034935664,132.48784,-1.9316148114114589,False,True,True,False
560434317276,0.0364797,0.082287796,63.278305,1.7138441946563852,True,False,True,True
506775327816,0.012432248,0.038586076,186.81435,3.13891887397902,True,True,False,True
833494385770,0.037088078,0.025070718,202.4389,-1.8257596846053945,True,True,False,False
862073706400,0.018065128,0.03572831,184.49455,1.3505242402206623,True,True,False,True
618236640198,0.016949184,0.04995511,219.78474,1.0804133456445095,True,True,False,True
727458757338,0.017383803,0.05577989,128.45905,1.629832661360865,True,True,True,True
663320373872,0.033322394,0.030770697,210.38974,-0.6105100258474925,True,True,False,False
957356820248,0.027222387,0.058545303,57.715225,2.0015248846045437,True,True,True,True
875110673710,0.007901511,0.07012834,126.83407,0.023886132011354,True,False,True,True
885588531902,0.018513385,0.02443277,135.05513,2.8087100165157173,True,True,True,True
535025788684,0.00748299,0.040188182,158.7016,0.4918201508848686,True,True,False,True
818889424796,0.01711554,0.02990573,207.87883,1.9959184518120812,True,True,False,True
847148377668,0.097237475,0.022312853,242.57516,-4.020224466452492,False,True,False,False
974813668100,0.041401193,0.036021464,159.61157,-0.0199859322154496,True,True,False,False
978946367306,0.051870365,0.06997174,102.3421,0.3428405820256552,True,True,True,True
245173421828,0.0851837,0.052541662,280.74808,-3.7516880466136113,False,True,False,False
351865080166,0.017262109,0.0193711,204.87833,0.8145399643302986,True,True,False,True
467757915776,0.0071550654,0.015899017,155.31293,1.3332740031069,True,True,False,True
480461941258,0.015705386,0.0759428,283.4236,-0.9425460708096262,True,False,False,False
80082249864,0.027094487,0.008402126,160.76443,0.733486495058788,True,True,False,True
158828368520,0.020726675,0.042363573,104.6125,1.1531486925235583,True,True,True,True
175341198076,0.0109557165,0.053034604,200.01584,-0.5889097094947334,True,True,False,False
168045041766,0.021903822,0.02711103,157.79413,0.7633474701147427,True,True,False,True
270272294472,0.04741965,0.0623263,120.20958,2.0757506406657247,True,True,True,True
319822600694,0.032171756,0.050757393,222.77492,-0.3714585220574058,True,True,False,False
84182668800,0.06605234,0.08166992,93.62604,1.660667945351996,True,False,True,True
135636810392,0.054194797,0.07136755,811.10785,-2.365256280856846,True,False,False,False
291529604192,0.018122077,0.03787437,201.10997,0.9752228673667744,True,True,False,True
406152257310,0.105853535,0.016148994,506.14636,-3.17430962564953,False,True,False,False
293430642022,0.017885571,0.00397911,160.5816,1.0180631774837514,True,True,False,True
350587039726,0.048913,0.04988551,299.16153,-0.9480146437003816,True,True,False,False
189940238872,0.067273416,0.035918374,268.3484,-0.1684519410132287,True,True,False,False
154704263648,0.050028548,0.04507267,295.67218,-2.588971472105557,True,True,False,False
3994467475180,0.013057087,0.012387968,88.81138,1.5332653612727636,True,True,True,True
75316981834,0.03650596,0.045011006,153.20773,-0.0086808989713682,True,True,False,False
191542506064,0.10038151,0.015790928,393.181,-0.9727765528016958,False,True,False,False
164547838288,0.031112632,0.027901549,104.991714,2.901165449921195,True,True,True,True
260113847250,0.02612396,0.054304376,206.88354,0.7495497800680034,True,True,False,True
296317780704,0.03137665,0.020577233,115.89581,0.5854362762158387,True,True,True,True
483333281304,0.01088956,0.010222547,37.099815,3.8713394725280335,True,True,True,True
683033981178,0.07323217,0.023660049,313.04605,-3.093423001871241,False,True,False,False
547771191504,0.058520544,0.033383824,91.64075,3.9439190876524526,True,True,True,True
848454037726,0.05736477,0.032421462,166.4288,-1.2996294546733709,True,True,False,False
857978454198,0.017236512,0.05125323,187.75954,-1.6465892730807306,True,True,False,False
969762579534,0.015191111,0.030117242,152.2908,0.8168758383880728,True,True,False,True
503648485974,0.01965691,0.050104804,267.36398,0.2507392497940164,True,True,False,True
651942547382,0.07077963,0.045442242,161.36429,2.708275110263735,False,True,False,True
659250093810,0.024968294,0.037945855,187.05157,-0.0478236503909193,True,True,False,False
556997869232,0.0036897764,0.05120894,196.77678,2.1116023740715155,True,True,False,True
668455175838,0.031225666,0.017255463,183.7612,-0.57279475055426,True,True,False,False
944381138902,0.009172575,0.047031265,298.2885,-0.3002780143485782,True,True,False,False
958353909086,0.020963987,0.061041716,222.16316,0.4903309234148886,True,True,False,True
698265919940,0.027314635,0.045624096,208.79445,2.5776475976480837,True,True,False,True
715106500310,0.07130644,0.07310477,137.2821,0.9014255451293768,False,False,True,True
651912738738,0.015441785,0.0713311,120.079094,-0.4098587717734864,True,False,True,False
561112577536,0.009655819,0.063910276,249.67847,-0.2448478557068391,True,True,False,False
630011216668,0.07603951,0.083204955,276.6735,-2.896448002991707,False,False,False,False
920227041100,0.029810753,0.084746234,340.80618,-1.0900538341320591,True,False,False,False
524294670518,0.017328393,0.037729155,177.46506,-0.2305454227702618,True,True,False,False
682092559732,0.010347245,0.0207337,103.026184,0.9956138909384178,True,True,True,True
512551471486,0.027314628,0.080021694,201.40146,0.4437950571825257,True,False,False,True
845316966856,0.058234937,0.021027396,91.110245,3.454891904179872,True,True,True,True
876747616748,0.059487168,0.051293015,134.92087,0.7581522954015626,True,True,True,True
970729454208,0.0192057,0.04015998,153.98141,0.1601602057440711,True,True,False,True
139720672586,0.039452918,0.008586817,153.33765,0.9904956491534602,True,True,False,True
481679632708,0.08184317,0.014130816,198.47766,-1.4490920349766516,False,True,False,False
404845235820,0.032896396,0.08024779,222.90436,1.0047272851722029,True,False,False,True
271492354836,0.03296801,0.025099365,116.48126,0.4405168666413327,True,True,True,True
285453256094,0.042490553,0.044550974,306.74084,0.9798720771925984,True,True,False,True
495348037580,0.0076764,0.021545071,115.972534,1.432681301083356,True,True,True,True
120045067498,0.01655521,0.07739444,184.29515,0.3665446678311928,True,False,False,True
227372749476,0.020230526,0.052866615,240.03856,0.3228799325656657,True,True,False,True
81957510000,0.034420185,0.033982985,149.99408,1.895182747468059,True,True,True,True
324850935182,0.061668083,0.043280203,189.6315,1.583043352229152,True,True,False,True
341357213286,0.046306547,0.043814436,71.835,0.9904979021908302,True,True,True,True
472811904598,0.01690384,0.020362072,244.17851,0.4793361878757418,True,True,False,True
468053842040,0.0539069,0.080330774,241.96608,-0.9790469428813358,True,False,False,False
102245804404,0.0072002923,0.06835434,390.45236,-1.0937419555820642,True,True,False,False
98119734290,0.038004484,0.10927546,110.1124,0.575912236220506,True,False,True,True
210208955806,0.040600315,0.076164305,179.9135,-0.7694595707747786,True,False,False,False
381360023106,0.08815047,0.03570701,185.57716,-0.2410965569699691,False,True,False,False
19725682884,0.022831691,0.034628473,39.178875,2.7378395795708363,True,True,True,True
146097433770,0.01747039,0.046525214,168.1371,1.0413060631026445,True,True,False,True
254354768486,0.025970677,0.031224726,205.63078,-1.332380961340771,True,True,False,False
282305979500,0.0452898,0.049810644,76.741135,1.8511277983474803,True,True,True,True
474724762602,0.012417158,0.07556416,182.20795,-0.2103568905486738,True,False,False,False
366773506436,0.046456564,0.08885136,169.50699,-1.3465758079675316,True,False,False,False
530906270490,0.0121965,0.045449633,165.2861,-1.3590733244719386,True,True,False,False
904931776564,0.023560314,0.03775611,207.8836,0.505355062507272,True,True,False,True
831269430782,0.03650498,0.02807567,144.14893,-0.1506390054375786,True,True,True,False
946545192674,0.023823434,0.07351364,94.82177,1.1559245524065904,True,False,True,True
598228952692,0.09853113,0.06938722,137.08624,-0.341219756143186,False,True,True,False
709680464070,0.0030541925,0.045495223,188.90157,0.492340601556726,True,True,False,True
536959109394,0.010239263,0.022889044,46.305862,1.4496982972330403,True,True,True,True
566490409794,0.09689591,0.048863497,417.2279,-3.718218091882,False,True,False,False
965924873794,0.008292741,0.037876032,91.72011,2.093891647862613,True,True,True,True
797316109794,0.09119251,0.07076903,295.10193,0.8651127486549297,False,False,False,True
954169578360,0.10353737,0.051609237,1871.6769,-3.3486489311403984,False,True,False,False
674415005668,0.019455556,0.040900506,143.6467,2.44104408179644,True,True,True,True
652507184208,0.006647683,0.018214742,205.20074,0.2565054814423306,True,True,False,True
614737701194,0.0701798,0.18276878,198.30511,-1.5791518939279925,False,False,False,False
844926395400,0.01890886,0.033375993,87.23184,1.327609793337287,True,True,True,True
949070183672,0.009654477,0.028910665,130.77571,1.86398476847743,True,True,True,True
940498126974,0.16434081,0.08754921,349.7338,-5.172215116101468,False,False,False,False
836364292814,0.014304399,0.011731563,101.008286,1.1821668604060551,True,True,True,True
676347491956,0.04688413,0.089057945,289.4811,-2.7928887335869965,True,False,False,False
893528853582,0.019955168,0.03984244,182.69438,2.0534132997611967,True,True,False,True
872890785216,0.061295856,0.054138992,35.233707,2.7377349961377853,True,True,True,True
914798965258,0.03396812,0.059456427,184.63629,-0.2190203758140944,True,True,False,False
79116310354,0.024815442,0.04825775,180.29875,3.2960624210803204,True,True,False,True
355031161048,0.019537894,0.04858514,69.10361,2.6607616018585536,True,True,True,True
174697441032,0.029877076,0.039347254,214.23619,0.2062821385381092,True,True,False,True
161366439604,0.011922406,0.053479504,131.96222,1.0949842725237635,True,True,True,True
221060401304,0.01942565,0.029340552,54.990017,2.527243631974176,True,True,True,True
93097876288,0.017598057,0.02496659,155.85585,1.817889057434681,True,True,False,True
118193346810,0.018541835,0.054140236,158.29904,1.4287308937118226,True,True,False,True
38790768052,0.032424934,0.04216264,1697.1337,-0.990551261717134,True,True,False,False
221364894950,0.016869212,0.047866583,204.43481,-0.1966314990965939,True,True,False,False
473462646312,0.0133696785,0.03120026,160.38339,-0.4148522823276604,True,True,False,False
367426261990,0.019829081,0.039862134,464.74182,0.1999100541189943,True,True,False,True
28959493460,0.014429235,0.021169214,178.59464,0.3450763370794144,True,True,False,True
209001144886,0.023507975,0.03224223,163.45059,-1.182490262946867,True,True,False,False
469678815328,0.009927877,0.040711846,204.18237,-0.2204747947765965,True,True,False,False
316638786880,0.016218644,0.029569073,411.33273,-2.29419375426929,True,True,False,False
549985517762,0.013569348,0.019090598,120.50453,0.7721540498389489,True,True,True,True
493472703530,0.018479947,0.009657079,122.166534,0.3079360009115048,True,True,True,True
790985139086,0.02001571,0.04704649,89.46697,1.5890350890179592,True,True,True,True
840833989974,0.023567462,0.038572855,206.65686,-0.556846733744201,True,True,False,False
774169859344,0.017448917,0.039421983,43.047855,2.936630823514283,True,True,True,True
765599288994,0.017820783,0.084814034,210.82439,0.4979085554999765,True,False,False,True
667821145926,0.026730066,0.026875941,94.671906,4.297843972772043,True,True,True,True
516354203516,0.05828027,0.029812327,194.7673,-1.3694595729988883,True,True,False,False
792596275762,0.050483733,0.026084809,203.7756,-0.1139620725523108,True,True,False,False
907830382840,0.016039714,0.081929386,354.15997,-2.483297599999359,True,False,False,False
898944989076,0.04966511,0.054967422,212.18802,-0.4951241857595365,True,True,False,False
560166571712,0.089295544,0.05961462,239.61624,-2.199061157785355,False,True,False,False
529051022960,0.011399694,0.027667124,58.140774,3.369865498104585,True,True,True,True
711000868930,0.057486013,0.038614154,160.0929,-1.7572855005528814,True,True,False,False
519524617440,0.01044907,0.036418546,339.49017,-0.8861113024928282,True,True,False,False
620818083852,0.08531541,0.035360634,163.39929,2.326482706328575,False,True,False,True
506839945058,0.011517385,0.020959297,144.98785,0.1933319410422335,True,True,True,True
605579568068,0.02281704,0.045985978,77.413734,1.569004733455163,True,True,True,True
644635636846,0.09253578,0.05409777,142.47363,-1.4556489193060322,False,True,True,False
1216756951626,0.032410458,0.037226092,148.49377,-0.5292814367048002,True,True,True,False
1024984976410,0.12564044,0.028236482,83.47511,0.6409053603209456,False,True,True,True
1113894910816,0.007575892,0.011277876,51.757206,1.803467496265659,True,True,True,True
1081189368966,0.07461247,0.17178541,124.62502,-2.7602525541209264,False,False,True,False
1379024893224,0.019000817,0.009479147,94.25538,0.5981617725120213,True,True,True,True
1243094733444,0.015114077,0.041565932,106.0142,0.8909741157032647,True,True,True,True
1254537750686,0.011482172,0.02425838,146.02,-0.9952432434725031,True,True,True,False
1464724323024,0.036595598,0.03903772,230.36537,-1.5380282330237378,True,True,False,False
1357730541020,0.101535454,0.024991699,181.46463,-0.5179178161226101,False,True,False,False
1317089442738,0.020656928,0.031002777,149.59554,0.1469559888126919,True,True,True,True
1307868738426,0.08419752,0.06102815,151.04556,-0.477987012839864,False,True,False,False
1407251288422,0.0065521332,0.03494161,97.291435,0.9172922673499868,True,True,True,True
1362492863312,0.010578529,0.02049568,89.49413,1.366149662078823,True,True,True,True
1012287126678,0.026830051,0.015038093,71.15539,2.2087623520916546,True,True,True,True
1134525775712,0.07561978,0.105635315,139.32733,-3.702696089148565,False,False,True,False
1029752970102,0.013640843,0.011829065,153.62907,-0.9673603034733468,True,True,False,False
1109448978878,0.012467427,0.026307162,138.07611,0.4248889527606402,True,True,True,True
1127867104078,0.027738385,0.07093244,110.89219,-0.1798002536364294,True,False,True,False
1338691714046,0.03082953,0.047615826,305.16672,0.3929557189278215,True,True,False,True
1335191611382,0.008436043,0.052901983,112.21598,2.41304216457565,True,True,True,True
1429506719164,0.040000886,0.09097853,96.51575,2.0189499744990784,True,False,True,True
1546007828588,0.025200004,0.054917738,178.03856,0.5828829757480645,True,True,False,True
1708897554146,0.0072603435,0.02401707,63.359615,2.6156828789429807,True,True,True,True
1759381143194,0.105992496,0.20731989,142.08243,-1.6701601826684729,False,False,True,False
1836231994864,0.037236884,0.026384603,48.976418,3.93799795948069,True,True,True,True
1853700358330,0.01882875,0.038409512,268.89746,-0.938051329611443,True,True,False,False
1588903823042,0.008379305,0.015688194,39.008415,2.572146760452401,True,True,True,True
1491745323954,0.05213812,0.049371187,107.026146,-0.3150443046719373,True,True,True,False
1542856972802,0.02405921,0.074282974,156.70647,0.3268798317342527,True,False,False,True
1568256808624,0.0050069685,0.027422657,133.22414,1.1030689982839563,True,True,True,True
1531432653418,0.08248309,0.08062702,126.449875,-0.3402926751125852,False,False,True,False
1511427734450,0.03852703,0.038275912,187.45334,-0.1444543247729376,True,True,False,False
1819741291766,0.09280252,0.09430089,76.39334,0.5680023891125718,False,False,True,True
1626340440678,0.02732662,0.013825969,87.90917,2.6880140187547896,True,True,True,True
1511718644442,0.023508642,0.018150318,124.27396,-1.6246705072131202,True,True,True,False
1803522624122,0.00961699,0.020508403,181.62587,1.0326587841689916,True,True,False,True
1633360455674,0.061323486,0.032253925,163.20114,3.9428400389645226,True,True,False,True
1865787438648,0.00873321,0.013025906,55.54995,2.273243753716283,True,True,True,True
1802907215472,0.009586461,0.030139497,175.88377,0.2933630019306061,True,True,False,True
1105329129446,0.024592867,0.018095287,175.8298,0.3891659027538855,True,True,False,True
1061835214826,0.08245787,0.014701342,163.24754,-0.5324152544316341,False,True,False,False
1212019100600,0.05309926,0.05562586,222.4371,-2.4169755894925338,True,True,False,False
1051683545812,0.016029457,0.040165406,38.73024,2.679306551892837,True,True,True,True
1263140096470,0.016985422,0.048167795,145.39651,2.123619744314852,True,True,True,True
1429530631800,0.018036412,0.039583836,164.70882,1.5010521203858946,True,True,False,True
1406336829294,0.007009162,0.013461522,199.26495,-0.5438329714416265,True,True,False,False
1102185757232,0.008527887,0.028295022,147.99626,1.2947607203797848,True,True,True,True
1423183709534,0.031808,0.11900286,458.58182,0.1606553343888923,True,False,False,True
1476862682668,0.01719418,0.054823548,148.45332,0.1992255733151377,True,True,True,True
1428594729470,0.03015035,0.055370897,225.33101,-0.7444771199656727,True,True,False,False
1412401310560,0.018903501,0.023881245,44.945038,3.227659507454133,True,True,True,True
1051354208722,0.013771871,0.066952884,92.05103,2.082093198093142,True,True,True,True
1377460503426,0.013327058,0.049447495,602.53156,2.3349257178227463,True,True,False,True
1312359605170,0.03012812,0.07783551,145.21782,-0.3816348308502675,True,False,True,False
1351415119458,0.12484003,0.020274948,151.88272,0.5114105589280921,False,True,False,True
1168540231516,0.04055191,0.01933029,159.7882,0.6904684581627312,True,True,False,True
1094883504208,0.019960169,0.03515387,98.69512,1.833062092091157,True,True,True,True
1311423096966,0.04640084,0.036849078,311.748,0.4524496131294384,True,True,False,True
1401928771042,0.03748034,0.050465748,216.90718,-1.5269266334867777,True,True,False,False
1277130786352,0.04334838,0.047652088,152.6145,-1.0944574313837685,True,True,False,False
1412078046614,0.025153881,0.0668061,131.3528,-0.1848416263495855,True,True,True,False
1508586837998,0.006290863,0.032970726,307.25745,0.0508053406681388,True,True,False,True
1516844499972,0.018660985,0.051133964,245.1041,-0.8569805920508191,True,True,False,False
1682588830586,0.07125521,0.032508936,360.17584,-3.195032847069964,False,True,False,False
1754993345132,0.1319857,0.031841118,190.4884,-0.52142225879663,False,True,False,False
1828642133250,0.08793017,0.021751238,333.11368,2.624988547940841,False,True,False,True
1808009759610,0.012235199,0.021659648,84.00383,2.0763488721657946,True,True,True,True
1956291020656,0.045379214,0.021109264,134.76012,-0.5388856998902173,True,True,True,False
1505428243986,0.029886274,0.052415818,507.42148,-0.8887488018926253,True,True,False,False
1530831028762,0.038571436,0.05367643,98.65866,-0.2547819572878202,True,True,True,False
1550841189280,0.051067803,0.02097988,142.61563,1.224247828554884,True,True,True,True
1827386392028,0.07354051,0.032765545,70.6449,1.7073050725396477,False,True,True,True
1778173261906,0.028107306,0.047159035,391.02402,3.394635139893566,True,True,False,True
1788973981808,0.01973325,0.036922116,205.17624,-0.6470587793199594,True,True,False,False
1759454701494,0.016848436,0.05997617,108.65812,0.4710247555830392,True,True,True,True
1826450488876,0.04954569,0.06761336,100.86993,0.2094250805948139,True,True,True,True
1961399614022,0.036345415,0.05192513,240.55772,0.0200287958329219,True,True,False,True
1965833806776,0.014574289,0.04452364,202.45076,0.470634782655986,True,True,False,True
1506691924324,0.04739436,0.04728676,255.48515,-1.2421767839719629,True,True,False,False
1724492879248,0.03697552,0.099784404,156.25589,-0.024214536541785,True,False,False,False
1816577735504,0.062611364,0.012547024,592.1386,0.8547835943310013,True,True,False,True
1821347491038,0.012149485,0.037166156,249.9144,-1.3024590184341842,True,True,False,False
1768648873034,0.002912022,0.03498176,160.20645,-0.1033118237552984,True,True,False,False
1821048115006,0.028201373,0.04630098,231.06693,-1.3923420632178374,True,True,False,False
1879147093730,0.033431493,0.027628193,167.98195,0.7323755656963478,True,True,False,True
1199286147560,0.03584633,0.053098824,134.34727,0.0989425889617862,True,True,True,True
1199285341748,0.02478971,0.018656665,105.303474,1.8327067488556923,True,True,True,True
1382173358354,0.0062035685,0.051222842,222.13571,0.0534199957521672,True,True,False,True
1057052987852,0.017906904,0.019911295,184.83339,-0.5517538039750784,True,True,False,False
1235818335730,0.004052037,0.011549005,158.91643,1.169577710841421,True,True,False,True
1193260551202,0.02770076,0.037057497,248.90895,-0.3710764273702687,True,True,False,False
1321220127658,0.046291396,0.09907304,99.51076,-0.5254269466115635,True,False,True,False
1298050063494,0.012967559,0.03089948,154.78165,-0.6363674889755002,True,True,False,False
1311394244214,0.028428305,0.026582345,164.75508,-0.2716395795414251,True,True,False,False
1477134039308,0.059096985,0.05643986,154.96326,-3.0230124601929047,True,True,False,False
1466663061524,0.055543683,0.12193001,117.935265,0.9957981569328892,True,False,True,True
1325667651222,0.018493889,0.06713508,209.66524,-0.6083914188542554,True,True,False,False
1333612908740,0.02373743,0.040929206,93.97406,0.3487075703465437,True,True,True,True
1027184336548,0.017395804,0.035804756,167.99626,1.2470015603870783,True,True,False,True
1060846597174,0.014382251,0.023384174,120.001915,2.23153104444626,True,True,True,True
1238337757224,0.05524525,0.06645527,268.8512,-1.508609407929381,True,True,False,False
1295487048486,0.012556897,0.05441288,168.96236,-1.7027688557113891,True,True,False,False
1371373345656,0.017792683,0.038322352,43.34664,1.842282726483407,True,True,True,True
1433921813132,0.005003683,0.041837256,184.03908,0.5777986661789701,True,True,False,True
1137381769640,0.0050113876,0.026022408,45.980503,2.8417491240748696,True,True,True,True
1034186661772,0.0883083,0.057946004,315.27057,-1.7415428822926045,False,True,False,False
1487923270536,0.010862879,0.03618059,111.6997,4.4161107803641695,True,True,True,True
1364088127486,0.014989016,0.017362632,83.61571,0.4906443190012005,True,True,True,True
1401883943830,0.05911503,0.0409147,192.48868,-0.5826555296219353,True,True,False,False
1591413393746,0.020513918,0.054687712,145.6388,-0.4503475206093136,True,True,True,False
1564747837210,0.038357638,0.055251505,323.4515,-1.404637816029249,True,True,False,False
1646347831222,0.013665098,0.026845217,99.9026,0.7252808522963358,True,True,True,True
1638101736282,0.103060775,0.081867315,85.529945,1.5025943786590863,False,False,True,True
1859093438138,0.05101101,0.03013117,299.76498,-0.3922447303273769,True,True,False,False
1533018365764,0.034452613,0.049573407,156.76547,0.3685149916813057,True,True,False,True
1565088490348,0.008851798,0.01623628,95.97172,1.24233855880241,True,True,True,True
1667647981018,0.10826634,0.041489974,194.89767,-1.6752491196227088,False,True,False,False
1944203867568,0.032735143,0.026390012,54.303333,1.6585162164569682,True,True,True,True
1876562784998,0.028842738,0.02894611,34.14689,2.934042294958809,True,True,True,True
1576506436902,0.07955153,0.066266306,113.56327,-1.206576909834592,False,True,True,False
1962280787874,0.07586777,0.06877212,638.49524,-2.0921935516010444,False,True,False,False
1515224950230,0.012163033,0.022706397,74.425835,2.141959020122936,True,True,True,True
1773697922570,0.022979919,0.033012822,82.54533,2.4381295787063437,True,True,True,True
1987386489630,0.012706742,0.046758167,133.23224,1.1918113854695862,True,True,True,True
1983902085360,0.03844391,0.08710569,347.22015,-3.537547218288653,True,False,False,False
2002632640858,0.092904486,0.09452219,382.64853,-3.332871034041735,False,False,False,False
1246952602464,0.014077872,0.03711833,100.29969,2.033316359150908,True,True,True,True
1488581392516,0.033290874,0.085747674,323.89066,-1.1121719951643236,True,False,False,False
1249837801228,0.05208716,0.11066252,379.36658,-3.0593966352693185,True,False,False,False
1074547382872,0.011374705,0.027123122,72.42546,2.120026759509032,True,True,True,True
1027871792368,0.02669807,0.115651205,150.31874,-1.034278650263399,True,False,False,False
1301575921640,0.083781205,0.043414876,285.51443,-2.8842291452851034,False,True,False,False
1017698780280,0.017357524,0.03685825,69.66873,1.5395643880220236,True,True,True,True
1265684168364,0.028186888,0.02159003,159.29726,0.844493793500159,True,True,False,True
1288871671364,0.105163276,0.050658237,168.79074,-2.9629917210322567,False,True,False,False
1088534114758,0.017358338,0.040437203,224.9997,4.310724732446579,True,True,False,True
1322219158172,0.03031476,0.051902097,180.59146,0.7535642545273387,True,True,False,True
1718146411100,0.012966366,0.026545063,237.85645,0.4470257531197139,True,True,False,True
1812132230970,0.039296024,0.07429796,136.42398,-2.343735405282909,True,False,True,False
1881049467882,0.01611649,0.0732469,161.56963,0.803366903695985,True,False,False,True
1619722622106,0.056833465,0.11118262,251.16481,-1.322892274020788,True,False,False,False
1585116243412,0.06597715,0.04962678,174.75096,0.0798822856372024,True,True,False,True
1660367979214,0.074585915,0.024712915,160.3419,-1.6223226832541129,False,True,False,False
1795942215180,0.029796826,0.06289388,76.892105,0.7960179357249372,True,True,True,True
2008046180528,0.04233461,0.081619434,216.72713,-0.579850661409792,True,False,False,False
1677205510540,0.023407662,0.032945495,247.30124,-0.965108114053012,True,True,False,False
1689594611786,0.12065405,0.050393995,227.61069,-2.334241891486931,False,True,False,False
1826123523984,0.051218934,0.09743046,271.34018,-1.1407412571864055,True,False,False,False
1981398893136,0.018955573,0.042269383,90.63654,3.686426794940593,True,True,True,True
149955448156,0.023887822,0.015972076,29.229029,4.204044643766144,True,True,True,True
151866314192,0.009278958,0.039385222,192.10239,0.7616266082985266,True,True,False,True
472551534166,0.032635223,0.020567033,200.86378,1.238359690946714,True,True,False,True
320148033716,0.011497285,0.02931029,247.95973,-0.9208533110498852,True,True,False,False
320470190676,0.018369336,0.027088711,138.223,1.9809947764624067,True,True,True,True
11545027314,0.05230439,0.085229166,510.32956,-2.002417943800681,True,False,False,False
92516936770,0.009303393,0.009759781,198.57712,1.189539782102012,True,True,False,True
111879433102,0.0274422,0.02941005,89.14708,2.5096631040624526,True,True,True,True
214440787116,0.02927282,0.02659824,68.58768,2.166075594707099,True,True,True,True
321129195116,0.0768074,0.05582624,86.155075,0.4429186462278601,False,True,True,True
97259604646,0.042212334,0.048311185,149.21655,1.1050336501838622,True,True,True,True
294434180958,0.11632264,0.053124372,381.14633,-0.515813083534596,False,True,False,False
339833897458,0.06860605,0.044317957,116.33534,0.777447644244511,True,True,True,True
366832244788,0.014094684,0.02718,147.49477,-0.471163166388619,True,True,True,False
38845399320,0.038942955,0.08761648,133.37083,0.3697444994012289,True,False,True,True
16622250558,0.060816906,0.019974466,203.48067,0.3548535097085361,True,True,False,True
55995410876,0.010009149,0.028888846,54.935207,1.9886478966816168,True,True,True,True
280798813866,0.024767479,0.07228214,401.80634,-1.4106027456561554,True,False,False,False
363358852728,0.0951246,0.052948095,97.46494,1.1887461016362473,False,True,True,True
412891946956,0.03615859,0.04251242,223.67099,-2.376996905216347,True,True,False,False
654503195082,0.015976414,0.061565492,438.2954,-1.5889354963539593,True,True,False,False
790068838198,0.03789075,0.04663051,158.04211,-1.1135618895783757,True,True,False,False
899614876870,0.09696135,0.014007036,327.63757,-1.87385669067244,False,True,False,False
574185226348,0.031901322,0.039516136,61.814888,2.0276040486580134,True,True,True,True
494177998384,0.0120326495,0.07823638,137.48862,0.4381630478061583,True,False,True,True
899650533728,0.009781257,0.07837572,209.5414,-0.5310993913108967,True,False,False,False
638943658812,0.008314818,0.034299873,155.41469,0.2110381830729731,True,True,False,True
961228045976,0.026819868,0.020242525,87.61083,6.300319559478042,True,True,True,True
904065576428,0.072599135,0.047355916,100.34021,0.7196709925952812,False,True,True,True
682466527654,0.021570932,0.06873422,105.98487,0.2972865442102387,True,True,True,True
524338040382,0.0214806,0.04009361,162.65141,1.1066323949965675,True,True,False,True
103640267402,0.01992963,0.033090573,204.50037,4.7289062917327085,True,True,False,True
255102195672,0.004114246,0.01561339,138.89432,1.300577966223336,True,True,True,True
235725639756,0.052514385,0.049508397,456.9658,-0.1276185486050733,True,True,False,False
231609446086,0.017496267,0.04511368,154.21518,0.952730300882704,True,True,False,True
347492351150,0.006682183,0.025467388,113.14804,1.565378410241062,True,True,True,True
493547570070,0.014170721,0.020602133,120.909294,-0.9015955819378666,True,True,True,False
327817628528,0.05117061,0.07869864,167.20406,-1.957489207060243,True,False,False,False
91279289740,0.045622952,0.04874962,328.15833,0.2748548953975518,True,True,False,True
264327890632,0.022189733,0.049632054,223.08786,0.3065322644107285,True,True,False,True
456734856058,0.015561645,0.027651552,188.6168,0.4765334119137995,True,True,False,True
383392272246,0.030797219,0.029664591,117.33695,0.8565693319237965,True,True,True,True
73801024278,0.024316227,0.041594997,123.35818,2.6462554255976016,True,True,True,True
412261116594,0.011881292,0.0104509285,251.26437,3.023801782971164,True,True,False,True
485954231694,0.041374218,0.072520114,80.573845,-1.187823333657021,True,False,True,False
504988974686,0.01835675,0.08289364,87.35222,1.2976865155994586,True,False,True,True
626287586372,0.008975718,0.032187235,183.28433,-0.0749222423307309,True,True,False,False
698980339358,0.014016929,0.034819562,429.6906,-0.1721853369655661,True,True,False,False
559923287044,0.021722455,0.023143211,111.08864,0.8174684045884261,True,True,True,True
847580555726,0.012415142,0.039185084,117.23277,2.4406400247290314,True,True,True,True
560878466614,0.013782699,0.04322747,174.52457,1.0748788934025093,True,True,False,True
631371913966,0.08941376,0.1428289,189.41075,-0.4064255989505632,False,False,False,False
529143300698,0.06746152,0.030812304,320.29016,-2.4227893568591163,True,True,False,False
527222985576,0.058544707,0.061993293,243.99297,1.88746739774718,True,True,False,True
965084173936,0.008371563,0.052784394,142.07077,0.9106213712526634,True,True,True,True
891741792222,0.026699634,0.036806602,176.9008,-2.083738060725023,True,True,False,False
882863730794,0.020147419,0.031937383,73.9411,2.535885560682382,True,True,True,True
743125397454,0.056197096,0.04031388,129.13896,0.1986748793631879,True,True,True,True
585308205748,0.00044825245,0.025934359,70.278275,1.879915811594845,True,True,True,True
728515522076,0.09614173,0.048417654,237.29655,-4.762647754102912,False,True,False,False
744713300642,0.00947168,0.024833797,55.744713,2.507608519363112,True,True,True,True
998101366774,0.029077526,0.05057289,235.88536,0.5269459749456386,True,True,False,True
879675554520,0.038647164,0.045800664,274.22223,-1.5855565686289388,True,True,False,False
882852014832,0.009220473,0.022737019,117.51566,1.1472667394311742,True,True,True,True
277592972260,0.016289614,0.017564656,211.59142,0.2686794449002685,True,True,False,True
343319940312,0.004727021,0.024990514,152.49142,1.2753434498767546,True,True,False,True
403013347242,0.016170984,0.046377353,241.25793,1.65700620654667,True,True,False,True
480490974304,0.017871473,0.046799626,66.63279,0.5095387157191744,True,True,True,True
245218885250,0.015117513,0.053595394,195.86351,2.1803205029402406,True,True,False,True
417002069002,0.011552192,0.0082126865,64.24554,1.2725933234695488,True,True,True,True
456374448188,0.012162389,0.036995195,119.29816,2.1972354729196137,True,True,True,True
494141915354,0.010402903,0.0262226,76.17519,1.5629225168720524,True,True,True,True
171885801866,0.04100529,0.008980519,327.32297,-1.9776472969371623,True,True,False,False
125847493236,0.0063490886,0.06579422,178.71106,0.524796671215435,True,True,False,True
202058442298,0.0068651517,0.036413357,89.90222,1.0273873660168762,True,True,True,True
248092643706,0.024644101,0.039060395,764.64026,-1.1410326868222531,True,True,False,False
132203286738,0.09686424,0.08376128,226.87326,-1.367924611649505,False,False,False,False
275403394838,0.013521671,0.022954985,147.46461,1.6654819713442035,True,True,True,True
42637396862,0.018288447,0.055090185,194.59235,1.0380803041733584,True,True,False,True
207110212834,0.07172386,0.02706673,526.69617,-0.5529845117247901,False,True,False,False
87411120012,0.022527117,0.057280023,153.93521,-0.0275716627893164,True,True,False,False
377619812464,0.030059235,0.078927785,212.35272,1.010954712707674,True,False,False,True
80450047876,0.035795644,0.054250717,371.80927,0.7657998441409122,True,True,False,True
240795480684,0.08262896,0.067068376,547.97437,-5.769062185348917,False,True,False,False
283964793474,0.0376829,0.019378878,166.98854,-0.9259822850690068,True,True,False,False
302064492156,0.060430817,0.015827527,216.36346,-1.873466372678308,True,True,False,False
353507419194,0.020089047,0.021375494,86.89423,0.7237142850069578,True,True,True,True
313504637748,0.057387475,0.04367222,163.85355,-0.8443137311146909,True,True,False,False
683392352748,0.02684241,0.041542716,201.07404,-0.3367405264114765,True,True,False,False
637352809670,0.0035457634,0.01790923,70.646866,2.005582188317051,True,True,True,True
726889871698,0.05131221,0.048708115,169.20859,0.0669614198015625,True,True,False,True
763095441538,0.019458828,0.05137907,164.85312,-0.1083105926932017,True,True,False,False
869132581730,0.018019743,0.050869666,142.7806,0.7601189072498106,True,True,True,True
786288740108,0.0035244536,0.027196191,271.70746,1.7561000114588343,True,True,False,True
850754649736,0.009035,0.046629604,184.51822,0.9702299251599724,True,True,False,True
968230094098,0.07566648,0.07277551,242.16238,-0.2014121586528257,False,False,False,False
536382710662,0.07580301,0.09072458,63.651043,3.082544698964913,False,False,True,True
537659570434,0.010551672,0.0152910715,33.446754,4.168421853393345,True,True,True,True
812306936492,0.06719435,0.021457534,172.15236,-1.167872901861457,True,True,False,False
856145510646,0.045015376,0.08584607,255.92308,-0.158178520836521,True,False,False,False
773580785506,0.019540006,0.013492134,99.32768,0.4965877600960545,True,True,True,True
954253395270,0.035512686,0.12426536,242.33778,0.2531032262111403,True,False,False,True
756443173010,0.048144322,0.12604405,357.83264,-1.5170650852854066,True,False,False,False
737716397590,0.016152719,0.03808104,176.65958,1.255598108409957,True,True,False,True
49019421266,0.034133874,0.050801728,157.1051,0.8428797349841839,True,True,False,True
134764463814,0.05649859,0.019611498,166.26234,1.300316285562999,True,True,False,True
313520334970,0.08501285,0.059068967,171.61469,-0.4325505104553341,False,True,False,False
404011444142,0.019915635,0.030920224,200.3652,-0.4642671560965068,True,True,False,False
445923101564,0.02020502,0.08201118,251.9509,-2.2208869747751283,True,False,False,False
151603607152,0.005064342,0.036436316,61.908207,1.2436799645186531,True,True,True,True
176053957520,0.08470662,0.03674266,252.07007,-0.8370019957130908,False,True,False,False
46516129022,0.05068876,0.03940102,224.3308,2.043443042206392,True,True,False,True
6185393876,0.08113122,0.021553805,158.06755,-0.4032085791472268,False,True,False,False
139867362318,0.01956363,0.020578813,249.80243,0.2880236498581134,True,True,False,True
325290323884,0.03228098,0.038600184,67.56132,0.4356967732871379,True,True,True,True
218256424602,0.023726461,0.025721584,124.62352,-0.5256809722354312,True,True,True,False
238918584720,0.030879602,0.051254816,173.79436,0.254669191781589,True,True,False,True
356083716808,0.024185209,0.045793977,160.30777,-0.6096529122809266,True,True,False,False
794559380126,0.0121687185,0.010488901,24.031626,4.075115387095179,True,True,True,True
911405127266,0.018672856,0.047208615,282.20453,-0.5673139302153842,True,True,False,False
800917945754,0.037429128,0.054008957,169.5451,1.181259113599563,True,True,False,True
548497331896,0.014295764,0.06724723,236.75064,-0.0665292479523584,True,True,False,False
746645864256,0.03994792,0.023944158,190.63127,-0.6526689852527585,True,True,False,False
637103631564,0.059373636,0.02928254,222.44394,3.18398244641918,True,True,False,True
549457327072,0.10672984,0.034392223,279.49716,-3.8391658107264295,False,True,False,False
613278695874,0.03032517,0.05528838,216.25287,-1.339850915946607,True,True,False,False
834583356402,0.04067115,0.09386002,191.68364,-0.3222927251671889,True,False,False,False
974933596592,0.046458304,0.053645805,140.48318,-0.8580230892944337,True,True,True,False
888564100486,0.016077919,0.03971086,155.34883,1.1788511977161542,True,True,False,True
824433048974,0.03293783,0.014010483,139.64671,0.4833036330537202,True,True,True,True
866951044090,0.018792678,0.03276075,200.75575,-0.347752254644011,True,True,False,False
503414684562,0.037294198,0.027290482,182.56961,-1.86766817065817,True,True,False,False
530094201890,0.015209788,0.0456424,34.938053,2.905903397380312,True,True,True,True
844750953026,0.013398329,0.017035369,60.906406,0.8714265974185977,True,True,True,True
819675567840,0.017813832,0.040612344,246.52176,-0.5291782245495863,True,True,False,False
1191429792868,0.010118026,0.03791093,215.83098,0.3578844598032908,True,True,False,True
1270496530952,0.012655517,0.018213123,57.9939,2.6855324822004034,True,True,True,True
1271446999868,0.015655333,0.05976678,134.83012,1.7008842068240089,True,True,True,True
1489570892640,0.049417354,0.03854989,201.73737,-0.5465296946021218,True,True,False,False
1153023304498,0.016519798,0.026409633,59.679306,1.880579826119606,True,True,True,True
1179059440846,0.010624958,0.0352186,240.61337,0.8084947971127703,True,True,False,True
1490858938956,0.018363805,0.011853704,58.565063,3.103260213459248,True,True,True,True
1017108970208,0.011208235,0.033511132,101.920135,2.7966383986781915,True,True,True,True
1056159470644,0.094578736,0.059730016,121.38763,0.9517920040289708,False,True,True,True
1133642616394,0.010343963,0.020304224,177.68869,0.0638286466980493,True,True,False,True
1347960148046,0.033407778,0.047176365,206.89313,0.0897039382378253,True,True,False,True
1437817552150,0.011373784,0.012641594,311.71637,-0.1644678352818667,True,True,False,False
1278746432780,0.07291961,0.074825265,186.41238,0.2211645086374909,False,False,False,True
1380671336426,0.04255392,0.025361106,136.04543,2.977590716477267,True,True,True,True
1280640289728,0.02265235,0.016291639,106.01235,0.7827046757741862,True,True,True,True
1293669370006,0.0072175288,0.045475267,137.83444,1.1262928556853782,True,True,True,True
1428937501414,0.009286405,0.048274428,51.744278,2.8894813715151977,True,True,True,True
1246065812976,0.030710781,0.033896454,228.83684,-1.8143847742764367,True,True,False,False
1149535726534,0.023112793,0.010987595,131.87979,5.377539207440467,True,True,True,True
1100312441016,0.010665767,0.028313085,115.804306,1.2770382988306592,True,True,True,True
1021885379518,0.01838554,0.030579787,73.80752,1.749744486341486,True,True,True,True
1201600287680,0.014411468,0.07393182,290.50146,-1.0008925314446793,True,False,False,False
1014277398514,0.017465869,0.03829148,79.30878,1.3795789290462197,True,True,True,True
1353379886880,0.03233397,0.03605015,92.75152,0.9642022738378132,True,True,True,True
1345444331222,0.08862322,0.029598853,330.11038,-2.1956174089049205,False,True,False,False
1438477364150,0.009498524,0.051719386,185.03925,-0.3329471157993316,True,True,False,False
1498480504840,0.026822634,0.021149721,345.6729,1.1355000954326482,True,True,False,True
1714688413256,0.0075308857,0.028888686,34.966835,3.645316753342609,True,True,True,True
1737869339716,0.025185911,0.1045338,158.85753,0.1621641654575351,True,False,False,True
1731833788914,0.0066651665,0.040028047,147.79019,0.5363646282102035,True,True,True,True
1834708680538,0.02834925,0.060305472,351.76825,-4.147511594782685,True,True,False,False
1986812705710,0.020747814,0.079002656,310.8376,-1.4469268887726727,True,False,False,False
1673132252972,0.046846665,0.021821667,253.0755,-0.8555509288018458,True,True,False,False
1578494233122,0.014875532,0.012476049,179.2064,0.6254142847046562,True,True,False,True
1869985404074,0.019650605,0.03572206,67.754745,1.3104001971264772,True,True,True,True
1906188984386,0.044506203,0.03891337,219.89697,0.8294254489819705,True,True,False,True
1573716717164,0.0669103,0.035495035,196.23932,-2.4144458303880816,True,True,False,False
1610231139128,0.020755477,0.06063271,57.81175,2.0221380100043302,True,True,True,True
1551812927614,0.017398251,0.018716263,138.72945,1.110317743734497,True,True,True,True
1681998093984,0.043947827,0.032975502,49.994537,2.089619440621718,True,True,True,True
1745505721806,0.028866552,0.04922158,199.269,0.1506135302555104,True,True,False,True
1962370320104,0.046769686,0.034890313,227.08542,-1.139578922775302,True,True,False,False
1542619564448,0.013584272,0.02328825,120.51675,-0.9416480641653432,True,True,True,False
1686771603524,0.01059428,0.03717588,236.73982,-0.2458304893561629,True,True,False,False
1649947901558,0.09435806,0.054590076,379.5282,-3.5982476499537377,False,True,False,False
1593103682458,0.012849616,0.05383686,233.97745,0.2430416819676283,True,True,False,True
1619140146164,0.034647997,0.019921523,301.55124,-1.3748005726374153,True,True,False,False
1601992226862,0.025153859,0.023672424,181.05841,-0.4786558435220298,True,True,False,False
1581679691606,0.02305651,0.043962803,73.70686,0.2417453999911462,True,True,True,True
1751222467992,0.03866888,0.04666042,61.170654,1.9543267685628545,True,True,True,True
1810609393124,0.018330622,0.04204832,151.35408,0.2547735767713776,True,True,False,True
1892202130004,0.047055334,0.05309123,73.53026,2.524988938166796,True,True,True,True
1119714977096,0.02841232,0.030274168,61.807465,2.31808568475464,True,True,True,True
1041912623690,0.01253013,0.04232788,58.408962,2.2875212281864807,True,True,True,True
1150180895866,0.014697104,0.020279681,206.45505,-0.7523308138633873,True,True,False,False
1048587272324,0.05375061,0.063490525,212.19127,-1.7215687451596706,True,True,False,False
1286079581138,0.044562668,0.04402237,225.85677,-1.4780893814973015,True,True,False,False
1473411920994,0.0233796,0.017275462,147.73938,1.168263402423028,True,True,True,True
1435004273390,0.017208798,0.026790427,151.53825,0.7352629147023287,True,True,False,True
1375625337300,0.016794765,0.01975847,126.530495,1.1151519719160148,True,True,True,True
1081617895024,0.038128216,0.01955104,512.1101,1.163541557589573,True,True,False,True
1105111754660,0.0060893064,0.009008613,130.76828,1.5340799340924267,True,True,True,True
1030495991194,0.0671607,0.06902416,279.8078,-0.1367907799584093,True,True,False,False
1259443256824,0.017946051,0.04579442,260.16577,-0.4104679493122896,True,True,False,False
1343577136652,0.018895218,0.035913024,98.792984,0.4677812574169355,True,True,True,True
1241311631262,0.050982863,0.06018109,186.09735,0.2856230259829311,True,True,False,True
1072720683304,0.005443965,0.024801383,113.60938,4.126329833620429,True,True,True,True
1059374209464,0.06172473,0.052369982,273.56006,-0.3904379967903504,True,True,False,False
1057469820508,0.014139184,0.04055549,373.1973,0.8718972707085384,True,True,False,True
1146372774104,0.016542517,0.07484779,150.90982,0.1473675452418504,True,False,False,True
1093037881894,0.041693218,0.0053232866,115.31383,0.2847455058279255,True,True,True,True
1441667457266,0.017010633,0.034419112,125.95873,0.0355138018298242,True,True,True,True
1425163498812,0.05106905,0.06575519,86.82658,2.283040325262983,True,True,True,True
1333407727810,0.02211728,0.024016473,2139.9814,2.3177169344985886,True,True,False,True
1359766826776,0.08824125,0.032993928,411.12338,0.8123612244682306,False,True,False,True
1393106401806,0.021989461,0.06508589,3283.8845,0.0110204898076182,True,True,False,True
1470256883424,0.03708618,0.014058716,347.0094,-2.911883719413602,True,True,False,False
1725530159138,0.00996781,0.03923152,138.27446,-1.83427534290123,True,True,True,False
1637578858974,0.016162535,0.033952214,236.88394,0.1955989299787148,True,True,False,True
1813167518946,0.0058148135,0.031325415,166.5973,1.0172180537344755,True,True,False,True
1886823817734,0.0245324,0.052216835,258.0071,0.5474541799774323,True,True,False,True
1811901168494,0.05063175,0.034828577,246.22952,-0.7344190173890707,True,True,False,False
1882071879522,0.08858432,0.06100369,112.44455,1.0238206387294375,False,True,True,True
1544558224244,0.015428024,0.04156783,209.29047,1.2234710082082894,True,True,False,True
1549643785924,0.041092876,0.035057995,98.58963,-0.4276136542388341,True,True,True,False
1642040845600,0.014081142,0.03973218,251.45876,0.5947762131807897,True,True,False,True
1640452615810,0.0044890423,0.027872914,146.96689,1.0285349814128353,True,True,True,True
1954489270002,0.09732974,0.030102137,255.01878,0.739069164542607,False,True,False,True
1988145382116,0.085517585,0.0774356,185.45743,-1.155110749937669,False,False,False,False
1775080895078,0.08135053,0.06741133,255.92737,-2.937094682988623,False,True,False,False
1586451815434,0.11161093,0.05636305,186.63028,-2.698251089698694,False,True,False,False
1697612441400,0.03443234,0.048841536,231.45428,-2.7166938411657653,True,True,False,False
1783985441504,0.062365357,0.023871278,132.82799,-2.728777925031116,True,True,True,False
1906549622870,0.037064206,0.0834039,281.4581,-1.824055631463028,True,False,False,False
1895742125388,0.010862868,0.022051899,84.592064,1.2412963355749518,True,True,True,True
1963054878394,0.0077481735,0.029686587,53.405018,2.074331735640496,True,True,True,True
1098394420496,0.016028456,0.022636386,105.53163,0.4862990308729595,True,True,True,True
1227941647648,0.015798982,0.06777036,256.461,-0.4857075859781399,True,True,False,False
1306376295142,0.0043602386,0.019951066,78.47771,2.157255521810136,True,True,True,True
1460364977272,0.009103446,0.027180603,212.9841,0.1261551060066232,True,True,False,True
1045380752100,0.024818493,0.025940787,119.21998,1.610132453154907,True,True,True,True
1494671098612,0.025935896,0.10641252,300.18823,-0.3906755055183737,True,False,False,False
1151742039696,0.021634767,0.03034367,128.60959,0.8457081286463655,True,True,True,True
1209843336922,0.016004944,0.058892984,154.26195,0.6534526885763454,True,True,False,True
1227306256790,0.04566876,0.058259226,90.6057,4.324695233281679,True,True,True,True
1306680762436,0.03262274,0.022834003,179.97812,-1.482896872184504,True,True,False,False
1208899419956,0.056461412,0.05995088,156.19182,-0.2535856450280958,True,True,False,False
1311140935134,0.028843895,0.030888442,158.41469,1.0435564369498418,True,True,False,True
1348925009182,0.008817132,0.034884565,124.18208,-0.4454453874222463,True,True,True,False
1373060082454,0.017021364,0.051815335,115.8957,1.6997824006895443,True,True,True,True
1253999784334,0.019608289,0.014851079,165.54402,0.8133869757087718,True,True,False,True
1438482129918,0.018154899,0.052738655,190.47433,1.083216387807242,True,True,False,True
1283845984984,0.014570696,0.032049,266.87473,1.376953376850922,True,True,False,True
1487060297044,0.027964143,0.026015127,287.59656,-1.1510699449395096,True,True,False,False
1582288651042,0.022510378,0.034874216,126.74233,3.910383374711072,True,True,True,True
1850277143400,0.0046776244,0.023911135,146.00359,1.5475758574215723,True,True,True,True
1783918965964,0.031774864,0.02646068,160.0061,1.639323380955533,True,True,False,True
1735987632762,0.040658537,0.033449415,128.77458,0.3451580913849971,True,True,True,True
1750920851488,0.07279364,0.0424532,30.47967,1.7229151919167554,False,True,True,True
1896968408060,0.078281745,0.081619516,135.86261,-1.0904995245746691,False,False,True,False
1972862140670,0.011562882,0.049706195,137.3396,-0.6182597513516234,True,True,True,False
1571496221900,0.036680575,0.044733185,243.2549,0.3068027291949142,True,True,False,True
1733112290416,0.050114233,0.029811226,188.18987,-1.4782941646057153,True,True,False,False
1559752720592,0.02999886,0.042821437,227.53273,3.0880052337084987,True,True,False,True
1691205496706,0.08714794,0.02696966,340.53503,-1.564608491088749,False,True,False,False
1970305903216,0.030854372,0.019201834,105.107864,3.390440872486314,True,True,True,True
1503248044782,0.021347981,0.025819456,57.46451,4.072578725808536,True,True,True,True
1623898816972,0.09785,0.047319982,213.58308,1.5302776552186552,False,True,False,True
1603275010602,0.09001449,0.023753397,123.97834,-1.3769614771516354,False,True,True,False
1970632419768,0.012764364,0.04172213,124.48017,0.6906058283334303,True,True,True,True
1982067801596,0.046410445,0.052701257,430.192,-3.567908268333415,True,True,False,False
1881089134910,0.008156313,0.014708896,74.35451,2.126766410400296,True,True,True,True
1911587837522,0.02302787,0.024410889,124.36504,1.407040766465033,True,True,True,True
1095883566884,0.038752712,0.056056228,100.90921,0.5529084409542344,True,True,True,True
1343864721240,0.03173572,0.035422117,147.4633,0.988076385247495,True,True,True,True
1275923152950,0.021124484,0.045406662,29.350998,3.950219362426527,True,True,True,True
1466748439574,0.09964733,0.06755558,425.31564,-4.320979924257737,False,True,False,False
1363248486538,0.032602523,0.041740622,106.1088,1.4062938647094096,True,True,True,True
1121625543504,0.022938792,0.013081335,130.10588,0.08453854030135,True,True,True,True
1178460565240,0.049030133,0.08873797,89.97949,1.7201404416713573,True,False,True,True
1085108173742,0.013904996,0.04379197,298.16302,0.3776589871127769,True,True,False,True
1039073065814,0.010333032,0.017317401,233.30008,-0.000645088228986,True,True,False,False
1255620773232,0.045423646,0.027875515,395.6136,-2.0862347859944923,True,True,False,False
1170846738724,0.004404054,0.016601803,41.26527,2.279549212235381,True,True,True,True
1226736508274,0.041100275,0.029405298,154.38849,2.478852477764783,True,True,False,True
1353738081470,0.05139401,0.025911236,402.20016,-1.2228003986657436,True,True,False,False
1384220656598,0.04925986,0.042326633,129.85483,-2.0452601234583527,True,True,True,False
1462649432586,0.06254589,0.023108685,204.18144,1.1815112365131424,True,True,False,True
1378179360798,0.044137333,0.025973117,244.04297,-0.040054600176445,True,True,False,False
1383271096708,0.016897406,0.027523488,68.72126,2.049463933092233,True,True,True,True
1017779168504,0.02128195,0.047598194,1464.5204,-0.6701044206199878,True,True,False,False
1089545114530,0.10542035,0.051432632,373.3274,-1.255224716326764,False,True,False,False
1320376584016,0.13233264,0.06906525,235.91103,-3.304540103178974,False,True,False,False
1277185397360,0.04559988,0.06734346,134.2288,-0.6829074374986706,True,True,True,False
1270847068172,0.041270927,0.025055053,128.90784,2.2872295227760566,True,True,True,True
1491206981188,0.05695815,0.015391536,207.41617,-1.196513089083189,True,True,False,False
1460726699528,0.012301025,0.04694305,334.6431,1.2264640860709717,True,True,False,True
1308301148374,0.05139887,0.05646474,121.851105,-1.937988946460091,True,True,True,False
1087331520502,0.015508346,0.013926666,264.34558,-0.533451328231095,True,True,False,False
1068913974442,0.026854727,0.034313064,150.13773,4.706872082092428,True,True,False,True
1205770160350,0.09303136,0.050099764,218.66574,-1.0498385389335592,False,True,False,False
1179419906284,0.0629448,0.047244273,105.064095,-0.6196164593985416,True,True,True,False
1318175918364,0.004538859,0.019755583,318.86264,-1.281495135881449,True,True,False,False
1614080138554,0.021131312,0.038746405,375.1169,-0.0393706886200528,True,True,False,False
1895088841014,0.0030196973,0.027124023,180.0291,0.4409469208175749,True,True,False,True
1985903014512,0.04821326,0.044321503,146.51053,1.9609755680843737,True,True,True,True
1639499883128,0.00537455,0.011024954,53.314552,2.940052238879229,True,True,True,True
1557271754092,0.036559436,0.041931927,244.33528,-1.5898732692843227,True,True,False,False
1828423425974,0.012155409,0.04183935,150.47585,1.3900807476591512,True,True,False,True
1878913617006,0.0506616,0.026751878,119.7072,0.5277420904802967,True,True,True,True
1576308490098,0.03411169,0.03759749,194.69943,-0.4562500464112408,True,True,False,False
1932550961842,0.030529726,0.19980332,269.41006,-4.122322166598061,True,False,False,False
1984304328166,0.04152038,0.05950212,123.07386,1.2335910765172935,True,True,True,True
1937000803298,0.013870892,0.028527621,179.61856,0.4712087951087176,True,True,False,True
1679505614534,0.054947373,0.046786286,204.00858,-1.3963187299534026,True,True,False,False
1782068732632,0.10494433,0.050108105,68.33745,-1.250688908132518,False,True,True,False
1826530807092,0.006930982,0.083878204,187.853,0.1618349153931381,True,False,False,True
248630816714,0.03843164,0.06195691,176.05174,0.025011816354405,True,True,False,True
204486112996,0.009098301,0.037747957,127.42822,0.8127245799165436,True,True,True,True
154320170402,0.037792582,0.06862946,143.45776,-1.3327144604172778,True,True,True,False
15259943374,0.040314842,0.099374525,203.63583,-2.732375705070212,True,False,False,False
352774302568,0.011188509,0.018253868,202.92526,-0.2555958679661056,True,True,False,False
300073769184,0.014746724,0.038622852,127.65489,-0.9475302638806276,True,True,True,False
318170216958,0.050439835,0.048108544,303.5266,-1.993172719409242,True,True,False,False
262926147212,0.09388148,0.07860481,82.27221,-0.441057904422765,False,False,True,False
346432875094,0.09466958,0.01834379,194.62363,-1.1394867201182592,False,True,False,False
86406976152,0.009041283,0.039420724,174.19618,-0.599786081121418,True,True,False,False
153400419972,0.014611392,0.027467957,143.44968,1.3408793568927957,True,True,True,True
3997285974014,0.016714185,0.049980704,740.28644,0.1734443569043879,True,True,False,True
272138662110,0.0113493195,0.046629004,208.82477,1.144377199769109,True,True,False,True
389001343910,0.014248503,0.06665682,217.7156,-0.5238188092050187,True,True,False,False
415972803610,0.015475197,0.022330048,227.34456,0.7070493658689618,True,True,False,True
320098119166,0.065998994,0.03273492,98.49964,0.0638707678197886,True,True,True,True
448057317988,0.009071785,0.045990895,130.0315,1.3245614973812612,True,True,True,True
85417197128,0.049584817,0.08442954,273.86948,-1.343980964835221,True,False,False,False
100349053948,0.022816405,0.02502283,234.48842,-0.3713694516492116,True,True,False,False
118440915984,0.03627552,0.04130767,112.373024,-0.9039396775755096,True,True,True,False
277834040544,0.028151516,0.02980359,133.20493,2.815446436683395,True,True,True,True
477240833984,0.05805346,0.036595017,261.84448,-1.965839370662653,True,True,False,False
380076690282,0.023741264,0.045722265,241.37361,0.439757876013688,True,True,False,True
423260368060,0.043301728,0.052261014,104.18054,1.158266921908001,True,True,True,True
304207201066,0.00696019,0.027599413,184.10172,1.685988446889143,True,True,False,True
523591570180,0.016698325,0.03497033,212.98064,0.051133323282702,True,True,False,True
528036826114,0.03169686,0.020184455,268.2475,1.4269275968683115,True,True,False,True
756656543144,0.02827708,0.068684794,282.9845,-0.995491422009075,True,True,False,False
614739063076,0.032123677,0.0644286,133.54272,0.0445953228200802,True,True,True,True
656337333198,0.024993509,0.033700682,257.27252,0.101257078785039,True,True,False,True
574745730698,0.036123667,0.06574081,105.588615,-1.1956073100196056,True,True,True,False
658891302970,0.027124215,0.04989841,147.2931,0.95788310941438,True,True,True,True
537251004894,0.020194765,0.019774737,196.91069,-3.36518510575209,True,True,False,False
498840459770,0.040839046,0.04668835,196.63101,-0.11906881785548,True,True,False,False
564561178236,0.008128423,0.033356182,165.61452,0.2328065768343409,True,True,False,True
751901581812,0.06238735,0.033163667,114.51946,1.3253071671451422,True,True,True,True
761744902852,0.03897377,0.026763543,206.40402,1.6807398477369513,True,True,False,True
788420413770,0.022800274,0.033005178,208.71593,0.7871969193021054,True,True,False,True
977354086650,0.06223819,0.037812088,213.4161,-1.5539026016580162,True,True,False,False
905605629856,0.044876218,0.02400936,230.3953,5.831896935029725,True,True,False,True
773186056132,0.011496008,0.029552238,134.23358,0.8254617219046833,True,True,True,True
330905792676,0.05751568,0.10046286,188.04411,-0.0043356006856305,True,False,False,False
475378703092,0.009570314,0.03454824,165.71164,1.2427625050929794,True,True,False,True
407739938908,0.024345616,0.037940938,104.88844,1.6667022977059105,True,True,True,True
329325400958,0.045191117,0.068995565,174.77617,0.2763341793321153,True,True,False,True
32782081602,0.07290093,0.053351983,270.73434,-1.155492959498141,False,True,False,False
114063270972,0.054278832,0.022868855,179.89172,1.2464905540293068,True,True,False,True
28022054562,0.022601267,0.07258624,196.90448,0.8175704136383615,True,False,False,True
149940838858,0.02997488,0.06621708,187.79907,-0.4022336558328139,True,True,False,False
316321746474,0.12992686,0.06369237,160.98264,-1.5176174744291613,False,True,False,False
7665470056,0.019322319,0.055833664,146.58328,2.080749830504539,True,True,True,True
54987743614,0.017585007,0.025904791,1264.0377,-1.476121411142009,True,True,False,False
200728567322,0.031098217,0.016226014,2276.7722,-0.5797653307730473,True,True,False,False
67038384728,0.05420433,0.025531149,288.4791,-0.1599689470648597,True,True,False,False
325823433536,0.009434478,0.031404387,68.3705,3.324821933188684,True,True,True,True
393774754508,0.018559426,0.032358274,140.35512,0.5342198983008892,True,True,True,True
455997637954,0.006837747,0.041068517,127.08721,1.6456990584294884,True,True,True,True
176285852978,0.07374556,0.023628194,218.8641,-2.9063926693974533,False,True,False,False
145175066888,0.034304187,0.023138044,88.234184,1.3971483934233035,True,True,True,True
182006530160,0.073988095,0.06069674,289.8477,-2.147991220007508,False,True,False,False
323306684342,0.046863705,0.045607544,174.62509,0.2737194845906089,True,True,False,True
662704239086,0.07228476,0.037487783,31.93613,1.7435487520220856,False,True,True,True
688750632320,0.017493568,0.048862472,100.5039,1.712649625880922,True,True,True,True
761781945022,0.015938539,0.032464072,528.2589,-0.0485212590097554,True,True,False,False
575408541404,0.017573701,0.027900402,109.67444,0.3502712033034343,True,True,True,True
619554985784,0.03502731,0.04627677,247.47008,-0.4006761138584227,True,True,False,False
641152166304,0.05136155,0.12190238,234.26805,-1.3992591618186392,True,False,False,False
837678070210,0.12487947,0.11454154,161.90753,-0.5635355038379557,False,False,False,False
897387529794,0.0046409993,0.012277879,39.25341,2.906015982563302,True,True,True,True
896427712576,0.011082601,0.016156914,43.150673,3.494334652184282,True,True,True,True
873248198272,0.0044641118,0.017844342,189.6577,0.986323129152054,True,True,False,True
534747082372,0.032125484,0.064775616,197.84332,-1.1465473042485117,True,True,False,False
556335040550,0.024877366,0.06807408,230.50604,-0.2552369211926312,True,True,False,False
704004747390,0.05113605,0.03954207,241.64548,-1.9714148939448175,True,True,False,False
692579319820,0.017283846,0.1165989,249.87462,-0.2502507378271258,True,False,False,False
909451552546,0.0834866,0.019979909,331.3498,-0.8004521235815809,False,True,False,False
949460282258,0.0074202837,0.01948474,100.88121,-0.7984759494048982,True,True,True,False
977390678310,0.008661443,0.025728915,81.14241,1.3103306003767052,True,True,True,True
221634388746,0.02063736,0.035090294,209.20934,2.829867471070635,True,True,False,True
47010812384,0.019205678,0.057891987,167.83875,1.079199732327149,True,True,False,True
162585068208,0.037052456,0.046324152,322.05814,-2.42453536212153,True,True,False,False
277201219648,0.075726226,0.031787023,375.01178,-2.083333532592341,False,True,False,False
391832995310,0.011508431,0.048189707,105.358185,0.5316835263454055,True,True,True,True
467712792094,0.018394511,0.02461244,126.16955,-0.9274012675659424,True,True,True,False
65115247122,0.0043180855,0.0145544605,75.494736,3.452804717704176,True,True,True,True
323577031790,0.13188674,0.066527955,123.15743,-1.5370470538107046,False,True,True,False
123198678580,0.009509043,0.024202235,130.79582,2.293386344489503,True,True,True,True
197500601338,0.026103538,0.049897052,129.48816,0.8136401327565883,True,True,True,True
161634071480,0.014589917,0.015960254,121.0072,2.055986911571104,True,True,True,True
171786446954,0.046467934,0.043017372,204.66151,-0.6790746798120482,True,True,False,False
240053775880,0.0991931,0.03916154,353.60483,-1.2686837228743462,False,True,False,False
136236806946,0.008813728,0.037908413,172.59341,0.1298217296540365,True,True,False,True
323880793750,0.016265627,0.050205108,185.296,-0.0922936359348471,True,True,False,False
229595094966,0.0797384,0.020760166,119.226746,-0.8971585756665451,False,True,True,False
187994608096,0.018974788,0.039316963,149.3883,0.9765474093693836,True,True,True,True
175309507036,0.019887274,0.046346184,60.918224,1.656492456973611,True,True,True,True
288012475522,0.05105277,0.053063728,170.12296,0.0217122935758942,True,True,False,True
430896374320,0.01228269,0.06304257,188.87463,-0.67008935418848,True,True,False,False
639806035312,0.024310552,0.07467215,182.44133,-0.6203641376626683,True,False,False,False
651883791112,0.016868811,0.038049832,89.74092,0.7695164603896879,True,True,True,True
610918218170,0.084156565,0.044336982,191.70999,-2.723084983035645,False,True,False,False
749049345388,0.023788568,0.058109496,255.52968,-2.8071628209254342,True,True,False,False
796349494420,0.0148997465,0.057645533,207.70847,-1.3173923700614492,True,True,False,False
971629354510,0.046812292,0.054991517,182.58301,-1.1438226136391454,True,True,False,False
566163269174,0.04159415,0.020064926,212.21748,-0.0340490509004863,True,True,False,False
806212194200,0.07676674,0.04728568,254.69702,-2.9957031700350507,False,True,False,False
967513261624,0.0662721,0.012841241,280.03577,-0.1382544426637422,True,True,False,False
986223910334,0.012997761,0.05670101,127.74101,0.8068104468670598,True,True,True,True
613805332140,0.019205965,0.06862974,104.897255,1.0739712015297025,True,True,True,True
682063867458,0.019416805,0.020075044,174.79465,-0.5796883226415369,True,True,False,False
917019770828,0.011668243,0.043322623,213.3257,0.4113602790378897,True,True,False,True
795726199358,0.032288067,0.04815364,157.69142,-0.2697842007305482,True,True,False,False
127056797694,0.044244267,0.034841,160.0769,0.4104610994529962,True,True,False,True
462669616474,0.007732896,0.04582804,278.38342,-0.2210906562204374,True,True,False,False
163598587354,0.021862762,0.042655516,231.32498,0.97502547574317,True,True,False,True
464922142990,0.0099545,0.077734865,159.51384,1.0930452662777292,True,False,False,True
491270860230,0.036309533,0.020051239,140.00653,2.369329453051055,True,True,True,True
126419515860,0.0640577,0.02657426,278.19867,-3.265982514576136,True,True,False,False
419484528552,0.069750324,0.12040361,154.54349,0.5448445125813178,True,False,False,True
364566421208,0.06221994,0.066103816,91.47206,0.0155253850111855,True,True,True,True
304238654396,0.036391854,0.033679623,97.03642,1.7637562131944562,True,True,True,True
404892343374,0.038584303,0.052862223,225.22519,-1.6218228652656583,True,True,False,False
79125642186,0.055342745,0.015357475,117.51319,-0.3868415781323748,True,True,True,False
5141517350,0.013212116,0.03884333,149.11476,0.5582681549511114,True,True,True,True
92467354604,0.016824363,0.045595076,57.716137,2.4940439695626453,True,True,True,True
13728240392,0.06459982,0.046247415,229.9184,-2.4518184187291787,True,True,False,False
220751054176,0.008692346,0.028658208,114.49953,0.2218590912372756,True,True,True,True
20080002554,0.028141217,0.03317998,156.2745,-1.5466937305777555,True,True,False,False
317911569056,0.03777364,0.063187286,483.06378,-1.5808095055122973,True,True,False,False
436975597026,0.016587926,0.022938125,89.00054,1.8028840907293688,True,True,True,True
707162711988,0.011227437,0.026686179,107.10291,1.781694774476165,True,True,True,True
660813234658,0.0077837803,0.03885329,92.68424,1.095237667603549,True,True,True,True
790040169678,0.04007325,0.02082985,163.13147,-0.9640940904312512,True,True,False,False
858614435768,0.037767492,0.07501317,237.09982,-0.1808452727673781,True,False,False,False
816393171208,0.013747446,0.06316645,180.20476,1.5268122972229026,True,True,False,True
857356351308,0.023930471,0.034752615,95.54903,1.1609938871928251,True,True,True,True
742747934408,0.013419724,0.048506334,46.860905,3.588035215060413,True,True,True,True
571609443918,0.0135109,0.04216379,44.422867,0.7735468196506599,True,True,True,True
838630734744,0.04436422,0.06965227,150.85106,-0.8153302332269621,True,True,False,False
881190939472,0.018396549,0.017112615,139.52898,0.8946879623996322,True,True,True,True
898652322104,0.008635625,0.02064042,126.561005,0.7538359383537295,True,True,True,True
699225318648,0.047427084,0.03540139,104.93165,0.5244111377739626,True,True,True,True
644299247698,0.018852677,0.026411744,138.2803,1.6575661575827758,True,True,True,True
837027336110,0.032077633,0.025036694,101.54328,1.2140344060313062,True,True,True,True
749087047672,0.051485002,0.06899472,164.7035,-0.601504979761087,True,True,False,False
892600845794,0.044630826,0.053632274,170.86386,0.0673314642454555,True,True,False,True
987867378480,0.04768989,0.045851707,245.05835,-1.0872590901047987,True,True,False,False
920567754576,0.10493772,0.034369744,65.36293,1.317962803553041,False,True,True,True
832612825516,0.14567898,0.09377239,71.831024,-0.246132231546522,False,False,True,False
833251318066,0.007368937,0.044905033,305.0706,-0.6942119164448943,True,True,False,False
1071005777402,0.04706296,0.04610045,200.82507,-1.8373776308795395,True,True,False,False
1177692700066,0.03625445,0.030854113,139.00647,1.67095235902448,True,True,True,True
995131475688,0.05738854,0.041985657,134.63707,-2.9884652508814145,True,True,True,False
1168816529228,0.011387729,0.045158148,122.0371,1.172487651582485,True,True,True,True
1178661539292,0.0839412,0.02865243,306.77942,-3.3211972675793837,False,True,False,False
1270751864432,0.07617662,0.047841977,118.69123,-0.0750106702934002,False,True,True,False
1302502528742,0.054537944,0.088525504,247.70587,-2.563515911694319,True,False,False,False
1330439778358,0.05933555,0.04013461,338.75565,-0.906533217669636,True,True,False,False
1224998871136,0.022143763,0.024881689,236.69884,-1.030751415734393,True,True,False,False
1166575973288,0.055300925,0.05621761,221.1728,-0.5079892395821861,True,True,False,False
1101811998734,0.07638756,0.1981529,136.56758,0.1305319591813963,False,False,True,True
1237393870358,0.017152328,0.061940435,214.80377,-0.7708827372244419,True,True,False,False
1256751123390,0.0084843505,0.046416808,96.03291,1.6842820982804572,True,True,True,True
1460916810952,0.04775927,0.073928185,346.93848,-3.292910191940109,True,False,False,False
1458687569662,0.021431208,0.016198587,223.8112,0.0056391468280634,True,True,False,True
1252009970550,0.040213447,0.0425858,177.74678,0.2829009243146172,True,True,False,True
1466661176122,0.016860774,0.025017,143.498,2.1669751977537257,True,True,True,True
1415221551452,0.029174443,0.040623777,120.26662,-0.6888003335178552,True,True,True,False
1644441554772,0.04622122,0.074813604,399.08084,0.7909021450903602,True,False,False,True
1633331555516,0.06923571,0.08116862,321.2244,-1.757803209207788,True,False,False,False
1683496489982,0.014238481,0.028299155,182.2464,-1.2820706992298754,True,True,False,False
1706995742166,0.03359524,0.037568245,219.91501,-1.7270379331148544,True,True,False,False
1643493883664,0.06804046,0.026479576,189.00987,-2.5852179607157506,True,True,False,False
1648263589280,0.008218915,0.014008618,92.60169,2.76840417019332,True,True,True,True
1667945344222,0.006118525,0.029983237,116.87623,-0.4082340162963583,True,True,True,False
1862577114354,0.046954054,0.06131482,272.1061,-2.2984644488410635,True,True,False,False
1854328827154,0.009167722,0.024837485,70.47722,1.5015754900689102,True,True,True,True
1856875564604,0.094954565,0.021554295,56.512318,1.3561780178924852,False,True,True,True
1988010643786,0.04034023,0.028230898,277.589,0.3682609595227037,True,True,False,True
1784792679056,0.020289369,0.07693261,256.14297,-2.14835114894636,True,False,False,False
1990545588092,0.02004423,0.01085979,95.41645,0.6721740887682766,True,True,True,True
1873060315456,0.10410593,0.024113566,318.1005,-3.124791624346792,False,True,False,False
1715263988436,0.04130773,0.01960696,192.61688,-0.934489663317262,True,True,False,False
1570460732450,0.01730604,0.031080471,57.519703,1.7669222432634937,True,True,True,True
1721918981478,0.11216477,0.02938572,246.37434,-2.1726237349302675,False,True,False,False
1660006966950,0.054602083,0.026756577,102.802284,0.0665256952510253,True,True,True,True
1622845686476,0.04402506,0.016863855,113.585976,1.4090279177298903,True,True,True,True
1785745466990,0.011490575,0.07442338,146.84174,-0.2258224626820383,True,False,True,False
1874654267666,0.055023625,0.024982857,168.62906,-0.6627114793751041,True,True,False,False
1644470259254,0.04617053,0.0791628,209.13809,-0.1900078530808151,True,False,False,False
1673048622634,0.047129475,0.034064043,118.10618,0.7957582501904996,True,True,True,True
1807028883336,0.020987554,0.055112403,347.73322,-1.7862143657635403,True,True,False,False
1124391095398,0.024125531,0.047471635,182.45593,-0.0248374294490571,True,True,False,False
1329832684830,0.014990954,0.061864633,165.60434,-0.6544505237177007,True,True,False,False
1178059409454,0.029198037,0.024431758,325.16116,0.3838558991550431,True,True,False,True
998673008088,0.0059001464,0.022003543,79.811516,2.4572204740972468,True,True,True,True
1126639793042,0.01856331,0.022406667,108.51915,0.1145400819266428,True,True,True,True
1273640111622,0.038063917,0.023904424,210.79724,0.8956221475235367,True,True,False,True
1326672704958,0.009706358,0.022489058,125.66958,0.3648238117878696,True,True,True,True
1261256378976,0.05735452,0.07135735,499.512,-3.2763219175193345,True,False,False,False
1294286245736,0.01269987,0.019588776,145.8268,2.3339538167645744,True,True,True,True
1171383023972,0.012285888,0.044726875,134.98413,0.7401044432106219,True,True,True,True
1032631018384,0.032921564,0.03526793,201.04924,0.6696487815856738,True,True,False,True
1464444307676,0.07376914,0.11332061,233.75516,-2.7550172719303685,False,False,False,False
1271717580364,0.03594715,0.023376185,545.2982,-1.608754073662083,True,True,False,False
1289189370454,0.056962393,0.059084415,41.276394,1.8025646234606865,True,True,True,True
1439367964410,0.029481271,0.036136277,174.60532,0.0893403496061809,True,True,False,True
1414922528030,0.07255351,0.025699638,139.89984,-0.3734097231263462,False,True,True,False
1030415433602,0.050312642,0.023993783,123.85934,0.5595318555393345,True,True,True,True
1015824407054,0.0069668116,0.02697385,61.077705,1.597050424567799,True,True,True,True
1041858603028,0.02804634,0.03794813,317.5763,-1.2319106962495507,True,True,False,False
1442569547918,0.037319053,0.06717391,408.49854,-1.7751460811718764,True,True,False,False
1366678135756,0.033766687,0.055915415,235.03316,2.098003763031603,True,True,False,True
1293969609268,0.007184953,0.08407498,179.23703,0.6104373681757964,True,False,False,True
1488285070036,0.022193203,0.017071033,209.6832,0.1148839819052822,True,True,False,True
1478132494004,0.023071473,0.056866594,139.83598,1.4718629104585024,True,True,True,True
1971535690654,0.018873613,0.050690584,181.67017,1.4550570522323834,True,True,False,True
1897558923448,0.019441606,0.04349674,278.7415,-0.5723744768723793,True,True,False,False
1903575575188,0.059311386,0.052511174,103.87418,-1.978193275733504,True,True,True,False
1989001810978,0.042848423,0.0728958,129.71736,0.8318227878715598,True,False,True,True
1562898211950,0.060390852,0.03237119,79.18957,3.472154706493303,True,True,True,True
1671811905982,0.02494592,0.024976382,349.0106,1.9198594773465547,True,True,False,True
1626099004876,0.018612752,0.06686999,43.749863,2.862139089305308,True,True,True,True
1735003879678,0.016027953,0.07149519,117.42292,0.731443093044126,True,False,True,True
1795642488028,0.014711836,0.039630152,605.2652,0.9288922831333208,True,True,False,True
1600670643548,0.09501792,0.013813313,257.86633,-1.235382899178703,False,True,False,False
1595902677982,0.049311295,0.04400901,217.91428,2.906204870623278,True,True,False,True
1592094907884,0.040120054,0.030216139,176.20584,1.03186436138231,True,True,False,True
1846432585002,0.029932918,0.0828308,252.53111,-2.252877060154218,True,False,False,False
1881992532148,0.020501724,0.089188226,155.86609,0.159139723768984,True,False,False,True
1807060533948,0.008372236,0.031526368,170.24516,0.4096541143585478,True,True,False,True
1588933164490,0.0132574085,0.08153094,326.32822,-2.0253843892999948,True,False,False,False
1965519620420,0.02900551,0.020624325,195.46758,0.2670041039083994,True,True,False,True
1815964500448,0.061575986,0.047499992,96.082054,1.9824375286325784,True,True,True,True
1812801421704,0.029328499,0.038969554,87.53457,0.2979940938927714,True,True,True,True
1229137746364,0.012108453,0.03677595,168.2101,1.2100506550200911,True,True,False,True
1464722088426,0.024563167,0.043526337,218.508,-1.3966230233036832,True,True,False,False
1340905189284,0.014576894,0.018818509,214.32228,0.3057717311176907,True,True,False,True
1377096850140,0.010431592,0.0122271385,121.46014,2.211169473694823,True,True,True,True
1426952681468,0.06942438,0.09365167,206.21735,-2.0725242722204023,True,False,False,False
1056102324284,0.014793833,0.0428356,128.22835,1.1216491631683052,True,True,True,True
1409813531184,0.005598198,0.035562243,32.02877,2.557482739047534,True,True,True,True
1312972376532,0.027945075,0.043195944,236.21912,0.119938180829357,True,True,False,True
1458713829062,0.044843607,0.053206466,215.59476,-2.144721241377118,True,True,False,False
1345361407236,0.011865008,0.07824696,80.28577,0.9053180029998412,True,False,True,True
1132919460246,0.079363324,0.04194405,385.58646,-2.4372069778855456,False,True,False,False
1023697242370,0.050877005,0.10109424,198.91615,-0.8381465329593619,True,False,False,False
1071647929358,0.037087657,0.043230303,89.944176,1.0314218215000164,True,True,True,True
1378356876500,0.013939536,0.043708693,171.13097,1.323492924746248,True,True,False,True
1271368814876,0.027753389,0.07160125,186.46783,-1.0750516973675073,True,False,False,False
1370099694322,0.02879209,0.05293336,260.42044,-0.3400478820126842,True,True,False,False
1085000047574,0.029223934,0.037501827,381.79987,-0.5150819198673736,True,True,False,False
1272005417270,0.0241314,0.037851624,310.4528,-1.3857278291777675,True,True,False,False
1335839612624,0.025071893,0.044300858,178.38687,0.1967097144862581,True,True,False,True
1458718769434,0.017540665,0.04678717,119.51083,1.2280168023399614,True,True,True,True
1342503602784,0.07714574,0.04586731,291.8256,-3.070196107225618,False,True,False,False
1419972939062,0.0951265,0.062353425,422.78125,-2.7321590509384883,False,True,False,False
1438709819070,0.008750885,0.059036512,238.93823,-0.2245170546451119,True,True,False,False
1433641544558,0.025877014,0.03098422,360.77158,-2.4993146543021725,True,True,False,False
1663806523470,0.08507813,0.053722106,176.60709,-2.5146281685482306,False,True,False,False
1573961492570,0.019044643,0.044459727,131.53,1.9684306250453243,True,True,True,True
1608564873400,0.07664971,0.044777296,555.8257,1.502667172525434,False,True,False,True
1740663877998,0.039892364,0.048797082,219.85034,-1.4312578239867348,True,True,False,False
1605719313798,0.09545055,0.043700032,189.51727,-3.1331858932828043,False,True,False,False
1644776214266,0.090334855,0.048664197,272.4727,-1.831304277826496,False,True,False,False
1722569270388,0.011074597,0.05979658,211.30684,-1.9490189730044527,True,True,False,False
1683844631804,0.012796987,0.026846856,83.01496,1.303448190178587,True,True,True,True
1825142770616,0.0042684623,0.052298862,109.09212,0.8507217278685018,True,True,True,True
1691750779514,0.018200599,0.05168001,2713.8486,-2.1848897866050727,True,True,False,False
1688264888856,0.008864846,0.014063257,89.518036,1.3057612323174563,True,True,True,True
1532365744830,0.016980585,0.020593494,152.43764,1.1818514679076657,True,True,False,True
1653023874234,0.05339579,0.021883717,322.28815,-1.323168172341258,True,True,False,False
1754621958350,0.012359961,0.029992905,213.35432,0.3579457030427575,True,True,False,True
1828930206376,0.016182406,0.021727433,177.30768,0.5156019852561996,True,True,False,True
1735274707808,0.015954087,0.012273494,90.50329,3.238587825378519,True,True,True,True
1537144848788,0.0495932,0.042719513,220.41682,-0.3317328010364542,True,True,False,False
1640011879046,0.027718922,0.049412012,102.350075,0.1900603589684216,True,True,True,True
1529844636410,0.03755101,0.026901094,144.10352,2.1771300930362583,True,True,True,True
1795600357676,0.092072956,0.08940228,284.6575,-2.156594875496829,False,False,False,False
1867997035284,0.025249802,0.02330661,182.61067,0.5430413835388366,True,True,False,True
1419676685174,0.011440051,0.031456098,43.491745,2.1124206800172374,True,True,True,True
1448577582402,0.0419349,0.055210814,167.569,2.8819836927966787,True,True,False,True
1007882552764,0.0075853877,0.04216484,88.19997,0.5816000118076653,True,True,True,True
1244742443832,0.016496202,0.040996097,107.570404,0.4542093105817891,True,True,True,True
1394606969864,0.010723657,0.042326935,111.161736,1.332831747623251,True,True,True,True
1307302981122,0.049185894,0.061591357,326.94308,-3.3338119273857627,True,True,False,False
1027222546770,0.032240167,0.044816878,143.62195,2.7791088891797764,True,True,True,True
1491444195316,0.016123079,0.050295144,156.64694,0.9218638657240948,True,True,False,True
1084405152130,0.047083296,0.042285826,177.44885,-0.4879226273302419,True,True,False,False
1037409395310,0.0683374,0.062296502,310.0228,-3.2116908285439543,True,True,False,False
1414933340864,0.05721778,0.05104259,95.48221,0.3637111694831328,True,True,True,True
1352074158456,0.057971355,0.03338464,157.28249,-0.5494974806292415,True,True,False,False
1252996201674,0.056738336,0.17409162,173.68596,-1.2781832438748324,True,False,False,False
1662263704210,0.01693959,0.040774368,253.37204,0.1280014246663795,True,True,False,True
1614013465918,0.046880703,0.06982583,225.52605,1.1781034902546046,True,True,False,True
1654966616150,0.032739736,0.046699353,266.4011,-2.0386876469269497,True,True,False,False
1933427498028,0.041475702,0.0486233,222.11232,-0.4978399459224733,True,True,False,False
1862629181526,0.035703447,0.01363264,243.65826,4.719063798588353,True,True,False,True
1760386633258,0.007909899,0.041562386,132.97644,-0.0370947729919015,True,True,True,False
1658468332226,0.018319191,0.03604137,157.25172,1.6068384668593794,True,True,False,True
1978844474732,0.018817091,0.052592658,204.09433,-0.4430303204298122,True,True,False,False
1824848031216,0.11861934,0.036421157,260.07977,-2.771021312741258,False,True,False,False
1756595569872,0.009527795,0.028894527,77.899124,2.240064033318931,True,True,True,True
1612093428304,0.07231814,0.055671632,150.11568,-0.3602262272929061,False,True,False,False
1765774142078,0.042531546,0.0147501975,247.15857,-1.6171528280216223,True,True,False,False
1865789464874,0.064377755,0.09672138,429.7213,-4.063828668522094,True,False,False,False
1575609776228,0.037101842,0.035307046,188.33444,-0.0663587901086869,True,True,False,False
1680393795480,0.13439852,0.082767636,143.72,-0.6076578948394327,False,False,True,False
1774693858258,0.18163744,0.07094416,315.1887,-2.1636799452280373,False,False,False,False
1758493737078,0.012160724,0.014936843,88.257866,1.2007878856351517,True,True,True,True
1904229267484,0.018944414,0.07941098,310.31445,-0.7492861366753063,True,False,False,False
1851534681874,0.026725331,0.04891643,106.61305,-0.0700245221418511,True,True,True,False
92804904134,0.013049386,0.032572106,226.02142,-0.0998151430460424,True,True,False,False
478589561778,0.046325956,0.04643057,96.90038,1.2161720133640963,True,True,True,True
144905903654,0.01181089,0.035693467,148.59315,1.813476457442466,True,True,True,True
11850307064,0.06509804,0.14897749,196.92899,-1.0031701133470814,True,False,False,False
232216848406,0.022691688,0.03384609,184.4538,1.899620598644612,True,True,False,True
33773198952,0.022802899,0.03776234,164.11702,2.1744167603751627,True,True,False,True
308731481814,0.035171967,0.04630043,98.717476,-0.9038253588528884,True,True,True,False
495116276340,0.03670148,0.07268514,183.58844,1.896669912944004,True,False,False,True
438257366610,0.017020619,0.03912177,101.810875,1.2038354333161982,True,True,True,True
74400387114,0.008892114,0.008007735,52.74146,2.5332040062566734,True,True,True,True
55038949988,0.03272801,0.044417903,48.62378,2.669416092597072,True,True,True,True
22339455628,0.048845388,0.020227741,253.6111,1.7568722244864088,True,True,False,True
711008531868,0.02348928,0.051231664,116.822685,1.4089361514405545,True,True,True,True
685606352406,0.031645752,0.038388636,194.0862,0.5462950032051344,True,True,False,True
578299914352,0.019910246,0.039095897,137.55017,0.1289446779571771,True,True,True,True
791355858356,0.07004947,0.013415956,59.499615,3.723504251355239,False,True,True,True
746904721862,0.017023508,0.02146603,75.29355,1.680747259954998,True,True,True,True
912646936282,0.028111983,0.050988954,158.40892,-0.006228603761585,True,True,False,False
876136169210,0.03755176,0.026233507,164.04787,0.5696935685535598,True,True,False,True
517356158722,0.037873734,0.069819726,134.22285,-2.2663243186881936,True,True,True,False
890744204590,0.028936587,0.04029649,229.04648,2.4628679291026034,True,True,False,True
785339081714,0.053548235,0.062351063,213.4266,-0.3557098131216328,True,True,False,False
866294964520,0.033424735,0.0471716,95.31121,-1.554289341941366,True,True,True,False
729117479496,0.009853199,0.040160507,124.76837,1.379815082065432,True,True,True,True
809449586076,0.018476903,0.03107785,143.47762,1.845760692947363,True,True,True,True
804370853488,0.025872169,0.032725386,168.9228,0.1806480884071863,True,True,False,True
832633888734,0.006103753,0.012548897,176.17955,-0.4317641190727889,True,True,False,False
979646606606,0.019829605,0.050282296,62.372124,2.2638600951634023,True,True,True,True
706581900842,0.056562927,0.033664253,53.522877,4.6344546784010525,True,True,True,True
738352977134,0.07062991,0.04565564,307.72766,-1.795244883284056,False,True,False,False
509091795210,0.0672568,0.07905933,152.38637,0.1867939056672267,True,False,False,True
706272748540,0.013412453,0.054691665,114.81659,1.914992576734716,True,True,True,True
604667204736,0.040171083,0.0654728,125.91371,-0.8900860682557383,True,True,True,False
762794784742,0.03333156,0.0741553,174.25018,0.6495733148984961,True,False,False,True
932666019306,0.012234567,0.035613094,150.91199,0.8419294798241643,True,True,False,True
213191175120,0.034649886,0.020723186,115.6278,0.5347519402075985,True,True,True,True
35049780460,0.054920904,0.056839585,326.63895,-2.8079423364671725,True,True,False,False
34414639404,0.041717693,0.024416931,173.485,0.2897263892025605,True,True,False,True
84916245798,0.049712434,0.047192223,158.92812,-0.0127520176993157,True,True,False,False
33474326782,0.06858832,0.05254871,363.74353,-1.5792546990484322,True,True,False,False
259228500904,0.07094002,0.061060052,59.170975,4.139058323318994,False,True,True,True
291929533166,0.007412264,0.042110164,48.45798,2.587651343080738,True,True,True,True
344963260826,0.021568988,0.03850777,231.08603,-0.9539634217369282,True,True,False,False
377025044456,0.013785843,0.01330896,167.3987,1.3322186788954378,True,True,False,True
130643837244,0.049390215,0.032017887,158.2058,1.7540486770070916,True,True,False,True
126503580178,0.02476613,0.023684682,86.67228,1.6060248961345285,True,True,True,True
88711317350,0.039366305,0.057344247,311.62515,-1.2163528195716706,True,True,False,False
44906510038,0.0053903335,0.025810396,111.45762,1.22756092060673,True,True,True,True
75715576194,0.06084585,0.05421856,204.96835,0.1681887491231671,True,True,False,True
190667946700,0.004599027,0.01295284,133.97069,2.951933054032282,True,True,True,True
371320017444,0.02626708,0.024988143,58.646057,0.6017578097622394,True,True,True,True
316086077836,0.06623441,0.038951244,234.28462,2.173720710949394,True,True,False,True
312901076126,0.010617113,0.018522171,46.399075,1.6277575362389642,True,True,True,True
239877146154,0.029522518,0.03048981,195.06291,0.1938461922658465,True,True,False,True
336404309308,0.016128786,0.032344703,121.348175,-0.210423896914633,True,True,True,False
272907541980,0.029606048,0.02929731,240.50482,-0.3868973725472621,True,True,False,False
678032291228,0.018682944,0.04180524,267.6534,1.2496064129459608,True,True,False,True
997787757426,0.013235675,0.02280084,154.38725,0.9000000119723149,True,True,False,True
555810853458,0.03578017,0.040400818,274.56128,-0.2791442250538003,True,True,False,False
515797840404,0.08261886,0.1406195,146.3588,-2.97691923307144,False,False,True,False
578990040302,0.053432334,0.050845902,282.19644,-0.1333998173552499,True,True,False,False
759335504220,0.017948955,0.0177417,91.482765,1.2318291530479175,True,True,True,True
895550046378,0.063048884,0.074451335,265.03818,-0.5751387340190829,True,False,False,False
922539020122,0.0113924835,0.039715335,114.85854,1.8453448394086676,True,True,True,True
502757901410,0.011348903,0.04105906,39.93332,3.44394938898562,True,True,True,True
650718138352,0.13121355,0.06177558,267.614,-2.82502107386763,False,True,False,False
846325578062,0.027651567,0.021133633,133.68231,0.2593158945479803,True,True,True,True
992380997742,0.053655464,0.035591513,214.38976,-0.5182880447312339,True,True,False,False
964437675432,0.013768921,0.045242243,139.24522,0.8331661800820647,True,True,True,True
752974396274,0.031916846,0.036509957,158.2675,0.5243334893367734,True,True,False,True
802823045362,0.022948166,0.01927388,274.50208,-0.8884798582346873,True,True,False,False
839018435714,0.037537277,0.0639747,115.81224,-1.0687136297576665,True,True,True,False
543433145136,0.040089138,0.020550115,349.00024,-3.143484777987255,True,True,False,False
791087380660,0.014167746,0.02535763,178.28226,0.5473768702546389,True,True,False,True
25799139954,0.048918393,0.060011752,135.61998,1.4312968552032683,True,True,True,True
171227886148,0.045482382,0.07868253,184.41367,0.0091882599565903,True,False,False,True
152186690572,0.028235171,0.0750556,125.31564,0.888614361165442,True,False,True,True
99798890306,0.06515807,0.022318374,131.27415,-0.6155579845391406,True,True,True,False
307127278214,0.017111354,0.031234983,210.03867,0.1085570349326118,True,True,False,True
396355665566,0.027025519,0.023375489,193.2682,-0.3884691035182456,True,True,False,False
28997398578,0.00506451,0.050213896,119.7402,0.8236523656854533,True,True,True,True
267778661896,0.031466227,0.038136236,41.209114,2.715878737988602,True,True,True,True
404311809360,0.033119254,0.06592608,117.82591,1.211780250101174,True,True,True,True
155349745730,0.025705611,0.056808434,208.80234,-1.4261949453528715,True,True,False,False
18181862978,0.009337488,0.06555729,112.020424,0.5306826674917844,True,True,True,True
427469753876,0.043627776,0.017995171,670.43365,-1.6259087205805245,True,True,False,False
143625949444,0.06748058,0.04407224,131.87473,2.0072273418691835,True,True,True,True
92831317836,0.0330578,0.009702488,55.749847,0.3612748757209389,True,True,True,True
171574211542,0.01669207,0.05345748,314.8743,-0.423978577419237,True,True,False,False
56945208386,0.021056388,0.04491968,81.49131,0.7664517126400658,True,True,True,True
238878347028,0.009818873,0.07302191,293.56064,-0.001329309515227,True,False,False,False
140143285484,0.0054359217,0.051013682,133.92575,0.5892101214627201,True,True,True,True
341446100656,0.011732928,0.015439479,26.403267,2.852678871402855,True,True,True,True
320177678910,0.02657579,0.077365935,194.87166,-0.5929785948895553,True,False,False,False
373518191878,0.006213768,0.029340222,210.46306,1.0242233821719822,True,True,False,True
450036353976,0.054340273,0.052991856,331.0249,0.1206679757544719,True,True,False,True
422735807964,0.009566464,0.0134198265,160.27744,1.1074241863464638,True,True,False,True
806266828184,0.01906255,0.036011007,123.20123,-0.0808814439127307,True,True,True,False
529095883056,0.0071627633,0.05993264,231.37503,-0.8915078908999152,True,True,False,False
604354826404,0.04044296,0.046618935,244.57391,-1.8323594549453923,True,True,False,False
531326763978,0.03825943,0.038423955,329.92413,-2.776719287338662,True,True,False,False
639922081334,0.01996882,0.026618948,289.3466,-0.8961852033743581,True,True,False,False
615448322012,0.014571461,0.04560206,132.5915,0.5359821931908285,True,True,True,True
722767435660,0.07925,0.03397849,572.49585,-1.524718111336907,False,True,False,False
554793107116,0.02593283,0.014592629,83.785515,2.6871355362191043,True,True,True,True
876131107858,0.026024273,0.031485777,294.13358,1.082582142977854,True,True,False,True
820872372430,0.013207534,0.05178759,210.01501,0.7843238582128602,True,True,False,True
930421257686,0.048844706,0.050832566,227.99185,-2.177692027389316,True,True,False,False
556719217786,0.013339881,0.074753076,184.0821,0.0563381438495448,True,False,False,True
724049184266,0.049056776,0.0200904,257.39902,-2.789488487810836,True,True,False,False
694849893760,0.012907125,0.034679335,149.73158,1.0464100655241937,True,True,True,True
937752037770,0.05925455,0.040921215,249.91856,-1.903379961708606,True,True,False,False
953946464750,0.01641112,0.07441946,166.8099,0.9414057735605854,True,False,False,True
882815282022,0.021485286,0.047593195,178.72447,0.2022260656745854,True,True,False,True
870436463030,0.023679355,0.053067267,158.8015,0.6019884488247519,True,True,False,True
912986360558,0.059448175,0.07978618,116.52075,-2.067778976548534,True,False,True,False
35374459578,0.035585333,0.019697657,150.43217,-0.3221563686047577,True,True,False,False
244942347290,0.018628843,0.0745615,201.89975,0.1475606774690183,True,False,False,True
350354148282,0.014468326,0.018879704,140.62523,0.5068285133708197,True,True,True,True
283360049798,0.07005538,0.04307933,222.23343,0.7955118740072761,False,True,False,True
330991804994,0.042451084,0.054251518,215.19775,-1.9799076573928025,True,True,False,False
46497362136,0.009985786,0.017561303,67.6165,2.43699291092631,True,True,True,True
44929267280,0.097174615,0.02191326,183.09755,-1.269022073636095,False,True,False,False
305913746522,0.014801749,0.032619096,232.34445,-0.4880308989457253,True,True,False,False
266235011394,0.017632954,0.014941474,65.54503,1.1424342452702505,True,True,True,True
70308213848,0.01522991,0.025594227,132.2141,1.0569872412959038,True,True,True,True
141426670768,0.054960266,0.054620065,136.929,-0.487845157367507,True,True,True,False
203665379172,0.04604431,0.121256165,191.06746,-1.3059932667962273,True,False,False,False
323373896186,0.08110396,0.030259872,258.3613,0.3515507507278908,False,True,False,True
192880962478,0.019316863,0.028854862,161.3542,0.2104832207484089,True,True,False,True
76673732832,0.13101122,0.110192165,54.10323,-0.1822956473708481,False,False,True,False
598646497366,0.006509724,0.01719891,93.14595,1.8742431170345424,True,True,True,True
591980467608,0.060662214,0.038378417,212.46512,0.3960023899029549,True,True,False,True
658357418476,0.022369519,0.038057324,157.39,1.2932960533959978,True,True,False,True
553882503490,0.072677806,0.12176933,325.80402,-1.7042617394461084,False,False,False,False
779315301988,0.028562529,0.04008052,192.21614,0.0419327839158747,True,True,False,True
936814923874,0.02127188,0.0132587375,154.05629,0.5930635006989449,True,True,False,True
785670238390,0.009339363,0.02403823,162.25175,2.217770931299692,True,True,False,True
928231326226,0.013592295,0.02356506,162.15688,0.1956370495191181,True,True,False,True
623121116200,0.05904214,0.0371134,89.036255,-0.3347556873155899,True,True,True,False
513270914134,0.018651048,0.03685851,163.89844,0.5461370418761496,True,True,False,True
525651775174,0.029171402,0.020400334,258.58722,-0.8370198144632757,True,True,False,False
647255484030,0.0064773685,0.016380189,138.71295,0.8727307510841575,True,True,True,True
828250072720,0.07007525,0.099598706,122.58382,0.0871731945376499,False,False,True,True
875240437480,0.012796614,0.03292235,109.83857,2.0939895806135564,True,True,True,True
964143945548,0.03461133,0.080264844,171.74113,-0.9355319135047498,True,False,False,False
746925416152,0.0123287365,0.028469097,69.38284,1.7349136070439082,True,True,True,True
663745508738,0.032883804,0.047483355,311.18256,-3.384039843291961,True,True,False,False
808843101076,0.07206762,0.030451477,80.71798,1.6792744544085898,False,True,True,True
792662332106,0.021887032,0.057050534,51.353138,2.3444667653496487,True,True,True,True
822197967150,0.024562588,0.020927373,153.22499,-0.4724503281084975,True,True,False,False
934594352044,0.06456151,0.052127086,29.823362,3.053179099224432,True,True,True,True
843135790786,0.03609619,0.05319332,160.184,-0.6946859471644135,True,True,False,False
803767796510,0.046469335,0.04939912,237.7089,-1.2613294874880343,True,True,False,False
896486559814,0.033236686,0.023385353,93.66206,2.2351621458385167,True,True,True,True
658056179024,0.013047771,0.033047747,144.23904,0.7396155485247715,True,True,True,True
913966438274,0.023987018,0.020574827,114.373566,1.5494718556968166,True,True,True,True
1072666735350,0.044481922,0.030413099,213.17905,-2.306023539087189,True,True,False,False
1385747653494,0.10644294,0.053092003,615.713,-2.679695390026853,False,True,False,False
1470207595836,0.08057738,0.08688675,359.94006,-3.5347620986301926,False,False,False,False
1467349084332,0.030133836,0.051662832,235.87396,2.288588988980333,True,True,False,True
1433683346626,0.041702345,0.12085389,216.61803,-1.4035782232210257,True,False,False,False
1066976423756,0.02969932,0.029989854,127.1018,2.06962002797376,True,True,True,True
1131432781706,0.02363239,0.022224618,159.1491,-1.0278932579794922,True,True,False,False
1120322555350,0.010387341,0.022827081,105.22183,0.1135751282088568,True,True,True,True
1183192852138,0.021127734,0.08192851,181.14174,-2.8354988261228717,True,False,False,False
1278763573422,0.012476793,0.036661256,139.29968,1.2592938970688314,True,True,True,True
1438482837636,0.016849073,0.03771232,200.73686,-1.259491753227644,True,True,False,False
978692231734,0.012252265,0.035869252,95.66186,1.316736613731321,True,True,True,True
1142211226960,0.01473424,0.03720703,156.32423,-0.16020984797262,True,True,False,False
1229851257812,0.084058225,0.053520832,189.01398,-2.343033071350889,False,True,False,False
1045690691422,0.0304967,0.04908068,506.9844,-0.4131786686083907,True,True,False,False
1152058605874,0.084324606,0.06568655,81.80282,-0.8379487237308507,False,True,True,False
1432424683082,0.019618202,0.041290104,263.65732,0.4843949055656376,True,True,False,True
1373370222204,0.05372998,0.047995586,74.08925,0.3351102223630662,True,True,True,True
1111422573312,0.069255024,0.042878535,258.5729,-1.9608090360225567,True,True,False,False
1095236889880,0.018959321,0.040390227,192.0943,-0.707591098777594,True,True,False,False
1371473241648,0.02365752,0.046751548,35.80623,3.239504357590354,True,True,True,True
1370837194160,0.023980657,0.08706437,119.31833,1.5280234572681652,True,False,True,True
1305745569086,0.02258698,0.0747114,181.74588,-1.4435951364526316,True,False,False,False
1492134344936,0.026939001,0.08667258,168.01526,-0.7020636998285853,True,False,False,False
1395604762276,0.013801873,0.04108823,123.45266,0.0963248912789592,True,True,True,True
1484202166070,0.0058659255,0.012007867,199.41663,0.2011990127599145,True,True,False,True
1719769899224,0.009863289,0.040607747,63.257656,1.0853526028228588,True,True,True,True
1907120458206,0.035765942,0.018190317,271.55737,0.2815304930578797,True,True,False,True
1994123081270,0.01759947,0.03446312,199.30208,1.4942142797195488,True,True,False,True
1599137599980,0.024184175,0.034360886,222.10362,0.2077815380574654,True,True,False,True
1663287198288,0.009371609,0.029288642,59.621235,1.6807665124861857,True,True,True,True
1603577286744,0.04362773,0.034230925,305.10526,-1.9254860584908688,True,True,False,False
1813793165474,0.012680674,0.031023486,210.0438,-1.1793041346846314,True,True,False,False
1640724808958,0.044307183,0.03885624,185.65382,2.6135200752386174,True,True,False,True
1723582131944,0.06773024,0.049614433,204.3127,-0.8554061760179689,True,True,False,False
1685816025698,0.02678817,0.012207092,219.63336,0.6611259745298668,True,True,False,True
1719485266348,0.015668122,0.05956132,242.95683,-1.097653429689677,True,True,False,False
1943649044636,0.024254026,0.040949196,187.47102,0.1833631673988796,True,True,False,True
1089545215510,0.042564962,0.050504252,447.18234,-1.2496968420325718,True,True,False,False
1287663937196,0.009926006,0.026467917,229.86688,0.3167674088698405,True,True,False,True
1150847644088,0.06662971,0.1372407,81.909805,1.6877737794169647,True,False,True,True
1267062709790,0.010541174,0.05744869,180.14047,1.2251159300478585,True,True,False,True
1130191280064,0.034650754,0.07338727,149.03922,1.2627577779575028,True,False,True,True
1154000870574,0.034478933,0.037191752,173.69104,-0.0688533565329561,True,True,False,False
1124463396412,0.0200283,0.06765994,64.898834,1.390848880442619,True,True,True,True
1402923521488,0.005367361,0.0125126345,32.308025,2.5894622260633016,True,True,True,True
1374987079402,0.06322684,0.056634136,229.79893,-0.500110552149427,True,True,False,False
1472476203184,0.10680132,0.07090311,158.28381,-2.2395042894255623,False,False,False,False
1011129596606,0.048053153,0.09946018,274.14746,-3.6401961582096254,True,False,False,False
1138144223868,0.011792622,0.019596124,146.3944,0.7805027894776738,True,True,True,True
1089236139920,0.012012435,0.05288249,201.18869,0.1665146313632783,True,True,False,True
1168950947088,0.09483357,0.059146795,128.99402,-0.3494341636251387,False,True,True,False
1454071659566,0.034236908,0.055788875,167.77861,-0.0381216457455238,True,True,False,False
1424231155664,0.0730643,0.09762568,313.84714,-2.675841387351764,False,False,False,False
1726811157610,0.0089094825,0.045381956,174.3338,2.317179508800886,True,True,False,True
1853172525270,0.017348165,0.06432468,281.08612,1.0958867410096955,True,True,False,True
1857618083384,0.02685426,0.06075184,286.49188,-0.122406432399302,True,True,False,False
1749352810070,0.046512388,0.023715727,455.07825,-3.201450330861383,True,True,False,False
1968754140528,0.009597489,0.03699693,172.28075,0.7277581886139974,True,True,False,True
1681090922982,0.07959373,0.09544021,84.16065,-1.0549390901698312,False,False,True,False
1595372468070,0.008567253,0.0073002083,144.84662,0.5073351033170259,True,True,True,True
1667450340504,0.0274328,0.05222851,226.73134,-0.3946527579677479,True,True,False,False
1672216819830,0.023166409,0.024912756,208.0669,0.8007588386015774,True,True,False,True
1976402869064,0.01992572,0.03295284,137.29675,0.4337827215488569,True,True,True,True
1922091149170,0.084736586,0.051641617,256.10263,-2.3640142424868644,False,True,False,False
1541044571872,0.041061204,0.03387358,163.69373,-1.179714301478539,True,True,False,False
1717584154478,0.116106264,0.07426928,195.09575,-0.0426169784687608,False,False,False,False
1692195910046,0.07323634,0.01683518,251.29448,0.5280152536411948,False,True,False,True
1729029616322,0.001546189,0.029822426,85.71977,1.9250879273448696,True,True,True,True
1769662599700,0.03358727,0.09346677,169.31654,-1.5407385133590874,True,False,False,False
1659510905908,0.06575567,0.05175665,93.666176,-0.5678960538160231,True,True,True,False
1723333055556,0.024044989,0.049027573,446.00446,-2.7331010326111427,True,True,False,False
1846849871806,0.0049205986,0.040422827,158.39159,0.7922252559478207,True,True,False,True
1801751171230,0.00613588,0.024065655,95.1718,2.3970254830805007,True,True,True,True
1092675487656,0.052107286,0.028608544,192.40598,-1.4451530673621047,True,True,False,False
1037115283890,0.04524318,0.04783665,182.30595,-1.3387833255470265,True,True,False,False
1467341552840,0.022354322,0.045367084,88.88458,1.0190635205786722,True,True,True,True
1323830577618,0.14466536,0.10541825,72.451004,-0.4726235233785037,False,False,True,False
1046970726104,0.09200636,0.045368396,244.9502,-0.0109564014494729,False,True,False,False
1201927945314,0.0052862726,0.01606074,168.33224,0.4565182500087769,True,True,False,True
1303521494478,0.018097539,0.061291307,98.63638,1.4540481782965515,True,True,True,True
1239058559720,0.024570882,0.006962039,117.584206,0.9883058711370608,True,True,True,True
1450206461278,0.036801457,0.06684174,306.93277,-1.365530257871414,True,True,False,False
1494666191472,0.071668975,0.05570957,90.85509,-1.1603276641067806,False,True,True,False
1352719985020,0.03836141,0.054062814,94.85421,0.0124324714108586,True,True,True,True
1305418450536,0.03596502,0.060917474,183.72545,-0.1374833539194386,True,True,False,False
1177160479830,0.006616861,0.01878405,131.6405,1.0946859120989734,True,True,True,True
1204150965032,0.009043123,0.05938745,171.45227,0.0344696361539589,True,True,False,True
1035233324462,0.043331373,0.038872413,267.5479,0.9305152609526576,True,True,False,True
1286073543842,0.052191664,0.07662454,223.39459,-1.1682759787146215,True,False,False,False
1342905567114,0.040230557,0.06533534,192.28926,-1.1808831757650735,True,True,False,False
1393695790068,0.06631107,0.0374505,1927.3252,-2.022838843560904,True,True,False,False
1350847473550,0.0572933,0.068669505,220.86201,-3.25839327805114,True,True,False,False
1514343408852,0.023868168,0.01793176,64.88255,-0.2552070923642667,True,True,True,False
1836948616996,0.012609397,0.059788086,119.23227,1.5197768029758274,True,True,True,True
1991888776784,0.0571802,0.03961377,157.34784,-0.0985933019697817,True,True,False,False
1545483956286,0.04225066,0.021210456,133.95134,-0.8386322865677986,True,True,True,False
1744885080022,0.02591735,0.04053092,263.85126,-1.05558357568613,True,True,False,False
1814733456676,0.026575722,0.023340402,225.4702,0.3514143595076909,True,True,False,True
1907141831374,0.090602666,0.010230108,285.7776,-1.6299748628772366,False,True,False,False
1952866677388,0.04517576,0.029038567,229.75233,-0.5966419784866136,True,True,False,False
1629280862152,0.00447632,0.015323809,50.061333,2.609406185159919,True,True,True,True
1713429331534,0.010069869,0.026249655,102.78454,1.846119413284044,True,True,True,True
1650233931500,0.0046890713,0.031071512,77.43836,1.100582597195014,True,True,True,True
1935376441794,0.07194178,0.123752914,472.12122,-3.9108386037991223,False,False,False,False
1897897037188,0.012288599,0.048484784,126.39316,0.4237702459793067,True,True,True,True
1687084445348,0.072697945,0.033785835,215.2343,-2.265663495497739,False,True,False,False
1575643241446,0.004726507,0.024781441,100.2198,3.0747067359078044,True,True,True,True
1633434300726,0.012947776,0.020273663,30.753998,1.949712884998308,True,True,True,True
1702024340796,0.007928192,0.018183129,144.04079,0.7043013367399855,True,True,True,True
1733134119900,0.021365482,0.035308443,269.65662,0.161000585799004,True,True,False,True
1827434333366,0.008655328,0.021663269,75.21973,1.6626953203892636,True,True,True,True
1849659397826,0.09010347,0.03175079,79.22435,-0.9926049761038932,False,True,True,False
1935718759000,0.004920877,0.039580356,107.99942,0.4541456007365382,True,True,True,True
1969995346210,0.012208158,0.010847245,136.07166,2.156693795131466,True,True,True,True
1143202369194,0.008508955,0.011933088,53.15986,2.16137414811179,True,True,True,True
1192105161826,0.013259789,0.04307757,130.26279,1.4279808969891046,True,True,True,True
1173996795292,0.029011156,0.017812688,185.53584,0.3671823392725551,True,True,False,True
1292115998526,0.018330246,0.016718183,101.13367,1.4266460059538555,True,True,True,True
1332121553416,0.020012578,0.05766036,224.947,-0.5501282380096751,True,True,False,False
1496926580138,0.024202554,0.09246398,125.43997,-0.1274846553802643,True,False,True,False
1096228712650,0.010576383,0.008249442,335.6072,0.9848118351559668,True,True,False,True
1122899409890,0.009891334,0.02207259,159.44258,0.3864168978135348,True,True,False,True
1420416481142,0.03222896,0.017067092,212.683,-1.1960592118428743,True,True,False,False
1289917374264,0.043813314,0.10560848,166.88803,-1.0470273921716495,True,False,False,False
1396610595890,0.016865112,0.032278843,194.77641,0.0510259633465701,True,True,False,True
1505188626900,0.008625991,0.027786737,72.80922,1.439077578118089,True,True,True,True
1479783600054,0.03363281,0.043326255,474.5703,-2.8349045959151327,True,True,False,False
1296901403646,0.040781043,0.055061266,336.04504,-2.2705830940750182,True,True,False,False
1509641668256,0.022342509,0.011927488,123.6865,0.681916366435397,True,True,True,True
1431531572394,0.010777909,0.026489308,126.89222,0.6485642120610968,True,True,True,True
1246070308110,0.023941962,0.016895086,53.881004,3.109951439496843,True,True,True,True
1254962405434,0.016809981,0.07091017,37.75394,3.3512277404052764,True,False,True,True
1290532912034,0.008562437,0.01857585,77.344124,2.326043531756588,True,True,True,True
1373728141048,0.065556906,0.028673805,190.11066,-0.4216142378647034,True,True,False,False
1384205091672,0.014731074,0.044739585,151.0446,1.0931662797971264,True,True,False,True
1207673899550,0.03242127,0.04517315,196.7851,1.4464479138015012,True,True,False,True
1246415649506,0.030927256,0.10243648,181.0822,-1.610784468140788,True,False,False,False
1499471705578,0.030642008,0.036815148,313.85577,-1.335324805148931,True,True,False,False
1514059227422,0.047454312,0.02410351,391.93338,-0.1237968477164404,True,True,False,False
1731880241030,0.023664443,0.030526483,296.451,-2.8786246859174223,True,True,False,False
1943979493608,0.078820564,0.037381325,225.76733,-0.5743354353422039,False,True,False,False
1718566602444,0.021326086,0.028454563,70.763145,0.8981516826038493,True,True,True,True
1812547533436,0.017896647,0.024970803,56.8347,2.3424372356796326,True,True,True,True
1869080381896,0.075691745,0.071008086,191.16212,-1.3624860449573435,False,False,False,False
1548682290540,0.022384008,0.0258674,64.911995,1.6431761377321144,True,True,True,True
1915083487472,0.017399905,0.013773869,158.33585,0.6985263622299736,True,True,False,True
1857302886314,0.016018525,0.08447002,201.449,-0.9063458099688088,True,False,False,False
1782057702462,0.033919685,0.018274592,120.81078,0.1959956453576246,True,True,True,True
1539166544734,0.02592473,0.018297246,177.3513,0.2138266236319491,True,True,False,True
1650623019458,0.059525713,0.032836955,230.98091,-2.874334294347696,True,True,False,False
1650306961848,0.01870408,0.032574948,159.10852,0.1302577830205102,True,True,False,True
1911307594328,0.06761691,0.078680396,106.3749,-0.0289778750748278,True,False,True,False
1930674575996,0.018002376,0.015572752,66.594215,1.7972949860222345,True,True,True,True
1976084068702,0.027583824,0.052668415,179.75224,0.5733251203335483,True,True,False,True
2084211385538,0.019629437,0.009860896,219.39992,0.6672914492041718,True,True,False,True
2125497427486,0.021159638,0.073624045,213.63962,-1.3355412815151295,True,False,False,False
2394429458816,0.02220211,0.05510551,84.04013,1.392010926541876,True,True,True,True
2067083575854,0.015168245,0.047558848,211.23607,0.0566073887806398,True,True,False,True
2209658295758,0.0036154962,0.034725264,100.33489,2.639477008332194,True,True,True,True
2064221108364,0.047953103,0.06710915,327.989,-2.609595410288817,True,True,False,False
2283005919802,0.044215195,0.059489835,121.10348,2.752777192881577,True,True,True,True
2497016139364,0.024966458,0.04539542,158.14577,0.8253121405901416,True,True,False,True
1984506705296,0.053590916,0.057948176,283.72586,-2.0574362811931084,True,True,False,False
2182651482424,0.012282248,0.048599593,231.04027,-0.505803546327827,True,True,False,False
2071189918296,0.04548694,0.017979912,224.76158,-1.481141724655524,True,True,False,False
2150580174148,0.08378398,0.02392457,359.29004,-0.8882341290952179,False,True,False,False
2353783953122,0.028864168,0.07657228,122.237076,0.2822766596726468,True,False,True,True
2361727522278,0.014152786,0.039289314,128.65088,0.4888497652010908,True,True,True,True
2175687059210,0.076394655,0.033474065,37.78341,1.2155762635835714,False,True,True,True
2168693632224,0.01746756,0.047494628,51.71671,2.3153345498456086,True,True,True,True
2430018487896,0.04205458,0.02154495,123.10603,1.840298224086204,True,True,True,True
2314429818236,0.09919403,0.0644952,185.01724,-0.783843779590172,False,True,False,False
2355709611222,0.04255072,0.01668913,342.29254,0.0134405526521882,True,True,False,True
2602081364498,0.031501703,0.025148517,190.63675,-0.5323915212795048,True,True,False,False
2633526932322,0.110850796,0.01843626,205.17899,-0.5062429773824222,False,True,False,False
2737992046036,0.0136857815,0.026673235,109.07497,1.0762017056717117,True,True,True,True
2684330788522,0.036726177,0.07121536,177.90205,-0.1145886712665239,True,False,False,False
2937382081296,0.07567605,0.0614085,937.20325,-4.42367168566451,False,True,False,False
2674490843076,0.044091843,0.052166134,149.9358,2.581613533351792,True,True,True,True
2699907764348,0.042497557,0.029331071,59.428932,0.939546616328127,True,True,True,True
2654805007114,0.022024347,0.057908628,106.831085,1.3883730579994376,True,True,True,True
2643696494296,0.033275947,0.038956843,179.32799,0.1461747054021456,True,True,False,True
2665917854616,0.021505179,0.05389637,178.63235,-0.1892169244856061,True,True,False,False
2817387821936,0.039063204,0.06925509,384.82596,0.5995030010979762,True,True,False,True
2761502689216,0.026834434,0.011406487,146.33685,1.485237262938135,True,True,True,True
3001867445736,0.06844115,0.040388256,261.31458,-1.9373089004434,True,True,False,False
2961859094494,0.06788227,0.03995048,163.36174,-0.214098389132726,True,True,False,False
2717973066726,0.075293705,0.0366893,271.66116,-2.499368604025395,False,True,False,False
2741153135900,0.0076777376,0.027520496,140.08203,0.3397242235516371,True,True,True,True
2709097425602,0.069212,0.07910671,234.63155,-1.6730653127583728,True,False,False,False
3003749911986,0.01986897,0.051458664,47.61468,2.377594862502778,True,True,True,True
2982465564576,0.023980645,0.03874473,109.33056,0.1818621493810655,True,True,True,True
2606547915328,0.057644058,0.048618957,173.85114,0.2397952072738366,True,True,False,True
2969469445282,0.016564887,0.029690847,220.48018,2.0060489536080905,True,True,False,True
2972647972170,0.060540687,0.060370214,247.31462,-0.1814917112369964,True,True,False,False
2835486564768,0.041594796,0.014634526,164.73097,-1.188564873140173,True,True,False,False
2078207964120,0.00998179,0.0024802207,283.61636,-0.1068644804533296,True,True,False,False
2055680524900,0.042781953,0.07622671,351.3325,-2.3703359377840267,True,False,False,False
2041394393248,0.042697497,0.04592944,289.07156,1.4902484346901888,True,True,False,True
2193792023666,0.07458895,0.07640093,220.06,-1.705219576311436,False,False,False,False
2250952453100,0.030600788,0.066083945,188.76846,-0.2705460908149956,True,True,False,False
2328432953126,0.027878102,0.03852743,56.354004,5.9268511391891066,True,True,True,True
2048081414596,0.022317244,0.023074307,247.57822,0.0565651603765875,True,True,False,True
2249065501606,0.019858351,0.007133304,205.84747,0.4948222679640974,True,True,False,True
2054106130880,0.04920152,0.020604182,554.69867,-3.707442323316883,True,True,False,False
2162695148132,0.019879011,0.03437671,183.32474,-0.7226177011251091,True,True,False,False
2123957053096,0.019465044,0.021997534,34.349453,3.9480350555954336,True,True,True,True
2089352589562,0.020372842,0.03505376,252.23387,0.8000708572627894,True,True,False,True
2165559934672,0.060604837,0.017184887,269.39005,-1.4221263657549348,True,True,False,False
2491959002930,0.044069067,0.076847136,355.0134,-2.688077582644788,True,False,False,False
2378934558942,0.025082441,0.059171595,186.55293,-0.1995433622590927,True,True,False,False
2170924512398,0.02637931,0.052946594,229.12875,-0.0830920368912113,True,True,False,False
2352555023728,0.019240761,0.059869315,169.28687,0.8024893313248108,True,True,False,True
2287456796590,0.02348412,0.046935644,215.0227,1.6871806769021398,True,True,False,True
2328109714000,0.01252184,0.039863445,182.92941,0.9879626034982276,True,True,False,True
2137605852632,0.030457424,0.016867725,118.002686,1.639831980339851,True,True,True,True
2163970420492,0.05184307,0.056386452,3114.365,-5.587698882777392,True,True,False,False
2176678200846,0.026478792,0.08076534,105.8058,0.6442427407189374,True,False,True,True
2023631873532,0.0033660945,0.04454421,42.311523,3.7534416125888743,True,True,True,True
2137297430708,0.11485874,0.07605951,214.75237,-3.437434034903073,False,False,False,False
2404642995948,0.0593083,0.06517416,243.39868,-2.129030442688153,True,True,False,False
2659906746506,0.015969452,0.048024718,100.050575,2.0831208229620817,True,True,True,True
2626259001024,0.08895497,0.06571809,218.49922,-1.1695389374560736,False,True,False,False
2631657018030,0.03821723,0.040270686,190.54355,-0.6073516358893005,True,True,False,False
2702146785814,0.0049809236,0.043329738,94.281715,1.1214314853431488,True,True,True,True
2838672245120,0.004178712,0.02196934,40.451565,2.54463860920354,True,True,True,True
2759942154098,0.008814958,0.02883644,182.83174,2.250967630023713,True,True,False,True
2632946702562,0.14355378,0.12533285,104.4973,0.4647819831149861,False,False,True,True
2659306532822,0.035739373,0.050831564,110.92626,0.018164167505024,True,True,True,True
2707564961948,0.031817343,0.046888955,170.98402,0.3546429775684718,True,True,False,True
2733288693700,0.030479511,0.07495472,229.18535,-0.1301791024734719,True,False,False,False
2832348810256,0.023592021,0.020586772,130.62791,0.5498595229393466,True,True,True,True
2978089607980,0.026818467,0.019921962,250.17795,-2.209671923540016,True,True,False,False
2557036063750,0.04023984,0.039706483,237.60588,-1.865484611112337,True,True,False,False
2619590099928,0.018383915,0.018373746,108.0318,0.9248835821055412,True,True,True,True
2849474680300,0.024351982,0.034184143,141.78409,-0.777102481343078,True,True,True,False
2640239357522,0.018884195,0.027606932,110.27924,0.5840885227589552,True,True,True,True
2541177401972,0.10518202,0.05955358,151.88213,2.645998490576203,False,True,False,True
2711696376932,0.014988179,0.039329026,89.28855,1.0328066412241352,True,True,True,True
2821239768710,0.12777543,0.12583518,297.95618,-3.60889756704282,False,False,False,False
2896486793462,0.06003229,0.05661094,170.90912,0.2893422535613347,True,True,False,True
2013415190256,0.04825608,0.023995034,473.6799,-2.555988046108835,True,True,False,False
2338859782544,0.10834144,0.009438064,206.69664,1.2168251767112066,False,True,False,True
2340147578460,0.0804669,0.07467965,353.24423,-3.9833506558833673,False,False,False,False
2300469271682,0.036696117,0.014819639,193.56676,-0.3983169915851217,True,True,False,False
2283643509276,0.08532946,0.011825908,82.80735,1.873954145784213,False,True,True,True
2213764111456,0.07469664,0.054239992,416.84686,-3.011727438624063,False,True,False,False
2247424885766,0.018742144,0.009421697,42.31382,3.551594030054273,True,True,True,True
2056584706736,0.026138725,0.03198072,214.94588,0.4865680575718805,True,True,False,True
2452207444216,0.010185665,0.03140885,144.61165,-0.4913713343195249,True,True,True,False
2257900223692,0.12769766,0.027195532,200.95645,-2.051743729918733,False,True,False,False
2184248939466,0.008937518,0.018798212,197.04497,-1.179721935257126,True,True,False,False
2336333433886,0.03233098,0.056423426,160.23749,1.358484830932106,True,True,False,True
2325234648330,0.012969354,0.043124367,65.45261,1.6662181593858296,True,True,True,True
2414132815538,0.020923007,0.054711644,171.55328,-0.6786798367457325,True,True,False,False
2544612112814,0.021499608,0.04931889,130.5523,0.477638306821938,True,True,True,True
2555097908830,0.074543305,0.040907968,105.90925,0.1856531078103912,False,True,True,True
2789102058750,0.09856888,0.023212517,124.97071,3.20932297501972,False,True,True,True
2751327511440,0.020572407,0.04969549,157.30815,-0.232393902350013,True,True,False,False
2950407360694,0.010562258,0.011642492,145.669,1.287452332521112,True,True,True,True
2878330698780,0.03971285,0.065279365,430.39713,-1.6092886098903136,True,True,False,False
2750700233600,0.007509112,0.014598053,178.24939,0.5681573718883564,True,True,False,True
2861834399916,0.03490477,0.054811798,96.71425,1.2220382978132471,True,True,True,True
2765632619776,0.012984765,0.042387765,384.89777,0.5160992227886726,True,True,False,True
2711627231182,0.01705205,0.031222539,227.09943,-1.5943795843098267,True,True,False,False
2654166746586,0.010696817,0.04413625,105.79021,1.4005514547729447,True,True,True,True
2875785978456,0.016594712,0.02454517,260.39496,-1.1691907926048812,True,True,False,False
2917390851342,0.1004581,0.063374445,233.18108,-2.1730214767531866,False,True,False,False
2936122742520,0.05708691,0.08590562,137.83484,1.6453114696532452,True,False,True,True
2838024206444,0.01768141,0.023823742,158.1836,0.8697471933500485,True,True,False,True
2886287977334,0.030739969,0.05803439,89.3516,0.2730347094313912,True,True,True,True
2870093248270,0.03653565,0.044733662,182.53157,-0.7059334384405741,True,True,False,False
2824995252790,0.041661046,0.023212912,167.35211,-1.722579894168598,True,True,False,False
2182686790172,0.023728563,0.03921311,180.25763,-0.7696725303674294,True,True,False,False
2303647444896,0.05170946,0.08161843,153.29294,-0.5860915765439116,True,False,False,False
2437647360822,0.0109522315,0.019249182,168.11674,0.2070261126246769,True,True,False,True
2490682928024,0.047170505,0.017184699,92.85024,0.9226403931709486,True,True,True,True
2330341955712,0.0082383165,0.039207462,103.90891,0.3153295125961057,True,True,True,True
2315738833770,0.013322692,0.035971195,124.3615,-0.4891369634070134,True,True,True,False
2496720824116,0.08969906,0.020433677,66.97681,1.1542743577348025,False,True,True,True
2264927923194,0.01875877,0.053523213,221.47287,2.2363026418439604,True,True,False,True
2057251775950,0.017736437,0.044173516,175.27477,-1.2984972533496264,True,True,False,False
2167431064938,0.008862503,0.05071234,298.38687,1.3087404774444569,True,True,False,True
2006142295420,0.0356055,0.078422725,708.9244,-0.7905971680917636,True,False,False,False
2225551084786,0.006843111,0.047426607,162.9371,-0.0265597422229342,True,True,False,False
2490995813084,0.044141967,0.07862154,234.23412,-0.8527338344874036,True,False,False,False
2468459604192,0.049607936,0.03366558,207.98724,0.6331382882974477,True,True,False,True
2472897853980,0.010105163,0.035025135,179.59155,-0.8428953665055086,True,True,False,False
2230954871110,0.01270609,0.02218851,56.29457,2.384943470561341,True,True,True,True
2157620074094,0.09198809,0.039035,166.00865,-0.8933573578706648,False,True,False,False
2011870960850,0.011825286,0.044588715,148.29626,0.2916246830824152,True,True,True,True
2081096116982,0.083685406,0.02538177,107.64232,-1.9634409633890104,False,True,True,False
2229370976520,0.016731383,0.022602512,67.55089,1.1100414638092588,True,True,True,True
2366537548742,0.09190634,0.035438742,335.2628,2.2065414188125514,False,True,False,True
2331622621740,0.030578151,0.07214064,140.7314,-0.3499641731940422,True,False,True,False
2494498084586,0.05464477,0.013540552,220.5296,-1.3080846556162986,True,True,False,False
2685638922912,0.023536924,0.014460597,141.74808,0.1748963711184779,True,True,True,True
2622453350518,0.096291944,0.07982601,186.56339,-0.9777985979207636,False,False,False,False
2632612328264,0.051288303,0.05108166,218.62369,-0.0151587227052401,True,True,False,False
2925998085550,0.009148862,0.047788728,295.432,-0.5276865876181256,True,True,False,False
2905046452772,0.021119907,0.01302787,194.52788,0.260467240584508,True,True,False,True
3000931747594,0.015959395,0.040555578,192.8249,0.1712451803134579,True,True,False,True
2521182765280,0.02849513,0.06383127,197.65938,-0.1085623680832781,True,True,False,False
2540863109272,0.028668184,0.06322883,135.60254,-1.5882688578009785,True,True,True,False
2654858610632,0.087454095,0.11428234,126.962166,-1.586806254863784,False,False,True,False
2925701002994,0.008055278,0.057687905,236.97548,0.1307127183457306,True,True,False,True
2714518930868,0.09742938,0.020369207,166.44794,-3.481964088914161,False,True,False,False
2578310260786,0.049823035,0.09844695,118.82473,2.4124863796593266,True,False,True,True
2560852910450,0.018505901,0.04933522,186.3273,0.2215673578003361,True,True,False,True
2694210630162,0.00996602,0.038746774,173.02357,1.7251708263056167,True,True,False,True
2992032949080,0.10347,0.105781764,85.40013,-0.4531246007728411,False,False,True,False
2760572586928,0.15296419,0.04699421,225.27757,-2.384435316980632,False,True,False,False
2791055414194,0.034039453,0.07517243,188.7678,-0.2078299950999911,True,False,False,False
2897111277322,0.03550577,0.03699164,264.48468,2.4889612195838384,True,True,False,True
2498631009884,0.009912852,0.026369289,73.31783,1.4602963034922185,True,True,True,True
2705345500850,0.049045775,0.0928009,168.68613,0.1326851483791928,True,False,False,True
2769789133152,0.038195677,0.01862496,611.96967,1.669633228625222,True,True,False,True
2879330635900,0.05991336,0.06773316,226.59544,-1.3538841553878354,True,True,False,False
2921577402104,0.015357756,0.018688288,93.40087,1.3981307018817926,True,True,True,True
2914907895828,0.07768105,0.020708537,234.45766,0.3218958884853508,False,True,False,True
2994850530752,0.014586904,0.049735762,147.03815,-0.4163086576472517,True,True,True,False
3238705915902,0.07187557,0.04040427,199.9116,-1.6510704499428095,False,True,False,False
3237757640022,0.02332466,0.023912583,227.82425,-0.2625491500930023,True,True,False,False
3357141707006,0.056157604,0.016443465,187.07431,-0.9205940147625592,True,True,False,False
3039964907110,0.018714383,0.02496817,43.533108,2.37529609912674,True,True,True,True
3069185516060,0.008168883,0.039803214,58.88941,0.8926131782069362,True,True,True,True
3279385267764,0.016402202,0.035376262,180.75055,0.1913056318008862,True,True,False,True
3245692012218,0.02998997,0.066215724,257.119,-1.3484900966370592,True,True,False,False
3159971365052,0.0096977195,0.011561125,66.60579,2.551063842372684,True,True,True,True
3309837478284,0.028782813,0.016060641,184.98843,0.0519594720164237,True,True,False,True
3468909631696,0.034071226,0.046676207,126.88641,1.438482889229011,True,True,True,True
3379079695192,0.029098958,0.031897992,122.879814,1.2221193926782203,True,True,True,True
3371142072922,0.063847326,0.08263036,203.9532,-2.601879811681073,True,False,False,False
3445130281626,0.022470316,0.036946572,196.64978,-1.177182637718569,True,True,False,False
3539415146620,0.024255984,0.06978626,59.412907,0.8058080998677415,True,True,True,True
3663557075078,0.07616398,0.072530344,222.55548,-1.0956285666748329,False,False,False,False
3661657575172,0.048535444,0.039665442,100.405624,0.4666782501636254,True,True,True,True
3523218552840,0.01900766,0.034664236,138.69872,-0.6911463189276555,True,True,True,False
3844849983226,0.07036328,0.011292272,281.1821,-2.435784086240228,False,True,False,False
3562597256776,0.02128649,0.09287256,376.71658,-2.773836480843162,True,False,False,False
3587049044088,0.013694562,0.053631272,101.55214,2.0939370488208584,True,True,True,True
3791535375698,0.15098116,0.0907765,146.71796,-1.4133791336360684,False,False,True,False
3855047162720,0.025626972,0.060772903,152.6365,1.3870916158431943,True,True,False,True
3876003432344,0.07478454,0.039420117,308.60376,-4.795917221177637,False,True,False,False
3916647404670,0.033337872,0.043482445,217.39316,-0.6984213252054412,True,True,False,False
3535601103236,0.011558567,0.038727045,143.0782,0.2416475985087647,True,True,True,True
3701975056068,0.017392257,0.03837259,161.40042,-0.9139041117534924,True,True,False,False
3744843684522,0.016481644,0.03341616,167.28494,-0.5282100513045598,True,True,False,False
3649590859844,0.006754036,0.020809429,152.8061,2.130641619551045,True,True,False,True
3949631962190,0.016978763,0.029941741,201.16162,-0.4200443211194617,True,True,False,False
3831844718030,0.064752676,0.05603282,84.303566,-0.892040400704627,True,True,True,False
3863275745836,0.07267037,0.028464643,254.77849,-2.558758598261362,False,True,False,False
3673423103266,0.008697433,0.06392104,156.82889,-0.2421019828998064,True,True,False,False
3687715435616,0.030927874,0.040686067,131.3496,0.2461650253488765,True,True,True,True
3956969194366,0.03848326,0.021987831,447.3335,-1.9793212880415016,True,True,False,False
3808998197316,0.019677626,0.04257514,244.47467,1.0128761564412574,True,True,False,True
3120312661728,0.011351714,0.022265239,142.82812,-0.1701242477310761,True,True,True,False
3210502654862,0.02717991,0.024475873,105.984634,3.7825041886939417,True,True,True,True
3171757278182,0.101235755,0.078089975,449.84442,-4.950955178625562,False,False,False,False
3332107826428,0.06086155,0.12905505,120.49881,-0.3579252050061202,True,False,True,False
3009833467366,0.011908296,0.023071213,154.83835,0.6468784649838287,True,True,False,True
3084133475396,0.022335015,0.03704367,87.92997,-0.4018397305637775,True,True,True,False
3050485653720,0.023190424,0.022990255,158.3258,1.0554933939670148,True,True,False,True
3034928485606,0.048324198,0.031689897,138.13364,1.3895630325066617,True,True,True,True
3116849930624,0.008706056,0.02166152,213.46759,0.9416994072048084,True,True,False,True
3311477946228,0.052230526,0.023474619,143.01569,-0.853646573598501,True,True,True,False
3470239660004,0.028850231,0.017721033,66.40783,1.176654123602086,True,True,True,True
3409925072618,0.0026786784,0.045696475,178.8278,-0.4551010358393954,True,True,False,False
3474687990124,0.022217518,0.014986644,179.54736,0.9289444201172676,True,True,False,True
3511816991362,0.10681156,0.05134052,279.71317,-2.128869435582127,False,True,False,False
3060965730488,0.012694516,0.02771274,77.32508,2.2016473700657038,True,True,True,True
3242905874696,0.022655843,0.04251299,159.19257,0.7546888699477681,True,True,False,True
3215269111108,0.021770446,0.047845032,241.00227,-0.4954854506116048,True,True,False,False
3387998302964,0.024311874,0.03521256,98.39483,2.5105045440268694,True,True,True,True
3451511249196,0.051510837,0.057867903,214.9964,-2.02503945230066,True,True,False,False
3292434888500,0.053008478,0.04203807,233.0904,-1.0315794003375376,True,True,False,False
3572776115900,0.08849002,0.03915655,475.14856,-3.9959678685142457,False,True,False,False
3700735820658,0.006679091,0.023844818,142.6708,1.0152527617351228,True,True,True,True
3718530044368,0.08669719,0.022631578,267.26752,0.7930605628993084,False,True,False,True
3862992495674,0.0410483,0.046700917,106.47806,2.894698850793785,True,True,True,True
3864576921556,0.07396864,0.031842344,182.46866,0.5508443957106334,False,True,False,True
3768689082176,0.027958691,0.059318975,174.99608,-0.8450261745724036,True,True,False,False
3737255559656,0.012049635,0.041115534,121.96037,1.45674553548882,True,True,True,True
3512159886028,0.024023864,0.03347957,323.98972,-1.5537211999199276,True,True,False,False
3883659293494,0.03127139,0.023576804,200.39474,-0.2292007805640808,True,True,False,False
3866180825742,0.024660356,0.025462536,204.71312,-0.523428686236032,True,True,False,False
3756022730116,0.007909293,0.0165714,104.420105,0.7458604933467553,True,True,True,True
3941772837792,0.019961586,0.028250339,109.58806,1.1421594318082835,True,True,True,True
3560393569530,0.012201198,0.025560059,150.46805,0.6114563656561126,True,True,False,True
3861089242076,0.035349134,0.05905457,48.209015,3.886016638541088,True,True,True,True
3557557284268,0.032870162,0.023759384,278.50067,-0.7797006209026857,True,True,False,False
3641079131082,0.009835155,0.05895671,284.73755,0.182786322568022,True,True,False,True
3184411989182,0.06942776,0.03841902,111.9862,2.531564091420171,True,True,True,True
2998677027202,0.01402853,0.07149203,156.4327,-0.908719894416576,True,False,False,False
3132027489678,0.031570625,0.06047734,274.05573,-3.45863951893679,True,True,False,False
3034546607324,0.01274032,0.01278134,92.97885,2.282179048315593,True,True,True,True
3178059977408,0.05125484,0.023902765,134.77388,2.929706010058757,True,True,True,True
3082813427776,0.03079543,0.029368619,240.38275,0.9431720666421782,True,True,False,True
3246975954532,0.10797053,0.071675576,328.2616,-3.4673557993343795,False,False,False,False
3266340617810,0.01570405,0.037471253,157.75858,-1.5448729804926795,True,True,False,False
3197124357286,0.075200476,0.04735522,109.947105,-0.2445612508478744,False,True,True,False
3313647669612,0.017974822,0.034158796,190.44,0.0513823465612238,True,True,False,True
3374641901000,0.0070600184,0.017300116,304.58765,-0.5146975614150681,True,True,False,False
3320964137800,0.012514528,0.027383031,113.11233,1.0826141066282426,True,True,True,True
3377180045710,0.018535187,0.035826094,92.8478,1.250875692550435,True,True,True,True
3064391900928,0.013226887,0.032824807,131.80135,1.3617062449173003,True,True,True,True
3203157062052,0.032653984,0.097100995,149.02718,-0.7758840583495081,True,False,True,False
3331421835584,0.023891652,0.07810488,55.234882,1.804724750231088,True,False,True,True
3200314350750,0.02246669,0.051900953,149.7675,0.8499222037349671,True,True,True,True
3467655933808,0.018906277,0.039194837,197.0176,-0.3014361839107258,True,True,False,False
3259379722614,0.03968647,0.05367609,447.7691,0.5763086536768407,True,True,False,True
3826760569024,0.024695223,0.008739313,103.05618,1.0315440447441298,True,True,True,True
3792143607062,0.0205791,0.013429114,68.08147,1.5027900837753028,True,True,True,True
3789609193106,0.0027325894,0.042670365,202.83978,1.706948013567626,True,True,False,True
3955668045050,0.04090015,0.057882015,403.53696,-0.8932898738642481,True,True,False,False
3569917356960,0.084892645,0.057874743,198.09894,-2.435599808043388,False,True,False,False
3814719606266,0.027570244,0.038320657,284.3777,0.8018069069964283,True,True,False,True
3694031389452,0.050971836,0.032891307,283.5842,-0.8965354502923439,True,True,False,False
3713729800778,0.026602266,0.060967788,390.5398,0.7406120359472433,True,True,False,True
3607350874666,0.018160123,0.05891564,116.54236,1.4450199769190537,True,True,True,True
3682280781746,0.02188987,0.037832595,155.63823,1.0229737139486137,True,True,False,True
3662294737116,0.018023366,0.068558484,164.17136,1.3439898100550234,True,True,False,True
3707379780310,0.024438411,0.02779875,122.415184,0.3339130311811402,True,True,True,True
3808662761992,0.033944085,0.058402695,127.068405,0.8708933986413816,True,True,True,True
3687389098242,0.0073330197,0.03389291,219.27611,1.305412417503486,True,True,False,True
3750902119780,0.014103075,0.017581793,184.70715,2.1167208100655,True,True,False,True
3516877960826,0.026929913,0.07432919,211.18832,1.375764789751751,True,False,False,True
3776610983066,0.032299403,0.040947326,310.75293,-0.0312506422827493,True,True,False,False
3872494538838,0.14989688,0.054771733,189.39299,-2.8536375682234905,False,True,False,False
3954420646104,0.04300987,0.063947864,110.94474,1.473857206048003,True,True,True,True
3164143553656,0.015137635,0.009141427,170.08914,0.2153913613031172,True,True,False,True
3282584561532,0.038754046,0.07178447,137.44386,0.5666980780221186,True,False,True,True
3245447347094,0.023162324,0.08877325,263.65173,-1.0551771931736162,True,False,False,False
3327677443088,0.022668144,0.013749269,231.88411,0.9879194297855348,True,True,False,True
2999022571160,0.0074559534,0.039758183,184.84709,1.4337075215255188,True,True,False,True
3424493878038,0.12942144,0.030660048,-101.0,,False,True,True,False
3427364737552,0.00668243,0.02960374,67.91147,2.4871593020827563,True,True,True,True
3488958099896,0.018118067,0.04507113,106.23423,1.582164383421686,True,True,True,True
3026983659936,0.015571607,0.023799429,217.87762,-0.4584601791034062,True,True,False,False
3134619563086,0.030147342,0.056221876,120.94153,0.4873003957928366,True,True,True,True
3223850520542,0.059459884,0.008193806,221.39116,-0.4906691808621987,True,True,False,False
3120651808942,0.014901511,0.029938312,181.20778,0.8097641334337549,True,True,False,True
3159386149238,0.016927617,0.0473858,82.93394,2.6784087381931223,True,True,True,True
3265449319334,0.039920907,0.02325884,210.8036,-1.4793704077354572,True,True,False,False
3596922784596,0.03499488,0.06495961,197.60579,0.4464607513062787,True,True,False,True
3592787112664,0.049515974,0.0642954,267.20154,5.582436722912785,True,True,False,True
3749324472744,0.018598123,0.031811778,88.89781,1.5501375775125203,True,True,True,True
3961756086918,0.020401286,0.02067089,136.20107,0.899218482604415,True,True,True,True
3680751491588,0.030778397,0.022361925,181.47533,2.087607494861277,True,True,False,True
3627094593474,0.0092811445,0.075890794,224.32332,-0.9050859455451812,True,False,False,False
3615041584618,0.062337887,0.04311646,188.1112,-0.7633823102391541,True,True,False,False
3528988801718,0.036714934,0.05771417,254.56422,-0.509097262716928,True,True,False,False
3995421120900,0.016931342,0.09185595,478.2512,-0.9566122585759308,True,False,False,False
3794434160730,0.07953842,0.059337266,90.972176,0.2230522540669664,False,True,True,True
3687403008098,0.06121712,0.046752855,197.02628,-0.3236350034890137,True,True,False,False
3639156146380,0.026239583,0.02663356,68.77357,0.8435648085193896,True,True,True,True
3724233640878,0.10904401,0.016162183,214.99905,-1.5965982508586678,False,True,False,False
3979535116898,0.018012017,0.037322145,69.5809,2.3789739235810314,True,True,True,True
3973178947272,0.009245174,0.03219672,112.52008,1.0016928777795282,True,True,True,True
3631226639370,0.0045234626,0.0255572,46.68811,1.7021355161502894,True,True,True,True
3530577763834,0.027335413,0.014493744,228.94548,2.7986511736570536,True,True,False,True
3715690033442,0.047894076,0.13629855,190.9476,-1.8061320566989685,True,False,False,False
3673465115166,0.05728261,0.030571522,272.6163,0.7177938557327019,True,True,False,True
3602961311446,0.018176159,0.023785718,72.18113,1.3440810993985317,True,True,True,True
3750604886492,0.06357928,0.07165869,200.95267,-1.4374676231414367,True,False,False,False
3823962438416,0.055435687,0.0805756,178.02103,-1.5377609068693123,True,False,False,False
2094445886670,0.0059318016,0.024507035,77.240036,1.9784621599324188,True,True,True,True
2159547214042,0.023919348,0.043190293,245.72557,-1.282941662855985,True,True,False,False
2093494638106,0.010733349,0.02316777,225.10002,0.9431316093540852,True,True,False,True
2214472706298,0.016431024,0.034312118,147.72762,0.3695762396385063,True,True,True,True
2265905401418,0.012650371,0.021118447,115.82972,1.709666715111076,True,True,True,True
2242754463678,0.016377954,0.03499726,112.283325,2.191002704626604,True,True,True,True
2117627494048,0.0067439326,0.040576205,77.87707,2.789379351019158,True,True,True,True
2005236376532,0.011187194,0.04717678,141.42825,-0.3145686692807383,True,True,True,False
2067160159592,0.009478747,0.010335274,198.32365,0.0671648202374293,True,True,False,True
2020802794488,0.061104156,0.045678448,167.2255,0.8150162697173786,True,True,False,True
2453586989422,0.049846254,0.063868254,327.42267,-2.732282710649065,True,True,False,False
2543745204204,0.004298638,0.018113885,123.25523,0.1167429154628183,True,True,True,True
2578992116762,0.024272822,0.033157963,102.48327,0.1375445506363768,True,True,True,True
2571690744562,0.09166441,0.055967927,198.68555,-3.079348214810335,False,True,False,False
2737747908302,0.07224535,0.02658104,320.093,-2.9022969488560357,False,True,False,False
2606291327560,0.03055939,0.030293118,108.05431,0.5483810802652713,True,True,True,True
2929203749468,0.05961551,0.05030596,121.551445,1.3108259954572885,True,True,True,True
2861579674918,0.021823112,0.0212849,128.86766,0.876678649382644,True,True,True,True
2827611183650,0.010372684,0.03790454,212.65965,-0.3975601421003535,True,True,False,False
2890165119288,0.034389853,0.043502152,187.25893,0.3090124257049745,True,True,False,True
2612662794334,0.014296807,0.049999613,138.24138,0.5737248224877262,True,True,True,True
2567572813264,0.02967012,0.023599971,380.53592,-1.7738905029321654,True,True,False,False
2746969420882,0.015963798,0.064342946,397.91223,-1.6082011724805354,True,True,False,False
2975899046774,0.037446234,0.025799988,254.40723,0.7577546018826138,True,True,False,True
2790470719298,0.010077222,0.019756816,170.80771,-0.461482388954488,True,True,False,False
2609464059556,0.015478926,0.03367152,105.055046,0.2320205194132787,True,True,True,True
2675836626578,0.017298263,0.013387836,106.267876,1.034621115290641,True,True,True,True
2849509532314,0.013088995,0.026634885,156.92844,0.3186083868880446,True,True,False,True
2832682963478,0.013666321,0.026746195,52.84019,2.8888291183143604,True,True,True,True
2972085608388,0.020998178,0.046348482,201.80896,-0.5826175606699232,True,True,False,False
2590428232036,0.035860665,0.03616611,189.2092,-1.6640100257449904,True,True,False,False
2822220073574,0.018271422,0.025582286,31.714464,2.8929077881150045,True,True,True,True
2784127274958,0.01219463,0.035352867,58.688564,1.5379697124926723,True,True,True,True
2819689994870,0.077867344,0.038547754,119.32835,0.3848024212035337,False,True,True,True
2128791092714,0.1389174,0.077934586,204.10434,-1.7821053324866167,False,False,False,False
2041145670176,0.048367552,0.037799537,153.21176,2.971620382191137,True,True,False,True
2021459757792,0.036042225,0.047016006,201.70604,-0.0265645526793036,True,True,False,False
2164661882760,0.023450512,0.0267009,133.23624,0.5296342276134791,True,True,True,True
2082433324966,0.01906138,0.03948783,161.43187,0.583151691916382,True,True,False,True
2278013170382,0.042407364,0.07716462,154.44598,0.0870277712059412,True,False,False,True
2359931918858,0.056012344,0.035319153,195.5934,-0.9099444212990238,True,True,False,False
2200887788826,0.015807664,0.021593144,116.24203,0.7750253764729327,True,True,True,True
2118321401016,0.14825201,0.034181308,327.69153,-3.951895945748885,False,True,False,False
2056731592634,0.036536753,0.03003719,141.7592,-0.1872758912431977,True,True,True,False
2007520277010,0.017641334,0.035202637,193.79025,1.0455797469270147,True,True,False,True
2154843987430,0.0354801,0.024896475,191.18611,-1.195556365025462,True,True,False,False
2120236575646,0.030377096,0.025304481,104.03313,-0.9507667158778148,True,True,True,False
2359313889114,0.07917831,0.04762818,202.34747,0.1917611582306841,False,True,False,True
2206888162658,0.1063526,0.07353867,100.01523,-0.1276028414273223,False,False,True,False
2112266497570,0.05945516,0.030721864,175.27277,2.225666786258236,True,True,False,True
2369471833612,0.023840915,0.051370848,2334.5632,-2.5512035279914445,True,True,False,False
2091966007002,0.04948768,0.033796858,73.213005,1.8777186503358625,True,True,True,True
2155477340004,0.0608968,0.031790063,452.8713,-1.9628479086641863,True,True,False,False
2115142649578,0.019173607,0.020884253,141.35979,1.0901673886068064,True,True,True,True
2302166817254,0.023904977,0.04548918,257.86392,1.3688900037262914,True,True,False,True
2312649261004,0.024834195,0.04579239,182.31529,0.762033639739303,True,True,False,True
2296142152664,0.014301628,0.017997615,184.67982,0.4562897721368577,True,True,False,True
2602838700130,0.016857134,0.051806815,191.9657,-1.233072458016487,True,True,False,False
2593006693620,0.012925122,0.032913134,33.872543,3.3507099089038896,True,True,True,True
2627599389954,0.058279857,0.058835536,234.30391,1.282154284460251,True,True,False,True
2695230393808,0.03467033,0.05258914,244.88538,-1.1157279226780024,True,True,False,False
2818122375756,0.02459896,0.02253968,150.13834,-1.601543830002063,True,True,False,False
2980375851632,0.042406205,0.008826399,148.25316,-1.1148029884005566,True,True,True,False
2872117635230,0.019049514,0.035722677,140.17941,0.1236904665478457,True,True,True,True
2646344082794,0.013909375,0.04668878,123.9477,1.5877729337171735,True,True,True,True
2915917327816,0.03328051,0.036671657,115.095695,2.3621505027297167,True,True,True,True
2918136667808,0.04313157,0.07519902,214.60187,-0.0111406771791855,True,False,False,False
2698754489252,0.021149436,0.016805768,227.37164,-0.7524846409662481,True,True,False,False
2727653547056,0.0100879045,0.015135809,235.87178,-1.1487500452936434,True,True,False,False
2858455632654,0.022502383,0.041650407,186.82236,-0.2387796755830075,True,True,False,False
2882903387410,0.024846582,0.06737972,344.32434,-4.096285179785612,True,True,False,False
2911815750688,0.015653946,0.063685246,137.4734,0.6297213247874934,True,True,True,True
2768611333702,0.031621046,0.061471485,166.40994,0.2770439459500149,True,True,False,True
2087152179362,0.099775836,0.021748649,178.3828,-1.5087649794554407,False,True,False,False
2151923587874,0.026278477,0.0339241,170.84706,1.4778693226321158,True,True,False,True
2336081079210,0.025499238,0.017843988,226.6923,-1.245631805040158,True,True,False,False
2487232872264,0.050872188,0.0232407,218.09465,-2.900500462950421,True,True,False,False
2293526066964,0.030676154,0.012014785,149.60605,4.442313088402634,True,True,True,True
2413554019904,0.008044967,0.03992474,157.18607,0.6979469689374507,True,True,False,True
2498024520380,0.016902415,0.014065658,57.958576,3.183327421797132,True,True,True,True
2155433241270,0.035134304,0.031040795,246.59991,-1.8811204773242256,True,True,False,False
2125914465492,0.04416891,0.060242943,156.81789,0.467010764081907,True,True,False,True
2108120922760,0.026573746,0.068732984,132.93164,1.0311981582610166,True,True,True,True
2043959833808,0.014632452,0.039031465,121.779785,0.3937914226256606,True,True,True,True
2217960617054,0.03012362,0.051189855,181.50865,-0.2170232503591668,True,True,False,False
2215114630384,0.04878969,0.03735792,122.909966,-0.3936392825691012,True,True,True,False
2187164529748,0.028826578,0.05194172,145.95493,-1.3995013757835082,True,True,True,False
2308148519090,0.0072182426,0.04353836,95.17092,0.858904622943349,True,True,True,True
2464355583564,0.08497817,0.074225694,385.56293,-2.8477541405257227,False,False,False,False
2364657428722,0.043263026,0.020343892,101.58674,0.2195733805627635,True,True,True,True
2402447045856,0.12894356,0.032522332,442.32126,-2.867218870094196,False,True,False,False
2255452976012,0.010386709,0.03657032,97.92683,2.488333122832386,True,True,True,True
2294824497576,0.11063507,0.06518628,207.07938,-1.38167280430155,False,True,False,False
2308157894286,0.022822015,0.015893454,309.86307,-2.8153575435021088,True,True,False,False
2576756804110,0.013946083,0.024470907,221.37051,0.2351041278135515,True,True,False,True
2726642700888,0.08434863,0.039126687,191.62346,-2.5668289698480287,False,True,False,False
2686956857746,0.017929964,0.027679943,247.97925,0.7215626633641697,True,True,False,True
2634892926932,0.09792279,0.008477368,229.43137,-1.808657725631505,False,True,False,False
2705061445904,0.05295946,0.067950286,250.19424,-2.532343176590491,True,True,False,False
2720628972896,0.022834783,0.029861052,166.60527,-2.794904553164593,True,True,False,False
2928913095432,0.024147121,0.04020926,154.30579,1.665821612377604,True,True,False,True
2763489283024,0.0051086694,0.013725563,203.12296,-0.8356453474263339,True,True,False,False
2957808398758,0.06978265,0.010530324,88.55017,-0.2361998251895678,True,True,True,False
2525648055528,0.019046174,0.0522873,144.21509,-0.434416625416901,True,True,True,False
2764743942278,0.059780594,0.020671511,217.4755,4.171504799884773,True,True,False,True
2865078675284,0.025692208,0.0227121,272.75278,-2.418284795854946,True,True,False,False
2624403201670,0.06158078,0.042064037,154.95856,-1.222686487836273,True,True,False,False
2548204121880,0.016179701,0.015099064,195.83832,-0.8630899476689066,True,True,False,False
2869847749428,0.014990638,0.006709775,208.06506,-0.2927112274993704,True,True,False,False
2013520701696,0.06712555,0.08901517,207.55038,-0.8477490545872661,True,False,False,False
2218949791162,0.08130491,0.040728625,199.24617,-2.062696317123585,False,True,False,False
2223406386192,0.05427922,0.09675432,513.8667,-1.9478730947761196,True,False,False,False
2299289206126,0.022309203,0.029482398,405.97913,-0.6180505510917268,True,True,False,False
2482824561278,0.022990005,0.018080615,189.9129,-0.3729527991323765,True,True,False,False
2080532163946,0.012227214,0.030178346,98.326256,0.8785871567803377,True,True,True,True
2064354117062,0.108089775,0.034757562,261.16083,-3.5888434279043158,False,True,False,False
2373286662788,0.019648405,0.043344278,187.23361,0.0006887024498325,True,True,False,True
2221176918144,0.04199256,0.07241345,185.87297,-1.868397605334025,True,False,False,False
2241499785914,0.040748052,0.049380027,160.35631,2.238000168128432,True,True,False,True
2201817850074,0.027752908,0.02648644,171.23679,4.525467322356479,True,True,False,True
2060517670796,0.0442323,0.016342558,97.69205,3.802764609365568,True,True,True,True
2078619587138,0.08131701,0.051742654,258.58612,0.26279616147868,False,True,False,True
2450105991318,0.009606728,0.027144894,83.09947,1.34809566930999,True,True,True,True
2439634005120,0.041246377,0.102382414,156.69159,-0.9963078784827,True,False,False,False
2466615444346,0.02642626,0.072085164,114.516075,-0.4926805702958907,True,False,True,False
2066257978064,0.041903324,0.021946449,90.23684,0.676215690303592,True,True,True,True
2067514022124,0.016183196,0.058712777,103.05341,0.651352308828982,True,True,True,True
2304391149746,0.038799427,0.02599911,104.11949,1.613606025459892,True,True,True,True
2394250292276,0.016135627,0.043784063,69.494,0.6254285911953299,True,True,True,True
2566327557168,0.00765675,0.085934326,48.304104,2.799441163880564,True,False,True,True
2715878369974,0.025007876,0.039596666,123.115234,0.8729907419498211,True,True,True,True
2882274599320,0.019827418,0.019266177,230.66245,0.4057168089563118,True,True,False,True
2670796200340,0.040689006,0.09842079,95.55305,1.4282008308725311,True,False,True,True
2566316824976,0.003906223,0.0381148,250.1545,1.3520176005055915,True,True,False,True
2729206449338,0.015706392,0.040882546,290.5562,-0.5972597427481149,True,True,False,False
2912413951988,0.01729367,0.03196073,279.71036,0.7853175947167322,True,True,False,True
2843206260062,0.06486844,0.044093557,167.58751,-1.1316987517004526,True,True,False,False
2964184302844,0.019469282,0.031517018,105.49305,-0.0319193383513394,True,True,True,False
2603809207750,0.040912576,0.1313774,182.74004,-0.9591784403306928,True,False,False,False
2700969470678,0.015216612,0.068622954,76.58637,1.8609931659131984,True,True,True,True
2947042833478,0.022134379,0.11374205,86.77375,0.5954445502793467,True,False,True,True
2789565993228,0.061044537,0.079708114,202.7537,-2.809731905847949,True,False,False,False
2954360537052,0.029165924,0.01675099,270.72546,-0.855689385278883,True,True,False,False
3070505441062,0.011893026,0.06117923,194.74509,0.2296534963870499,True,True,False,True
3175612675222,0.012064849,0.03516146,279.0346,-0.1762495091920987,True,True,False,False
3235942811448,0.005063097,0.04126059,167.90703,-0.2676955894497651,True,True,False,False
3237200342658,0.021841204,0.041718174,79.62189,1.739127671248125,True,True,True,True
3090196293492,0.0051922738,0.032401513,78.665215,-0.0221245823179809,True,True,True,False
3160999927646,0.009949539,0.043858383,64.069695,1.9848492639356552,True,True,True,True
3410248590360,0.023525136,0.012279964,166.59123,0.6293841903943858,True,True,False,True
3404212812564,0.017646266,0.028918289,127.40247,1.7104923340725149,True,True,True,True
3261978444066,0.11926248,0.13340932,106.76808,0.1214727011204757,False,False,True,True
3045770053766,0.027510535,0.02095389,77.19342,1.3542156013400724,True,True,True,True
3109896141550,0.065196194,0.029858977,109.336876,2.9529130136666226,True,True,True,True
3165461360222,0.014735364,0.030932708,136.68285,0.6651222581218468,True,True,True,True
3288030984492,0.025893938,0.026108915,144.21416,0.5657497004014667,True,True,True,True
3446461822482,0.09780638,0.03594974,187.59412,0.8121175651161108,False,True,False,True
3444244247654,0.004284273,0.025296805,118.61233,1.6265389189375583,True,True,True,True
3436953258082,0.013340554,0.05349541,109.21938,1.0528129522028529,True,True,True,True
3000330650042,0.08637404,0.09378372,378.3991,-2.3439891111671107,False,False,False,False
3178458387658,0.046547797,0.11261485,179.83276,-1.166676630022585,True,False,False,False
3176551024954,0.010189798,0.03512983,371.53064,-1.2748221832309077,True,True,False,False
3091469222842,0.02012252,0.019375848,37.012585,3.081771990332271,True,True,True,True
3479158673282,0.053359974,0.017527621,56.08596,2.350940326922376,True,True,True,True
3239120481954,0.029650545,0.038056638,124.54579,-0.0671083623670735,True,True,True,False
3178175643458,0.03288271,0.058558173,196.99757,-1.6471054032584456,True,True,False,False
3337238269688,0.023622103,0.0103326505,148.62828,0.7360177237773786,True,True,True,True
3341366281894,0.07185073,0.0693962,78.779335,1.7624973336160523,False,True,True,True
3340730209032,0.07553493,0.03747277,338.78802,-2.610289708435587,False,True,False,False
3345813251130,0.024349688,0.043630403,119.29597,0.2602085690609557,True,True,True,True
3444562525226,0.01133567,0.037256707,209.78004,-0.6666963494734691,True,True,False,False
3445834369940,0.04958976,0.08052399,166.39334,1.3730151764300582,True,False,False,True
3456004106978,0.06706636,0.02371428,377.6462,-2.753551998350814,True,True,False,False
3619812067954,0.091850415,0.042723406,171.90929,1.41663680779165,False,True,False,True
3583296612778,0.05033905,0.08136889,184.15971,-1.1163022512622187,True,False,False,False
3715395416140,0.06455025,0.050904438,183.72488,-2.695991294589392,True,True,False,False
3702062449186,0.036943976,0.049483947,231.92252,0.933219500472764,True,True,False,True
3927804098684,0.041949846,0.0995917,137.8664,-1.6825713315634951,True,False,True,False
3871920806274,0.029603394,0.09237942,229.23965,-0.4409201620061576,True,False,False,False
3893845134180,0.004065145,0.02502399,90.9449,2.4501619824623027,True,True,True,True
3680167227010,0.011660972,0.042053077,177.60924,1.6091177898393672,True,True,False,True
3513474418386,0.028747417,0.05902233,1502.6117,-2.8665501052921787,True,True,False,False
3685569351472,0.02027156,0.02513016,177.16791,-2.3099653529307584,True,True,False,False
3743041076660,0.02211609,0.038612764,190.0152,1.4965984270456452,True,True,False,True
3545832932850,0.055218045,0.021157797,180.61775,1.8831336930847584,True,True,False,True
3515358950922,0.081343226,0.056055978,371.6093,-3.614430807064778,False,True,False,False
3603950256754,0.093343504,0.10583594,145.60286,-1.6425319904039828,False,False,True,False
3567423512560,0.019840524,0.05918344,313.95892,-0.8869465455492791,True,True,False,False
3807144610036,0.026635204,0.031810805,198.47653,0.1436760521055408,True,True,False,True
3795722836590,0.009243245,0.03616692,150.61774,0.4507111011751603,True,True,False,True
3850972651886,0.018627586,0.03582677,253.28755,-0.8921652832977098,True,True,False,False
3905277493160,0.031649716,0.04170469,146.1727,-1.592692781488386,True,True,True,False
3856365150002,0.11695628,0.051086098,334.88684,-0.7195149846593519,False,True,False,False
3563954253094,0.0041502193,0.03115908,149.61026,-0.3298181109728186,True,True,True,False
3662072418624,0.0618602,0.033969615,247.69951,-1.9097938848884728,True,True,False,False
3742710857258,0.010087299,0.010863484,117.15878,2.064220455945371,True,True,True,True
3948782092766,0.040234253,0.08189036,155.6408,-0.4197629208518186,True,False,False,False
3877352162930,0.058692537,0.03502405,238.53334,-1.9467774196923184,True,True,False,False
3978310999248,0.05973099,0.06523345,186.1739,-1.3437610016526644,True,True,False,False
3981170972642,0.045239586,0.03715523,184.86484,-1.0085008622905645,True,True,False,False
3031820518068,0.053840797,0.044030655,198.63086,-1.9137671931307063,True,True,False,False
3114369645876,0.103531055,0.058356192,240.62355,-1.6984084276454432,False,True,False,False
3407433877260,0.08688927,0.029172914,202.72485,-1.8256877575066068,False,True,False,False
3299798856306,0.0385834,0.023576256,170.62161,0.1972472937966997,True,True,False,True
3432527810704,0.03568349,0.04249349,231.92061,2.1753525411868457,True,True,False,True
3189319661600,0.012000227,0.06188442,192.67487,0.071519591232118,True,True,False,True
3080414811824,0.06347707,0.024630042,146.491,0.3454984850152371,True,True,True,True
2989601018524,0.027854338,0.047322627,116.76588,1.2388788305893683,True,True,True,True
3096894026246,0.013855161,0.018494267,97.94452,1.2408897425406562,True,True,True,True
3086741046600,0.112889886,0.102273695,167.01733,0.6994616098706081,False,False,False,True
3202009249436,0.0036822662,0.018079182,50.980965,2.5034734216373544,True,True,True,True
3147709449110,0.013650956,0.026565116,70.63439,1.9681200526367453,True,True,True,True
3259781937230,0.006210009,0.01695432,69.1387,1.867430378855433,True,True,True,True
3321700202374,0.054478087,0.022874072,123.47865,2.4622957205431444,True,True,True,True
3388712143214,0.01916118,0.03221787,112.66929,0.937864633338839,True,True,True,True
3465865572714,0.032243695,0.02732641,105.43884,1.0472154982082362,True,True,True,True
3080402566294,0.01338375,0.042240884,165.68062,0.1467308133164139,True,True,False,True
3076598475388,0.0143135935,0.020488434,65.76191,0.869682097215235,True,True,True,True
3177248988614,0.045208883,0.09315505,355.94748,0.111860497710969,True,False,False,True
3236320384292,0.04270536,0.022334402,195.30925,-0.4215437613172806,True,True,False,False
3186145522358,0.005480595,0.024203943,142.68451,1.3855731213965026,True,True,True,True
3406819753944,0.050834406,0.033844713,177.57277,-1.3987440159238178,True,True,False,False
3664317107142,0.016502107,0.065616734,205.07983,1.8624936402599688,True,True,False,True
3724641800252,0.015430656,0.031508107,239.63974,-1.4948861557610544,True,True,False,False
3756713991472,0.021477485,0.034940764,232.53084,-0.7419092119048446,True,True,False,False
3660817886750,0.041838754,0.018619336,100.95467,-0.4744467196092776,True,True,True,False
3950069609806,0.024703998,0.047941327,171.7708,-1.048316979147477,True,True,False,False
3695449616286,0.037151404,0.03388765,182.49507,1.2153337495139849,True,True,False,True
3988200888466,0.013922727,0.044071537,56.636032,1.1078647163431328,True,True,True,True
3815776416110,0.07439997,0.071519725,268.2351,-0.1908916259415191,False,False,False,False
3896429998688,0.04260113,0.06553844,145.46155,1.7424818837756677,True,True,True,True
3525232286410,0.019976044,0.005153432,137.88634,2.3835203615397256,True,True,True,True
3553812614750,0.08046556,0.047950905,160.00713,-2.5186543241690145,False,True,False,False
3968484410326,0.020914923,0.06792231,109.37599,-0.8137211137061302,True,True,True,False
3508104552244,0.08689012,0.0133209145,62.871708,0.6742589487752713,False,True,True,True
3757997000220,0.015318186,0.060066983,170.88718,-0.8023160343298232,True,True,False,False
3149570796876,0.009363085,0.012449435,74.7511,1.9964520410258493,True,True,True,True
3088597407162,0.03083183,0.030231208,133.73494,-0.1596182708208995,True,True,True,False
3385494028654,0.064250015,0.019240813,274.7122,0.6562372750773442,True,True,False,True
3480103599082,0.019876365,0.043122534,118.986824,1.5194904588921214,True,True,True,True
3314368466230,0.009418696,0.019310217,59.567757,2.2724392274308185,True,True,True,True
3260399792124,0.006904725,0.019656774,92.0322,1.2570620168415112,True,True,True,True
3343911055196,0.13104099,0.020661226,379.81104,-4.573112525071611,False,True,False,False
3444877123378,0.038442947,0.034428544,74.6617,0.0629530930766093,True,True,True,True
3470290541672,0.035571918,0.03319333,226.92084,-0.1753109439827025,True,True,False,False
3279450287270,0.037527803,0.027938133,178.28131,-1.4004118279817004,True,True,False,False
3346443705952,0.029661957,0.018336015,213.08995,-1.158303877490099,True,True,False,False
3234975564878,0.0537272,0.042332854,289.49966,-4.816297715031424,True,True,False,False
3263869960012,0.012080112,0.048184596,154.81615,0.6536024305366381,True,True,False,True
3448358832418,0.0475636,0.027389824,178.39116,1.1827539742197493,True,True,False,True
3328325865514,0.055030268,0.034812532,265.97095,3.60889534634623,True,True,False,True
3443908538750,0.032771308,0.017720595,112.30783,0.5230582261256771,True,True,True,True
3282934012416,0.034908734,0.037619147,272.77744,-1.243414345814342,True,True,False,False
3148957607026,0.017387137,0.038164824,387.87067,0.056513082803538,True,True,False,True
3076870260822,0.017789712,0.032368943,168.39998,0.4159576806855168,True,True,False,True
3138472820204,0.020836735,0.014143698,177.32687,1.887613511225901,True,True,False,True
3038784543220,0.012158522,0.050153743,938.5647,-0.3601372520627154,True,True,False,False
3422657176200,0.04193271,0.054142144,121.97782,-1.395069108914728,True,True,True,False
3521381450164,0.06274881,0.039756723,168.42426,-1.345151781872418,True,True,False,False
3724607607320,0.02022533,0.05863457,82.60998,1.7095626462100857,True,True,True,True
3975114079090,0.012526155,0.022776617,107.0553,1.5253188415244066,True,True,True,True
3974178276402,0.030247053,0.03839628,143.6492,0.2160767223530113,True,True,True,True
3575064229364,0.0069668153,0.013714769,174.67203,0.7479587625623358,True,True,False,True
3741762079020,0.023862768,0.04420263,63.384716,-0.3071047193126468,True,True,True,False
3937985053520,0.0142704705,0.019601204,26.398407,5.2425879922634895,True,True,True,True
3928472154812,0.032416955,0.01763818,131.61351,0.8915291913478134,True,True,True,True
3532183255388,0.038236618,0.033446476,106.30976,1.8860931578949351,True,True,True,True
3578535027546,0.01326403,0.045082126,141.84248,0.6131010265813586,True,True,True,True
3617599714910,0.04281936,0.05244464,226.16322,-2.094418795314722,True,True,False,False
3733494036146,0.05716669,0.01776385,125.68141,-0.2392841919809732,True,True,True,False
3755073929546,0.006411107,0.018574342,93.84667,1.089808842778024,True,True,True,True
3779216890072,0.018463423,0.022810386,118.42316,0.5865873814032048,True,True,True,True
3884319790604,0.0862389,0.07661584,231.08939,-2.656265735862243,False,False,False,False
3796995818570,0.03759733,0.026941571,91.54774,1.4759479110172216,True,True,True,True
3772230291900,0.053923484,0.10102869,60.557186,0.2387439162298807,True,False,True,True
3618577096146,0.13303941,0.096053496,882.8094,-4.991919629062055,False,False,False,False
3572216934014,0.027724866,0.08779313,128.75757,0.2261009114228776,True,False,True,True
3834155107482,0.022354696,0.010587239,285.56668,0.5743350385929864,True,True,False,True
5829520888,0.03392293,0.032217544,247.74733,-0.8782418426739264,True,True,False,False
3091504251342,0.049648542,0.032096833,59.26988,7.159039666263299,True,True,True,True
3108965609384,0.031820785,0.029567482,156.88144,0.5865956819032627,True,True,False,True
3008632943424,0.029064402,0.09741996,224.39989,0.7089402323141939,True,False,False,True
3195341810150,0.036356192,0.039427184,183.39609,0.121884026636699,True,True,False,True
3297889353198,0.0044225277,0.015233511,58.2213,3.904140481424067,True,True,True,True
3509994175070,0.039379954,0.072053336,89.36602,-0.6487367145676378,True,False,True,False
3056592121724,0.026549887,0.0425436,154.50615,0.4547409383107801,True,True,False,True
3124222319872,0.075805485,0.055663906,158.4801,-2.246107372507041,False,True,False,False
3226443575364,0.08844973,0.051377382,111.0184,0.0399368428525972,False,True,True,True
3222955743954,0.02149238,0.011935673,236.2422,-1.0714288334839543,True,True,False,False
3005132287186,0.0067121056,0.037037224,82.336296,1.7922894708934094,True,True,True,True
3121360584134,0.014737868,0.026647998,113.5082,0.7918089683393845,True,True,True,True
3222013289668,0.024250565,0.04212085,150.49965,0.0570079263673646,True,True,False,True
3047378372498,0.041224938,0.053443033,156.61203,0.154696690931587,True,True,False,True
3098190644428,0.10778436,0.08056872,457.42203,-4.350107809414624,False,False,False,False
3244893351626,0.02792217,0.05105473,403.79785,0.3493054924119789,True,True,False,True
3015956165772,0.053791087,0.05480646,126.59056,0.2217946152723388,True,True,True,True
3311557305746,0.08348637,0.08941294,266.1888,-2.116946696777488,False,False,False,False
3356975996916,0.022191582,0.04434773,213.42044,1.4332061051772698,True,True,False,True
3557933319830,0.121864036,0.07857027,88.47089,-0.7778957324679978,False,False,True,False
3494432344654,0.06386638,0.010936718,181.98631,1.767918412114494,True,True,False,True
3736379333322,0.017116679,0.04308268,80.571106,2.085359476991941,True,True,True,True
3796083475264,0.012750751,0.031684767,258.15326,-0.2490262012309607,True,True,False,False
3853243576934,0.010906589,0.047945376,286.93918,-0.5962476515153912,True,True,False,False
3762762926428,0.010864543,0.025464632,207.73157,-0.0322746264928754,True,True,False,False
3809759238496,0.027977897,0.033261057,99.93496,-0.3662396271312569,True,True,True,False
3506498382140,0.042671096,0.10086504,125.29209,-0.6425075918278598,True,False,True,False
3522065657126,0.025097862,0.09324857,133.44138,3.2846639948181067,True,False,True,True
3593185248660,0.06704438,0.06058,167.55974,-0.1645599881155937,True,True,False,False
3842127808074,0.024764773,0.009541677,296.0212,5.368557589186638,True,True,False,True
3819886666964,0.03416585,0.07665687,70.226326,0.7094823890952997,True,False,True,True
3539859452970,0.007052346,0.005505045,32.326805,3.007264371332364,True,True,True,True
3503337547120,0.038005576,0.04591796,48.148396,2.6619078139557266,True,True,True,True
2086108044606,0.12066166,0.064812146,197.07709,0.7371798398731846,False,True,False,True
2096918038430,0.012825329,0.024485962,221.54543,-0.946866904264744,True,True,False,False
2352508510086,0.0037794225,0.02678781,157.773,0.7678755079907833,True,True,False,True
2224582120008,0.009621652,0.035056382,264.91263,-0.0834755703335543,True,True,False,False
2112815433758,0.06296968,0.041778885,121.91967,0.0288412652549891,True,True,True,True
2003581447762,0.038451012,0.027657779,86.03662,1.3831693784355588,True,True,True,True
2282355363704,0.01975492,0.046838235,130.4526,1.882871067971938,True,True,True,True
2463029586556,0.014644264,0.05346904,52.650284,1.8829192752698125,True,True,True,True
2017847042324,0.012928402,0.021438414,89.65343,1.5580825510223166,True,True,True,True
2146440374370,0.018985363,0.028919877,279.8254,-0.0748773772173725,True,True,False,False
2010238028334,0.03071274,0.083961196,179.2737,-0.3306431683648916,True,False,False,False
2218206421144,0.029091645,0.030016722,129.86633,0.2923691340807416,True,True,True,True
2064836273344,0.021625606,0.06364729,85.42307,-0.2252476888842142,True,True,True,False
2133740204678,0.03797519,0.02944734,253.12839,-0.3813823513318546,True,True,False,False
2157235022192,0.06502175,0.046835877,158.02393,-0.0666979410940487,True,True,False,False
2489375683522,0.0028801288,0.025079757,224.26077,0.0827564209912629,True,True,False,True
2013098026276,0.009538267,0.0516169,201.2537,0.1780187820262656,True,True,False,True
2024861285756,0.04895852,0.07333455,102.62721,0.8661951378564092,True,False,True,True
2163926302180,0.07353658,0.074310794,176.45882,-1.0627416627153503,False,False,False,False
2223300878916,0.050769046,0.03997027,297.29745,-1.299959306869162,True,True,False,False
2182020608108,0.013291688,0.040727522,93.67761,2.1907995860591813,True,True,True,True
2513495585204,0.016901117,0.037121948,182.36826,-0.5310374504231619,True,True,False,False
2777995741910,0.019894183,0.046529796,135.84006,1.1965739878076624,True,True,True,True
2964695511142,0.006029678,0.020443864,56.581493,4.660818776260976,True,True,True,True
2913265108512,0.015417117,0.022779932,111.67288,1.2589270349927884,True,True,True,True
2854508133550,0.032365073,0.015189464,383.83798,-1.24098543508101,True,True,False,False
2756407784812,0.039671436,0.06314296,57.521458,0.5002768912117281,True,True,True,True
2492565245142,0.026097922,0.037927005,164.54362,0.2719455583605992,True,True,False,True
2561776239920,0.020493062,0.027500423,176.54254,-0.9217282609953064,True,True,False,False
2957407999804,0.018960174,0.032873105,264.59552,0.852277989041788,True,True,False,True
2951061631178,0.012510631,0.016049137,169.2345,1.46483825241579,True,True,False,True
2643993055266,0.04325089,0.03221824,240.73436,0.3888034192831866,True,True,False,True
2695755265908,0.040668864,0.05337692,486.65433,0.5514673918492865,True,True,False,True
2683062454440,0.02669038,0.013751346,260.8085,0.4679586670624437,True,True,False,True
2578913804028,0.053319383,0.100011855,294.89084,-1.6682523557383282,True,False,False,False
2747194741604,0.049637113,0.019652551,221.30957,-1.0814332943566436,True,True,False,False
2809107184368,0.044436406,0.05861569,106.3585,-0.6607961780457315,True,True,True,False
2957705915334,0.044004653,0.021509344,203.46625,3.590218849285979,True,True,False,True
2611312636320,0.06269631,0.034813058,275.6472,-0.651273839731523,True,True,False,False
2816107039052,0.07680697,0.054916285,235.93791,-2.051066633598563,False,True,False,False
2871992600332,0.019094478,0.07377992,247.3082,1.2376289538125371,True,False,False,True
2901215831834,0.020759756,0.029542072,49.719074,1.7816868005293012,True,True,True,True
2195690874766,0.021323344,0.024721067,350.1921,-0.81460445969744,True,True,False,False
2374783923330,0.032733742,0.01378449,188.91142,3.563815011759085,True,True,False,True
2231598455546,0.009534012,0.05792462,188.66843,-0.972795387444193,True,True,False,False
2430047674182,0.006803867,0.014730134,30.810823,2.126077415391183,True,True,True,True
2297019192654,0.06604753,0.038718574,70.63574,2.9399468553049157,True,True,True,True
2414810368066,0.08199846,0.10790312,124.6817,-0.8530018334087393,False,False,True,False
2403381538220,0.014412688,0.02251569,137.15285,0.1218625617585875,True,True,True,True
2407819964658,0.013389831,0.021885993,134.41959,0.971946492719626,True,True,True,True
2281777578520,0.015537691,0.10923663,136.22632,-1.6245696485039371,True,False,True,False
2103309011826,0.09304144,0.07495204,172.71709,0.1719682223642226,False,False,False,True
2069970344446,0.015176757,0.032478523,199.84882,-0.4527491855994383,True,True,False,False
2132517273782,0.021446986,0.027212517,161.48949,-0.129825225537172,True,True,False,False
2075992288196,0.08163506,0.061998673,170.8878,-0.5685378930892836,False,True,False,False
2058857498006,0.03335347,0.065638594,427.2467,-0.5058875500601405,True,True,False,False
2186179666564,0.018565644,0.026172956,29.784836,3.1780615054244983,True,True,True,True
2271594359674,0.03798228,0.009785569,228.8115,-0.9077029483881972,True,True,False,False
2378901958618,0.027601968,0.1685528,144.99187,-0.9018174151328712,True,False,True,False
2436058708540,0.012237565,0.016697077,129.80681,1.0468737156406915,True,True,True,True
2273180045864,0.09900338,0.041801915,214.0567,0.2401495696374812,False,True,False,True
2179532585696,0.122760646,0.075303696,107.89818,-1.3314972925645534,False,False,True,False
2255724861812,0.0031094416,0.01946152,191.22585,0.6113513286820526,True,True,False,True
2299235634848,0.013408207,0.028824972,355.47797,0.9209430605994672,True,True,False,True
2346545712598,0.11600272,0.046612624,148.06516,-1.2058259944182097,False,True,True,False
2347182315212,0.019788356,0.013696427,69.87969,1.5402087718768525,True,True,True,True
2502763209158,0.019777454,0.06838801,184.2652,-0.6760913909684719,True,True,False,False
2611330955496,0.0287599,0.050996132,235.5697,0.2547267734384174,True,True,False,True
2656746269898,0.020344311,0.04174391,77.3899,0.1571063890161979,True,True,True,True
2802472275368,0.0762936,0.030871065,338.80258,-2.1535236914911904,False,True,False,False
2954572595292,0.0130846845,0.07121285,364.08875,-0.8703557916333187,True,False,False,False
2780574054486,0.04605352,0.067462996,4163.4185,-0.1943964940982203,True,True,False,False
2538953455532,0.026506426,0.07841607,108.346214,-0.1752533673016278,True,False,True,False
2552294487320,0.0067956834,0.02072697,190.0018,0.2133653043366695,True,True,False,True
2689776917442,0.06776048,0.121728174,126.768326,0.1649929263111592,True,False,True,True
2511341539042,0.008438331,0.019903839,120.466156,1.754611839105992,True,True,True,True
2618340210030,0.030215168,0.07386945,162.77577,0.6262192006251892,True,False,False,True
2598979982990,0.042096414,0.056414127,115.154106,-0.1082267476996231,True,True,True,False
2637996059842,0.027397867,0.053075083,93.032555,0.3589813898807351,True,True,True,True
2736111050240,0.011361396,0.024244167,48.47299,2.099623481753695,True,True,True,True
2591014037346,0.04197752,0.049432013,170.3562,-0.3632957720672826,True,True,False,False
2530690176360,0.055409987,0.0586263,304.4747,1.1662074153393729,True,True,False,True
2824063585864,0.014721008,0.04043218,109.18117,0.4053291583326642,True,True,True,True
2978712560010,0.07720776,0.031664833,270.24152,-2.1392366500084226,False,True,False,False
2596740989270,0.009296732,0.036690217,84.70162,1.9099223134756804,True,True,True,True
2786300454890,0.02567753,0.08393401,144.60092,3.6381751054189015,True,False,True,True
2917118846264,0.027151877,0.04203354,176.62595,1.2728893509915282,True,True,False,True
2212484712968,0.06289826,0.044968423,187.50587,-1.77891358880327,True,True,False,False
2142956275292,0.015352296,0.047280792,128.75957,0.4830249183173368,True,True,True,True
2362675074626,0.11476197,0.06222496,373.79147,-4.721629398813385,False,True,False,False
2285519050558,0.031195374,0.05388814,99.26731,-0.044613357038946,True,True,True,False
2484279842144,0.023599789,0.046783045,59.17575,1.4367788663888328,True,True,True,True
2317592804488,0.026992256,0.06527652,212.70993,0.3932736069787926,True,True,False,True
2467161481828,0.022891277,0.040541366,230.86046,3.107413265531047,True,True,False,True
2392220764806,0.044454437,0.031520702,153.32558,2.255107358310931,True,True,False,True
2336977501006,0.016892469,0.08496721,130.10477,1.0614022840814166,True,False,True,True
2122638044970,0.024595499,0.0536534,92.92262,1.0875549442990595,True,True,True,True
2418553505814,0.02778442,0.027359592,36.701515,2.974284125054974,True,True,True,True
2438245541966,0.06602214,0.08087992,89.84318,1.8470000543219924,True,False,True,True
2376019081390,0.120873384,0.023976097,239.519,-2.912943425775474,False,True,False,False
2103278119854,0.011790572,0.03665497,204.51256,1.331446787884048,True,True,False,True
2042629860376,0.029685387,0.01769316,138.38266,-0.0131482088706528,True,True,True,False
2152499466354,0.07619536,0.05733677,115.73631,0.5478721467239684,False,True,True,True
2369362752616,0.01790593,0.03136565,225.04884,2.0948949006639768,True,True,False,True
2489703638706,0.05985775,0.03386324,325.38083,-1.5743450943654214,True,True,False,False
2287133590952,0.015941402,0.02899469,100.22248,0.3301237124778848,True,True,True,True
2670668265718,0.031480886,0.038455773,205.42949,-0.35439943996355,True,True,False,False
2790692966702,0.017306594,0.03898421,86.9763,1.9372276757946068,True,True,True,True
2920250300144,0.037754163,0.031512063,43.296932,0.6688059151601307,True,True,True,True
2940568657040,0.012666057,0.035931826,89.81796,2.148507692164689,True,True,True,True
2682112946498,0.032469932,0.03572466,133.06833,0.9841639503929274,True,True,True,True
2579571374190,0.009510481,0.07446971,175.88406,0.328673095391629,True,False,False,True
2765946541550,0.039377555,0.046840902,205.23851,3.8583692468393607,True,True,False,True
2902166930530,0.031835116,0.08680943,163.41008,-0.0291038471850121,True,False,False,False
2996784412642,0.020042824,0.055314813,152.12833,0.82731933164537,True,True,False,True
2808809449440,0.06515061,0.055118363,151.93047,-1.965270153242132,True,True,False,False
2744647427870,0.07169843,0.05101554,130.11287,-0.9338723372455722,False,True,True,False
2734178239396,0.1124315,0.04500933,156.4222,-3.847194047524344,False,True,False,False
2564958449374,0.024791172,0.033131726,181.42302,0.368156116426459,True,True,False,True
2578934924882,0.015646752,0.027291035,152.99083,1.583099035163463,True,True,False,True
2778957000224,0.06610929,0.056647968,132.92984,-1.1005266255966577,True,True,True,False
2202048939644,0.008966217,0.06188826,398.3863,-3.2506902783024865,True,True,False,False
2315410029672,0.05830315,0.05103775,376.18613,-1.402179404416169,True,True,False,False
2149041116924,0.10179276,0.0527174,174.25453,-1.783126141218904,False,True,False,False
2160476196252,0.019744737,0.039444726,172.61253,0.7123470437130524,True,True,False,True
2210647834158,0.026413165,0.033486556,107.38542,1.753435866011541,True,True,True,True
2045854702322,0.048290256,0.02505333,190.3802,1.2760343252330524,True,True,False,True
2400832284154,0.05134366,0.025541347,146.37988,0.0615432654600207,True,True,True,True
2449735278482,0.02619336,0.03087117,122.07154,2.939923301421696,True,True,True,True
2308441221410,0.021533187,0.056735262,87.95599,1.1293754585832998,True,True,True,True
2324324025682,0.08898545,0.014824144,254.29979,-0.9436241900560696,False,True,False,False
2343375831100,0.01931196,0.016896747,108.10278,1.3672522116971142,True,True,True,True
2008679612876,0.028890366,0.01877366,208.54442,-0.3949997502307492,True,True,False,False
2134420052986,0.09824328,0.10371253,205.75475,-2.395400214717271,False,False,False,False
2126477215722,0.004798511,0.008042489,53.173576,2.603186602966281,True,True,True,True
2190622883380,0.022863984,0.05031641,385.45642,-0.6962102110489682,True,True,False,False
2241758622298,0.020221498,0.03757763,100.88717,1.1365586765399134,True,True,True,True
2294781311506,0.063445635,0.088505685,199.14171,-0.2866702113286001,True,False,False,False
2264621976642,0.030068845,0.029038234,112.76103,0.9683422289939888,True,True,True,True
2264618071378,0.0079463115,0.03291586,124.986015,1.1973293006280694,True,True,True,True
2429729479222,0.044735227,0.041884735,223.39894,-1.4698034641147522,True,True,False,False
2370038138604,0.016024685,0.032001182,72.00277,1.1243372128583815,True,True,True,True
2691987061200,0.022981815,0.024726443,223.69969,-1.2346376671181196,True,True,False,False
2661819083118,0.0554144,0.061837703,262.33838,0.7076467745305356,True,True,False,True
2671984083006,0.01792571,0.061373565,194.6969,-2.357344520012064,True,True,False,False
2684363835836,0.0143825235,0.034282625,135.55942,1.10447598825146,True,True,True,True
2933298406670,0.035529252,0.042059157,255.14822,-1.4274662136293772,True,True,False,False
2715821447952,0.007874875,0.07952812,361.91525,0.2234931705143752,True,False,False,True
2698664810090,0.029853247,0.038620237,200.15079,-1.145644592110997,True,True,False,False
2692002308628,0.024347596,0.035380542,116.6006,1.0800172324360529,True,True,True,True
2636439937366,0.011551326,0.020851541,50.416405,2.3300339955282983,True,True,True,True
2705984427502,0.026668422,0.037201405,190.67815,0.3364463944195863,True,True,False,True
2812983979454,0.0032992538,0.009303431,28.152481,5.935424325099672,True,True,True,True
2879659500572,0.089857005,0.075223364,321.54626,-3.2169448202886883,False,False,False,False
2766303575538,0.02599115,0.04573891,121.75479,-0.264190727502037,True,True,True,False
2716754731678,0.06311626,0.013344204,278.92288,-2.8303645271468083,True,True,False,False
2815175700930,0.009347209,0.055304393,166.23166,0.231154281489246,True,True,False,True
2923138094766,0.020793369,0.011003199,46.02163,1.888453788192805,True,True,True,True
2751988440002,0.07535123,0.025292337,359.63678,0.0183968557040434,False,True,False,True
2781838646736,0.012117974,0.026560562,197.09915,-0.564285951702642,True,True,False,False
2594205771150,0.052026343,0.06833312,189.85788,-1.1139191879607675,True,True,False,False
2811705080972,0.017315635,0.030446276,177.07043,-0.2979371956497077,True,True,False,False
2957773881844,0.04894203,0.056550242,424.12338,-0.8365116865189925,True,True,False,False
2782179098122,0.05192737,0.031386916,149.58124,3.630079352567656,True,True,True,True
3108857932002,0.014011238,0.061432883,167.76031,0.5666685470854445,True,True,False,True
3144098620352,0.09194212,0.02243672,177.95427,-1.3771147984349996,False,True,False,False
3240619359040,0.03725329,0.014430812,162.9561,2.834091756985177,True,True,False,True
3301263082220,0.015048966,0.033466384,194.07196,-0.1252647803405827,True,True,False,False
3346990044368,0.011708697,0.036366567,770.376,3.0803455681880667,True,True,False,True
3399065694188,0.0341596,0.045276567,202.6809,1.3494016746740058,True,True,False,True
3004077138392,0.035197474,0.06459029,207.3014,-0.836551618824015,True,True,False,False
3035199012390,0.05450587,0.05735059,411.43402,-0.1530475826986452,True,True,False,False
3068224721858,0.02198035,0.032697603,150.39742,1.4128239608629425,True,True,False,True
3082830364692,0.11083774,0.0554603,272.7465,-3.755619855858917,False,True,False,False
3467345345300,0.06753827,0.018820269,124.50217,0.9885416831781344,True,True,True,True
3288584710604,0.04775136,0.04007471,79.265915,1.2577095445579805,True,True,True,True
3408922547894,0.037981845,0.05295605,236.14832,-0.6941900373127932,True,True,False,False
3308908712376,0.07743317,0.043526024,287.41562,-2.6073953228808,False,True,False,False
3057735399696,0.0037017514,0.029052822,144.53688,0.5903068912122214,True,True,True,True
3270786757990,0.012760776,0.03150638,70.180336,3.5869113279991667,True,True,True,True
3384129655858,0.0056132693,0.025311252,109.79142,0.150188818017029,True,True,True,True
3352070518188,0.113105565,0.042337082,115.49337,-0.0568641655277301,False,True,True,False
3386362350290,0.10782495,0.077856615,114.021034,-0.4659374476914603,False,False,True,False
3319372887614,0.012240113,0.06466075,117.11208,-0.822129855576351,True,True,True,False
3407978783570,0.06864219,0.043312903,204.11029,-1.5000202898997697,True,True,False,False
3517814570236,0.008323068,0.09740409,267.15256,-1.0486211861621275,True,False,False,False
3618780462524,0.03513891,0.046630282,194.573,-0.5182657078479036,True,True,False,False
3554988124020,0.031133447,0.02429631,91.260254,1.2528765257130845,True,True,True,True
3626109529662,0.0124483965,0.0493,183.00038,0.3193969550462912,True,True,False,True
3790588643740,0.015710348,0.007095878,270.13675,-0.2217120782781211,True,True,False,False
3920134888576,0.051482838,0.047741678,271.26804,-1.0089718596962132,True,True,False,False
3873455845774,0.08689602,0.056911938,102.0543,-0.1762627742026115,False,True,True,False
3933457498966,0.030305061,0.073173665,50.315514,2.1527988417887096,True,False,True,True
3756299961598,0.024385465,0.04351625,115.627335,2.493293636811498,True,True,True,True
3933474660382,0.009642288,0.031002026,81.144714,1.6139869525928547,True,True,True,True
3653087365280,0.010546824,0.021819344,123.70545,2.8707637139087807,True,True,True,True
3642926548918,0.022042025,0.069754794,125.738884,0.2927322245783664,True,True,True,True
3661661312970,0.0852984,0.088492714,216.65503,-2.033154439793612,False,False,False,False
3989321464688,0.01994505,0.028431892,48.849728,2.715319515542645,True,True,True,True
3939158117694,0.013681425,0.03155752,100.95776,1.1753157742722542,True,True,True,True
3813435469426,0.09160288,0.05216604,53.419632,1.5473823040258383,False,True,True,True
3549902538576,0.01082777,0.03626494,160.38362,0.9213218011909176,True,True,False,True
3841386376924,0.17916147,0.1521621,147.46239,0.9526042554389048,False,False,True,True
3946797623868,0.007894478,0.02231858,94.95144,0.2787365690318879,True,True,True,True
3962989430694,0.018684575,0.034579627,63.433136,2.1292642558834816,True,True,True,True
3050775889126,0.11022357,0.06860827,175.69177,-3.884999332689317,False,True,False,False
3293693481958,0.094050534,0.029371161,253.11511,-3.898435904268552,False,True,False,False
3193358068482,0.025281528,0.0663015,247.24696,-0.4112438096116161,True,True,False,False
3183516360130,0.0034404001,0.031037506,178.1114,-0.2242707279124893,True,True,False,False
3238450722294,0.022166446,0.03902744,234.47946,0.1108224647257698,True,True,False,True
3201948345764,0.005651435,0.019386275,113.35808,1.4361186226106024,True,True,True,True
3477233951316,0.020647055,0.065478034,164.15453,0.2565699942043785,True,True,False,True
3268929669080,0.0027859877,0.019649202,77.64215,1.972981112573017,True,True,True,True
3368633494200,0.067949146,0.045557134,477.8015,-0.5955896470537296,True,True,False,False
3054584619082,0.006311653,0.04463182,131.77261,1.1459458674044425,True,True,True,True
3156837600730,0.041370723,0.08824707,305.00607,0.0674133292537714,True,False,False,True
3198456256958,0.011270818,0.06900947,167.26096,1.278852993896202,True,True,False,True
3051430158414,0.0075647687,0.005611339,96.9504,1.146409017600169,True,True,True,True
3341653518058,0.03743444,0.034786776,226.83432,-1.993016263662254,True,True,False,False
3377532975390,0.034595136,0.019666474,1010.7327,-1.3137048927327597,True,True,False,False
3245127715506,0.01061349,0.020162513,189.52966,0.1217977007422883,True,True,False,True
3321010988828,0.07555169,0.04118672,138.84375,2.652963783930121,False,True,True,True
3670894514756,0.004791287,0.01405361,103.03815,0.7369481233574184,True,True,True,True
3652486695990,0.053185508,0.060202815,228.85097,-2.989823254226179,True,True,False,False
3889350593334,0.06597121,0.031291403,317.73358,-4.0225554372374885,True,True,False,False
3935382929666,0.01071866,0.02798632,101.97958,0.749313030395604,True,True,True,True
3860784504048,0.016058674,0.03452404,163.13965,1.2676425662717272,True,True,False,True
3564230980258,0.027529247,0.008296615,114.48253,0.2558350391416997,True,True,True,True
3891585052022,0.021974763,0.031014606,123.11304,-0.9167515022530056,True,True,True,False
3957322351762,0.012235486,0.01628537,131.21004,0.5411127791404546,True,True,True,True
3596603858454,0.048811205,0.05451349,201.56618,-0.0521339476818534,True,True,False,False
3783302569978,0.0204801,0.041289464,99.04364,0.9297561868813072,True,True,True,True
3709967570304,0.09051215,0.07372149,457.41272,-5.369720621948108,False,False,False,False
3762353860174,0.030180108,0.025987986,110.541214,1.302133211142507,True,True,True,True
3018668571382,0.0065137455,0.03869929,149.91699,1.156393071537309,True,True,True,True
3430486845660,0.12312661,0.021066995,232.23059,-2.522428890101013,False,True,False,False
3344773304448,0.06874184,0.021896003,251.66296,-3.181745905973126,True,True,False,False
3265383199770,0.1091492,0.060313582,505.91946,0.0457162214282107,False,True,False,True
3310477239442,0.0153595405,0.04043085,157.25735,0.6080247840142824,True,True,False,True
3207299366568,0.015111903,0.07895282,196.35043,1.1253197924463612,True,False,False,True
3247626146502,0.060663063,0.07599403,205.88698,-1.420065195370294,True,False,False,False
3280008674456,0.09524237,0.053938832,432.58258,1.655618134749537,False,True,False,True
3268901775538,0.054231,0.04107625,563.1214,-1.856228083770802,True,True,False,False
3266657640512,0.044714294,0.04859182,183.5317,1.1517185456404082,True,True,False,True
3491767452184,0.018468145,0.04513218,256.39767,-0.3194320244557496,True,True,False,False
3016461632762,0.027253672,0.022057079,262.47275,0.8851564791535829,True,True,False,True
3110130789354,0.1369736,0.06708522,148.34622,-1.3466775327672744,False,True,True,False
3154275166342,0.039854627,0.015524432,272.9074,-1.2947385315000677,True,True,False,False
3221909674044,0.013928845,0.036499865,123.80632,0.3394037453604684,True,True,True,True
3358762733422,0.015713388,0.028037023,253.96039,0.0643850894998803,True,True,False,True
3359700148916,0.0025743546,0.009097172,45.493515,3.090585364638481,True,True,True,True
3706098465776,0.046066556,0.036464565,148.37608,0.4906990292840475,True,True,True,True
3966777243918,0.03811846,0.021105763,133.94965,0.941009345168084,True,True,True,True
3973139161294,0.024778092,0.04242348,274.76282,2.313954117506157,True,True,False,True
3592451554982,0.008113064,0.010465773,36.25512,3.4023804192321703,True,True,True,True
3565149497410,0.015164314,0.017808802,150.63423,1.0704347430066323,True,True,False,True
3610545861312,0.053628817,0.08160791,172.19629,-2.2393750218311514,True,False,False,False
3788366031416,0.064913385,0.06116272,150.67696,1.349238332353476,True,True,False,True
3738802522186,0.05090357,0.04233205,113.76399,0.2628877762934558,True,True,True,True
3852473346752,0.062591046,0.025842668,44.531967,2.249900158176634,True,True,True,True
3913442453590,0.0149862375,0.030994497,83.08842,1.581200856288267,True,True,True,True
3913439303642,0.0053397673,0.016404705,114.05995,-1.01002038539977,True,True,True,False
3843596269682,0.020287974,0.038699776,222.55602,0.3213870386701545,True,True,False,True
3910904889552,0.07565015,0.065888606,53.980537,-0.7569111770335564,False,True,True,False
3951865726250,0.01835332,0.020844558,303.83173,-1.4326498609522893,True,True,False,False
3924561072554,0.018278368,0.013185187,19.040396,5.151397727021483,True,True,True,True
3581659783118,0.09862047,0.10886247,466.92795,-4.116743189704837,False,False,False,False
3816945202248,0.02887001,0.046731144,236.79445,-0.8510431987795168,True,True,False,False
3165404693956,0.052672517,0.09534119,131.63142,0.9436755435719868,True,False,True,True
3198421608402,0.025673015,0.03076686,147.75237,2.992052402779779,True,True,True,True
3401317165344,0.015633965,0.021919651,60.132637,3.141185586142404,True,True,True,True
3487682706226,0.03810955,0.02148033,133.32013,-1.0088447279520218,True,True,True,False
3416558731114,0.031347044,0.079508245,300.61487,-0.6212785683237149,True,False,False,False
3453723489754,0.021716088,0.031267382,112.05528,1.5603312331394097,True,True,True,True
3093339674680,0.055670355,0.08918294,93.458595,0.8415305048553693,True,False,True,True
3107965074466,0.013589384,0.03407545,77.354164,2.770847778227911,True,True,True,True
3249896161458,0.020757165,0.03220731,108.27441,0.1757665620991701,True,True,True,True
3486746854106,0.061409686,0.02235045,264.2789,-2.916779664102058,True,True,False,False
3278149141276,0.012743722,0.028333409,193.65671,0.4486075636874692,True,True,False,True
3083166738916,0.011147506,0.076579735,284.68744,-0.7119407652881333,True,False,False,False
3136186807774,0.034376852,0.06709934,149.14972,-0.3237280814623333,True,True,True,False
3183813522386,0.018277884,0.052819427,64.193535,1.1519341471804638,True,True,True,True
3259703448800,0.06957435,0.05964719,182.08487,2.2217638389362206,True,True,False,True
3345131524404,0.010052502,0.09938637,148.28178,-0.2238106371830502,True,False,True,False
3451492281990,0.002006142,0.02753445,42.518414,3.230648757626888,True,True,True,True
3333684475178,0.03971718,0.047146235,133.68929,0.4710948154615593,True,True,True,True
3242892805598,0.019065462,0.013391122,105.69859,0.2949614860622824,True,True,True,True
3065734286070,0.051463354,0.06713338,175.8657,-0.5970088044930479,True,True,False,False
3020945923302,0.061473206,0.0647622,279.8212,-1.6594660361821696,True,True,False,False
3051434924136,0.026821366,0.026167722,88.218704,4.2285050055650615,True,True,True,True
3107628455352,0.021174546,0.06929537,219.64159,0.0729849138065255,True,True,False,True
3247974160002,0.08376669,0.05624695,74.92143,-0.4893696926051017,False,True,True,False
3302277991768,0.038448546,0.030002031,439.61862,0.2753056854170386,True,True,False,True
3424198944586,0.033115964,0.02823291,294.68066,2.43921238373629,True,True,False,True
3420711944988,0.0128580425,0.013070634,312.04187,0.7116142411134513,True,True,False,True
3528019314128,0.07105575,0.03068288,295.6109,-0.9599887105195084,False,True,False,False
3782019992326,0.014121741,0.009114646,74.00628,2.115308957933752,True,True,True,True
3785215276438,0.013722368,0.02359384,63.7934,2.111633827025928,True,True,True,True
3625823587292,0.02494615,0.06785231,213.4618,-0.7166063828336934,True,True,False,False
3522952852982,0.069862045,0.046712723,251.04372,-0.4842062577052265,True,True,False,False
3726162704432,0.1211095,0.047712937,161.32745,-2.441886672591208,False,True,False,False
3525821041490,0.05533148,0.07126366,279.85474,-2.782561450556124,True,False,False,False
3681721043500,0.04088158,0.03559776,153.08438,0.1737088161975892,True,True,False,True
3754419314280,0.0077607874,0.038291425,43.258324,2.11270007367325,True,True,True,True
3989715343098,0.021013014,0.09449804,148.95883,0.5118487032286038,True,False,True,True
3566759097988,0.007672103,0.013407002,45.173916,1.7567976941890686,True,True,True,True
3628040358004,0.01040667,0.038451225,130.06357,-0.3382095045892294,True,True,True,False
3918239526244,0.048072092,0.13608216,273.97366,-3.023832519564161,True,False,False,False
3582004165858,0.087894514,0.045770388,253.42856,-0.7800092243415475,False,True,False,False
3534067542324,0.040745053,0.026932416,342.077,-4.415704152666757,True,True,False,False
3876044040478,0.03716195,0.044014547,147.19258,0.2318752049822836,True,True,True,True
3963988059566,0.066541456,0.051563893,177.12686,1.7314824140316565,True,True,False,True
2036340640142,0.09811857,0.074358545,182.13635,-1.5169561077696176,False,False,False,False
2003330984064,0.07793405,0.06699905,68.9512,-0.5190268336918131,False,True,True,False
2171932138288,0.06846417,0.025143204,256.75772,-2.874645296393893,True,True,False,False
2201131731654,0.019356297,0.059484724,94.54596,1.1104331889886745,True,True,True,True
2438637623254,0.023314688,0.07345744,102.143105,1.5280680999836562,True,False,True,True
2484991285046,0.015294019,0.025394745,185.23769,0.8293477754440296,True,True,False,True
2486588510896,0.036513094,0.052532397,95.67022,0.8279134083525093,True,True,True,True
2070665963874,0.09044797,0.049102854,295.83694,-2.665583876800552,False,True,False,False
2104944188316,0.017729476,0.025368871,163.26,0.9307630191315988,True,True,False,True
2031595809050,0.0633687,0.049924772,207.0411,-0.3948393708144947,True,True,False,False
2304662302180,0.089118205,0.03020468,412.48413,-1.635883154318753,False,True,False,False
2437075123594,0.021600788,0.028391264,79.35612,2.257087877170012,True,True,True,True
2411364243858,0.02961944,0.061576616,164.14854,1.0931949786890656,True,True,False,True
2208446738038,0.03517425,0.05838582,276.2193,-1.6147069495325566,True,True,False,False
2306228433884,0.026404396,0.035451844,202.83481,1.5683047298145092,True,True,False,True
2406884844574,0.040908333,0.08173433,55.431515,3.437232209422553,True,False,True,True
2464988182488,0.06878343,0.10964527,127.78632,-0.958656372779784,True,False,True,False
2221480657932,0.044780478,0.029706368,87.77665,1.960842209731676,True,True,True,True
2464705613912,0.06446064,0.058328714,233.8843,-3.392178015403004,True,True,False,False
2472643210864,0.034063477,0.07551292,267.93607,0.1324263501800711,True,False,False,True
2485020443018,0.013654587,0.019596057,174.51668,0.5303612109922932,True,True,False,True
2601211190292,0.026562175,0.071512416,203.18115,0.4253864819378434,True,False,False,True
2520555239250,0.045617912,0.043264635,617.8011,-1.1536710417908838,True,True,False,False
2645039887422,0.103941426,0.07544819,82.53566,-0.9766852164988752,False,False,True,False
2878093266782,0.042386703,0.041476488,742.6321,-2.712552868837701,True,True,False,False
2911746833466,0.023441333,0.024520952,30.131645,4.037469524423826,True,True,True,True
2846332926104,0.0038829227,0.038739976,219.36119,0.4730590794155669,True,True,False,True
2839982350024,0.013193804,0.057731837,206.1083,-1.9803212218985904,True,True,False,False
2883170286434,0.050547305,0.040666454,174.63643,0.1738159346547046,True,True,False,True
2717752874504,0.019773481,0.02471208,162.36856,1.3096984810440453,True,True,False,True
2612667412900,0.07515473,0.15340741,165.44539,-2.453137138103666,False,False,False,False
2856509341794,0.023540812,0.07652699,337.72513,-1.4777949953906433,True,False,False,False
2910804934146,0.020481171,0.037673905,94.71003,-0.7809612723624348,True,True,True,False
2615501482202,0.015223004,0.01828927,106.9277,0.740711510147595,True,True,True,True
2802828554128,0.03587137,0.027731387,149.42406,-0.0698555604768467,True,True,True,False
2890150661740,0.0153097855,0.082425356,153.04126,0.6959981509605365,True,False,False,True
2925395155228,0.044765335,0.048399426,242.19714,-0.5611069994666755,True,True,False,False
2954617226610,0.01074549,0.050071012,1725.9833,1.3938068596472737,True,True,False,True
2852043852490,0.056262724,0.040880665,140.70166,3.0331726980780376,True,True,True,True
2539002370448,0.017014446,0.06816022,271.7572,-1.2459146922571351,True,True,False,False
2625038926212,0.015148843,0.028848847,152.75642,0.5718588058660146,True,True,False,True
2837149669308,0.039648816,0.078967735,258.94934,-3.956591046779933,True,False,False,False
2920347469096,0.022232711,0.030923491,142.12103,0.323959524093947,True,True,True,True
2961301577040,0.012887536,0.08510744,262.2018,-1.8618600364775908,True,False,False,False
2950830876044,0.003849819,0.030735057,46.70074,2.835974893929228,True,True,True,True
2934304868330,0.02264779,0.035077497,137.84471,1.1334900753278965,True,True,True,True
2096401110760,0.110164024,0.08112295,119.35173,-0.5008019782996487,False,False,True,False
2068764624408,0.017929096,0.039025806,255.90112,1.2642418664601167,True,True,False,True
2030993805620,0.012758438,0.02377715,79.66028,2.650163100309745,True,True,True,True
2185623601352,0.018248715,0.03839104,116.67506,-0.0187452267070907,True,True,True,False
2309768628898,0.006222965,0.07041431,398.2224,-0.3828199187198881,True,False,False,False
2458361387420,0.009326908,0.047458302,93.311935,0.9177586688060242,True,True,True,True
2438363902026,0.0893185,0.07279112,255.88293,-2.878774196192932,False,False,False,False
2180236218792,0.011397658,0.035291597,187.9324,1.6543606251546534,True,True,False,True
2265013756416,0.011065017,0.065736815,45.952198,2.0046749079398207,True,True,True,True
2477753164512,0.11260122,0.059485555,228.41594,-1.670320233468752,False,True,False,False
2346949137200,0.0831336,0.04740644,381.4061,-0.1323689526635727,False,True,False,False
2385369007194,0.10593814,0.04423406,249.3866,1.3898052242147294,False,True,False,True
2107198354638,0.06146755,0.06821383,147.66727,-2.517090769057891,True,True,True,False
2028453244090,0.04734796,0.04446091,124.83857,-1.5106312569830012,True,True,True,False
2210072920244,0.07097134,0.04111585,206.24217,-0.5636537732897294,False,True,False,False
2314541258060,0.02781975,0.029948983,29.568748,6.546837537777275,True,True,True,True
2264686208554,0.040293172,0.03598854,126.91795,-0.7511769979132202,True,True,True,False
2460903589500,0.024178287,0.03927121,303.00134,-2.679399874511278,True,True,False,False
2051320932932,0.006879019,0.020330269,68.54938,2.0667213593374383,True,True,True,True
2064022086038,0.036563743,0.109737314,258.81247,0.4509988321474159,True,False,False,True
2287559996708,0.028962668,0.049729794,135.31583,-0.4289570659648321,True,True,True,False
2715566800028,0.015711538,0.042705856,120.813736,1.2115965964473117,True,True,True,True
2912740242516,0.015050507,0.052921426,270.19858,-0.7587094826181124,True,True,False,False
2757470191676,0.04356233,0.07269199,332.6369,-2.831577063045649,True,False,False,False
2789558635952,0.0053867665,0.02343656,241.04109,-0.5429913067000405,True,True,False,False
2947999049698,0.009274229,0.016176334,87.3604,2.6363505949839485,True,True,True,True
2834657362304,0.00984192,0.035154656,65.19436,1.099894763246125,True,True,True,True
2963888783180,0.015803954,0.027291605,159.56555,-0.7603497548164997,True,True,False,False
2812110998490,0.012261644,0.018390806,90.56737,0.5342974323278487,True,True,True,True
2599988009666,0.020697698,0.043446988,142.22072,0.2263182911041792,True,True,True,True
2623806394048,0.010908051,0.045192577,90.4423,1.7403003665735612,True,True,True,True
2905753544016,0.007958476,0.0073915375,126.07738,1.0284970415496,True,True,True,True
2987033070034,0.02750344,0.023375895,328.55396,0.9074156927616426,True,True,False,True
2849872972508,0.049603034,0.029010328,336.29437,-2.531716349486912,True,True,False,False
2587935806166,0.03214283,0.035629593,278.2715,-1.2772398646585503,True,True,False,False
2691764115164,0.0410349,0.0695105,194.61859,0.3529083402123995,True,True,False,True
2698750866434,0.009374654,0.011515677,43.729984,1.9133934260394072,True,True,True,True
2674930894524,0.13335036,0.06385573,313.71127,-1.6467550083940663,False,True,False,False
2852117586740,0.049008045,0.027926581,115.25653,-0.0822622616906187,True,True,True,False
2779393160046,0.075645275,0.056848418,321.06204,-0.9133622737131089,False,True,False,False
2789246233514,0.098132305,0.06597734,383.70105,-3.602087343005393,False,True,False,False
2863544553318,0.039238874,0.05805688,118.05554,0.6080035578198209,True,True,True,True
2221148043818,0.068075895,0.028881075,400.59332,-3.5523582541638774,True,True,False,False
2457698453120,0.0677814,0.037487548,154.4949,-1.718791232616222,True,True,False,False
2213545808420,0.08032965,0.04295727,166.32394,-2.4642756651227424,False,True,False,False
2249730413644,0.07070698,0.054237958,298.51462,-3.310668368443242,False,True,False,False
2130349849164,0.029168237,0.030437866,280.88828,0.8817964624300882,True,True,False,True
2192900432474,0.06938853,0.09150848,230.69894,-0.6393231883487522,True,False,False,False
2226251271586,0.06318871,0.051176175,140.4201,-0.9991935546621332,True,True,True,False
2314830605984,0.009477482,0.052801736,218.28595,1.2229984128445954,True,True,False,True
2471994639780,0.030511161,0.04349083,257.0956,-0.8725455008208128,True,True,False,False
2331977770012,0.024326378,0.06285564,218.65723,-0.3262858026106393,True,True,False,False
2282116799062,0.026031973,0.018012498,333.1044,-0.754975927510193,True,True,False,False
2294517743898,0.014358871,0.026665933,245.85724,-2.8820006028506078,True,True,False,False
2307192764808,0.020376772,0.055356026,244.60164,-1.1177582642514612,True,True,False,False
2032558906152,0.0039423187,0.027037967,151.75711,0.412986980299676,True,True,False,True
2051281020336,0.007556831,0.014074075,147.08046,1.4717120948890616,True,True,True,True
2235445291494,0.061487097,0.14123352,314.7337,-1.6669512019102966,True,False,False,False
2341183810196,0.10164763,0.101247266,83.91452,-1.0424012422459497,False,False,True,False
2405320254396,0.010067316,0.034099005,270.01782,1.0970344713343434,True,True,False,True
2270696512514,0.016487587,0.0847206,232.70514,1.4653510474593414,True,False,False,True
2305933194288,0.017868446,0.018737486,170.1357,-0.5171659827296408,True,True,False,False
2316091894102,0.0196815,0.038863286,94.26699,2.3971232068944914,True,True,True,True
2423729107730,0.08576823,0.027867896,131.70052,0.904318432799533,False,True,True,True
2360241311470,0.036110442,0.032302562,157.68697,1.21012672887037,True,True,False,True
2527859235108,0.040478855,0.036850188,432.30078,-1.4140437207951069,True,True,False,False
2575168580946,0.0205298,0.060114853,268.33884,-0.5624618153085164,True,True,False,False
2589157202188,0.011765185,0.026214987,90.197556,1.1428408208938656,True,True,True,True
2925715978878,0.012876045,0.0240995,211.0762,-0.9864356524202974,True,True,False,False
2720622023018,0.01678823,0.008848151,58.28231,3.4714449523598567,True,True,True,True
2507891284732,0.059049945,0.057870626,75.573875,-1.497274656173146,True,True,True,False
2935575049718,0.041296247,0.06566776,54.084114,1.4489728057659366,True,True,True,True
2739995077280,0.029863516,0.065364465,250.23074,-2.228327669102378,True,True,False,False
2774605992750,0.0054786624,0.039292857,237.7909,-0.5903026119768868,True,True,False,False
2804139359792,0.028536594,0.08720464,156.59254,0.035270602950062,True,False,False,True
2528181317030,0.022353157,0.037747808,186.57298,-0.6770456132316244,True,True,False,False
2689162647344,0.08808096,0.05784125,161.33044,-1.4538177552668237,False,True,False,False
2668840209086,0.11877815,0.032787073,112.59097,-2.184328664534237,False,True,True,False
2734254595630,0.06856068,0.03504273,74.43428,-1.00773253458472,True,True,True,False
2695851659032,0.027604505,0.04372905,159.62497,1.4196521416039052,True,True,False,True
2741582754262,0.0668303,0.053005554,84.0074,0.188080729809499,True,True,True,True
2541546188306,0.0112616625,0.049585987,214.60231,0.2308565308534741,True,True,False,True
2549164980334,0.063673966,0.059831325,153.82076,-1.4821498715009649,True,True,False,False
2950816993694,0.027679514,0.031913865,265.1341,0.6943679617869397,True,True,False,True
2823506341654,0.023437232,0.04778828,279.1018,-1.1410941708418705,True,True,False,False
2165940261694,0.04895423,0.03115897,143.30959,-2.4922246319408035,True,True,True,False
2224993060102,0.09591871,0.036641933,498.92517,-2.853448574573375,False,True,False,False
2321203837388,0.039849617,0.08299154,349.72937,-1.3424328211460004,True,False,False,False
2480912618540,0.035097454,0.07697562,279.3151,2.0512489967482304,True,False,False,True
2293893716016,0.025399067,0.050808005,226.77782,0.6815330000592661,True,True,False,True
2238658566090,0.018551894,0.030943783,315.39252,-1.49013804942926,True,True,False,False
2347571984350,0.05232619,0.03457987,149.2995,-0.7430519415439624,True,True,True,False
2367262911650,0.030537168,0.023160676,150.80101,0.4411410074353847,True,True,False,True
2363124794888,0.011425469,0.014191616,153.56317,-0.4805350364347505,True,True,False,False
2842877227500,0.018532915,0.014710762,319.5158,0.8167579099029104,True,True,False,True
2955287322132,0.00800475,0.01598104,248.94705,0.163966204117279,True,True,False,True
2575545598378,0.015668917,0.01744902,50.93673,2.245095194921375,True,True,True,True
2692085493284,0.0069996538,0.012761461,88.93106,1.5851406403884671,True,True,True,True
2691429992328,0.020889305,0.033768605,68.38565,1.1880442782926546,True,True,True,True
2731445703024,0.06039783,0.03256452,190.09065,-1.047764154397392,True,True,False,False
2840020783910,0.010311584,0.02412832,261.79062,1.8080047883101116,True,True,False,True
2993708804958,0.04853493,0.053140078,212.02643,-0.6183966414650339,True,True,False,False
2657479947120,0.036206324,0.06968653,217.08879,-0.357162117525529,True,True,False,False
2574602389308,0.008118709,0.058619663,147.98299,2.3104996005366925,True,True,True,True
2563810312710,0.05008823,0.08080547,234.87732,-1.990579112283424,True,False,False,False
2861320504928,0.031113373,0.030050341,107.34111,0.1394786669000885,True,True,True,True
2993673873796,0.0077219335,0.03853787,53.21672,3.134146507901705,True,True,True,True
3381352362256,0.023867538,0.04682062,119.62621,1.4304211274563805,True,True,True,True
3458831475726,0.032194313,0.041809373,154.58429,-0.2923005396735506,True,True,False,False
3364540711340,0.059513614,0.04857851,229.05284,2.0454487506106838,True,True,False,True
3302305531674,0.00945863,0.022062827,198.23364,0.6105451239782357,True,True,False,True
3090223036942,0.03585044,0.028851254,208.57545,-0.2537125870305217,True,True,False,False
3197539908654,0.03466853,0.026779914,204.62482,1.0525818838475554,True,True,False,True
3344224949682,0.04560253,0.06945118,215.22885,0.957242984095184,True,True,False,True
3369958762050,0.0120857535,0.05632887,31.596771,3.529270637638308,True,True,True,True
3447748717514,0.155779,0.098483175,443.98157,-5.225708122253501,False,False,False,False
3150840856718,0.013683514,0.04966895,157.83806,1.0182491158992804,True,True,False,True
3151160393326,0.05943012,0.023401015,352.96753,1.6964055436885488,True,True,False,True
3397864813868,0.10643977,0.07923196,118.24281,0.948234192881972,False,False,True,True
3114981382464,0.0378067,0.09023414,358.49014,-2.128386821155872,True,False,False,False
3148950807028,0.12897411,0.059228707,132.65593,-0.6326234126209413,False,True,True,False
3074663323674,0.016025815,0.03155973,200.70908,-0.1196183600535197,True,True,False,False
3232152109588,0.0318363,0.060847033,210.44095,0.0364160466765898,True,True,False,True
3166426074812,0.015925953,0.041188072,340.5387,-0.0553753100063152,True,True,False,False
3253417456320,0.05000496,0.09676024,320.04938,0.3725069445469965,True,False,False,True
3282002320616,0.023683334,0.027758712,210.00888,-0.7856389429412989,True,True,False,False
3435995034674,0.0574567,0.049048312,98.88524,-1.576235692633953,True,True,True,False
3499497346760,0.008635799,0.019925283,114.776825,1.1076082666971585,True,True,True,True
3317548383262,0.006068402,0.026937146,45.407463,2.2093089112727147,True,True,True,True
3287396431916,0.015116167,0.038035005,290.75302,1.057646642799666,True,True,False,True
3696020855676,0.04524189,0.07405062,289.19894,-1.4237866035810751,True,False,False,False
3524569732186,0.14081821,0.049637172,553.7374,-2.08751539184386,False,True,False,False
3507733839312,0.06443254,0.04195691,103.9989,0.3584143727011361,True,True,True,True
3539479010390,0.03880721,0.0212514,70.8505,2.4850990507940844,True,True,True,True
3553134537788,0.06046059,0.05476163,143.10196,-0.5245568796838519,True,True,True,False
3572502552086,0.09990214,0.06794547,123.46609,-2.887298049555456,False,True,True,False
3572824784510,0.029992705,0.05587649,252.55504,-0.148560287583115,True,True,False,False
3988146917356,0.08441566,0.037942003,246.86002,-2.682634701933448,False,True,False,False
3503627372794,0.029812953,0.04003394,146.66856,0.0459601590175638,True,True,True,True
3746847970394,0.10375824,0.061130684,137.8231,-1.9731991864601004,False,True,True,False
3849080590526,0.013716392,0.015864318,130.25233,1.2611101626394188,True,True,True,True
3897664578106,0.008300013,0.029457621,336.7587,-0.3187955696673143,True,True,False,False
3776692356274,0.06789157,0.063843854,306.35266,-1.9974171422263491,True,True,False,False
3575688740260,0.015804466,0.044826776,242.93665,-0.5383227905421809,True,True,False,False
3676651608422,0.065961756,0.034622263,103.21788,-1.8270076360249008,True,True,True,False
3628079616780,0.09776284,0.07637432,191.42937,1.4216710833598003,False,False,False,True
3984642353462,0.017910514,0.029183839,173.87767,1.62736426435881,True,True,False,True
3935119767122,0.11627495,0.047986224,382.74088,-3.898035511508528,False,True,False,False
3867475181362,0.015722396,0.02197813,42.45891,3.230427010511113,True,True,True,True
3980832240326,0.02770619,0.025117794,1366.7957,-0.056110581140738,True,True,False,False
3945910458558,0.051867027,0.052243758,244.49655,-0.1749006664960179,True,True,False,False
3528713470340,0.0127438065,0.06998592,211.2091,-0.5188140407213381,True,True,False,False
3911318014600,0.014513676,0.05411738,85.9416,3.3707459346850355,True,True,True,True
3805913597450,0.012427853,0.013973093,77.64721,1.5413133660757934,True,True,True,True
3803056245386,0.054315414,0.05182021,179.17886,-0.7177966408566048,True,True,False,False
3005458426424,0.02077916,0.013164434,60.776917,2.0276816290465693,True,True,True,True
3236294080588,0.021692919,0.044454075,129.87402,0.1100610776133469,True,True,True,True
3220093026318,0.049248695,0.053873308,185.72612,0.7253353806177578,True,True,False,True
3217885556732,0.08528276,0.06504725,414.1646,-1.6523588669581286,False,True,False,False
3356319991602,0.10445576,0.060767576,117.526764,-1.8019091071714088,False,True,True,False
3420780609692,0.05302793,0.014760543,110.97787,0.8037643155243597,True,True,True,True
3407440183552,0.040756285,0.060765572,86.68306,-0.0424652063640701,True,True,True,False
3003249621298,0.014168773,0.04686679,154.1408,0.2783494108856908,True,True,False,True
3199168356658,0.004339213,0.028303519,80.96897,1.1479867868119242,True,True,True,True
3239777554496,0.008390437,0.012437459,91.866974,1.4402805479340974,True,True,True,True
3450938307916,0.005315048,0.033135053,273.7109,0.6719616035667951,True,True,False,True
3397914937410,0.00410544,0.020839505,149.0255,-0.2071125736140353,True,True,True,False
3034053295948,0.098463506,0.032977328,180.10631,-2.407420743256824,False,True,False,False
3020398852756,0.053732906,0.1190334,215.82452,-2.707071578167567,True,False,False,False
3115976732564,0.018568447,0.024779677,199.58803,-0.7361393647496521,True,True,False,False
3172487556336,0.011287338,0.024386179,126.21901,2.468600014182936,True,True,True,True
3106137166330,0.029404039,0.0211561,165.8897,4.905575775833869,True,True,False,True
3264880281494,0.056957677,0.06902739,123.51088,1.4184705460016056,True,True,True,True
3635419693682,0.007419255,0.0046082344,101.85768,1.7248994226032726,True,True,True,True
3548731215548,0.017001646,0.017242104,98.55355,1.030751618591124,True,True,True,True
3606526432726,0.01596899,0.023853468,152.76294,0.3435852486204634,True,True,False,True
3845605560368,0.0049404283,0.027308337,103.84434,0.5531189770578273,True,True,True,True
3858949213876,0.02482901,0.08579968,176.30873,-0.6457817303146327,True,False,False,False
3565586612830,0.016878294,0.08410843,159.16788,-0.8915134408790162,True,False,False,False
3594796638646,0.039575085,0.012542661,176.24951,2.4810534421415125,True,True,False,True
3595111211184,0.06859878,0.03610952,151.8511,0.2463552640792154,True,True,False,True
3952960232320,0.045100007,0.021592049,131.60837,1.366667126849079,True,True,True,True
3878341470060,0.09988409,0.03907391,109.06715,0.0868900113735333,False,True,True,True
3898031489936,0.004777141,0.028884407,169.00504,0.9305981195989343,True,True,False,True
3612236199776,0.0349793,0.103831165,179.63165,-0.6168199438745564,True,False,False,False
3626212623572,0.01429696,0.02617511,117.77708,1.593864689056039,True,True,True,True
3662722207892,0.014676304,0.024603883,173.32935,1.399512221964527,True,True,False,True
3576685602628,0.071205914,0.065565266,288.75116,-0.9178217994562764,False,True,False,False
3755765496072,0.012676524,0.013791401,110.697556,4.48196739329557,True,True,True,True
3679887666382,0.058351856,0.09788395,247.70166,-2.7183385940880767,True,False,False,False
3749429839002,0.1153703,0.09894669,253.10304,-4.27179733579132,False,False,False,False
3967882640580,0.016075417,0.04698134,245.01132,-0.2859500776557462,True,True,False,False
3999624686978,0.065721884,0.077306755,362.6755,-1.0273877035093224,True,False,False,False
3903098582152,0.026766887,0.034743592,85.830124,1.5878787341034206,True,True,True,True
3949135781774,0.011048897,0.039224904,220.88432,1.072992901650353,True,True,False,True
3978043986294,0.010697732,0.03633601,56.010624,1.590200435172158,True,True,True,True
3182267627620,0.0419932,0.03626082,130.85432,1.6737188556077085,True,True,True,True
3307062235272,0.033973325,0.022573847,109.04765,1.662654324559822,True,True,True,True
3361995135652,0.014867438,0.042956397,207.68695,-0.8170254815202468,True,True,False,False
3340391251982,0.12087892,0.12542947,608.31976,-5.499073705873888,False,False,False,False
3271496165810,0.012790389,0.05620523,166.94237,0.6511217483755911,True,True,False,True
3162614349722,0.029417392,0.040189523,101.05764,0.1745019450199532,True,True,True,True
3417576029922,0.050318457,0.030804606,45.68407,3.682504694188124,True,True,True,True
3229259354802,0.038309574,0.04163179,157.41206,1.0637832623054246,True,True,False,True
3415016642602,0.014782442,0.070266515,180.9194,1.4872563246693504,True,False,False,True
3100369316600,0.020271385,0.04961346,140.01721,2.098063046606528,True,True,True,True
3103867203364,0.034083962,0.14147355,323.02646,-2.453256944685545,True,False,False,False
3160704543298,0.071935914,0.0474227,243.7196,-0.2726244844588923,False,True,False,False
3143230208464,0.017884169,0.034101557,110.68458,1.0957089787876262,True,True,True,True
3209593123338,0.044471964,0.047299493,171.02126,0.5325448308047718,True,True,False,True
3069255885956,0.06986523,0.029433511,367.28027,-2.9329463872004755,True,True,False,False
3150860088014,0.04949463,0.04667517,217.60165,-0.5506629861963914,True,True,False,False
3485207665206,0.02179091,0.051054083,328.64615,-1.279981540141678,True,True,False,False
3392801080144,0.029493142,0.04415687,186.2451,-1.2878743994833128,True,True,False,False
3302635757188,0.04758691,0.04868386,129.85442,-0.0700287398367999,True,True,True,False
3696346392230,0.023367777,0.010842159,258.8985,-1.0454946332949524,True,True,False,False
3897652459148,0.004622785,0.028621031,132.1646,-1.3631268360463151,True,True,True,False
1033790056,0.019957483,0.030825213,79.76009,2.1999032995155345,True,True,True,True
3549352600622,0.07264336,0.09073658,552.69946,-2.570410194523264,False,False,False,False
3764625364770,0.005741413,0.038205642,163.61331,1.486280999724841,True,True,False,True
3540753152226,0.010907797,0.018628825,116.34901,2.0038419714150875,True,True,True,True
3603302047176,0.02115752,0.047179677,244.85248,0.5021542583600641,True,True,False,True
3651258378602,0.077845365,0.07553606,73.35053,0.3575356396314417,False,False,True,True
3749995202884,0.07878654,0.04005267,291.35446,-1.8809506063183248,False,True,False,False
3892241643290,0.11033922,0.04802809,454.94574,-4.013122699763175,False,True,False,False
3850025418808,0.0060070474,0.040364478,99.14546,1.7984097816421694,True,True,True,True
3700174677108,0.031689666,0.1061553,249.12126,-3.2371943685242472,True,False,False,False
3904341801454,0.016320437,0.0141235255,134.42352,0.6846631267879442,True,True,True,True
3062921309108,0.04726388,0.05730952,78.2026,0.7228076290278193,True,True,True,True
3013067393546,0.042581387,0.063976996,91.208626,-0.2114189593405659,True,True,True,False
3130548835878,0.07742623,0.04937238,511.6721,-2.3401656325468903,False,True,False,False
3021654823130,0.014900022,0.025173876,107.747116,1.2301976630499367,True,True,True,True
3178509073284,0.017811574,0.03384817,283.13544,-2.751780582131319,True,True,False,False
3392838700812,0.030438747,0.08973375,187.45851,-0.828717717867536,True,False,False,False
3461413798780,0.038568106,0.04426985,172.63452,-0.521704252170444,True,True,False,False
3040402110888,0.010004493,0.039236654,154.18031,1.4988170484678718,True,True,False,True
3163917567412,0.05500629,0.028703423,116.14246,1.285638483211423,True,True,True,True
3157892247800,0.009704771,0.022087464,45.316837,1.8248374691216451,True,True,True,True
3356023164740,0.01959291,0.016899016,197.89087,-1.8905442904780143,True,True,False,False
3335388750098,0.028385887,0.04415658,186.52057,-1.2727033232910028,True,True,False,False
3048950179472,0.07793531,0.0915736,173.803,-1.1504478885552163,False,False,False,False
3111181100912,0.050001852,0.0809945,500.22217,-2.9611762156157546,True,False,False,False
3236925446872,0.06603537,0.02216679,135.98886,1.381684320734316,True,True,True,True
3257243903258,0.06662238,0.012450118,284.94156,-0.496282266781512,True,True,False,False
3339482515700,0.030457646,0.06333945,160.01173,-0.0925189583929904,True,True,False,False
3261367782650,0.14826046,0.06454528,404.00525,-4.139976894146883,False,True,False,False
3432517841228,0.022860233,0.033003155,157.06473,0.741373932991982,True,True,False,True
3377266741556,0.053309307,0.108667664,160.77856,-0.8997281433788791,True,False,False,False
3067082486080,0.026454007,0.09391547,306.67358,-0.743507111783999,True,False,False,False
3061683159974,0.028916085,0.042060684,216.9372,-0.4635265014691934,True,True,False,False
3242669509776,0.040973805,0.04682677,185.66469,-3.023617375570706,True,True,False,False
3297270298964,0.0066397362,0.028161962,33.605335,4.1599343309226064,True,True,True,True
3630646438834,0.048486046,0.06559295,103.42394,0.6113920016713978,True,True,True,True
3539527573718,0.019086754,0.018952584,457.27655,-0.0155714785065459,True,True,False,False
3612558534532,0.009525085,0.03002885,313.84985,2.664229717477241,True,True,False,True
3861176191110,0.0074031255,0.019485557,194.46692,-0.2540926817786458,True,True,False,False
3532878578426,0.02288422,0.028579934,109.83382,0.1881652439526544,True,True,True,True
3562412475668,0.009516964,0.057851087,88.71918,1.8857823748374392,True,True,True,True
3690338184764,0.020816185,0.012211362,50.616352,2.707084231334004,True,True,True,True
3726227042054,0.10990793,0.028924339,138.50488,-5.333856948096479,False,True,True,False
3599219067420,0.012951285,0.04534416,241.95224,-0.5816858360479962,True,True,False,False
3521124620028,0.037278682,0.042162694,139.06543,0.0322788428460211,True,True,True,True
3571934447916,0.13166364,0.040059566,248.13185,-3.762486104569565,False,True,False,False
3696405161150,0.011383666,0.026610369,214.43958,0.5057723649310963,True,True,False,True
3766891248600,0.06455283,0.04928871,126.74146,0.3028137307888763,True,True,True,True
3743717605856,0.11900728,0.22876693,166.8778,-1.434100091766757,False,False,False,False
385630988872,0.11234231,0.12742892,90.69951,-0.4930118192220918,False,False,True,False
440893531614,0.061295882,0.06591148,173.41974,-1.592613744227927,True,True,False,False
110674922888,0.09895354,0.045603015,243.5694,-0.9352192917005168,False,True,False,False
136401804330,0.012394065,0.046943925,130.49411,1.852067333056246,True,True,True,True
190062507876,0.06575476,0.055961367,156.29964,-0.867299815924372,True,True,False,False
18290765008,0.1001021,0.037408985,116.141716,-1.8604365806501797,False,True,True,False
28133859902,0.044960566,0.043689474,227.85669,1.2063912845374003,True,True,False,True
221183676214,0.08183698,0.061875287,182.86913,0.1215958179135305,False,True,False,True
355490654750,0.018510757,0.02573738,233.04796,2.3223790636590587,True,True,False,True
387253743076,0.020113127,0.016021276,216.46619,-0.2721239770478573,True,True,False,False
340257809844,0.048430543,0.053478394,184.06262,4.457211048285403,True,True,False,True
222743709714,0.024048511,0.017944189,85.583786,3.336112796406473,True,True,True,True
121784723224,0.005442261,0.050515886,188.9431,-1.5267372229915113,True,True,False,False
446607934410,0.008535068,0.043502975,166.45164,-0.0942300925649896,True,True,False,False
97976821108,0.13732909,0.06675381,185.7108,0.2912199750141763,False,True,False,True
141803779576,0.0056422898,0.046910856,612.16504,-2.162976355882678,True,True,False,False
267543311844,0.00806103,0.06949847,146.26012,1.5889675457497687,True,True,True,True
271977302492,0.012357031,0.049136292,143.40758,1.1979427341367055,True,True,True,True
719984462724,0.02505959,0.06602182,380.0279,-2.025392591926982,True,True,False,False
687283506124,0.034600276,0.02788628,82.89711,1.535669325818588,True,True,True,True
622191630120,0.025573444,0.07046712,177.9863,-0.2924704418523651,True,False,False,False
641877970584,0.031995818,0.031015163,125.42506,1.2397657811808471,True,True,True,True
788245744624,0.009713867,0.028693585,119.60505,0.7963498905614437,True,True,True,True
867630910696,0.014123773,0.050483115,164.61055,0.3789646858358174,True,True,False,True
902241774974,0.019168153,0.032728195,141.25467,3.1816980648154587,True,True,True,True
793337732288,0.015339172,0.024488883,126.00592,1.5179403521829573,True,True,True,True
860340500428,0.057377297,0.040964037,60.365177,3.4468441455597776,True,True,True,True
617444528530,0.0095836865,0.06094869,187.53941,0.6106226717728277,True,True,False,True
534886154352,0.11151124,0.02997269,254.65697,-2.3839707731710678,False,True,False,False
650779795436,0.020433977,0.028633362,147.89897,0.5223148672299678,True,True,True,True
555214515430,0.0036775426,0.022394765,158.74591,-0.1421826116404727,True,True,False,False
551092576558,0.017125536,0.03454543,198.87532,-0.0845601752183878,True,True,False,False
646664131422,0.049021203,0.039480783,115.52267,3.266047487443508,True,True,True,True
980062675556,0.017559536,0.04863557,205.59827,-0.0727659762763447,True,True,False,False
792726455942,0.011529148,0.011863174,219.02116,-0.7231174257009892,True,True,False,False
940372323462,0.0668047,0.07078282,263.75507,-1.3847765480904113,True,False,False,False
892746516320,0.023853641,0.012590106,217.78867,-0.8995551650096958,True,True,False,False
968945696454,0.034271173,0.018405838,25.6109,2.5322316000777825,True,True,True,True
607276279862,0.049258213,0.016032489,143.0442,1.000135272783732,True,True,True,True
708877287868,0.0053923116,0.060149886,161.55763,-0.2520075431398721,True,True,False,False
775867430978,0.01583281,0.0176,83.44398,1.3840602085482026,True,True,True,True
1002578046114,0.029948754,0.05986716,123.78064,-0.2208556846300247,True,True,True,False
544093000166,0.118033014,0.040703915,327.94012,-2.8768140787696206,False,True,False,False
674916381186,0.030588286,0.03351476,125.44139,-0.1250947375786221,True,True,True,False
620944407456,0.116511144,0.03348405,308.29388,-3.508829836434014,False,True,False,False
697144470424,0.10846082,0.11552011,113.365746,-2.6092162233113627,False,False,True,False
850185380014,0.09652949,0.038786266,204.93681,-2.121296287727528,False,True,False,False
974031561376,0.112198204,0.03786931,136.30167,-2.15185759554091,False,True,True,False
981632763540,0.047052607,0.023630684,185.65503,-1.5675345361849002,True,True,False,False
83075152506,0.009887355,0.0490761,418.5273,1.3887271838311026,True,True,False,True
346307599164,0.04782385,0.050004836,214.70833,0.4796377939916236,True,True,False,True
424424499884,0.08997971,0.044031903,450.5312,-2.613369510278929,False,True,False,False
294886243240,0.115658656,0.056715302,393.86966,-2.2192066408073683,False,True,False,False
459042193370,0.07217504,0.058767725,238.0667,-1.433865144516434,False,True,False,False
140862281340,0.023847127,0.055946756,111.21569,-0.0337152209820762,True,True,True,False
36412793072,0.014239134,0.05200324,164.53687,0.4280131952744764,True,True,False,True
296453155470,0.017148739,0.056555558,131.45866,0.1927715276745133,True,True,True,True
305660933328,0.009063329,0.07819244,204.3772,-1.071559961276688,True,False,False,False
190733132258,0.003218502,0.022463372,73.94906,2.2464133054911324,True,True,True,True
40872914898,0.044092845,0.018709818,160.97806,-1.7874011311426743,True,True,False,False
32294256544,0.013403032,0.04846513,102.56689,0.269963844058233,True,True,True,True
45640327194,0.05802144,0.049382865,193.49544,-1.4861422950451124,True,True,False,False
282830614124,0.076924756,0.07364069,251.1402,-0.3200357820676714,False,False,False,False
304737629180,0.0016499964,0.07318539,224.18095,0.0599840652565102,True,False,False,True
416823626054,0.01562254,0.017150478,75.03242,0.5314127146887411,True,True,True,True
426014116958,0.018101018,0.022820374,84.9907,1.4198801499065654,True,True,True,True
367595628546,0.026689595,0.08810914,130.77507,-1.208053718248482,True,False,True,False
627319022630,0.025927896,0.06573744,328.90964,-0.7293014485018977,True,True,False,False
933397266164,0.09165967,0.06783161,417.39136,-3.886058545397945,False,True,False,False
538427762822,0.03790335,0.06510617,468.04544,-4.058509453512852,True,True,False,False
886109440918,0.056447662,0.048642065,74.25211,4.034205637701078,True,True,True,True
692088921418,0.017963719,0.025047667,106.63792,1.4552455552133532,True,True,True,True
593967883458,0.020090038,0.04140797,131.99492,1.0061922156747447,True,True,True,True
521250763684,0.040820375,0.06435443,187.55104,-0.981905672743342,True,True,False,False
711446528920,0.040056564,0.018731004,229.74556,0.2846207516519848,True,True,False,True
678112170564,0.09560034,0.075853616,140.7641,-3.768677504509763,False,False,True,False
780033645248,0.03225496,0.09445904,172.89574,-0.642496212342153,True,False,False,False
941338795244,0.00089025917,0.04190553,204.54059,0.6210202496568665,True,True,False,True
611772438986,0.011436383,0.012975678,69.1934,2.655488565010658,True,True,True,True
636224175348,0.034783147,0.0509738,152.93802,3.070736299874209,True,True,False,True
712423255908,0.025268912,0.052855164,285.39505,-0.2818832619166569,True,True,False,False
917854158818,0.04547049,0.041256066,158.92273,-1.3096422415502893,True,True,False,False
962625889972,0.05287406,0.03013803,175.63559,-0.7333004358458906,True,True,False,False
1006126734988,0.05523403,0.03611366,251.1674,-0.731665986430757,True,True,False,False
815942108258,0.011789836,0.045408785,122.81415,1.575544921427884,True,True,True,True
781013724382,0.025546107,0.035829417,169.15825,0.2055710338537948,True,True,False,True
18585558422,0.0527969,0.03605831,302.1852,-3.4231135998070887,True,True,False,False
79223990896,0.013235054,0.04744759,182.71547,-0.692568359706501,True,True,False,False
34141015010,0.032165352,0.039867014,303.68326,-3.245848601317645,True,True,False,False
218940905336,0.014886556,0.055250593,381.43314,-0.6830303153915169,True,True,False,False
448817144478,0.047809776,0.059260022,220.59479,-1.3748959989520948,True,True,False,False
265298925726,0.03001788,0.03277873,206.6143,0.5988402021145351,True,True,False,True
351656857052,0.050371304,0.03777461,217.21326,-0.0056412068315954,True,True,False,False
125921984066,0.02143872,0.02613858,146.2747,1.29349977279202,True,True,True,True
14485644276,0.0021739907,0.030193003,70.34102,0.968172281942137,True,True,True,True
94169229114,0.008946027,0.09891143,379.58682,-1.9283041422993263,True,False,False,False
96395271416,0.045790702,0.045064736,147.6762,-0.8643867377420574,True,True,True,False
129427808770,0.06623404,0.02687316,177.281,-1.720764990277987,True,True,False,False
407250702322,0.016187565,0.029346978,131.74748,1.074685830062254,True,True,True,True
400580766632,0.012903877,0.020307373,147.10266,1.4723980845195324,True,True,True,True
228470060388,0.020974647,0.053001333,160.97218,-1.2528848693515937,True,True,False,False
336416553134,0.034339704,0.07394464,157.50815,-0.9679005708647064,True,False,False,False
231026524428,0.009554527,0.045576423,80.99834,1.7867089049138802,True,True,True,True
288807830878,0.012427055,0.1007563,134.26787,1.0142237937183511,True,False,True,True
523446263668,0.05753266,0.03773348,85.799835,0.4637813871758638,True,True,True,True
695547068394,0.10122757,0.0174791,200.67165,0.554235316611012,False,True,False,True
715218819312,0.01457614,0.017338935,216.84393,0.5987622273494576,True,True,False,True
943512750044,0.037905987,0.03479415,187.0088,-1.322610904845113,True,True,False,False
545999030220,0.019744396,0.10209766,244.58772,-0.4175599785050344,True,False,False,False
522821834040,0.01130967,0.061911657,165.08893,-0.6835504836839674,True,True,False,False
861629583550,0.02382697,0.03601152,168.03583,0.6530224142923825,True,True,False,True
924168802524,0.06215037,0.0657137,63.1977,2.158507676171001,True,True,True,True
553930881598,0.03217444,0.03490187,258.17685,-1.8233300185305557,True,True,False,False
633938967658,0.0036080435,0.031094795,206.39911,-0.715804304704224,True,True,False,False
952722697360,0.07301144,0.060084708,215.54567,-2.62660875416106,False,True,False,False
919704901208,0.0801006,0.12795988,236.13582,-1.632615711175042,False,False,False,False
749216568870,0.042209353,0.026749097,155.57532,0.3845745231669797,True,True,False,True
869237666302,0.01767038,0.03943527,184.86072,0.6994505691969255,True,True,False,True
921949338168,0.02591056,0.040817767,138.52722,-0.5645295005698955,True,True,True,False
937508221240,0.0043495544,0.019904163,78.2544,1.9917499584807452,True,True,True,True
974651157060,0.10769913,0.10670111,293.29062,-3.6518239944029216,False,False,False,False
964179272506,0.015015375,0.049483392,198.59969,0.1564573361632264,True,True,False,True
62446258708,0.10660831,0.03241167,284.7178,-2.2598974371794904,False,True,False,False
426007792396,0.073156945,0.035627797,155.26353,1.4986349090098885,False,True,False,True
486645444608,0.006332735,0.039066054,187.2243,0.9364062856646888,True,True,False,True
498086497116,0.04242873,0.041184258,184.54291,-1.8757880052234643,True,True,False,False
67231889780,0.11231484,0.05127823,173.83664,0.009485656096993,False,True,False,True
328227080588,0.037683435,0.03179805,95.2024,-1.3668726604842054,True,True,True,False
338068411910,0.020353772,0.03996435,194.14401,0.0287857356966593,True,True,False,True
460631887694,0.020913802,0.043425128,123.63015,0.8709466661945435,True,True,True,True
419653111554,0.023631012,0.021602739,236.27168,0.3822682369187375,True,True,False,True
462526879324,0.01646711,0.06448841,141.75467,0.7550401963841196,True,True,True,True
38955576218,0.039890587,0.03731904,268.60974,-1.1477703025430188,True,True,False,False
186612254860,0.053443175,0.05651019,213.00769,-1.248473790944304,True,True,False,False
129786255824,0.009962825,0.03345667,261.0799,0.6878401484275222,True,True,False,True
453330945010,0.033373296,0.024863329,117.06486,1.3765551234017417,True,True,True,True
347594567680,0.015192101,0.02834973,76.281075,1.207868863406634,True,True,True,True
323146082126,0.013967578,0.009073297,134.73784,0.1589690892460704,True,True,True,True
641588173396,0.114862725,0.059158944,98.74769,-1.1814796150411693,False,True,True,False
647627731918,0.023245536,0.06512935,97.774,0.0593909339153366,True,True,True,True
801938948684,0.012087056,0.017624822,107.476234,1.1997636436013184,True,True,True,True
776553778360,0.02710833,0.04269673,248.47002,-0.7308942752622978,True,True,False,False
720683286808,0.033103272,0.045732517,98.29234,0.6980082678666152,True,True,True,True
636846491604,0.018665833,0.06922401,135.1048,-0.2036378151126139,True,True,True,False
516206859224,0.01859134,0.026458511,143.33864,-0.81579590372609,True,True,True,False
602887122890,0.01431028,0.033945,29.01139,3.1427403191232,True,True,True,True
798152068954,0.023016453,0.010170537,135.34746,1.1810695278333945,True,True,True,True
890869899330,0.020157963,0.008157384,134.04018,1.165984595319833,True,True,True,True
778777881338,0.007861482,0.040520925,35.993916,1.962058527400102,True,True,True,True
658106623876,0.0134313535,0.04394469,134.90187,0.8385287373468258,True,True,True,True
808609743798,0.02009036,0.048038896,215.26071,-1.2239516260462753,True,True,False,False
842272836240,0.024847569,0.040106498,194.52213,0.4377775501851087,True,True,False,True
610822125860,0.015008113,0.046557236,224.33894,0.517743806495178,True,True,False,True
752441941308,0.016773121,0.042660438,242.70818,0.479036952134173,True,True,False,True
1360739293934,0.02240439,0.021550136,121.19837,1.277776656476769,True,True,True,True
1381387115832,0.015455617,0.04323434,288.26013,1.4159949998678651,True,True,False,True
1013385139130,0.10543275,0.07240267,301.12045,-3.4105558983973125,False,False,False,False
1032129605592,0.004423897,0.03077232,162.00447,2.235877275447427,True,True,False,True
1213113007156,0.061654545,0.03758572,76.6334,3.1952418649984056,True,True,True,True
1064842834580,0.015738828,0.025470823,291.78143,0.2321498412680995,True,True,False,True
1196605847998,0.043370616,0.06352781,136.451,-0.3863850304681423,True,True,True,False
1268036960466,0.0904737,0.05769098,122.41308,-0.6402177025711764,False,True,True,False
1415369012470,0.11983975,0.04613135,307.32736,-3.7552403959374905,False,True,False,False
1420453012186,0.049546678,0.086655825,162.29437,-0.9751419727352046,True,False,False,False
1324567566404,0.038629618,0.061553884,235.23325,-0.5178407202759838,True,True,False,False
1408704167866,0.009914046,0.012343545,146.4705,0.942013531823852,True,True,True,True
1397282822684,0.08368109,0.055693764,167.52856,-2.8474969779825394,False,True,False,False
1135297525416,0.01851704,0.050184663,163.0178,-0.8713230187569722,True,True,False,False
1042285837132,0.022894017,0.03160002,206.27303,-0.9284516620538446,True,True,False,False
1187400188276,0.04812311,0.0636918,210.006,-0.477395623432396,True,True,False,False
1108008470930,0.0193983,0.026046284,133.57304,1.2743771115524345,True,True,True,True
1376315214514,0.04611165,0.01878076,179.78792,-0.1782730205818242,True,True,False,False
1422672453578,0.04602168,0.022020556,275.11374,-2.641716521618138,True,True,False,False
1567124622902,0.053223994,0.06030804,135.74301,-0.366273188476634,True,True,True,False
1696676462544,0.02911783,0.039019622,149.83698,-0.8574882032154557,True,True,True,False
1844331174484,0.03513741,0.053048708,111.79846,0.1673281259970628,True,True,True,True
1926243926272,0.017265964,0.02378352,177.92032,1.378999908057548,True,True,False,True
1984029365982,0.044781495,0.030637817,100.22241,0.6270101587368596,True,True,True,True
1707804707102,0.030018989,0.04500419,183.25346,0.0653811243307384,True,True,False,True
1895784761342,0.048207074,0.062409475,138.32246,1.5094777242091026,True,True,True,True
1769413692266,0.0127387205,0.0479604,111.045074,2.0302192640543497,True,True,True,True
1930717103172,0.025424566,0.09103684,172.17525,-0.7601028723569571,True,False,False,False
1572848224014,0.07951118,0.029035581,184.40543,1.222824145949556,False,True,False,True
1734782039332,0.059226144,0.039645113,233.26099,0.6827161913989559,True,True,False,True
1825898938954,0.013056126,0.027551418,54.29685,1.6823055474535673,True,True,True,True
1921473920768,0.033278383,0.04574657,163.06538,-0.3084970181847629,True,True,False,False
1595719089272,0.050414875,0.019130772,257.4745,-1.206639231025069,True,True,False,False
1678910186778,0.055348676,0.018435745,342.2474,-0.959123949961566,True,True,False,False
1947848921006,0.03708295,0.03548448,350.17172,-1.2925455289819348,True,True,False,False
1068020629970,0.0126480535,0.013653539,185.0731,0.1086092884907716,True,True,False,True
1009605467372,0.008245952,0.04849989,101.014626,1.7604004639435291,True,True,True,True
1012147896228,0.055237606,0.032991976,551.33856,-2.376908757986964,True,True,False,False
1201708872768,0.008187018,0.07487688,267.00342,-0.7802651494879621,True,False,False,False
1462709154194,0.011431839,0.14490642,301.20853,0.0234678880874851,True,False,False,True
1187440027606,0.07400135,0.08584775,325.65643,-3.6060739281783536,False,False,False,False
1027713557850,0.01498636,0.053519756,139.44438,-0.5390229919818028,True,True,True,False
1054068877348,0.0072435807,0.03498664,283.36893,-0.270068700960123,True,True,False,False
1059791696698,0.02696757,0.0410464,203.09485,-0.4103954523128567,True,True,False,False
1057891969436,0.024976134,0.037343286,167.80696,0.589462807106217,True,True,False,True
1015643186834,0.09018136,0.0212978,179.81801,-2.7164970903959498,False,True,False,False
1129317438652,0.011421443,0.06131961,126.61226,-0.0813906823073669,True,True,True,False
1102960103796,0.023632694,0.04365757,198.77782,-0.5185739722987418,True,True,False,False
1016913721384,0.010061571,0.024124674,96.4119,1.1388748703014409,True,True,True,True
1132173859428,0.030376147,0.042998344,173.62193,-0.1588615089225714,True,True,False,False
1284257118488,0.023811389,0.022206232,87.82404,2.003390910730862,True,True,True,True
1263626232354,0.011845055,0.026837112,122.3373,-0.1770243518054098,True,True,True,False
1499865421878,0.016273838,0.041888487,203.04944,1.5463606562107124,True,True,False,True
1049309278580,0.04707684,0.04984218,267.0919,-2.290157725685713,True,True,False,False
1048046758560,0.02593319,0.033951424,148.34209,-0.4353999065695401,True,True,True,False
1232519856658,0.023163516,0.04255241,267.45572,0.4937801968457838,True,True,False,True
1329052688750,0.023642333,0.062397648,168.90352,2.1231006411336653,True,True,False,True
1276975982412,0.0032736645,0.021612141,67.26843,3.0330421625882327,True,True,True,True
1347473915630,0.009635479,0.06278886,210.74039,0.3622522455899778,True,True,False,True
1430977769598,0.07098039,0.025501834,54.247616,-1.371786466812443,False,True,True,False
1549714900102,0.046466514,0.05080217,249.3495,1.318520022745593,True,True,False,True
1793874348058,0.02847468,0.0444705,179.11024,-0.9302104110321356,True,True,False,False
1794187760676,0.036160283,0.06423728,189.66626,-1.6944222171884125,True,True,False,False
1806579054512,0.062224712,0.020086028,108.72546,-0.6688295229736185,True,True,True,False
1982478583098,0.0665692,0.028350823,201.05515,-2.2943637275040927,True,True,False,False
2004719573922,0.015972687,0.03875882,108.897896,0.7701774569565112,True,True,True,True
1984077220892,0.03334246,0.035049126,129.0425,1.1637539201949916,True,True,True,True
1577663994366,0.056630008,0.03702249,167.55864,-3.6366448629073527,True,True,False,False
1748486326652,0.039333086,0.096743494,231.5142,-0.9406279472260526,True,False,False,False
1767225550250,0.11010174,0.061298307,550.33636,-5.411722319058611,False,True,False,False
1761838016718,0.018220067,0.040151134,183.18051,-0.1229591449059742,True,True,False,False
1830420270652,0.0104411775,0.03733294,195.42278,0.3292490090575749,True,True,False,True
1878359012076,0.0105909975,0.024944136,126.585526,0.976498844356754,True,True,True,True
1694811940252,0.017678656,0.023739116,177.23506,-1.0562915753299629,True,True,False,False
1885955805620,0.023293193,0.05117203,113.12979,1.8368117114875688,True,True,True,True
1862139588216,0.010254156,0.041135576,127.32468,1.953412262765556,True,True,True,True
1772601241892,0.020028362,0.038310446,218.75682,-0.8278567314812787,True,True,False,False
1905319889188,0.051648464,0.028091291,138.43552,-0.0124620883544566,True,True,True,False
1728797441984,0.008701835,0.0045823506,44.875687,3.5742944917257384,True,True,True,True
1519887753126,0.014630648,0.013924922,89.16039,2.3410101173142825,True,True,True,True
1844377014648,0.036138818,0.015104376,266.10107,-0.3275445134771878,True,True,False,False
1915504039840,0.019917822,0.03642587,137.11063,0.6182601024245379,True,True,True,True
1801518189990,0.031673145,0.063385576,139.52478,-0.8039218559360451,True,True,True,False
1870097143318,0.031203011,0.07298936,247.94965,2.203753609667099,True,False,False,True
1256586940462,0.008258128,0.021034867,489.26874,0.95709968053996,True,True,False,True
1199444605594,0.014960478,0.036169186,99.29966,2.009549751353344,True,True,True,True
1285800117098,0.013026828,0.027905548,147.2758,0.8772693490896426,True,True,True,True
1363906710628,0.0631096,0.10208014,179.3924,-1.4687694612889275,True,False,False,False
1260089918294,0.02187569,0.033280324,188.53891,0.9987116010509054,True,True,False,True
1184214305718,0.033603538,0.05483589,138.77821,0.7659196688913368,True,True,True,True
1425537090276,0.024012376,0.043101165,92.33295,2.3135741117918176,True,True,True,True
1297887573932,0.10003237,0.05105094,169.9004,-0.4856867675001536,False,True,False,False
1428717809364,0.0171777,0.051013548,154.14342,0.530278833746164,True,True,False,True
1030845518886,0.03415458,0.061577413,285.33755,2.2886236434128198,True,True,False,True
1251831601394,0.050743118,0.040039238,137.53368,-0.0375422408505591,True,True,True,False
1305815067652,0.012009477,0.032779884,82.94134,2.320888595759063,True,True,True,True
1478543831056,0.076960966,0.055816453,339.9263,-1.233742618640706,False,True,False,False
1455054936244,0.013312393,0.03868448,176.60849,-0.9613814274850558,True,True,False,False
1042923752380,0.024915364,0.10489843,316.75858,-2.410941947375081,True,False,False,False
1003867482474,0.06676165,0.090947516,174.1859,-1.6732171452704965,True,False,False,False
1414413912596,0.03365858,0.0110381665,136.24692,0.2061387297720491,True,True,True,True
1394738760682,0.07410735,0.03040682,485.99054,-1.6229506265897908,False,True,False,False
1502687345686,0.039936136,0.08586001,239.43127,0.1080156478276921,True,False,False,True
1703337000850,0.042526286,0.07519214,209.12448,-0.5899089848159735,True,False,False,False
1663657686586,0.05052438,0.022865586,536.75476,-2.3297058804015305,True,True,False,False
1586831857196,0.060734596,0.046432957,255.58174,-0.4223525974924145,True,True,False,False
1668751890870,0.12192538,0.053641576,534.35114,-2.8165942240115345,False,True,False,False
1666527563534,0.040841393,0.043487377,104.16198,-0.6045315971500504,True,True,True,False
1688451664558,0.02092342,0.03954635,165.71376,-1.704223296660015,True,True,False,False
1913873904214,0.030435026,0.026387954,71.69299,3.936943500820652,True,True,True,True
1948495528964,0.055731434,0.083882764,194.78156,-2.0880465037279228,True,False,False,False
1955159568366,0.014651208,0.03434787,102.522415,2.189424942601977,True,True,True,True
1774815314952,0.07019721,0.121552,404.1329,-1.6922090973168231,False,False,False,False
1523956649456,0.07004446,0.07282096,190.3284,-1.1116720994785572,False,False,False,False
1527443271988,0.015148845,0.016575577,113.43174,1.5287390401780692,True,True,True,True
1660804469002,0.016875936,0.05541547,206.44037,-1.3891177536260728,True,True,False,False
1862744919838,0.12881182,0.05126709,193.71216,-2.7788730091241294,False,True,False,False
1788433447234,0.019186828,0.008039193,189.5442,0.4140433625636557,True,True,False,True
1648425371678,0.07983401,0.04062413,548.84875,-3.13742199005321,False,True,False,False
1530004750424,0.015606645,0.019647116,147.44637,-0.3909708466218523,True,True,True,False
1918961482916,0.030129073,0.046422385,150.1626,-0.1378481764390337,True,True,False,False
1770684103366,0.041406892,0.06382721,165.78667,-0.2662991216442749,True,True,False,False
1975485511580,0.062489033,0.058495272,292.5203,-2.1164493395009467,True,True,False,False
1770676065858,0.009844743,0.034475956,159.33887,1.7990555404208015,True,True,False,True
1801805776894,0.121160224,0.056490988,143.38353,-1.8874461330034071,False,True,True,False
1946912769370,0.026155813,0.04605557,195.18599,-0.3889546890704346,True,True,False,False
1964050559048,0.012291944,0.06844078,141.71458,-0.7422469826142906,True,True,True,False
1258854059046,0.012124642,0.032747522,212.55907,-0.833605802745516,True,True,False,False
1197893192912,0.01746791,0.052812867,134.09872,-0.678536778506091,True,True,True,False
1081688407776,0.16797143,0.06431842,315.95175,-2.2958464726250707,False,True,False,False
1133438825334,0.05704545,0.039777968,203.46248,-0.6995830715737541,True,True,False,False
1159798882524,0.013792479,0.025045602,410.8061,0.961300969004906,True,True,False,True
1296953460074,0.024196893,0.035748012,119.32999,2.8285332987267893,True,True,True,True
1316004181278,0.020627318,0.03480452,132.9977,1.6904739054662363,True,True,True,True
1483027236878,0.015698655,0.053699374,249.73325,0.4420886850675037,True,True,False,True
1121382011856,0.027618766,0.058389083,337.73584,-0.2776624869109001,True,True,False,False
1183953082342,0.022576623,0.05944874,221.54149,0.1513412195947158,True,True,False,True
1438591144444,0.07700312,0.091521695,108.73069,0.1293841004538253,False,False,True,True
1324931987776,0.01537015,0.034105644,40.50272,1.8214756310316105,True,True,True,True
1134701926706,0.048406888,0.034594197,100.58943,0.9296275879714944,True,True,True,True
1214401764800,0.053019755,0.05937553,218.90916,0.1686446223448393,True,True,False,True
1002304579266,0.049826957,0.037603747,281.88922,-2.702512751045881,True,True,False,False
1335382277020,0.0080231875,0.028585365,47.933037,3.871310685597369,True,True,True,True
1072184556022,0.0112522775,0.08559148,180.0242,0.0470063397557302,True,False,False,True
1436690007050,0.045888975,0.03438499,137.56015,0.943390862020724,True,True,True,True
1553517432752,0.009383205,0.010214197,38.63888,3.01743740201163,True,True,True,True
1678941486428,0.0118448455,0.055331722,104.7827,1.6813750192602244,True,True,True,True
1894847525866,0.025932776,0.06574429,53.550304,2.1165069657909377,True,True,True,True
1887858079502,0.015958222,0.04541725,175.67842,0.5417339158953889,True,True,False,True
1572582013008,0.06215795,0.09231844,179.71585,-0.9180843621774226,True,False,False,False
1734214310148,0.03908424,0.013573982,161.51468,2.9233413369566685,True,True,False,True
1521452096838,0.067875884,0.070496574,162.24898,-0.537070529323561,True,False,False,False
1635118008116,0.014969963,0.046985865,336.0491,7.7367996588535615,True,True,False,True
1578283288860,0.041409995,0.058832392,166.7095,-0.3167544192611959,True,True,False,False
1648462920236,0.064112954,0.021510862,168.60854,-0.8853295863593029,True,True,False,False
1601801062944,0.08064285,0.07406009,370.019,-2.134986580191574,False,False,False,False
1814857007740,0.03643579,0.0423479,88.849014,3.1034502176848875,True,True,True,True
1972667597668,0.1224524,0.052910555,277.13983,-3.1631779665959234,False,True,False,False
49783356198,0.0115491925,0.024902351,249.15231,-0.6425238945783228,True,True,False,False
4376459830,0.016179949,0.008431439,29.85097,2.77426367874606,True,True,True,True
378105110494,0.02723018,0.037747312,186.3682,-0.8254126439990052,True,True,False,False
57425181610,0.051762022,0.038417928,333.15817,-3.0650907690223246,True,True,False,False
92356716136,0.023542015,0.037956964,213.7345,-0.6703204812549691,True,True,False,False
240633642112,0.017697759,0.035209473,163.82498,0.8611778545474398,True,True,False,True
488924352346,0.017205574,0.040171623,263.44803,-0.6266623544671959,True,True,False,False
273021589496,0.026095739,0.033059616,130.66223,0.7448790861233152,True,True,True,True
223777059972,0.018613085,0.025393134,108.632614,2.071554854089548,True,True,True,True
205687870738,0.06578806,0.03658859,120.736984,1.901533926236376,True,True,True,True
26286727598,0.028535727,0.062919036,242.4391,2.200168504039226,True,True,False,True
14857746640,0.04443633,0.024826072,267.20538,-0.1606015159278651,True,True,False,False
166317911522,0.021321356,0.03216381,257.26697,1.1853992936470945,True,True,False,True
273307409002,0.02925157,0.03857539,261.27338,0.0627170556832872,True,True,False,True
175219054722,0.015382771,0.034901492,215.56424,1.952867484208227,True,True,False,True
75841367508,0.025697328,0.065627635,183.29324,-0.4633478643150302,True,True,False,False
77748957202,0.03274854,0.041376665,105.975815,1.582691298725354,True,True,True,True
243494347558,0.034192506,0.041382834,50.721504,2.080018458044913,True,True,True,True
365419708824,0.019225784,0.039282504,200.95706,-0.5952590807978975,True,True,False,False
570835995182,0.008710499,0.020505074,93.92904,-0.0066384773417966,True,True,True,False
711495188550,0.02109096,0.07134292,116.60458,-0.8341655120261864,True,False,True,False
795955557974,0.06618941,0.06972722,154.68924,-2.632031653432533,True,True,False,False
875649198126,0.03354829,0.04886934,156.70853,0.4465122121055686,True,True,False,True
690247732056,0.016661728,0.043079212,300.68884,-0.1914007017692089,True,True,False,False
528303057290,0.027245132,0.12983663,162.72095,-0.7062813067852528,True,False,False,False
738815693230,0.09470979,0.08169033,321.59512,-3.045639928011771,False,False,False,False
639120234386,0.07323776,0.03679518,207.47101,1.3819382703068364,False,True,False,True
895355672526,0.05836608,0.043452553,60.587673,2.06116466482626,True,True,True,True
784538774544,0.01708644,0.026743453,159.02527,0.4067423041104077,True,True,False,True
763878227758,0.0009378264,0.0418825,205.88,0.9805966554954004,True,True,False,True
960421872654,0.09803321,0.033976775,108.02839,1.1286957952256185,False,True,True,True
983294652638,0.0144378925,0.029895434,147.34135,0.7781399391041574,True,True,True,True
894074129146,0.04071757,0.023270406,293.69012,-0.6911390346435439,True,True,False,False
565130616718,0.03349225,0.03489851,237.99185,-0.7567772032582148,True,True,False,False
532434598860,0.027703524,0.014047172,81.62816,-0.1516519871950228,True,True,True,False
557202973232,0.024922637,0.076688275,328.65628,-0.0126532964819046,True,False,False,False
702944073550,0.0028298323,0.02938969,112.39467,1.139507501769005,True,True,True,True
645468997950,0.050118882,0.053875774,154.45705,-2.4185248982499505,True,True,False,False
995061792640,0.028790213,0.042285517,227.0806,-0.0979070910703252,True,True,False,False
975696727762,0.036462933,0.024112787,164.60872,0.6265784845777748,True,True,False,True
123811229522,0.0693792,0.06838629,131.96873,-1.2774218088242184,True,True,True,False
243503216082,0.030603515,0.079291,87.36542,0.1793617051071607,True,False,True,True
272741692150,0.057359863,0.06513959,150.91609,-2.01375342349165,True,True,False,False
271794576250,0.06378623,0.041051842,101.639595,-1.202641251149911,True,True,True,False
162859512972,0.026721645,0.028166594,179.35326,1.1462150049578392,True,True,False,True
82206535656,0.029661138,0.037742574,161.50197,-0.8964884080773178,True,True,False,False
270817169902,0.011858417,0.038439978,189.62396,-0.640581331744441,True,True,False,False
378452846880,0.0824021,0.034224864,195.80067,-1.836556049784971,False,True,False,False
183197223286,0.026529001,0.035097536,309.2911,-2.473549217941789,True,True,False,False
244480625018,0.062059212,0.06803735,162.52335,-1.0955575301696532,True,True,False,False
401026527276,0.07610996,0.04066558,148.80171,-0.3884446434547056,False,True,True,False
290837688306,0.013412974,0.0599528,63.378506,1.9501362224825765,True,True,True,True
325131965340,0.048315957,0.02607009,38.039925,2.589911779959161,True,True,True,True
689629802808,0.0909274,0.0628836,269.47293,-2.6076843015682547,False,True,False,False
555638279126,0.010684364,0.049828723,176.67288,0.5084790106310344,True,True,False,True
854733701164,0.020370347,0.019964708,121.276886,1.4946506086898022,True,True,True,True
809335951804,0.07975898,0.025682973,93.27554,-0.668715383724336,False,True,True,False
947453623296,0.0041770893,0.008760114,37.988174,3.621643082907857,True,True,True,True
976350690506,0.01945946,0.071228474,239.34671,-0.8731461511529608,True,False,False,False
537543166658,0.060771566,0.08279798,186.52577,0.1034386192666072,True,False,False,True
703940581098,0.06018813,0.06485397,336.95987,-3.2836690645416806,True,True,False,False
871260567652,0.03465498,0.05467334,265.55276,-0.761793787469935,True,True,False,False
588014281656,0.023675496,0.039736196,142.19221,2.444494904038611,True,True,True,True
709618015854,0.018091898,0.04555577,453.05594,1.5386254122388612,True,True,False,True
505468154170,0.030865343,0.03630716,119.287384,3.7019482572250353,True,True,True,True
909977293648,0.040505752,0.06100309,166.39796,0.6018018978186864,True,True,False,True
549930454270,0.0613227,0.03388213,428.34335,-5.024672427857894,True,True,False,False
516916740638,0.015414917,0.024933493,160.18085,1.2375824874059609,True,True,False,True
790291809684,0.023682574,0.054553747,189.76833,0.1271858210291072,True,True,False,True
24704950206,0.00953081,0.012584468,42.44361,3.580236464193873,True,True,True,True
336503944750,0.032685135,0.013899655,66.45966,1.2790132686880336,True,True,True,True
454303839810,0.026944779,0.033499792,277.7497,-1.09545477161693,True,True,False,False
315549212790,0.07914356,0.04646332,133.97974,-1.5929911931432243,False,True,True,False
227617366360,0.059069846,0.09717857,145.20528,0.7133131774826184,True,False,True,True
306357487356,0.017575508,0.039580178,195.80351,-0.7371190291427208,True,True,False,False
293655830848,0.008677632,0.07148711,203.79591,-0.7140671582750308,True,False,False,False
161870037826,0.037391193,0.04153001,265.74857,-0.2067724462006501,True,True,False,False
226960403958,0.025667064,0.037271056,117.89841,1.2159148140089862,True,True,True,True
298725341508,0.028198637,0.024557043,42.53842,1.162594103076909,True,True,True,True
425094621976,0.026713494,0.04599912,264.75568,1.1586215293684348,True,True,False,True
19631787738,0.029048849,0.03516842,204.24858,-0.5216174497640995,True,True,False,False
100604251514,0.021663625,0.049655862,261.89926,-0.6278040634233314,True,True,False,False
138398103328,0.11724487,0.05702307,191.93407,-2.8808504016746275,False,True,False,False
316521657030,0.047876358,0.026606994,171.7751,-2.4146019855892007,True,True,False,False
269201601594,0.008679996,0.014358085,83.4361,-0.1039107799916736,True,True,True,False
516536827446,0.040133663,0.029417051,92.07994,-0.2788502056090631,True,True,True,False
563536365504,0.00928515,0.022153296,207.94441,1.0258796676718092,True,True,False,True
859133826278,0.06401431,0.038962826,86.22701,-0.3150503597298376,True,True,True,False
942013703090,0.04548473,0.021169528,140.73938,0.5628032818322567,True,True,True,True
804848011568,0.09935406,0.03739612,166.27303,-1.7908146553302426,False,True,False,False
791196768738,0.052532353,0.02369121,150.49072,0.4015153362741692,True,True,False,True
711820472440,0.034765016,0.041331254,191.56232,-0.2660568609076485,True,True,False,False
754687159918,0.019105017,0.056493096,119.94881,4.58264892403896,True,True,True,True
628960504738,0.08107069,0.055740833,227.68542,-3.0746799794970814,False,True,False,False
989650749448,0.07335464,0.04168051,282.67923,-3.156056119384687,False,True,False,False
922022189862,0.02280352,0.057074767,198.3074,-0.631563036418727,True,True,False,False
972520470152,0.062222295,0.050515704,120.27783,2.299526184431476,True,True,True,True
942983777592,0.012264973,0.031823277,158.3398,1.0582321511501536,True,True,False,True
561308509456,0.016542286,0.019365765,213.09624,-1.4085879613921652,True,True,False,False
517493572198,0.023159245,0.023750158,177.8113,-0.162444620576748,True,True,False,False
485743814882,0.011467851,0.06460294,161.97878,-0.1257580403354458,True,True,False,False
681328297950,0.024648344,0.056083325,183.8809,0.2858594925126384,True,True,False,True
725150015044,0.025862997,0.02344146,113.3441,0.8757229706784251,True,True,True,True
798489523808,0.0065305037,0.030295262,138.58354,-0.1928831276452608,True,True,True,False
773102640346,0.01117578,0.07644312,315.8926,-2.37172313735598,True,False,False,False
790554648964,0.08593053,0.05524276,192.03023,-3.016226763194227,False,True,False,False
712467005458,0.037772745,0.05111426,185.72678,1.91046100418517,True,True,False,True
720726103902,0.02513256,0.025208965,220.95613,-0.5574905809574577,True,True,False,False
785815864000,0.015316546,0.053982716,121.133446,0.8914731761214894,True,True,True,True
820423855856,0.009906082,0.019704366,137.7221,0.5321228444533057,True,True,True,True
886788130974,0.011181932,0.02875772,154.01576,0.528297243240744,True,True,False,True
203509987240,0.013310809,0.056756377,87.54146,1.3174110307808429,True,True,True,True
118088993192,0.03884785,0.054605395,198.24472,-0.5193885758342862,True,True,False,False
149207717438,0.020029021,0.020960087,76.63088,2.164233568860034,True,True,True,True
404164407936,0.0048820577,0.015681474,21.558777,5.436488631480226,True,True,True,True
384813529502,0.11018132,0.05508941,252.49649,-0.6426973999546477,False,True,False,False
427344149560,0.04231098,0.027957164,133.40646,-0.0855677455828864,True,True,True,False
447663993066,0.010470465,0.028899774,106.10246,1.3480545760795104,True,True,True,True
457837535630,0.014100453,0.05298642,143.50734,-1.6566879657995823,True,True,True,False
56186478318,0.04504588,0.054819383,262.2238,-0.2446021359045091,True,True,False,False
149218325960,0.06983498,0.070797116,282.88776,-0.6759316412094196,True,False,False,False
243202431270,0.019429145,0.054207046,239.87718,1.285543485369499,True,True,False,True
146673630426,0.06105165,0.038758297,183.71738,-0.0706902221108346,True,True,False,False
260355341720,0.031928323,0.049039293,254.63193,-2.010939896651718,True,True,False,False
246709843606,0.0642014,0.065291,132.64288,-0.8588082679121587,True,True,True,False
355928710174,0.0345028,0.03484403,180.08517,-0.0886181149767437,True,True,False,False
292431262042,0.01657893,0.021517107,147.74739,0.630357920657663,True,True,True,True
328951102128,0.004045205,0.00863517,121.86817,1.0049644315962305,True,True,True,True
109838086720,0.0082049845,0.02344159,52.83513,1.3587204345193948,True,True,True,True
123814913244,0.021722194,0.05326137,219.89006,1.4275339510926577,True,True,False,True
407051674582,0.027485033,0.02936561,366.40408,-0.8795100455157445,True,True,False,False
512454628534,0.03120139,0.023777576,41.601257,1.593123616997678,True,True,True,True
574681518084,0.09262888,0.032195207,255.56201,-2.724785383981813,False,True,False,False
519126178170,0.009471324,0.014653562,341.97733,-0.3203531554475542,True,True,False,False
725191215152,0.014048418,0.039458755,89.75416,1.545753507652877,True,True,True,True
766464177626,0.059996806,0.07105627,300.1003,-3.467783860253532,True,False,False,False
888386213906,0.040127993,0.046796918,46.22696,3.753216295232674,True,True,True,True
781071685694,0.024533084,0.0462211,187.52481,1.223964778211342,True,True,False,True
594384768176,0.01226076,0.042459466,179.09218,0.8992860905652531,True,True,False,True
555333537572,0.03211757,0.025439987,101.53892,-0.3358627177878981,True,True,True,False
596929590394,0.00582994,0.07584657,78.01157,-0.9299234200432622,True,False,True,False
910635141492,0.059805635,0.047819335,99.40709,-1.1307428791276828,True,True,True,False
765536439490,0.014980929,0.0925505,305.56567,0.2442428300937163,True,False,False,True
909979388552,0.030609181,0.06700338,92.45532,-1.2046563583740442,True,True,True,False
922677140484,0.013565746,0.04210617,150.63348,1.3387241709202995,True,True,False,True
981104121892,0.007403648,0.032716326,149.88216,1.501210042503626,True,True,True,True
817930089080,0.1036298,0.07982822,277.58102,-0.6848341843710084,False,False,False,False
1130935328752,0.14690745,0.061881293,149.2881,-0.7677794864597465,False,True,True,False
1225246228008,0.06632291,0.12397049,319.13367,-1.4874524591934677,True,False,False,False
1400827277752,0.019956622,0.02836392,97.8523,1.5507634867618432,True,True,True,True
1404947528782,0.016516993,0.04623997,221.41795,-0.902910870683472,True,True,False,False
1437658111646,0.0141847255,0.022383207,141.25766,1.543099928920031,True,True,True,True
1474173642326,0.021046417,0.026620943,260.23355,-0.0223676914737527,True,True,False,False
1248750165656,0.12792198,0.10250805,131.02913,-2.703073517162168,False,False,True,False
1378615266068,0.041491095,0.06349015,238.30203,-1.605562106576266,True,True,False,False
1441164186366,0.06717455,0.101156734,337.20148,-1.3094469213662832,True,False,False,False
1324957940300,0.03257763,0.04064707,215.54997,-0.3247560236773987,True,True,False,False
1391322114982,0.019683136,0.050018415,150.38235,0.250184163225241,True,True,False,True
1099811691132,0.047192045,0.061,208.84729,-1.712620219416411,True,True,False,False
1187772392632,0.034732614,0.043962386,131.03386,-0.3831906813276965,True,True,True,False
1505606459370,0.018085392,0.065048754,127.2323,-1.389653478758592,True,True,True,False
1450681723698,0.07300164,0.070233725,222.16325,-1.939445413511606,False,False,False,False
1034738865026,0.04955522,0.026034152,154.8865,-0.618323715572096,True,True,False,False
1426241856714,0.011314876,0.038178742,107.40595,0.4821102554458384,True,True,True,True
1669142060716,0.059638616,0.034355626,202.64523,1.0853549762873596,True,True,False,True
1830109756406,0.02988462,0.060175028,137.61972,1.150817639803157,True,True,True,True
1520240626794,0.0098053105,0.01714646,82.84904,3.033263978999494,True,True,True,True
1649152965570,0.0765063,0.024951069,133.40236,2.002107218519934,False,True,True,True
1674229335750,0.09753637,0.04666634,266.88785,-0.933385375153146,False,True,False,False
1611052658330,0.013766872,0.07888338,105.584755,0.605177440028132,True,False,True,True
1717107639366,0.015365063,0.034399588,193.74359,-0.9583254333209932,True,True,False,False
1820611598636,0.017120376,0.03128686,260.13535,-0.1198043059401542,True,True,False,False
1807273440846,0.101118654,0.02361135,222.57935,-0.8366836797679291,False,True,False,False
1936820290486,0.042226173,0.01695286,137.45445,-0.5117031986208324,True,True,True,False
1524969862204,0.038606543,0.04778976,217.51663,-0.0145161697923735,True,True,False,False
1707863473826,0.044801425,0.03606249,126.31378,-0.0699955004455602,True,True,True,False
1571010263230,0.01285597,0.034384448,183.16005,0.5736621743307007,True,True,False,True
1629763029692,0.025138684,0.04940749,140.93327,-0.3485995837892998,True,True,True,False
1810116077250,0.027408017,0.054422364,134.08795,1.7888180954653627,True,True,True,True
1739319247988,0.028231597,0.038960915,140.69756,-0.3051633715756619,True,True,True,False
1493872937526,0.033285387,0.021660827,189.87793,2.0502853274530684,True,True,False,True
1761226212372,0.02895866,0.06911049,71.93892,2.0538855451597837,True,True,True,True
2001587390904,0.0072933463,0.01570736,34.330334,4.368674803453676,True,True,True,True
1789499277282,0.014503908,0.03595281,217.34497,1.125616797227475,True,True,False,True
1957148047790,0.056913,0.06541,222.14134,-1.2865263250970282,True,True,False,False
1796804531204,0.019158669,0.048245367,293.3257,-0.8648691786331505,True,True,False,False
1150341721246,0.02778052,0.034664545,167.41866,0.5840969688342008,True,True,False,True
1180183990148,0.02112848,0.032310784,149.92332,-0.7240873236207808,True,True,True,False
1077314239166,0.01458959,0.017522974,83.299126,0.4077156646955672,True,True,True,True
1084300611766,0.013666887,0.05464599,125.280396,0.2508739861058254,True,True,True,True
1090972689808,0.028723277,0.05699231,198.16917,-0.6406243370874916,True,True,False,False
1264658649194,0.027533695,0.04253218,315.50378,1.612322326015844,True,True,False,True
1240224704560,0.0134292105,0.025808308,57.9318,1.6975027310989352,True,True,True,True
1285623738738,0.015599496,0.08919393,150.62648,0.0704505099392696,True,False,False,True
1492657337760,0.040128153,0.04899637,90.72449,2.8790165410365978,True,True,True,True
1105564926670,0.044002686,0.05612621,131.94746,-0.3040286676715706,True,True,True,False
1149716536212,0.05304574,0.04515048,104.27445,1.1576898808881817,True,True,True,True
1047153141994,0.0139805265,0.02668616,189.01485,-0.098784004374016,True,True,False,False
1271631817666,0.05021163,0.033770382,155.91283,-1.0539195870291722,True,True,False,False
1447863557534,0.026655335,0.10450883,346.3851,-0.4748912355780265,True,False,False,False
1418324924678,0.1188768,0.06276785,368.50253,-3.842557550548878,False,True,False,False
1490717569470,0.005213888,0.0075230934,46.659187,3.0639995302925493,True,True,True,True
1117650494958,0.0049017468,0.030040585,176.36534,1.1574376038750602,True,True,False,True
1346599121422,0.022561679,0.028767284,108.33843,1.733126492050333,True,True,True,True
1322464956062,0.050464235,0.02351037,76.837425,0.9638542516399472,True,True,True,True
1466938799126,0.015226501,0.03748141,107.98916,2.293786047466592,True,True,True,True
1408833470888,0.011693962,0.041825645,133.35281,1.1265692706500037,True,True,True,True
1672983093522,0.040015753,0.043307588,180.62666,0.3029488896604788,True,True,False,True
1651707792622,0.005672099,0.008785379,98.785255,1.922081709381791,True,True,True,True
1549786795642,0.020556435,0.02327212,223.99098,0.3101566708191137,True,True,False,True
1521524794614,0.08964819,0.03264862,260.98477,-3.698629033716265,False,True,False,False
1840323316084,0.0091673145,0.023312872,169.35324,-3.224081844684134,True,True,False,False
1916846089406,0.044124447,0.043971322,125.40258,2.590417932060247,True,True,True,True
1985095905268,0.0106268795,0.020992141,172.82161,-0.4866855355708314,True,True,False,False
1499317169088,0.04494745,0.018716812,179.77509,-0.5129404465917181,True,True,False,False
1783491973568,0.018199615,0.05994377,151.18279,0.7675723216779728,True,True,False,True
1775235194228,0.03516608,0.03860619,230.31445,-1.4465959508908477,True,True,False,False
1665685477814,0.007346404,0.024754995,73.580925,2.1692018882783497,True,True,True,True
1639325799228,0.076112606,0.07859622,578.75366,-2.9664622402411207,False,False,False,False
1582497128718,0.030959142,0.036758956,204.25063,-0.9618585924897766,True,True,False,False
1786014395206,0.016644575,0.033594385,54.412724,1.824480314018748,True,True,True,True
1817139998338,0.023461016,0.017221397,58.001656,2.4276105285135845,True,True,True,True
1526302034794,0.010338983,0.04325934,103.50911,1.84684263283674,True,True,True,True
1723483895088,0.03782186,0.03004874,178.19691,1.9285741163335928,True,True,False,True
1866379437300,0.010765419,0.037261654,70.22755,1.0488966058900286,True,True,True,True
1872409948108,0.106363505,0.112884335,375.17654,-3.5501771874386567,False,False,False,False
1753979802450,0.0071946424,0.021887528,100.3527,0.1196409547484613,True,True,True,True
1030274384518,0.045564234,0.031402238,235.14073,-1.0287777892552217,True,True,False,False
1128394792928,0.014761421,0.015407584,107.081505,1.2283192053066432,True,True,True,True
1110937290970,0.017546698,0.042620845,154.27997,0.9246357673340496,True,True,False,True
1209049031480,0.03247833,0.010593825,91.763275,1.8231366136564195,True,True,True,True
1323041634102,0.00918291,0.029505828,120.73303,0.5965136698566615,True,True,True,True
1514817868568,0.009746173,0.04978993,253.94888,-0.4593955231710282,True,True,False,False
1321450254610,0.015798504,0.024355613,135.01276,1.217492247029067,True,True,True,True
1053483736306,0.04075102,0.041334815,251.86615,1.5609176914714475,True,True,False,True
1401489763296,0.020670865,0.03059499,137.37909,-0.0534519407362773,True,True,True,False
1410067491144,0.022198506,0.032947294,152.39334,1.060996021671856,True,True,False,True
1055052361510,0.07004736,0.039356403,425.5956,-2.0901448839800505,False,True,False,False
1100779299770,0.020464137,0.025726715,184.24696,-0.7846162217443526,True,True,False,False
1151577685982,0.019537302,0.056634896,374.50827,-1.0864373915322425,True,True,False,False
1218259657994,0.045240667,0.04246015,321.2406,-0.7721968646098403,True,True,False,False
1394158227980,0.030168777,0.09356847,173.52408,-0.0598538794769891,True,False,False,False
1485929446092,0.04548645,0.09929669,101.09321,0.1555236216749804,True,False,True,True
1243676302198,0.012161383,0.061796278,120.512024,-0.8210808485841368,True,True,True,False
1282424200068,0.0036925832,0.038773466,253.65854,-0.9587737609158918,True,True,False,False
1362753811902,0.027137367,0.03842273,172.38512,0.0279922086538621,True,True,False,True
1307811360914,0.022455815,0.07728368,859.9105,-0.7719985123082707,True,False,False,False
1269723073356,0.020816322,0.06301578,230.67334,0.5608417729504871,True,True,False,True
1688181520134,0.06337946,0.093525566,99.49423,-2.630215725346544,True,False,True,False
1955845410956,0.01615618,0.035319433,72.10133,1.3432222966086302,True,True,True,True
1891387112504,0.0526787,0.04852373,192.46516,-0.1544506777322746,True,True,False,False
1708204154068,0.0173009,0.044112105,196.29977,0.0780505101837634,True,True,False,True
1565324262082,0.027718162,0.025447544,350.25174,-2.354171022457096,True,True,False,False
1699642329142,0.015721738,0.031435277,147.84773,1.2205008679884646,True,True,True,True
1797757520584,0.07869434,0.069449045,211.26956,-2.7059229609008044,False,True,False,False
1986667859204,0.04121433,0.08619396,230.82402,-2.49807983760912,True,False,False,False
1574839355222,0.030739859,0.041464638,223.15259,-1.2676477802883124,True,True,False,False
1651043324572,0.013570864,0.056522023,148.14459,1.3247958779125073,True,True,True,True
1967277241636,0.033872467,0.049030304,286.2281,1.2657494291525069,True,True,False,True
1859647361352,0.028172018,0.04722693,205.85739,-0.1274489558898496,True,True,False,False
1934264913720,0.008811489,0.015554299,193.50449,-0.0323092497087356,True,True,False,False
1997132136032,0.013708611,0.015014704,121.85283,1.614503613164468,True,True,True,True
1987607089940,0.011422193,0.027539823,114.87352,0.3621265565216571,True,True,True,True
1637709903540,0.057031456,0.027793234,195.07599,-1.1613935059670777,True,True,False,False
1871087858534,0.033111125,0.07332216,184.43538,-1.79541548686662,True,False,False,False
1916502115390,0.070637725,0.02005724,347.5551,-2.9530027617268813,False,True,False,False
1118905984798,0.008879155,0.023892578,191.05334,-0.8312295724752854,True,True,False,False
1082087197308,0.038011685,0.089465976,280.22824,-1.7362367169440538,True,False,False,False
1003963745274,0.05056221,0.076069735,1232.0763,-1.4743742329472522,True,False,False,False
1074779072184,0.0894319,0.067935824,205.89417,-3.270667077076673,False,True,False,False
1073513074450,0.014386234,0.037696723,148.48677,0.1479858315728903,True,True,True,True
1231634153362,0.100253336,0.032923087,385.9043,-3.4293259497765405,False,True,False,False
1484052044416,0.05887364,0.017341588,176.18912,-0.5370216683370246,True,True,False,False
1385953685596,0.010430634,0.019275388,41.787083,2.1509512444355803,True,True,True,True
1198626210512,0.004548247,0.03096067,166.41376,-0.4262249101152756,True,True,False,False
1294842102878,0.07989541,0.042877898,145.80176,-0.9013421366355798,False,True,True,False
1480596141362,0.017571542,0.040558398,162.0138,2.532271664123825,True,True,False,True
1481535976382,0.029848354,0.07147894,347.1453,0.5194851957407549,True,False,False,True
1016351084246,0.022894053,0.06436363,165.98796,0.0521210530330683,True,True,False,True
1226860040336,0.025321946,0.027739702,318.06006,-2.3814384060278178,True,True,False,False
1079857024402,0.0741558,0.08369703,175.5033,-2.076388411912246,False,False,False,False
1343708331568,0.023157751,0.04928346,196.61435,0.5100298320601425,True,True,False,True
1482474072126,0.014149736,0.05896313,153.9412,3.048277640677908,True,True,False,True
1146867503378,0.13703492,0.09866501,214.60867,-3.183166896017116,False,False,False,False
1088449643924,0.005865703,0.031013813,143.79025,1.3120643524036637,True,True,True,True
1058609643976,0.019006794,0.054315407,155.37997,1.0082032337629037,True,True,False,True
1085598717754,0.011242502,0.03290525,76.456535,0.855882046804032,True,True,True,True
1202437914220,0.04893175,0.062507,263.38702,-1.0691391338410272,True,True,False,False
1205296375414,0.024763549,0.06411704,177.82344,-0.6243228874760436,True,True,False,False
1099882128982,0.07784322,0.121818505,163.1553,-1.5997415845855607,False,False,False,False
1084640589836,0.026208943,0.031621587,276.4524,-0.3681509670204638,True,True,False,False
1179584966634,0.017513953,0.02987323,209.00258,-0.7308963156812954,True,True,False,False
1416769659890,0.052468974,0.10610366,276.67303,1.1193111571972083,True,False,False,True
1662814268204,0.013888233,0.035137698,181.46774,0.1695243561029889,True,True,False,True
1794592678108,0.06768632,0.045043696,368.9028,-2.865534449437355,True,True,False,False
1915245489542,0.12530418,0.03181606,1992.2526,-4.362772272628682,False,True,False,False
1900326081910,0.0052943463,0.016665602,41.332855,1.8728785795275336,True,True,True,True
1954933776458,0.05435713,0.08025726,266.71942,-2.092170021074361,True,False,False,False
1962872658878,0.017385656,0.05822479,174.57806,0.4559697205548889,True,True,False,True
1651087070056,0.037585285,0.075604126,177.85191,-1.1024022200256598,True,False,False,False
1942900221286,0.017519224,0.024241049,225.59491,4.665260637083941,True,True,False,True
1780001222958,0.024762703,0.032481775,114.69009,2.4614171393270685,True,True,True,True
1583121889482,0.05512896,0.024891404,90.70477,-0.5494097542064466,True,True,True,False
1547880798766,0.005348833,0.03669425,143.89464,1.573532366821488,True,True,True,True
1539298989202,0.035633147,0.054713406,165.15479,-0.3422834630198367,True,True,False,False
1900642293024,0.018488629,0.037323553,126.64976,0.3468011028923586,True,True,True,True
1917467426020,0.0052349344,0.037398703,54.439095,1.6138289493385678,True,True,True,True
1599648124756,0.016272483,0.023776537,143.41025,1.1720895633874728,True,True,True,True
1710152545494,0.008976787,0.032720678,37.12637,2.914828182171565,True,True,True,True
1693648308820,0.017575333,0.03066249,105.3717,0.0401377600396773,True,True,True,True
1786677712196,0.07460731,0.043976545,88.73231,1.2910904005714905,False,True,True,True
1776201216196,0.024189692,0.055445243,115.56243,0.7870298819179733,True,True,True,True
163700669068,0.07908855,0.057313398,392.6507,-1.487005311676774,False,True,False,False
435179260986,0.065896496,0.060885288,103.26694,0.7288245411606633,True,True,True,True
235792627124,0.007904963,0.034647625,182.80466,0.5077051015727508,True,True,False,True
348181375982,0.035663802,0.05771571,371.56277,-0.2205795760779716,True,True,False,False
308815625422,0.023423694,0.07668191,36.73333,2.5954758896189736,True,False,True,True
449470609234,0.01588561,0.025128588,60.506786,3.2100901829708026,True,True,True,True
135745579282,0.069752775,0.0434297,190.45734,-1.8251382190775445,True,True,False,False
225291436362,0.13755104,0.09324277,327.85468,-4.316226274469847,False,False,False,False
284354010824,0.04326556,0.045382597,795.40533,-0.777966165903603,True,True,False,False
501859923190,0.04141859,0.0523747,92.8963,-0.2311215044589108,True,True,True,False
409139321262,0.0047922144,0.060300045,150.16331,0.3576321062085879,True,True,False,True
497725990696,0.038867466,0.06239137,173.4553,0.6938466075221337,True,True,False,True
55118909830,0.057882726,0.03217604,100.04105,-1.2720416868208413,True,True,True,False
222776727578,0.029068736,0.06319738,152.91347,1.1082833175804605,True,True,False,True
106229777718,0.11211043,0.047123995,225.05347,-3.0274976343129625,False,True,False,False
77665451546,0.044136155,0.04789057,127.05648,1.421239091273737,True,True,True,True
366917804004,0.007969946,0.06611716,174.86813,0.2526647818342742,True,True,False,True
427577732614,0.08439949,0.13284451,155.20172,-2.885217987627604,False,False,False,False
560907427884,0.080129355,0.07663398,232.46834,-1.7450692232213725,False,False,False,False
558995504534,0.057104077,0.025293823,98.844246,0.0590760607190314,True,True,True,True
649503471698,0.007974005,0.041393522,136.08629,-0.3385270366590738,True,True,True,False
676491261044,0.058206026,0.02350661,370.08212,-1.1013255053672488,True,True,False,False
1000347472642,0.16139944,0.05485586,301.6907,-1.0783919189798783,False,True,False,False
861605949656,0.05310516,0.030265458,123.7525,0.9696581827056596,True,True,True,True
880339327732,0.1483293,0.10352899,328.2805,-3.758486942473408,False,False,False,False
667924519958,0.0100724455,0.039226394,90.33501,0.401560282725242,True,True,True,True
736514384590,0.021359673,0.019833053,156.2425,-0.2461784901625084,True,True,False,False
969893927394,0.041128203,0.06783855,218.9815,-0.964088807592482,True,True,False,False
797481601346,0.008519722,0.012413472,68.980125,1.8183300369947133,True,True,True,True
953701214684,0.012707436,0.026399141,49.07362,1.6719190773394232,True,True,True,True
608217883892,0.105178654,0.032985527,186.81429,-0.8651037066153293,False,True,False,False
695542008174,0.05401488,0.042824768,175.78032,-0.4763819379310727,True,True,False,False
565691875988,0.07440705,0.037681416,237.49294,-2.845190059226884,False,True,False,False
503138445594,0.037390653,0.03743878,184.38785,-0.3503770095573767,True,True,False,False
708577690708,0.0142727215,0.025323806,177.2323,1.8421414309687865,True,True,False,True
493303843598,0.01559438,0.10079933,176.39647,-0.9268490582700032,True,False,False,False
579672937618,0.08826555,0.064090386,111.48959,-0.99360675449681,False,True,True,False
688573477632,0.028669821,0.016965719,192.8544,4.684567334598964,True,True,False,True
753981867304,0.0252517,0.031258356,135.4289,-1.0699999093995318,True,True,True,False
850507769538,0.042414144,0.052140113,232.42874,-0.3562949253214402,True,True,False,False
4973982424,0.038646724,0.0498792,131.99254,0.7345750033650112,True,True,True,True
219934871584,0.07002539,0.100680575,131.09354,0.8834879169608689,False,False,True,True
377415946350,0.050197408,0.043842353,161.96135,4.360576283355631,True,True,False,True
294870575446,0.021878123,0.03628421,238.04254,-0.4185125710657859,True,True,False,False
88491369068,0.044827208,0.012671943,119.99498,-0.420445785342202,True,True,True,False
369510126996,0.01788932,0.014826047,45.042744,1.691744645648572,True,True,True,True
393002096868,0.0058875354,0.024764912,39.39921,2.9264626740285955,True,True,True,True
417133364906,0.02451204,0.053731233,149.54169,1.6659580680452375,True,True,True,True
429521306738,0.010640892,0.024000015,85.24665,0.1639997733713754,True,True,True,True
1482549422,0.056593247,0.055991955,214.33858,0.5523265590826278,True,True,False,True
36715375988,0.035892595,0.03691918,327.23532,-0.7311268838997445,True,True,False,False
140243805212,0.0436681,0.0637547,209.96042,-2.047936050707595,True,True,False,False
421230382032,0.018182449,0.025087383,170.42758,0.9127225747759168,True,True,False,True
71030996536,0.007995165,0.08247769,420.1897,-2.2630032732757845,True,False,False,False
18648587470,0.01658416,0.02870675,379.07697,1.5577065329951798,True,True,False,True
363783302172,0.019843068,0.024679316,42.1714,2.63154692291301,True,True,True,True
318702720158,0.007583484,0.020365547,68.0556,2.819507014403067,True,True,True,True
241232351132,0.06997093,0.032863397,199.6671,-2.139482943206124,True,True,False,False
381259099978,0.019141745,0.053796202,160.67352,0.2136361909770039,True,True,False,True
733047494196,0.017450474,0.015983948,241.14133,-0.1963812029654106,True,True,False,False
684462826686,0.014092705,0.04152725,153.47324,1.193668734316204,True,True,False,True
528564135826,0.014772918,0.023252398,200.27094,0.3908006613271653,True,True,False,True
875289246354,0.038631387,0.058142014,267.10394,-0.7064928476887252,True,True,False,False
796546228202,0.0344631,0.03118442,50.871365,2.918705801426994,True,True,True,True
640989323896,0.073407836,0.028693255,493.08264,-1.7260797351261985,False,True,False,False
719092364742,0.0088397665,0.01163559,75.30034,2.509166463791071,True,True,True,True
763539772114,0.021685882,0.04396759,210.22168,-0.584474458769135,True,True,False,False
908340382868,0.04074321,0.03440282,125.92526,0.3497729310310769,True,True,True,True
954382169060,0.029137673,0.009499003,203.86748,1.124357660323399,True,True,False,True
571111186706,0.12609111,0.05148349,228.49188,-0.9191565472738968,False,True,False,False
753678912612,0.049026717,0.049539786,175.89876,-0.0824424585701728,True,True,False,False
543492794100,0.08320958,0.029896861,107.36608,-0.5834059737659674,False,True,True,False
947705127748,0.032279786,0.031616166,212.27698,1.210067066808278,True,True,False,True
811820251838,0.06507201,0.06516784,294.9151,-1.5619475230499984,True,True,False,False
366271551718,0.022676066,0.06193803,48.385517,2.522294210257588,True,True,True,True
457086404746,0.052022632,0.025722774,210.51352,-0.6480450189588073,True,True,False,False
395485433430,0.036012556,0.061241996,230.96071,-1.787142855643944,True,True,False,False
227525290764,0.011264925,0.026296215,85.79192,1.254446069489355,True,True,True,True
85258642304,0.063890494,0.023485428,153.49721,-1.1499947679587603,True,True,False,False
12227077494,0.0891468,0.055044457,218.77795,-1.5147880738220605,False,True,False,False
225289725484,0.08992654,0.066737436,249.09186,-4.5038667244257935,False,True,False,False
276725167864,0.009100225,0.026203057,199.71135,0.5927122462606867,True,True,False,True
443425763404,0.025922943,0.032156833,257.79456,0.3220805372596449,True,True,False,True
409137408588,0.018993475,0.05263714,66.27789,-0.0817770645352631,True,True,True,False
451055869556,0.028892908,0.06840443,156.93933,-0.7428293089116357,True,True,False,False
339275197084,0.016890833,0.027593853,117.939026,1.3650381355181869,True,True,True,True
308154810316,0.017258639,0.030068511,164.66216,-0.5442924147537063,True,True,False,False
115447436376,0.012299193,0.03824757,22.12675,3.3250495507517384,True,True,True,True
424712343912,0.016875139,0.03671082,223.77072,1.3644145526827365,True,True,False,True
391050915342,0.055280235,0.03355239,461.2475,-0.8513366666383789,True,True,False,False
366603413290,0.04227712,0.005874963,140.87183,1.1448298206092105,True,True,True,True
637421838470,0.07716792,0.020677315,265.65817,-2.4534126396572304,False,True,False,False
614880489406,0.04008315,0.051814053,75.51663,-0.3952227255661598,True,True,True,False
618387749682,0.04329532,0.11358438,236.87415,-0.6778077200701687,True,False,False,False
586331988074,0.018934617,0.08599624,130.61087,1.5725170832232551,True,False,True,True
654597805858,0.03213328,0.028239995,90.056885,2.05359072462622,True,True,True,True
639029825568,0.002064952,0.12726831,159.13403,0.3140018785722608,True,False,False,True
727622618108,0.017991832,0.03961364,116.19419,1.9634868373465533,True,True,True,True
639033101998,0.042486027,0.0438045,175.18373,-0.4977460518962457,True,True,False,False
663171576744,0.11424947,0.07413936,124.57774,0.1573572887663864,False,False,True,True
945446554992,0.058910515,0.045485087,608.68854,0.5679983497745567,True,True,False,True
921954636136,0.028177,0.038290195,531.02356,0.1356693010823555,True,True,False,True
756496174610,0.06559142,0.034419455,504.8658,-2.208776284501333,True,True,False,False
630123114462,0.024476657,0.02186144,166.15298,0.7461011773704965,True,True,False,True
626326432144,0.017707968,0.044817474,126.67873,1.5839459900328696,True,True,True,True
899692150836,0.01594902,0.028409272,255.42697,0.6039219195331588,True,True,False,True
622850695490,0.039920684,0.06956015,270.6224,-1.3175474369891456,True,True,False,False
539977849938,0.010207482,0.0131621985,107.02482,3.3837069540343374,True,True,True,True
841935111736,0.025710935,0.03328568,63.502754,1.663677162849037,True,True,True,True
778438974304,0.009278669,0.04388911,331.3398,-1.1652437423653,True,True,False,False
174204862686,0.03152844,0.040232297,226.47887,-0.8387380104032098,True,True,False,False
225335461554,0.016315626,0.037202463,218.79588,-0.7608230003517706,True,True,False,False
203741582556,0.013006552,0.03505564,186.15683,-1.9710427410181657,True,True,False,False
309155097270,0.105504334,0.06664823,131.8,-0.755421911540687,False,True,True,False
374573516310,0.0039233486,0.019558959,159.62497,0.7607327740846157,True,True,False,True
7217188806,0.073477,0.03634708,546.6087,-3.484216622639882,False,True,False,False
12620347386,0.027175581,0.03849309,165.19383,-0.7719980447476485,True,True,False,False
216462769302,0.006455717,0.02334379,145.37225,0.9614521271816788,True,True,True,True
356169376828,0.06369395,0.03341281,155.13194,-1.7010063428557665,True,True,False,False
287565200130,0.041638482,0.03770506,98.30779,-0.4172192096690987,True,True,True,False
468861484830,0.010917567,0.060248792,129.17184,0.645063331700866,True,True,True,True
64047877540,0.11002347,0.037453607,198.2216,-0.3930947922086687,False,True,False,False
234557554330,0.008100819,0.017768987,27.971088,3.466917671219308,True,True,True,True
230754118498,0.045906886,0.032142837,264.10315,4.052237221819413,True,True,False,True
220912560884,0.059355784,0.029446166,237.59161,1.414442066961573,True,True,False,True
208196943826,0.0877882,0.051229462,240.62987,-1.8891908513899216,False,True,False,False
163441340936,0.029406155,0.17180136,554.00574,-3.782704821592604,True,False,False,False
350141587598,0.04587295,0.030049331,151.73335,-1.5466190493296117,True,True,False,False
289815509948,0.028980428,0.10356676,173.00049,-0.6671170940118767,True,False,False,False
534603167298,0.09001462,0.036725163,195.25201,-1.6038674518651654,False,True,False,False
627633402966,0.10594135,0.027756333,307.25418,-0.4587369112284275,False,True,False,False
644469270892,0.014320458,0.045996547,123.030594,-0.6507933617911164,True,True,True,False
764498331622,0.016874334,0.036804724,108.20191,2.4784893645631385,True,True,True,True
597141026118,0.1230675,0.02372016,286.04666,-2.9167250114074648,False,True,False,False
796547114722,0.014241692,0.02407014,296.60156,-0.7130385876745071,True,True,False,False
868937465842,0.014923787,0.082617305,335.9849,-0.9557946168056431,True,False,False,False
879098005148,0.10768497,0.11319162,229.4665,-2.2991640948007106,False,False,False,False
712102568618,0.10096434,0.059017573,157.55107,2.8043252277686896,False,True,False,True
550806240506,0.018997408,0.03503554,265.4449,0.1722486159377905,True,True,False,True
604155900000,0.1509001,0.061553676,568.92145,-4.06454905019462,False,True,False,False
856584903886,0.041690063,0.029718442,201.4989,2.079991435479773,True,True,False,True
865479496018,0.012611419,0.033519175,89.15764,1.8303692446456967,True,True,True,True
1364237941488,0.020798903,0.029819472,237.09508,-1.4226172321548085,True,True,False,False
1506170616610,0.056348428,0.087590866,294.78766,-3.548432698969986,True,False,False,False
1429013559498,0.030209998,0.0271259,114.61143,0.8462012164915789,True,True,True,True
1327394736122,0.025981037,0.039732892,18.244736,5.280638309966402,True,True,True,True
1399480696736,0.014533171,0.051643267,154.38518,0.2394076908707475,True,True,False,True
1127700989298,0.02418565,0.02334642,213.21849,-0.6585021447106358,True,True,False,False
1055621883540,0.0586806,0.039970953,137.14748,-0.5078298825355121,True,True,True,False
1192470659458,0.05292704,0.03971665,70.12007,-0.2739916256861558,True,True,True,False
1104530849884,0.022793984,0.043648876,247.65018,-1.945225975931036,True,True,False,False
1061333715694,0.0224524,0.05882506,263.86298,0.1730182839698509,True,True,False,True
1068959337132,0.009429694,0.014489375,127.884605,1.8007003994743456,True,True,True,True
1403312280932,0.085509226,0.033369992,187.75053,-1.3415134441595424,False,True,False,False
1210865123848,0.054464027,0.007321962,176.24876,1.0110373678061548,True,True,False,True
1050519893706,0.11351138,0.0677324,217.23006,-1.6974317621177664,False,True,False,False
1241987905906,0.02009465,0.054781944,140.97469,1.3324558427050872,True,True,True,True
1160390809806,0.02518477,0.025200507,181.26003,-0.26473205058283,True,True,False,False
1258174722242,0.015710447,0.013600613,289.908,0.652785240692276,True,True,False,True
1438528702526,0.13292877,0.112777635,209.8779,-2.287218045666776,False,False,False,False
1400757506640,0.0061059883,0.04566132,80.13281,0.5032512863327112,True,True,True,True
1403920409510,0.03667905,0.036066413,143.53522,-0.351002058422415,True,True,True,False
1138171036582,0.043589693,0.052694917,272.82605,-0.1710271371585936,True,True,False,False
1244541900414,0.12316455,0.08245925,231.96335,-2.1802632103103035,False,False,False,False
1282328417896,0.008659571,0.045289323,218.25438,0.7539364858433756,True,True,False,True
1463947614788,0.015387304,0.046124347,267.10306,0.667060965881473,True,True,False,True
1435695164054,0.024252784,0.023881532,119.55275,1.6673896527388623,True,True,True,True
1338848717266,0.05390355,0.051494922,223.18501,-1.2057010677060933,True,True,False,False
1845907566610,0.039703008,0.029130545,358.31204,-4.853222707585676,True,True,False,False
1992295954036,0.02168039,0.041251443,172.6705,0.8301649380658882,True,True,False,True
1932600279122,0.06572333,0.025224527,50.368195,1.4669929362077618,True,True,True,True
1942752578824,0.035263922,0.041021414,178.19543,0.0423965661246951,True,True,False,True
1991970195028,0.055850238,0.10431599,151.49794,-0.903880042020046,True,False,False,False
1536664632800,0.067535274,0.03526189,112.91297,-0.8683564520078726,True,True,True,False
1543650577234,0.075487494,0.0668899,66.782135,0.5056792245965502,False,True,True,True
1596675484862,0.014835033,0.051411465,154.87727,0.027522948959521,True,True,False,True
1567788523478,0.010056278,0.02213314,56.827686,1.611620682781893,True,True,True,True
1932942469658,0.06327615,0.040801145,61.382236,0.927502265896905,True,True,True,True
1953896723820,0.0026989654,0.017409438,155.07419,-0.1565135460853228,True,True,False,False
1935160473768,0.019070638,0.03632513,178.36708,-0.2265613399243227,True,True,False,False
1650640555370,0.008636677,0.02663417,161.43651,0.955791701430344,True,True,False,True
1719869919486,0.021032771,0.051789172,124.86441,-0.411520902052565,True,True,True,False
1690666420354,0.042649068,0.042784415,146.21736,-0.074308009068447,True,True,True,False
1551275922360,0.010585773,0.03397347,273.8773,0.2157067759284149,True,True,False,True
1745599196270,0.013160303,0.03498393,137.76865,1.4373156762383292,True,True,True,True
1976110373742,0.005294128,0.033783115,94.74769,-0.0930477238568616,True,True,True,False
1118510423534,0.005528854,0.016903268,120.34954,1.1215889425694665,True,True,True,True
1207428145006,0.02558178,0.03224139,126.72627,-0.0101945212730929,True,True,True,False
1062307418490,0.019688522,0.02772326,61.026283,2.5721614621583315,True,True,True,True
1022312070346,0.024593264,0.052659888,232.32236,-1.7981280765454808,True,True,False,False
1215380130666,0.026002137,0.029505534,106.220116,1.6684702559183064,True,True,True,True
1116945075952,0.037924804,0.023002572,265.0432,2.1944624358406863,True,True,False,True
1479562289508,0.03957456,0.067963906,113.14775,2.1051137927450183,True,True,True,True
1470034270602,0.019824585,0.037964646,40.97846,1.6914872815583828,True,True,True,True
1435742816864,0.073011875,0.030378316,153.09697,-1.2864106182518276,False,True,False,False
1051840322320,0.010551331,0.06735274,401.21472,-0.1307577249725438,True,True,False,False
1223293436804,0.08281388,0.058528334,205.47984,-2.924272089912889,False,True,False,False
1464606645304,0.021764698,0.03731221,132.02733,0.693294720831177,True,True,True,True
1269016795620,0.01718864,0.02432923,141.57117,0.5619089622452883,True,True,True,True
1253140821258,0.04060087,0.048935503,303.10443,-1.623412334922047,True,True,False,False
1492241873494,0.066545196,0.05183004,223.02042,-1.4053243696422646,True,True,False,False
1048679385694,0.080309354,0.046558563,402.90588,0.3594794003957339,False,True,False,True
1011204164272,0.015418622,0.023358976,114.03909,1.6558224777784596,True,True,True,True
1002001149144,0.058836024,0.045162246,66.408516,-0.254464681549972,True,True,True,False
1132508471260,0.053473677,0.05469549,367.63553,-1.9343530773673008,True,True,False,False
1346189552462,0.024717225,0.054686293,432.9117,0.88733301084893,True,True,False,True
1735454933932,0.029012874,0.05991085,96.39005,1.3042626699764734,True,True,True,True
1865952327138,0.036763903,0.013962871,158.97002,1.804493660428718,True,True,False,True
1545593270876,0.11773743,0.03673887,194.9613,-0.9141324715532276,False,True,False,False
1539571050290,0.11805651,0.03377151,221.61414,-2.6450412805852794,False,True,False,False
1588785768674,0.023482896,0.01989535,39.56966,3.778334888514489,True,True,True,True
1638640288832,0.017232902,0.023701575,180.09512,2.659800377809266,True,True,False,True
1851044284492,0.022849351,0.031437673,114.54517,0.897807107341714,True,True,True,True
1808196900586,0.07954862,0.05803541,177.67903,-1.0399514356659254,False,True,False,False
1718303739750,0.028036162,0.04971037,80.09289,0.6982361737791922,True,True,True,True
1624000577150,0.07573052,0.036569048,201.78964,-2.682166004612207,False,True,False,False
1593837664452,0.02504358,0.040959314,117.27523,1.7888787481321369,True,True,True,True
1618920786684,0.033759624,0.029581698,178.8249,3.3262531999764278,True,True,False,True
1869447619218,0.027245391,0.039879527,201.43813,-0.5608184345973364,True,True,False,False
1945009467380,0.031142037,0.03392361,230.349,-1.2861501657857204,True,True,False,False
1706263885268,0.016752178,0.021130225,241.4304,-1.9606212436809136,True,True,False,False
1517657257314,0.0384453,0.050385866,154.72432,3.210312060575553,True,True,False,True
1882174627368,0.13734083,0.02316559,437.77917,-2.976984278009806,False,True,False,False
1105781453146,0.053489216,0.04009631,168.60172,0.4078164666006036,True,True,False,True
1231837144880,0.015703997,0.042350993,221.8514,-0.8156168843743344,True,True,False,False
1331846998810,0.01602366,0.023049874,252.3156,-1.1753841331860029,True,True,False,False
1214699355584,0.018945709,0.0423293,334.34106,2.567602102401805,True,True,False,True
1057219289234,0.008542382,0.009378572,186.00352,0.4408577953062536,True,True,False,True
1181689271572,0.004169577,0.020294871,70.353966,2.693267499187135,True,True,True,True
1379808974962,0.06949679,0.038430855,186.32518,0.6377576511986238,True,True,False,True
1327738744952,0.018772949,0.013381532,161.42108,0.4098629160555599,True,True,False,True
1396003629036,0.1009173,0.062824905,99.22198,-1.3675644120853725,False,True,True,False
1318858818716,0.0665786,0.027775252,197.5682,-0.9828708017345602,True,True,False,False
1158808253152,0.019538533,0.08769997,137.75804,-0.1539272594750695,True,False,True,False
1477899195004,0.03477507,0.070967965,224.77438,2.4983651406484584,True,False,False,True
1373757121170,0.03368011,0.01942115,211.37286,4.5539023271342085,True,True,False,True
1344864363990,0.033909902,0.047041003,102.78296,-0.5234342945462291,True,True,True,False
1442019108536,0.008202407,0.020266386,159.0373,0.7717608456029252,True,True,False,True
1075310093568,0.048462015,0.0976452,360.82083,-1.0876374673625753,True,False,False,False
1012444333582,0.028968073,0.017509636,104.503654,1.5852114111329725,True,True,True,True
1188040781760,0.008229035,0.040788457,176.13345,0.1827995482257286,True,True,False,True
1195648838796,0.031076634,0.056562502,210.94638,-0.789142101777,True,True,False,False
1496987061018,0.007758008,0.041119944,295.43454,-0.537587766039209,True,True,False,False
1414426595210,0.016634237,0.020691514,79.586555,1.159409230071842,True,True,True,True
1614432717496,0.012978464,0.034221843,78.77364,1.9636435765836528,True,True,True,True
1740175148338,0.023421947,0.03750799,246.52055,-0.628416131232753,True,True,False,False
1706201591956,0.05511667,0.035122037,388.88174,-2.3553069659185044,True,True,False,False
1634124780126,0.0180357,0.022714993,92.536766,1.2058684208490449,True,True,True,True
1801770954850,0.010771697,0.031370543,129.18771,1.792080641080373,True,True,True,True
1610966835726,0.01580161,0.02945446,171.03743,-1.2559438906468947,True,True,False,False
1558581051336,0.01995577,0.037088923,152.84898,0.5046914057193805,True,True,False,True
1704643527132,0.010645544,0.03290502,80.48491,1.3180714120040644,True,True,True,True
1918653216370,0.03439977,0.023218019,209.21996,-1.3538049671524577,True,True,False,False
1771948166626,0.02713491,0.024200661,431.47467,3.2929828218743125,True,True,False,True
1648726467432,0.02302984,0.062243555,163.98117,-0.0257425605423804,True,True,False,False
1678893739930,0.023497194,0.01930881,102.931145,0.891453767392127,True,True,True,True
1641743370936,0.07105846,0.037041344,390.27927,-0.8428679891029993,False,True,False,False
1518873236074,0.02059463,0.04905367,224.13916,-0.4496673572372001,True,True,False,False
1579838966770,0.04930373,0.049335897,785.86786,-1.5542239158160085,True,True,False,False
1785581467844,0.00401259,0.033612452,64.36928,0.7485948239697202,True,True,True,True
1909103526412,0.06412496,0.06320634,130.79103,-2.424420375159148,True,True,True,False
1962433581572,0.050915822,0.06687814,204.52785,-0.1403075042904227,True,True,False,False
1893867657788,0.0148994215,0.045021147,117.3094,0.1996511552855858,True,True,True,True
1539840240320,0.029878302,0.04901144,233.55286,-1.8857502551132408,True,True,False,False
1925956556158,0.0039178217,0.04065971,161.114,0.6046493977348012,True,True,False,True
1885618513690,0.041691396,0.057628006,171.45682,-0.2214542306550357,True,True,False,False
1125174491266,0.056349907,0.13710763,149.1103,-1.1954094406715083,True,False,True,False
1018186933072,0.0146561945,0.05010776,176.22247,0.7723793420875312,True,True,False,True
1016598753622,0.021012727,0.0693281,126.8292,0.8354048072314119,True,True,True,True
1193132516356,0.032406803,0.02199532,172.21188,0.5088761020308149,True,True,False,True
1311571230248,0.020016009,0.030672336,101.702354,2.5383685954520336,True,True,True,True
1306165528992,0.011421446,0.023233308,149.01855,1.365616630802777,True,True,True,True
1196960622184,0.019086711,0.0601133,112.03352,-0.0057840303575372,True,True,True,False
1026776933536,0.0595241,0.020730965,282.141,-2.159992128240863,True,True,False,False
1306826069970,0.044230632,0.0072543584,342.31238,-2.57712439147394,True,True,False,False
1079770166166,0.008801298,0.06181281,175.36711,0.2645059553955945,True,True,False,True
1069296390890,0.026233705,0.06696536,159.28226,0.7083412714839108,True,True,False,True
1173437280718,0.027478438,0.040462036,446.29465,-2.485203050819752,True,True,False,False
1294745898426,0.005973363,0.015956962,153.5805,0.9656106831407578,True,True,False,True
1064235625564,0.023554334,0.006670927,245.68102,-0.4353767250566323,True,True,False,False
1167741475730,0.15028733,0.076715365,248.09373,1.150200432945765,False,False,False,True
1212202214334,0.056701582,0.05153685,200.43015,-1.251770033554247,True,True,False,False
1367146026432,0.11674435,0.0076214676,320.73853,-3.081417321113431,False,True,False,False
1496694715530,0.03942411,0.027757345,221.99596,2.1529152965171408,True,True,False,True
1477962975962,0.007359989,0.00948812,35.444286,2.446913153837873,True,True,True,True
1268090042822,0.05301845,0.037544686,199.93633,-0.5811027548315918,True,True,False,False
1476706252062,0.100568816,0.016273873,516.30707,0.2823314480521372,False,True,False,True
1364293160598,0.036153797,0.044658795,201.16194,0.1327167997668343,True,True,False,True
1425885765474,0.025575167,0.028163496,208.44795,0.8448949273575196,True,True,False,True
1404608523984,0.117829874,0.09187214,213.10106,-0.4588261271168554,False,False,False,False
1333502767290,0.013948738,0.09617312,181.49246,-0.978311152601998,True,False,False,False
1430659930964,0.045302402,0.088121474,543.384,-7.783134251264769,True,False,False,False
1373827328640,0.027612332,0.023561249,92.48679,0.3899578866105238,True,True,True,True
1748799471350,0.02539276,0.024993928,121.319725,0.9830944536033368,True,True,True,True
1776733620882,0.03281358,0.06817718,342.19446,-0.7327845779889302,True,True,False,False
2008212404260,0.04257418,0.08002165,141.4766,-0.4284333677100255,True,False,True,False
1535124487644,0.019510202,0.051536217,320.34955,4.319771542494236,True,True,False,True
1733256992694,0.05161021,0.048518017,105.38188,-1.033216772354804,True,True,True,False
1739594641912,0.03445649,0.039702207,264.84113,-0.0251893094396674,True,True,False,False
1581485431954,0.008956203,0.060064685,181.04329,0.6991770629696344,True,True,False,True
1569736940444,0.02439557,0.024104513,115.92281,0.875093017453772,True,True,True,True
1745638358094,0.06253244,0.050189164,322.8819,1.3146576999036663,True,True,False,True
1664044008792,0.012685785,0.0414024,161.3567,-0.003418783271253,True,True,False,False
1910423929728,0.0069092917,0.070366554,147.85408,-0.0263969311584023,True,False,True,False
1912023549732,0.02250901,0.05958971,105.992195,0.8462165917912094,True,True,True,True
1856137813160,0.023033855,0.037443172,135.30617,1.1942650211454982,True,True,True,True
1576381928866,0.044776805,0.03105777,206.47014,-1.3823435020512318,True,True,False,False
1537637030458,0.034792777,0.04858829,153.24731,1.4424700467710518,True,True,False,True
1771328222670,0.09212696,0.07722471,150.98112,-2.5902338189566123,False,False,False,False
1925007172006,0.06320592,0.03536904,187.36754,-0.2706123575490561,True,True,False,False
1727534024586,0.050414603,0.062201865,102.54076,0.092265806601717,True,True,True,True
1923132619022,0.053054072,0.02568336,137.9022,-1.8095611393421125,True,True,True,False
372068380342,0.034841485,0.015978083,119.91705,-0.2530294747476478,True,True,True,False
38062338312,0.107444994,0.035509482,106.97206,-0.6913979822442877,False,True,True,False
20590070296,0.008412111,0.03318721,212.11566,1.332038539314647,True,True,False,True
261275824686,0.024801942,0.05139339,158.07054,-0.2724519050110007,True,True,False,False
348896779438,0.023463873,0.04245521,292.54,0.8676473977379081,True,True,False,True
434319941062,0.05033069,0.028519453,229.30405,-1.13468485121744,True,True,False,False
75809092414,0.024560725,0.04679033,172.27594,-0.3316698474534631,True,True,False,False
83434436164,0.029663626,0.05270981,210.63847,-0.2527505175042829,True,True,False,False
159643218788,0.04355027,0.037510827,194.61504,-0.4915397304384469,True,True,False,False
306022131278,0.007245352,0.028793674,139.7204,0.6674585340857594,True,True,True,True
407635511394,0.02240866,0.06379285,325.2102,-1.2601436770526906,True,True,False,False
77422825156,0.07855629,0.043569945,127.695564,7.412416855044153,False,True,True,True
454315461046,0.024784587,0.025856469,30.505,2.9044280821098303,True,True,True,True
455906967136,0.05361815,0.036355387,89.69687,2.451631973667994,True,True,True,True
472421711454,0.005637965,0.027711712,185.98589,0.6433766035308085,True,True,False,True
408926431756,0.012609608,0.053136483,273.60675,-0.8985441770659517,True,True,False,False
401622338016,0.017723002,0.056007933,190.83493,-0.7797164230094832,True,True,False,False
593683076956,0.086320914,0.015311859,324.02463,0.978234963657922,False,True,False,True
669254929884,0.10215636,0.077009626,663.08435,-3.031321505173343,False,False,False,False
637828261724,0.045775235,0.06694483,278.6427,-0.7915419332828896,True,True,False,False
630210351482,0.027459845,0.036830164,122.86612,0.6932870780298444,True,True,True,True
864845988696,0.014377442,0.03518162,35.649044,4.265296268485691,True,True,True,True
916603638954,0.055849385,0.05895161,414.5229,-2.983952057377948,True,True,False,False
895962546184,0.1268993,0.02559385,114.4903,-1.5832539112549917,False,True,True,False
814052894858,0.032927334,0.03802269,119.2788,3.420057647331245,True,True,True,True
722313604786,0.0075968252,0.044623617,122.89792,1.6372889107365531,True,True,True,True
819783702666,0.014372875,0.047979634,200.48384,0.0147183356542862,True,True,False,True
614335461342,0.035232354,0.0500083,369.55154,-3.539328258728892,True,True,False,False
563527726436,0.017854212,0.05471299,92.74853,2.208691211584709,True,True,True,True
773736071778,0.028401734,0.02843524,49.982887,3.1828215713944688,True,True,True,True
891529792060,0.024932142,0.020683084,156.32756,0.3338968007990139,True,True,False,True
962651575566,0.0054003927,0.017822888,89.1465,2.150233819025093,True,True,True,True
602913662338,0.008264881,0.026008263,123.762825,1.4186171130272238,True,True,True,True
718186375368,0.009391058,0.016943844,136.56352,0.9644555668178568,True,True,True,True
553381424826,0.013049028,0.04260978,59.106262,1.307064048359086,True,True,True,True
763903610202,0.020356521,0.058514155,132.06444,0.7541025605821687,True,True,True,True
168893481918,0.012734011,0.03456031,168.5031,1.0304251480114566,True,True,False,True
67302756502,0.006046954,0.02767031,199.90712,0.8439518502886713,True,True,False,True
325131364376,0.0725915,0.01702037,299.59732,1.045206792924256,False,True,False,True
325754989826,0.061353505,0.04601076,276.87723,-2.3476277228539333,True,True,False,False
486120909568,0.0065510073,0.029545845,187.64552,-0.1584182521355056,True,True,False,False
186671982234,0.1218594,0.04930594,180.55922,-1.1998953487933222,False,True,False,False
108557173704,0.009276066,0.019914404,110.72905,2.0291042647323776,True,True,True,True
255883277564,0.045905244,0.07127266,167.5112,-0.8261266448528628,True,False,False,False
256848237114,0.030491639,0.025879392,113.32289,2.8067035262449607,True,True,True,True
166367031546,0.017776242,0.026692105,205.81674,-0.0060153851873702,True,True,False,False
66671421260,0.0037373982,0.028564164,56.75956,2.5161580813504014,True,True,True,True
447067539112,0.05735491,0.072603196,198.35887,-2.577635902046984,True,False,False,False
515620936290,0.043640345,0.060653783,179.36217,0.9566233025161404,True,True,False,True
595311123404,0.012209402,0.039970115,248.07544,-0.4597567726687484,True,True,False,False
524512378154,0.031874698,0.019568486,299.34198,-0.0412192759036916,True,True,False,False
517213904544,0.006608441,0.019699095,177.59885,0.4744432819358612,True,True,False,True
999207651258,0.038077805,0.037619468,208.91241,-0.4927382811692499,True,True,False,False
994762120250,0.033879094,0.0415377,131.52995,-0.1905273541879247,True,True,True,False
677896588554,0.0044554276,0.036457516,93.81926,0.9474796000148024,True,True,True,True
662327625594,0.003745549,0.052882608,164.35762,1.1794126544961587,True,True,False,True
735048223706,0.08116225,0.06776516,226.77005,-2.831632408685185,False,True,False,False
525173803306,0.015129957,0.011232237,222.83849,-0.0642374503189329,True,True,False,False
588363357946,0.106876306,0.04861879,259.26733,-1.4908006886366207,False,True,False,False
645831781564,0.09102912,0.04702592,150.3183,0.4160120817883446,False,True,False,True
756000763234,0.019199643,0.017323518,98.81175,2.44419679049836,True,True,True,True
580396907888,0.046800148,0.024525693,156.49094,-1.758184116789296,True,True,False,False
554050786668,0.046887893,0.03177079,65.405594,0.0418015358313916,True,True,True,True
732495893822,0.014027995,0.022394028,95.15347,1.2233640544733122,True,True,True,True
774712142160,0.0040669255,0.021658354,455.27496,0.1930005422047678,True,True,False,True
778203022648,0.038105972,0.11504092,341.52075,-1.3223662527160207,True,False,False,False
890928822092,0.034237783,0.056819677,139.95627,0.0219358025134787,True,True,True,True
789326101618,0.054335438,0.013125196,561.6194,0.5925496598630093,True,True,False,True
904584450686,0.0464785,0.031046228,149.63306,-0.4697814086188079,True,True,True,False
513098972796,0.035027884,0.024846947,151.81055,-0.0597239839082807,True,True,False,False
558818653012,0.09260228,0.043634266,237.16873,-0.0069127119787151,False,True,False,False
628361303762,0.016513838,0.031586986,118.71495,-0.4659624114214187,True,True,True,False
692510448870,0.06709361,0.0668446,98.42373,-0.2513652587273616,True,True,True,False
961114551208,0.050112974,0.017487679,262.11197,0.0227784045438738,True,True,False,True
908087854710,0.020265754,0.010602963,42.50016,2.201544100236611,True,True,True,True
798241887126,0.011896423,0.05843266,99.98663,1.9936340250671964,True,True,True,True
275211150348,0.046051,0.05835059,293.33987,6.708157975064432,True,True,False,True
247908312188,0.03565712,0.067444526,231.71884,-1.878904895504348,True,True,False,False
203793091406,0.018008176,0.0505183,142.05814,-0.2929319770503233,True,True,True,False
72033580716,0.024264522,0.024391014,63.470047,1.217583140327134,True,True,True,True
328271641068,0.024216024,0.041542593,151.95323,0.4128449863525813,True,True,False,True
55176192738,0.012630912,0.09034149,121.23123,0.6825155366767779,True,False,True,True
150750342704,0.03052347,0.07827881,119.694145,0.2106099953814978,True,False,True,True
71368100896,0.01712515,0.026734762,248.43755,-1.7754525329065447,True,True,False,False
172669379056,0.027510658,0.024557538,114.92463,0.5543213165942888,True,True,True,True
412384554956,0.018199248,0.05521557,162.35219,-0.1443196991463479,True,True,False,False
374286791232,0.029044116,0.05581505,152.47923,0.5997393502171122,True,True,False,True
373657749580,0.08837572,0.02792426,856.42664,-3.1150093763502764,False,True,False,False
22179816480,0.0209474,0.037245918,306.79413,-0.3652335414039203,True,True,False,False
84414140262,0.10724658,0.032977365,224.87753,-1.6122818125546838,False,True,False,False
152996822542,0.03407275,0.06242963,179.5461,-1.7336748295810809,True,True,False,False
262214301948,0.01625572,0.013526708,190.66864,-0.1621720717430608,True,True,False,False
375571941184,0.020420365,0.042308375,232.09674,1.836233901558162,True,True,False,True
563523367088,0.012784175,0.030256037,114.506905,1.592849722646508,True,True,True,True
677827467464,0.038026445,0.024931546,183.46584,-0.207131443411422,True,True,False,False
759747955672,0.0492841,0.04239437,333.73758,-1.773787633468351,True,True,False,False
526387185662,0.01696889,0.00982224,212.84824,-0.9040651568377972,True,True,False,False
863265926778,0.009569125,0.021504795,160.19264,0.2285481137810244,True,True,False,True
960741542702,0.043385603,0.05821159,230.35454,-0.1363032719588538,True,True,False,False
607997486482,0.07765214,0.027156059,323.90594,-3.069334977417133,False,True,False,False
748337748328,0.05469625,0.097057365,312.32944,-1.7701017970917643,True,False,False,False
762312056248,0.07644581,0.03688096,495.80453,0.0514525728070787,False,True,False,True
753423688880,0.07408133,0.121655785,194.99799,-1.3677384441186402,False,False,False,False
581020585404,0.041219525,0.035812974,53.93506,1.0417308338633848,True,True,True,True
935998544240,0.010265738,0.05700329,240.81422,-1.8807029954566337,True,True,False,False
893132438258,0.018013034,0.057826422,130.1727,-0.166666387742939,True,True,True,False
654970893362,0.040966976,0.018592685,243.62064,-1.3989562119102412,True,True,False,False
687046386040,0.02320858,0.049297307,126.02021,0.4313613086589233,True,True,True,True
602592995364,0.021121671,0.043926176,204.9408,-0.8484525074489864,True,True,False,False
609264065270,0.108340636,0.03435664,212.74365,-1.520375454435685,False,True,False,False
724529243254,0.066371895,0.011727566,100.57286,1.5768687391971383,True,True,True,True
554980417742,0.018496778,0.02262086,267.54324,0.3015078885523578,True,True,False,True
780405556932,0.033649385,0.02288859,99.43301,0.5378948939654358,True,True,True,True
976951948872,0.020935887,0.03568317,646.6875,0.7626488605593301,True,True,False,True
903295725668,0.041959975,0.028813675,177.97427,1.7194533054617631,True,True,False,True
887109059986,0.02482176,0.05637222,142.40514,1.0068095908199954,True,True,True,True
215256192534,0.09363879,0.040148474,414.72314,-2.9555834853968257,False,True,False,False
198099377968,0.016701117,0.04623802,79.58864,1.4294731043973907,True,True,True,True
28233409906,0.028837396,0.054672662,261.69717,0.3206223332716456,True,True,False,True
177468289228,0.011112457,0.013918843,55.386948,2.00244502241246,True,True,True,True
383861706254,0.0071900426,0.034990527,162.57144,0.3110209718506116,True,True,False,True
504201004720,0.04146359,0.06390606,276.4919,-0.8291753072745189,True,True,False,False
341295278032,0.06904347,0.014284065,236.09944,-1.111484554984747,True,True,False,False
358764926472,0.04991704,0.23044182,321.99622,-3.475440829618278,True,False,False,False
417190647424,0.02308808,0.044517655,257.37274,0.1264515868375615,True,True,False,True
184793524664,0.021903398,0.042922564,143.0852,0.8136892789316227,True,True,True,True
35863516554,0.04270687,0.045703646,157.66971,1.0782156907948532,True,True,False,True
368941492670,0.045970004,0.054787893,163.4779,-2.284056650947252,True,True,False,False
388289600394,0.060473435,0.041219316,132.45818,-0.9522246911234604,True,True,True,False
77779307648,0.026103608,0.0408265,191.95679,1.2012730197388883,True,True,False,True
159074154880,0.052484244,0.066278145,274.7573,-1.9717708096742224,True,True,False,False
206380502504,0.114143156,0.021361854,583.6124,-1.0307151246602526,False,True,False,False
169229024818,0.00765421,0.045110554,219.62592,0.6743491414893611,True,True,False,True
358468525266,0.028317496,0.008926518,118.20924,3.029610637642545,True,True,True,True
528963910920,0.040651374,0.033919927,170.74522,-0.9524280629270908,True,True,False,False
646758010930,0.034298923,0.019152105,189.36742,0.5029915679535659,True,True,False,True
831234307590,0.026722409,0.029595202,177.27365,1.2153865819349254,True,True,False,True
817904288326,0.11733953,0.07041596,229.50711,-2.514284370215072,False,False,False,False
908072510630,0.03307374,0.047118735,182.36441,-0.9446541248744256,True,True,False,False
735997232354,0.016366493,0.030554889,137.94629,-0.7316191140022584,True,True,True,False
649627660564,0.042493198,0.021389827,286.08945,-2.3745641180308423,True,True,False,False
862690636470,0.013269366,0.051802326,179.45552,0.3210003546799116,True,True,False,True
843302589812,0.008567023,0.048597395,126.544945,-0.5125784430684172,True,True,True,False
789642490784,0.0063956543,0.029303513,186.2697,0.7385741731148082,True,True,False,True
823307448246,0.006475656,0.03754111,102.0482,0.7292480373854007,True,True,True,True
920150090686,0.017178617,0.01289605,81.84176,1.4147844629465054,True,True,True,True
542306128606,0.036825724,0.04177218,119.064705,0.2445933741108494,True,True,True,True
698531538588,0.095689915,0.058242526,186.03203,-0.766544311314378,False,True,False,False
965878918120,0.010837043,0.020066515,236.97296,-1.130804782193438,True,True,False,False
782994680348,0.055071358,0.030447392,54.749107,0.1247327580253516,True,True,True,True
905875877744,0.008787337,0.02434189,113.59597,1.226878825406411,True,True,True,True
1242072021544,0.09567442,0.009657596,313.32614,-2.916530356503362,False,True,False,False
1325257498934,0.051896363,0.06603047,78.50173,2.0529445624181784,True,True,True,True
1383052514870,0.03058347,0.07803075,168.69359,-0.703684692037659,True,False,False,False
1214147573130,0.01436817,0.03323883,145.09166,1.9603178791755436,True,True,True,True
1017604734636,0.07826925,0.09696353,116.60997,-1.3340289831961365,False,False,True,False
1018867809658,0.015944803,0.040708706,141.63622,0.0663735973076577,True,True,True,True
1224628380524,0.008908656,0.023994893,94.613205,2.4372419771721088,True,True,True,True
1274801604992,0.0731523,0.0391476,92.26552,-1.346317922097534,False,True,True,False
1405934240146,0.03270886,0.013714355,124.006676,-0.055992639676311,True,True,True,False
1363703576922,0.045344662,0.03731504,219.329,-3.148713850676026,True,True,False,False
1206501919888,0.04971833,0.055839177,135.49629,2.9977644870993263,True,True,True,True
1198881969414,0.020641822,0.031952042,201.21588,0.1107765150154167,True,True,False,True
1216030670206,0.0041844994,0.04126543,109.82258,0.0699630522061698,True,True,True,True
1061403848686,0.02575111,0.035178076,345.1197,-0.6027468412181747,True,True,False,False
1309377996650,0.057486434,0.034716155,170.78342,-0.0729127115859124,True,True,False,False
1477665159498,0.01668185,0.03697293,73.70152,2.2359731775467337,True,True,True,True
1318901455824,0.03065191,0.037534304,180.7951,5.729223893909713,True,True,False,True
1349068753884,0.06908476,0.025094757,292.593,-1.606653014181171,True,True,False,False
1464964915028,0.049892064,0.036808003,223.81892,0.2137820710732065,True,True,False,True
1104921602366,0.10612198,0.036117204,222.56653,-3.064896706793183,False,True,False,False
1262101764544,0.008358728,0.011481022,77.221054,2.881798576664401,True,True,True,True
1703735869942,0.016168498,0.021814093,202.87021,-0.3851334649431031,True,True,False,False
1911401232384,0.09395658,0.018507745,163.05606,-0.0504003051887984,False,True,False,False
1587862918250,0.048577942,0.030784095,150.46841,2.921842154656226,True,True,False,True
1684703444936,0.0068639126,0.02664122,131.47543,0.931975036912074,True,True,True,True
1492300260076,0.020027304,0.0077368473,142.45958,-0.1758140423318314,True,True,True,False
1519574069886,0.025823846,0.045566965,133.22652,0.7082754986754193,True,True,True,True
1524976017952,0.032199107,0.07861822,242.42186,-1.4926223108236272,True,False,False,False
1587219564336,0.02093501,0.050975654,214.32874,1.550371249525314,True,True,False,True
1944734156342,0.00486864,0.024205556,168.40022,0.8507800807552983,True,True,False,True
1560874072502,0.021161174,0.05645179,256.75488,-0.1356996375753413,True,True,False,False
1599298150534,0.08090212,0.053812623,116.52373,-0.960179312893808,False,True,True,False
1509749850304,0.0023590412,0.013603212,56.901913,2.2924194483190234,True,True,True,True
1723764957158,0.026357379,0.033139493,247.55574,2.1695450488768957,True,True,False,True
1641837238228,0.118964985,0.1715993,102.99932,-0.7874868982632103,False,False,True,False
1842528021212,0.028851202,0.059844125,143.20227,-0.9419704783469712,True,True,True,False
1812990017832,0.11142264,0.05946749,258.64642,-2.693312977500393,False,True,False,False
1915230249158,0.022479272,0.0586028,131.16234,1.5591931805243058,True,True,True,True
987779426136,0.038999014,0.046011653,163.44473,1.9439222406248025,True,True,False,True
1210362130562,0.016726855,0.078202255,99.644585,1.8340404767337728,True,False,True,True
1117636236238,0.028319996,0.033983786,219.69182,0.1688422220174444,True,True,False,True
1406576083928,0.015480213,0.04503404,94.13114,1.2443182182886237,True,True,True,True
1460248177544,0.01851921,0.012417326,148.19394,0.1596690642946047,True,True,True,True
1143375238530,0.073954776,0.26688823,184.30026,-2.893903057700069,False,False,False,False
1057325907808,0.02062513,0.024843547,49.229073,1.6963742660371537,True,True,True,True
1246567701264,0.010270323,0.020082746,61.158016,1.887616882699704,True,True,True,True
1366594973942,0.015501215,0.049224947,157.27116,1.4671127176885757,True,True,False,True
1312624739240,0.026988057,0.019125395,132.27383,1.4047970408584878,True,True,True,True
1239559481818,0.10603215,0.02392788,387.02686,-4.982883194687737,False,True,False,False
1156378641324,0.0044943164,0.028699152,34.833115,2.270707180610816,True,True,True,True
1226870400020,0.0071294694,0.034091163,55.38246,2.237109130982078,True,True,True,True
1097308708310,0.0044148853,0.0026853667,86.45316,2.3724649329059946,True,True,True,True
1449757620930,0.04558197,0.018754909,132.2042,-1.4524870651134576,True,True,True,False
1412935708976,0.018662395,0.035471097,64.86942,1.627674950494792,True,True,True,True
1227835257830,0.016723726,0.018146921,169.55591,-0.5153355168671043,True,True,False,False
1196402314766,0.024980823,0.046157345,160.41867,0.0079518346881112,True,True,False,True
1085910696962,0.053314872,0.06876228,247.527,-2.0143740566947868,True,True,False,False
1092582018868,0.066146925,0.059852384,191.05972,-2.623504647610724,True,True,False,False
1034477849928,0.0117085045,0.029624823,69.74149,1.2311221419869782,True,True,True,True
1041464298012,0.057704948,0.07938997,420.436,-2.3377201846469857,True,False,False,False
1455175242778,0.007177642,0.024896286,132.67726,1.3284269684256824,True,True,True,True
1348180654356,0.05093337,0.048756115,321.30164,0.1618944377185821,True,True,False,True
1473606322012,0.012987809,0.03205741,179.88506,0.8440969018304498,True,True,False,True
1571049705212,0.018484011,0.017227175,51.682972,2.3644848091093245,True,True,True,True
1564071397246,0.058840856,0.02309661,248.54851,-0.8916358541528346,True,True,False,False
1875550679606,0.14031649,0.039707806,396.89914,-0.8141440416006333,False,True,False,False
1793014833254,0.0804367,0.01084062,118.9679,0.8725856428509977,False,True,True,True
1996851636136,0.017159453,0.048599552,143.99075,-0.8647411630292594,True,True,True,False
1911766809912,0.02671773,0.07345329,442.48752,-0.94413257125105,True,False,False,False
1563132268302,0.0173856,0.047712017,218.39212,0.5060269024956322,True,True,False,True
1726340093830,0.018002408,0.026451282,122.28816,-0.7491962324791985,True,True,True,False
1542188044010,0.046098225,0.055976085,251.79944,0.7322998926171814,True,True,False,True
1846686523856,0.020922957,0.0252919,141.79675,1.0720111312267384,True,True,True,True
2004818741774,0.013094654,0.023813874,193.64859,1.5242501620308042,True,True,False,True
1601536338862,0.037502263,0.014638559,177.25684,-0.2042520971464173,True,True,False,False
1722840570938,0.06953948,0.03801386,259.89478,-1.192446074191919,True,True,False,False
1688863714150,0.029593525,0.038068894,151.48196,0.327143712856565,True,True,False,True
1869219333134,0.009324928,0.004417802,92.061134,2.4312623479003053,True,True,True,True
1583137012352,0.06278376,0.031575788,166.22401,-0.2320464502823715,True,True,False,False
1675228950704,0.057733815,0.046410203,89.43699,0.3499811119472699,True,True,True,True
1748574861210,0.017957361,0.063534915,173.60124,0.769938476859069,True,True,False,True
1981951230160,0.011873236,0.021668542,170.58276,-1.0853735208457609,True,True,False,False
1862569758636,0.035082307,0.019166335,145.87463,-1.071824873520249,True,True,True,False
1813668528848,0.011645386,0.0352441,135.0819,0.4129484362418411,True,True,True,True
1109657515576,0.013966091,0.019812271,113.63664,1.0357350641456584,True,True,True,True
1308423699840,0.012861012,0.029860934,210.58813,0.0934846883498606,True,True,False,True
1280493128726,0.04264554,0.045588437,148.96835,0.05267960679979,True,True,True,True
1297652161602,0.022427129,0.046502102,139.17259,-1.464131578341649,True,True,True,False
1429420114030,0.031563293,0.0754631,424.96097,1.2432780183373364,True,False,False,True
1097905647828,0.047134526,0.04962813,311.51257,1.9899247115613967,True,True,False,True
1140471926450,0.04482624,0.021503048,243.81625,0.2526348520772606,True,True,False,True
1398921412078,0.0682593,0.059581894,165.82938,1.0168795766350285,True,True,False,True
1277313521142,0.0060289884,0.086607456,222.96773,-0.383381930018674,True,False,False,False
1454816928000,0.03054016,0.06594769,456.11307,-2.0990289182708506,True,True,False,False
1427208084894,0.018563723,0.020208936,95.48828,1.9623770225078507,True,True,True,True
1324326741348,0.011727085,0.036614776,135.37338,0.7594135530798929,True,True,True,True
1745663910474,0.024587955,0.035147853,181.53459,0.5022310277112337,True,True,False,True
1784702414398,0.05022265,0.06460096,193.67285,-0.1408437265793284,True,True,False,False
1794868421918,0.04098704,0.07751755,135.52821,-0.7144595539169064,True,False,True,False
1744694214328,0.02156377,0.05221689,49.960953,1.759209707953291,True,True,True,True
1861876734162,0.018228883,0.031571016,143.90277,0.5442988682643191,True,True,True,True
1866636913984,0.08573577,0.08627745,75.130424,-0.3031094132729024,False,False,True,False
1806309222954,0.04158471,0.07218139,159.50424,0.1026833412530071,True,False,False,True
1523099853818,0.033088155,0.064873226,206.83635,-0.3941020648392698,True,True,False,False
1699008857642,0.07796403,0.047611732,111.79292,-0.8085092033562554,False,True,True,False
1793627549180,0.04178958,0.045409184,258.09375,0.5149236137860647,True,True,False,True
1948261351390,0.01895179,0.04015002,266.5775,-0.777338671398939,True,True,False,False
2008892728420,0.16593097,0.045016486,169.58513,-2.3827369228940016,False,True,False,False
2013661551412,0.07988483,0.055837,184.24782,1.9918102601451884,False,True,False,True
1622771626590,0.038593534,0.03792424,219.89441,2.1544401048838697,True,True,False,True
1785021372630,0.012194744,0.052100442,102.02656,1.6148376427404374,True,True,True,True
1918063713898,0.029783381,0.023811668,107.26602,0.699387364944341,True,True,True,True
1912359164924,0.022224165,0.018934231,101.27518,0.7788558161428341,True,True,True,True
1840585760376,0.02162286,0.0427886,138.60242,-0.7588149661325745,True,True,True,False
1897111451938,0.024729142,0.022247495,134.06046,0.1320215280882525,True,True,True,True
1682799134616,0.00951069,0.015369047,213.85776,0.6041038516463991,True,True,False,True
1564689532364,0.121943176,0.07151901,271.81836,-3.359140195536852,False,False,False,False
1628511254266,0.031622116,0.017970147,167.44342,1.2180326734249234,True,True,False,True
1546261806380,0.0446949,0.0486929,129.93279,0.5575796269345081,True,True,True,True
1547868760164,0.06569684,0.011306312,191.73416,-0.7798382105013147,True,True,False,False
1818066686916,0.013180665,0.023095137,179.22162,0.8752592107999366,True,True,False,True
1986988687372,0.02297324,0.01932922,267.1346,0.1891969348568796,True,True,False,True
1989844503148,0.05764334,0.07665309,261.53976,-0.2900048375425693,True,False,False,False
1747898420726,0.04293738,0.04032776,100.355804,1.310286029369273,True,True,True,True
1807911893406,0.023641976,0.027108036,75.03595,-0.806003431882802,True,True,True,False
1859981721658,0.068257354,0.13465561,307.81183,-1.7359634925321807,True,False,False,False
1838067449088,0.012982965,0.044513356,141.20842,1.2967865637442288,True,True,True,True
1841570500648,0.05541765,0.05305803,298.3065,0.295449309790796,True,True,False,True
1013807122876,0.018267712,0.023960967,54.570175,1.978213714002569,True,True,True,True
1216061895036,0.0106878625,0.028970486,47.126446,4.042682946408105,True,True,True,True
1326558099204,0.0569479,0.07443195,130.61415,0.3367294809623252,True,False,True,True
1027483717844,0.015544987,0.036626775,182.28108,0.4111967753352145,True,True,False,True
1129404035022,0.014478783,0.023872102,150.66971,-0.033094693157446,True,True,False,False
1276737219874,0.039294433,0.027446926,164.89177,-0.9050279049712042,True,True,False,False
1368491730538,0.005093297,0.015133253,40.280586,2.853078501273753,True,True,True,True
1245936520962,0.048230905,0.05290706,131.2887,0.3644013994721934,True,True,True,True
1503755981572,0.0072423466,0.026293866,174.68349,0.5844905664250347,True,True,False,True
1070005871910,0.019668669,0.036741,105.81875,0.6339059007198204,True,True,True,True
1241472821110,0.023623118,0.07552897,315.05487,-0.2760011292175218,True,False,False,False
1297358079334,0.023517579,0.04942825,202.31682,-0.6449727341973119,True,True,False,False
1090360290512,0.03784899,0.0531129,153.94884,0.590373920817436,True,True,False,True
1375168799674,0.020908592,0.030806515,192.29956,0.2297704485475993,True,True,False,True
1393900891454,0.02318026,0.047982804,143.6699,0.8085502284708594,True,True,True,True
1308496075916,0.020450102,0.015353669,137.33522,0.5041315928640802,True,True,True,True
1317057852230,0.07596614,0.052310713,196.04944,-2.14073846179348,False,True,False,False
1704724771732,0.02767271,0.03634931,113.06427,1.5388365445390495,True,True,True,True
1600901099684,0.019225592,0.0661568,201.63467,-0.1380594923595922,True,True,False,False
1832691001836,0.09173777,0.02085833,216.07982,-2.451251172100693,False,True,False,False
1766017875322,0.01230036,0.035211314,94.12934,0.551396305351203,True,True,True,True
1892393884576,0.010642578,0.012019857,66.01823,2.4573606860982373,True,True,True,True
1595203555008,0.031648707,0.020133669,213.97833,0.8848316411696882,True,True,False,True
1607594622082,0.024741458,0.027793938,122.29861,0.7936381228830648,True,True,True,True
1896859147860,0.025550209,0.018245861,72.49448,0.94957725803943,True,True,True,True
1769529193462,0.008735503,0.04621225,240.3757,0.6432175641872765,True,True,False,True
1654561048632,0.011792461,0.03304705,122.53711,-0.406862465968282,True,True,True,False
1806971178134,0.018843835,0.037872817,186.55597,-0.3168174071522364,True,True,False,False
1550755217560,0.016412757,0.03060175,78.44088,0.8456058140628624,True,True,True,True
1536476166262,0.05420139,0.0336724,165.27797,-0.9338084908348364,True,True,False,False
1532013071064,0.09480312,0.07059595,278.62704,-2.946971598794355,False,False,False,False
1957818276542,0.02242354,0.025305662,165.07483,1.8263672481462296,True,True,False,True
1909553725226,0.1126319,0.09757746,125.40377,-2.8536106080125743,False,False,True,False
2219951034078,0.026038611,0.048206024,108.801834,0.558206444264897,True,True,True,True
2286624514234,0.025990186,0.017507177,209.54842,0.2583685188293135,True,True,False,True
2350128539396,0.085728824,0.052159548,174.32262,-2.0804961872874426,False,True,False,False
2367915934032,0.020163933,0.013496817,223.0207,0.2469824959294863,True,True,False,True
2392683149002,0.074995324,0.04085402,130.15414,-0.003923271768001,False,True,True,False
2200924227578,0.11033149,0.10299422,111.90729,-1.5041088356716958,False,False,True,False
2101214103514,0.15690452,0.062035102,401.97018,-4.860310592477886,False,True,False,False
2022469471230,0.029386746,0.052794524,103.995415,1.4782367358337378,True,True,True,True
2133597287700,0.01130283,0.01744727,199.36256,0.2821133692463431,True,True,False,True
2215520849992,0.005684532,0.02539491,139.8919,0.3642887097820831,True,True,True,True
2117727638330,0.057927094,0.04625329,222.94514,0.3210755245043999,True,True,False,True
2229186457064,0.043885846,0.019148994,259.51666,1.242969305114162,True,True,False,True
2423178601858,0.016590016,0.06081456,237.50266,0.4204310206340338,True,True,False,True
2447946195146,0.05198744,0.034881815,227.27356,-0.5978383002878326,True,True,False,False
2448270871722,0.032672364,0.036173724,270.32166,-0.0784200960194476,True,True,False,False
2333964730688,0.012125184,0.030138262,78.79348,1.557314230232092,True,True,True,True
2030401902878,0.042868257,0.027384862,66.136284,0.318867929488542,True,True,True,True
2042467335342,0.063815355,0.048212606,139.86201,-0.2531154799277358,True,True,True,False
2167884913126,0.0062069623,0.04219807,134.3086,3.4910566080251573,True,True,True,True
2302191413320,0.12866704,0.12694418,100.18456,-0.7487874913051625,False,False,True,False
2174242973408,0.014827272,0.04521223,63.894505,1.3712923765860088,True,True,True,True
2066616696844,0.011618762,0.027903242,65.87559,2.270025082877141,True,True,True,True
2051678414902,0.014844271,0.038684398,148.418,1.271426563026276,True,True,True,True
2282516663400,0.018035637,0.029498935,164.40854,0.877359237993124,True,True,False,True
2355547524276,0.14082515,0.1044883,276.55508,-5.4255257485470905,False,False,False,False
2441916366372,0.057630204,0.028831434,249.07257,-3.557561068478871,True,True,False,False
2407310315452,0.04673585,0.06345404,193.75926,0.6780432430115053,True,True,False,True
2544773743566,0.13168137,0.041471403,292.51068,-3.1697900706939226,False,True,False,False
2584149826730,0.10971535,0.08390761,61.632732,1.5233752327040686,False,False,True,True
2800060226134,0.060793396,0.07407168,134.62915,0.987374779891802,True,False,True,True
2806411180878,0.026854876,0.009134667,174.48863,-1.1417858285035678,True,True,False,False
2929613577352,0.01365717,0.02016082,112.44351,1.3116865244433904,True,True,True,True
2606393060612,0.026373057,0.05611027,171.67577,-0.5335649071933444,True,True,False,False
2703558287692,0.030084524,0.037504915,470.26932,3.8258972073443376,True,True,False,True
2751815228624,0.02638491,0.030729594,183.55536,0.1234534731093337,True,True,False,True
2920427319670,0.05567025,0.046377603,287.39468,-0.5380446776612441,True,True,False,False
2976612812712,0.094995424,0.029047037,213.59813,-3.113233318260588,False,True,False,False
2563830438304,0.019236078,0.03725289,201.25348,-1.191709302140684,True,True,False,False
2816897858780,0.06058713,0.078096144,135.3671,-0.9018769390132346,True,False,True,False
2886116741074,0.013582172,0.03484471,141.45305,-0.1471663954037824,True,True,True,False
2861666365720,0.029021129,0.08964466,289.83203,-0.8314875257817229,True,False,False,False
2731170584008,0.017829906,0.039126534,93.357704,1.065806532217893,True,True,True,True
2728317616598,0.02575011,0.06880008,214.31651,-0.320544600349635,True,True,False,False
2743246499886,0.057399698,0.022818228,227.77983,0.2751517816092416,True,True,False,True
2620990363792,0.009968015,0.011443857,68.0457,2.477914320410021,True,True,True,True
2830237076526,0.06879115,0.018554684,329.0964,-3.622881293083888,True,True,False,False
2861362277498,0.07475359,0.06204254,217.86765,-1.4820194479619937,False,True,False,False
2160618264718,0.01991683,0.05774473,57.322647,1.8313402494528348,True,True,True,True
2122188945584,0.023706304,0.04338846,196.99478,-0.9227367925428408,True,True,False,False
2010745473820,0.039379485,0.03621381,146.28581,-0.063459052675671,True,True,True,False
2462595232682,0.03264233,0.035122506,214.92857,-0.2236546768304833,True,True,False,False
2189506513920,0.027700938,0.040926944,148.71828,0.0761625303394937,True,True,True,True
2200306376438,0.0242904,0.039299864,55.59026,3.0015826411662747,True,True,True,True
2363502054486,0.018703695,0.028936218,172.44847,0.4387149258862364,True,True,False,True
2436861220748,0.041311342,0.034780607,137.42906,-0.1053292105461098,True,True,True,False
2505448162274,0.09810832,0.013343371,413.2037,1.191331333391955,False,True,False,True
2008533972986,0.08313713,0.049156576,167.23927,-0.174262354120251,False,True,False,False
2115855707684,0.012095434,0.04338542,131.92845,0.6297473688565514,True,True,True,True
2060933668256,0.013345556,0.01930702,236.88852,1.0476248378137738,True,True,False,True
2371461676068,0.04872381,0.060487553,301.8549,-0.7519905514950863,True,True,False,False
2375907989800,0.05129908,0.027474903,92.139015,1.6878504006988249,True,True,True,True
2467362670566,0.045342293,0.113365345,188.88235,-1.9799672535044597,True,False,False,False
2425764728768,0.016457414,0.014500285,164.02943,0.6334945355141575,True,True,False,True
2523859456094,0.06759783,0.059693724,174.23764,-1.068958033502558,True,True,False,False
2724531062690,0.02694721,0.039223287,99.918396,1.522284002388954,True,True,True,True
2878206836362,0.009273331,0.07393806,204.39993,0.5777667309018096,True,False,False,True
2832804878684,0.106234245,0.014097462,378.1873,-4.015035608870486,False,True,False,False
2706453263498,0.038609978,0.028900066,382.85312,-2.168644050128683,True,True,False,False
2506408456826,0.14733198,0.1950189,544.7611,-8.112289133876494,False,False,False,False
2582309748044,0.034134958,0.0143340295,148.68349,-0.0055070362772104,True,True,True,False
2860765916728,0.07911619,0.031646222,220.71243,-2.360309574459353,False,True,False,False
2926168535156,0.10197118,0.112977825,165.35919,-1.672267622624024,False,False,False,False
2864902572576,0.095056415,0.060490932,407.16498,-4.816972690180647,False,True,False,False
2894115018192,0.029345013,0.034108683,228.61345,3.7459818948418127,True,True,False,True
2687705321968,0.036705397,0.08764346,131.36931,-0.3886706316149086,True,False,True,False
2788343512396,0.03598272,0.034983236,172.10551,0.4651844110951896,True,True,False,True
2819467352000,0.035959262,0.02821709,175.1365,-1.79887108606805,True,True,False,False
2924258930950,0.026428476,0.04878334,295.88535,1.038878577581706,True,True,False,True
2933466103636,0.021384448,0.036372103,351.13913,-1.6815993866794758,True,True,False,False
2960136322370,0.012057336,0.045100145,117.2463,-0.6848340832493989,True,True,True,False
2787088754662,0.0322293,0.060003836,295.19202,-2.453113586975991,True,True,False,False
2578810854612,0.020636767,0.024491217,191.31676,-0.0690548279094603,True,True,False,False
2633429284130,0.060097463,0.012560817,326.55197,1.880598086795895,True,True,False,True
2673746134026,0.066912696,0.07886149,219.49236,-1.2230558618243812,True,False,False,False
2640093449732,0.013439819,0.031767447,141.00941,0.017769080865601,True,True,True,True
2969996931218,0.027322695,0.057010114,149.5486,-0.5410073706123348,True,True,True,False
2771865510548,0.054616876,0.043116625,321.78256,1.233885856702412,True,True,False,True
2936973869394,0.104521066,0.032454815,157.55072,-1.2182857917298526,False,True,False,False
2165015919336,0.052446496,0.061196204,466.504,-1.941519890439849,True,True,False,False
2186291170560,0.014082211,0.035983965,123.57612,0.9979236239955178,True,True,True,True
2214878857100,0.032665353,0.05821534,133.42764,1.251597663406992,True,True,True,True
2237410606362,0.028114926,0.050562143,98.51369,1.975629708912893,True,True,True,True
2410467800446,0.028596926,0.04108578,64.26032,0.495308300875223,True,True,True,True
2413646982166,0.083516434,0.045386557,502.71634,-4.687451233681738,False,True,False,False
2357747309258,0.014729632,0.082852334,350.82266,-1.1383037010867914,True,False,False,False
2420619066320,0.049206242,0.05395125,342.39468,-3.884524510154684,True,True,False,False
2044388735850,0.0078602685,0.052981265,111.03309,1.0895325151236332,True,True,True,True
2353010263544,0.03366919,0.00958146,117.67426,2.8007372259341583,True,True,True,True
2295223589276,0.031860713,0.04766708,148.15724,-0.0522527521523525,True,True,True,False
2497808229032,0.01733753,0.02571956,121.46172,-0.0954390628025688,True,True,True,False
2088809230906,0.021758411,0.034849096,49.378464,2.816992342378744,True,True,True,True
2088180440934,0.012378755,0.03468208,65.426605,0.9474223144505648,True,True,True,True
2079610248480,0.06348937,0.029110229,160.68823,0.5514479875371899,True,True,False,True
2072311925778,0.05282033,0.022873417,110.54001,1.4411272717281136,True,True,True,True
2477774860026,0.105878815,0.09349486,152.48666,-3.218734861820647,False,False,False,False
2318701775174,0.015885374,0.009660745,74.29551,1.3387509354035834,True,True,True,True
2314571294010,0.014745495,0.011997381,93.30704,1.4982781411871198,True,True,True,True
2308547964858,0.014116811,0.093790546,172.10175,0.6841912094446572,True,False,False,True
2465716383918,0.020688,0.037407123,763.89465,1.7067488259758314,True,True,False,True
2025964639132,0.085642464,0.026156232,115.819374,0.3593302084845616,False,True,True,True
2144395718612,0.104973,0.06688822,82.78192,0.2874206035273575,False,True,True,True
2070428149246,0.10985654,0.021873672,304.98328,-1.851258530611417,False,True,False,False
2095187930910,0.010719462,0.04869835,213.97206,-1.4329979760487437,True,True,False,False
2117097340884,0.019319152,0.0405086,117.01436,1.634074012826296,True,True,True,True
2273306899004,0.03330861,0.052444905,168.41946,0.6723437383106334,True,True,False,True
2346036669758,0.025351444,0.0072270557,68.70926,4.747822108561151,True,True,True,True
2876575619286,0.027088078,0.030610666,44.776993,2.1952496503912413,True,True,True,True
2976916273644,0.013231337,0.022394478,82.91811,2.9820889442283267,True,True,True,True
2634337317944,0.040999413,0.07669526,125.15102,0.9022403345757496,True,False,True,True
2979159048174,0.0132219745,0.08732613,75.63133,1.292713528363107,True,False,True,True
2676550847100,0.022016864,0.031539433,103.883965,1.4659829614200155,True,True,True,True
2768625851516,0.052868694,0.033368453,187.63315,-1.0052185216084022,True,True,False,False
2928649656954,0.043463342,0.10705273,182.6346,-0.954387257516106,True,False,False,False
2684818941868,0.10727787,0.033429075,483.76126,-3.561170168477205,False,True,False,False
2555910080658,0.002439359,0.032829538,222.13277,-0.3320020530278059,True,True,False,False
2598768477860,0.031381626,0.021936152,140.16315,1.276784547607812,True,True,True,True
2503837557190,0.09034133,0.06545998,235.97455,-2.605402468833496,False,True,False,False
2572109044522,0.013345584,0.040141713,159.52588,1.216853067469558,True,True,False,True
2068221031870,0.042067315,0.08582299,361.6729,-2.244354282963449,True,False,False,False
2268249004392,0.012002581,0.038124897,430.39285,-0.3000146454130761,True,True,False,False
2297144282292,0.00818046,0.014470695,43.232708,3.1026768945990306,True,True,True,True
2351444007264,0.011578404,0.016785488,127.21348,0.7872187387961739,True,True,True,True
2266990743520,0.05646863,0.05016516,121.096405,-0.5714633021621204,True,True,True,False
2469883881482,0.0014980162,0.016327294,34.244396,2.556783849255992,True,True,True,True
2370175975158,0.120495796,0.05682249,174.97098,-0.6948464214637304,False,True,False,False
2239692138064,0.08987736,0.055441372,90.806625,0.2187720355937659,False,True,True,True
2096812598274,0.010824945,0.011128894,64.00959,2.812476228643946,True,True,True,True
2171425590592,0.015600814,0.028049242,151.01337,0.605087777425364,True,True,False,True
2485137341518,0.0135986805,0.080798544,250.88828,-0.8225196381857618,True,False,False,False
2263833461374,0.08269474,0.028371545,434.6666,-1.2488335456592958,False,True,False,False
2085995046478,0.0066537377,0.030896679,154.95715,1.0877163914450096,True,True,False,True
2340327483732,0.008395498,0.013606199,32.700005,4.63913180958755,True,True,True,True
2393031998572,0.008609503,0.019302074,267.94983,0.5728200932830438,True,True,False,True
2121252391584,0.11111026,0.0363642,144.91417,-0.732828843828437,False,True,True,False
2241600964346,0.056887284,0.051435474,472.55844,-1.4311235750995692,True,True,False,False
2369563767450,0.02074681,0.02996018,345.7997,2.7242034862853286,True,True,False,True
2863595804420,0.030599533,0.09740172,151.12718,-0.1778406743435545,True,False,False,False
2756285208174,0.026824608,0.033805884,39.045235,3.334189979932095,True,True,True,True
2830262505106,0.005626361,0.038775723,212.82802,1.150935532450319,True,True,False,True
2957908065246,0.052252695,0.05005322,187.7762,1.0972998306323132,True,True,False,True
2547054899588,0.0078603355,0.02368969,76.84877,1.5469803435041685,True,True,True,True
2598183809644,0.028099218,0.07643248,206.38496,0.0089957973163312,True,False,False,True
2635960576478,0.05061485,0.012488643,345.12744,-2.6512872564554155,True,True,False,False
2574337782016,0.014630197,0.04481447,100.07091,2.1623107471558827,True,True,True,True
2508612301588,0.03052443,0.06457623,103.61114,-0.1482097767301871,True,True,True,False
2595932166438,0.029287118,0.05550523,209.79149,-1.1442514403127495,True,True,False,False
2632765973204,0.0053446237,0.015692618,606.4612,3.7766813584727728,True,True,False,True
2618790632992,0.022352535,0.016462287,34.254467,3.580016907004764,True,True,True,True
2568954079470,0.015770623,0.021249456,103.7523,1.16884195351818,True,True,True,True
2631182002018,0.025562987,0.036569443,2339.868,-2.499761027364445,True,True,False,False
2592119986398,0.015210305,0.027788468,62.583508,2.979562725773905,True,True,True,True
2514651255394,0.009245202,0.057414804,187.74446,0.4769235829663744,True,True,False,True
2965840471412,0.005066919,0.061136257,167.92265,0.0105744011924743,True,True,False,True
2786451448956,0.028378349,0.04708038,239.12343,0.762496134472971,True,True,False,True
2896316090856,0.12916285,0.031574074,105.4111,-0.3931453046868164,False,True,True,False
2888363853570,0.020039227,0.034038424,179.70503,0.3616420534914311,True,True,False,True
2511499112746,0.022352701,0.07446179,199.29333,0.6837439083792931,True,False,False,True
2575639337220,0.0979175,0.044979203,211.2183,-1.8701196336999768,False,True,False,False
2690578201118,0.011720265,0.0140722785,90.7323,2.216239599616528,True,True,True,True
2722336878926,0.023845822,0.045574203,99.79298,0.1476810322053035,True,True,True,True
2801703975852,0.022489922,0.028314797,162.79369,1.6741451640055978,True,True,False,True
2877284950480,0.03267548,0.056588363,188.40263,5.597713799075962,True,True,False,True
3018825256196,0.018385665,0.056160275,124.94629,0.2842031965680082,True,True,True,True
3352553745130,0.009818355,0.030938953,129.12845,2.4082919173917863,True,True,True,True
3252529048844,0.04730493,0.071885064,216.81805,-1.0367785120933124,True,False,False,False
3032509235074,0.05668185,0.021721104,353.29013,-0.4191114795518291,True,True,False,False
3387817818768,0.0201919,0.02935802,162.71251,0.1242004574946926,True,True,False,True
3493551777614,0.02336004,0.032970145,55.668846,0.763787142549051,True,True,True,True
3390994027544,0.0063268696,0.00681281,197.05135,0.0785705022112713,True,True,False,True
3215695973782,0.011121774,0.04730556,89.3863,0.5129151646509297,True,True,True,True
3123606808292,0.040112264,0.057572883,231.2901,-0.6722865417820314,True,True,False,False
3490038293300,0.017039042,0.036970165,172.25674,0.3776439266495294,True,True,False,True
3063613318684,0.016421866,0.02933495,99.07143,-1.0390690502969904,True,True,True,False
3201744119622,0.04524244,0.0953567,158.49092,1.3726561154095276,True,False,False,True
3162686640592,0.10229338,0.121295236,123.73947,0.6074806733094057,False,False,True,True
3322720676062,0.044857167,0.034650512,276.77475,0.5631849412090049,True,True,False,True
3501482218272,0.04194909,0.032049973,149.57704,3.0381717535148627,True,True,True,True
3276043120134,0.00857431,0.0107724015,194.23174,0.6505066097795257,True,True,False,True
3453536220470,0.008282871,0.038511742,183.3706,-0.5141278913053733,True,True,False,False
3687208661164,0.046936657,0.09288508,214.33214,-1.0990862204036729,True,False,False,False
3628795186968,0.020904576,0.03450876,149.58542,0.0784563506822911,True,True,True,True
3702143668392,0.01618656,0.051641203,121.785866,0.6154397339987545,True,True,True,True
3712290272386,0.01758402,0.022525134,152.5879,2.6555159247547437,True,True,False,True
3848822814076,0.06386194,0.009549384,270.30716,-2.014548027353148,True,True,False,False
3564660961406,0.012748103,0.012154568,42.194138,2.9634077270522257,True,True,True,True
3938715598222,0.01565904,0.040027563,205.09863,0.1838616929340424,True,True,False,True
3772652462626,0.015853921,0.03266362,149.27005,1.317724692558576,True,True,True,True
3833296766418,0.045064833,0.047872607,253.81436,-0.9049360713640774,True,True,False,False
3510988011116,0.0031945708,0.029837739,110.5291,0.9703826828180871,True,True,True,True
3507811778076,0.030719196,0.1353515,145.81711,0.8148027112835095,True,False,True,True
3616394924468,0.056378055,0.08031975,97.8744,3.786049963199867,True,False,True,True
3719909619772,0.056922622,0.04393188,440.66064,-2.042915900984008,True,True,False,False
3812323563264,0.06779431,0.07023534,238.82178,-3.0900310079573545,True,False,False,False
3762784950372,0.040382743,0.09705949,280.0795,-1.6779883275665597,True,False,False,False
3705957815722,0.027792467,0.03601799,190.59325,-0.8055876397810946,True,True,False,False
3603089853106,0.038530447,0.03658461,395.8427,-1.295678974817552,True,True,False,False
3718040409222,0.020627124,0.030082325,273.5542,-1.5562722654661312,True,True,False,False
3135393879094,0.026592499,0.05381034,144.97375,0.2099307370122118,True,True,True,True
3140802480126,0.02045756,0.026691059,105.896255,0.8819289690042378,True,True,True,True
3325909129798,0.020652425,0.05052085,259.26083,-1.1457190808237965,True,True,False,False
3298285041682,0.060498625,0.054097824,201.53906,-0.3880862164485248,True,True,False,False
3225595086422,0.05673587,0.05435487,168.58623,-0.2363965443023892,True,True,False,False
3128759777470,0.050980397,0.045684826,115.37546,-0.7649086791060941,True,True,True,False
3402777697434,0.030845048,0.048004195,181.83586,0.6668506414391193,True,True,False,True
3332910168828,0.031648897,0.017408976,84.07879,1.8423434893576596,True,True,True,True
3330384272504,0.033726417,0.04391171,131.7375,-1.2029322886900462,True,True,True,False
3360204617102,0.005494822,0.026149888,75.89455,1.3395488730317766,True,True,True,True
3276705652344,0.043348312,0.078409635,221.05853,-0.3281891683404222,True,False,False,False
3231633310170,0.011509965,0.029512119,36.664284,2.2477274363700523,True,True,True,True
3057954483252,0.026440226,0.036003567,164.97565,-0.5171151276420464,True,True,False,False
3423103666314,0.0070342575,0.04635383,137.8944,1.5537159075378129,True,True,True,True
3446280308344,0.06831463,0.04465805,127.63189,-2.109919533526082,True,True,True,False
3442149600404,0.022043766,0.07252537,195.32086,-0.4287592275049318,True,False,False,False
3688211470306,0.032181483,0.08462202,221.70695,-0.6318758227090038,True,False,False,False
3600892210756,0.017163223,0.06127253,207.1725,0.1705912832629372,True,True,False,True
3940306222078,0.015475384,0.05593054,115.72083,1.205111841706348,True,True,True,True
3828233606310,0.027737413,0.020939594,191.2095,0.0184138628457202,True,True,False,True
3792038972772,0.011582807,0.068496674,201.07715,-1.3198118702182846,True,True,False,False
3797751460580,0.0039973175,0.016914608,43.430584,2.7923682443159668,True,True,True,True
3754575392668,0.023338921,0.0139976395,86.442986,1.1103789959277903,True,True,True,True
3746322896678,0.019686837,0.04448192,158.20245,1.5234929519870064,True,True,False,True
3568835113954,0.021227397,0.05279006,169.74474,-0.0193624362963242,True,True,False,False
3952711980608,0.0068964167,0.05249122,61.168068,2.144830886002365,True,True,True,True
3808554524404,0.05794815,0.05225115,149.35095,0.014022439948542,True,True,True,True
3984462544846,0.03403243,0.024472486,207.03879,-0.246959478122746,True,True,False,False
3626923357596,0.030741643,0.08104442,332.27036,-0.0145607530499525,True,False,False,False
3696767527328,0.008074009,0.029556405,122.25013,0.7962219160741214,True,True,True,True
3592337996120,0.052394383,0.05824456,254.19144,-0.2833832874366568,True,True,False,False
3696793584188,0.033941347,0.049279768,130.31967,0.2651095299001883,True,True,True,True
3830793626266,0.09360116,0.028174942,439.63263,-1.277815457387093,False,True,False,False
3847615710314,0.024345202,0.079241484,264.74908,0.0371983864264164,True,False,False,True
3089958760752,0.031121409,0.034896433,350.13266,1.915203552956572,True,True,False,True
3033113256520,0.03951809,0.05745725,225.27534,4.130436935541816,True,True,False,True
3149645112500,0.035534695,0.058139574,317.38052,-1.593374765920072,True,True,False,False
3203621319912,0.08556575,0.06973855,228.00436,-2.923213988768471,False,True,False,False
3184584358682,0.060085896,0.03439246,417.7287,-2.327377399411504,True,True,False,False
3398909979872,0.0356658,0.033975527,288.66986,1.7885408003038206,True,True,False,True
3342730083024,0.039166648,0.073279485,274.9462,-1.705999352533638,True,False,False,False
3036934736558,0.037425756,0.01638201,183.60327,5.284133435622221,True,True,False,True
3473845684082,0.051088408,0.04494857,296.78323,-2.644199199434349,True,True,False,False
3263313443732,0.04268359,0.050742738,350.78497,-0.5719551869894245,True,True,False,False
3271251393354,0.111692935,0.065345,390.28833,-3.660261110744847,False,True,False,False
3354126003182,0.040203195,0.043914244,358.951,-0.3182228094419458,True,True,False,False
3084260362076,0.039258868,0.027838564,236.25624,2.549471885273541,True,True,False,True
3303659551158,0.022170993,0.10420757,246.06818,-1.186381502675217,True,False,False,False
3598297570412,0.053912092,0.05646186,204.46512,-1.6693524433234752,True,True,False,False
3753571781128,0.015440616,0.037613276,182.02708,0.6876380153441226,True,True,False,True
3739614686318,0.0248669,0.04524286,211.75781,0.3597842467109333,True,True,False,True
3672622905312,0.08726323,0.050143976,284.77222,-3.4816584067299536,False,True,False,False
3604358700814,0.061263304,0.023365706,65.9776,0.744463861557525,True,True,True,True
3634532097068,0.01177758,0.05749257,233.10307,-0.6040823423233035,True,True,False,False
3791693913194,0.07449116,0.098866716,141.67473,-1.0109762061730498,False,False,True,False
3638949532276,0.039751377,0.04173987,134.51031,1.1769101971360625,True,True,True,True
3563690211466,0.0057571973,0.015470149,49.336334,1.7820554695618958,True,True,True,True
3802788542478,0.02164925,0.020528054,403.70032,2.46581412688798,True,True,False,True
3913927648932,0.020745011,0.078446224,171.39441,1.6161268091229122,True,False,False,True
3923135779484,0.0252952,0.059884176,174.5056,1.0635597299904769,True,True,False,True
3855194159496,0.03813615,0.05111291,161.4885,-0.7409640911101245,True,True,False,False
3104914859944,0.09372447,0.053301245,138.46011,-0.5512134573853884,False,True,True,False
3119216893246,0.12089814,0.083482794,185.21216,-1.157636364711092,False,False,False,False
3400539008348,0.014609258,0.046023797,115.80426,1.9386511994154385,True,True,True,True
3440859235978,0.019505046,0.019092064,122.13509,0.558407454271622,True,True,True,True
3237977563238,0.023692174,0.06289401,232.25876,-0.391531561281505,True,True,False,False
3150982853630,0.05030216,0.081236005,191.53932,0.1352875679890914,True,False,False,True
3174471900994,0.10034624,0.052494325,126.57512,-1.7478219351974833,False,True,True,False
3400540899210,0.02486718,0.019994376,191.39621,-0.4587319064262254,True,True,False,False
3452948835370,0.03869151,0.056316327,113.47306,-2.000658750773891,True,True,True,False
3113489389012,0.029320939,0.0416778,74.53527,1.134844538048171,True,True,True,True
3093801460904,0.02428221,0.07726794,137.66183,0.4650379388771855,True,False,True,True
3364967850092,0.013945186,0.018574404,215.57927,0.3785752182748709,True,True,False,True
3188123724020,0.04756042,0.061795354,172.55913,1.2804839417257736,True,True,False,True
3284331855628,0.037359025,0.017138723,180.73749,0.2193346952995824,True,True,False,True
3482472324192,0.07721162,0.03648062,238.65967,3.9703736387766217,False,True,False,True
3342444719706,0.033677462,0.073321134,180.87486,-3.4702941610914744,True,False,False,False
3302118142890,0.07707121,0.05918067,168.25255,-1.242676768888879,False,True,False,False
3473906567728,0.030579848,0.056892805,217.06462,0.4857649001233565,True,True,False,True
3629469542240,0.01532414,0.07269831,181.6142,-0.0999272833400041,True,False,False,False
3733293013788,0.089695275,0.06853689,162.301,-1.6738352471567806,False,True,False,False
3729485294078,0.079197615,0.04313919,179.92693,-2.219862507815405,False,True,False,False
3840291759712,0.026430804,0.029547395,127.59611,3.159522313301148,True,True,True,True
3912369707106,0.021702265,0.025896983,87.64895,0.8784335382009112,True,True,True,True
3818391396860,0.10671439,0.09905303,156.6251,-2.706380628068969,False,False,False,False
3807281195718,0.018187447,0.020340621,172.05283,-1.1976493224469726,True,True,False,False
3527551342592,0.017458573,0.035338037,166.17638,-0.9926830929094848,True,True,False,False
3518027582402,0.03259696,0.028696854,163.79456,4.026619023163949,True,True,False,True
3717761094142,0.02051111,0.021839619,166.95758,0.6291865416645656,True,True,False,True
3658054205176,0.06886263,0.079415426,280.10886,-0.6555476330717854,True,False,False,False
3512006522342,0.01239267,0.0316528,85.350914,2.1734369853916906,True,True,True,True
3958757664942,0.14945513,0.051872373,218.17961,-0.0056666020775601,False,True,False,False
3899056119308,0.07409635,0.046459317,182.44794,-0.6002258453923521,False,True,False,False
3898745151494,0.025519231,0.014541438,55.801643,2.877192831675521,True,True,True,True
3659618697766,0.019240465,0.034389064,193.03868,0.4427745142094845,True,True,False,True
3682495560082,0.009170159,0.034699213,158.67918,0.390150544043753,True,True,False,True
3574843656252,0.04179326,0.06578912,325.69717,-2.655041482889975,True,True,False,False
3722169055390,0.038452752,0.09157914,152.61566,1.057396423795916,True,False,False,True
3749477084848,0.01904693,0.03182281,248.92883,-0.5143142607205751,True,True,False,False
3902837002158,0.029344948,0.033645622,167.88264,0.2226999558261415,True,True,False,True
3873319914150,0.021855166,0.029641833,130.76605,0.935113161086196,True,True,True,True
3758691087744,0.056474347,0.045349024,155.64795,-0.1218040462476545,True,True,False,False
3921576050626,0.016320318,0.049178787,359.41153,1.6183462657427805,True,True,False,True
3503742585622,0.009260303,0.0973526,252.21584,-1.0441620484426648,True,False,False,False
3917148988848,0.009075549,0.065925784,279.68713,-1.2667931638372067,True,True,False,False
2166999610094,0.10156543,0.097053334,258.6847,-2.9882697366623923,False,False,False,False
2138105719034,0.03984235,0.03374498,218.45816,0.1820552557702739,True,True,False,True
2317502578784,0.045395177,0.040962245,177.81357,0.9093398218877612,True,True,False,True
2461344783242,0.010059849,0.04176586,81.30038,1.7329255876711946,True,True,True,True
2007631030184,0.015383,0.026446644,163.22667,1.2936943859476764,True,True,False,True
2183856419054,0.013144739,0.032870807,185.66846,-0.5803670235038731,True,True,False,False
2167335577066,0.06770709,0.02499919,225.40291,1.4288833236825516,True,True,False,True
2360403939854,0.041110795,0.07491066,164.42233,-0.240063629234759,True,False,False,False
2315300905554,0.019792704,0.05916052,147.30301,0.3710683414499379,True,True,True,True
2381983179812,0.023630818,0.046899166,102.64314,-0.4430075752303113,True,True,True,False
2403900702942,0.15268409,0.051143985,209.96852,-0.4351751214037297,False,True,False,False
2115880353384,0.017721467,0.07316571,112.538445,0.4560055696300602,True,False,True,True
2002538742440,0.0714016,0.023430476,421.8951,-3.1349291229179297,False,True,False,False
2049866357798,0.011542906,0.020906666,127.574005,1.423117254487285,True,True,True,True
2139091140932,0.024002263,0.058960184,125.62073,-0.7304614140441326,True,True,True,False
2138121722386,0.015240551,0.018878147,210.74988,-0.3580160638236218,True,True,False,False
2474700910230,0.018236062,0.06457751,114.400955,1.015089164708859,True,True,True,True
2433738436688,0.029622255,0.06546949,85.789566,-0.2261284149124147,True,True,True,False
2344196613066,0.07310482,0.1343805,166.67686,-1.911080672396217,False,False,False,False
2305463809416,0.029266536,0.052364606,167.41298,1.710184250153787,True,True,False,True
2660123088242,0.031430475,0.039566364,307.61478,-1.0433898429383317,True,True,False,False
2756330841872,0.015326136,0.030699197,116.69485,1.359005472311262,True,True,True,True
2580415514518,0.095222324,0.024671493,72.32722,0.0704983155970844,False,True,True,True
2635981463766,0.022890197,0.019752031,237.69475,-0.7917204784051279,True,True,False,False
2843000345162,0.04392442,0.03776118,179.24194,0.9936361948250192,True,True,False,True
2781729670442,0.003892035,0.042818118,264.71207,0.0089848089503028,True,True,False,True
2965890464630,0.061884858,0.07146183,298.89618,-1.8375521076549888,True,False,False,False
2510254731740,0.021162666,0.033689406,32.607243,3.769532921462608,True,True,True,True
2612831079698,0.028365277,0.07293468,316.3253,0.4416393168717569,True,False,False,True
2668080568008,0.046755362,0.046207286,141.3022,0.1918605147764623,True,True,True,True
2675700846852,0.06427978,0.0494244,28.81964,3.5737185737063357,True,True,True,True
2820481624912,0.02425169,0.04373902,294.3976,1.0190115272821028,True,True,False,True
2824930005170,0.03322147,0.032052666,208.63751,-1.3934692289230268,True,True,False,False
2890337336372,0.0050033466,0.017468672,51.686462,2.418470511286154,True,True,True,True
2983374702996,0.0343642,0.03530728,107.84575,0.2059552471478517,True,True,True,True
2598507023528,0.056412637,0.031645175,129.66286,-1.1812508935231092,True,True,True,False
2506133197690,0.020725682,0.042832807,134.98692,1.1355377571934588,True,True,True,True
2719182717314,0.0075409883,0.009516514,60.89477,1.832307932398618,True,True,True,True
2583920079584,0.04085861,0.035107266,251.25633,-0.0964089450529036,True,True,False,False
2854765017100,0.031458944,0.07421939,236.16545,-0.5101237213454841,True,False,False,False
2946850202240,0.01498594,0.047863103,142.46759,0.95318144488375,True,True,True,True
2979249766092,0.0034998576,0.016080454,138.0736,-0.6071782296190535,True,True,True,False
2974167153470,0.13597883,0.06386359,188.09207,-1.853010251265844,False,True,False,False
2837627379732,0.046563957,0.013214161,178.46678,-0.2566116846038359,True,True,False,False
2878276416206,0.032448333,0.027455451,85.05101,-0.661483488152009,True,True,True,False
2107359904406,0.023949236,0.027293803,148.47203,0.2378348800601034,True,True,True,True
2196256483070,0.040710196,0.054142136,136.68042,0.3991460843785607,True,True,True,True
2393754376306,0.0040399046,0.024732208,179.51724,0.3001946061222103,True,True,False,True
2135308971746,0.13498355,0.034492746,195.68547,-0.3629467076101869,False,True,False,False
2216907303622,0.021693563,0.04250387,222.63625,-0.7819303528133157,True,True,False,False
2441085066086,0.03283031,0.046960652,207.26933,0.5276036837255093,True,True,False,True
2250861331244,0.00350299,0.020810569,28.514004,2.506568048659497,True,True,True,True
2127033571636,0.011276951,0.0061879274,187.11598,0.9790259786347246,True,True,False,True
2381378734210,0.019036297,0.01790991,94.539024,1.622812191285644,True,True,True,True
2243895092908,0.047317367,0.07503678,133.59213,-1.0015462740922896,True,False,True,False
2455365429340,0.056015372,0.012643982,161.4655,-0.3312408859579654,True,True,False,False
2368057206980,0.0046326495,0.025689958,61.9062,2.993056602709552,True,True,True,True
2449025184836,0.027977938,0.054333188,85.79598,1.655594122915237,True,True,True,True
2341378420910,0.03907844,0.040161286,264.68707,-0.3697287589069207,True,True,False,False
2731604274290,0.03501222,0.030050602,164.15038,-1.420968432406855,True,True,False,False
2902096562516,0.041813165,0.08408089,136.84409,-1.0634749271949873,True,False,True,False
2880829904434,0.059867535,0.055738453,249.17169,-2.9532478060512664,True,True,False,False
2911002167414,0.01649589,0.041068494,134.5412,7.265794237724332,True,True,True,True
2762071579284,0.04669563,0.061516903,98.04317,2.46928854003669,True,True,True,True
2795735175820,0.0048874933,0.023256155,166.67796,0.9639906525841444,True,True,False,True
3013875119966,0.034196727,0.028424637,281.7487,-0.598974013658473,True,True,False,False
2560471276812,0.009815171,0.05388892,155.3343,0.7715141589956518,True,True,False,True
2830363099266,0.06170272,0.094367094,166.9713,-0.1502979353061034,True,False,False,False
2762413996956,0.020260789,0.02157483,130.44748,-0.604081428889288,True,True,True,False
3010389204122,0.007505236,0.04834617,87.00647,1.048255277449678,True,True,True,True
2833861541150,0.021960285,0.017894916,247.9802,0.2962284513112243,True,True,False,True
2985638822158,0.0075438344,0.024663974,153.35016,0.6228876418790338,True,True,False,True
2903401193256,0.022588369,0.049833544,52.28274,1.49065039173936,True,True,True,True
2555680782680,0.17120211,0.082452625,111.94394,-0.8546505493542914,False,False,True,False
2579825406320,0.02119443,0.021926887,86.267136,2.6809388569836097,True,True,True,True
2974184189258,0.024507027,0.03797626,126.7114,-0.532101887493663,True,True,True,False
2821796235162,0.02951521,0.030525109,175.21547,-0.4252795168989069,True,True,False,False
2808763803606,0.033413142,0.043560155,179.95258,0.6191974269661636,True,True,False,True
2896719363616,0.025370892,0.07290357,164.65219,0.836229108640458,True,False,False,True
2933557077140,0.025603365,0.03796119,168.02412,-0.7902733579747536,True,True,False,False
2234639286662,0.065855816,0.07503361,182.22089,-1.281989763484615,True,False,False,False
2210510185436,0.03074957,0.050635617,147.29266,-0.6377597273066855,True,True,True,False
2313389386714,0.09850022,0.026738483,208.43086,0.0483924329859243,False,True,False,True
2483251171788,0.036496654,0.018895501,147.83238,-0.8722056643891867,True,True,True,False
2408002938918,0.08606237,0.066277795,48.42091,0.7834036827961239,False,True,True,True
2201628420126,0.05780058,0.045606922,139.78647,-1.8355946324082717,True,True,True,False
2023826266706,0.05382504,0.028931104,239.9453,-2.935984357615866,True,True,False,False
2040007313514,0.017525496,0.021351404,47.519264,2.2109540469766715,True,True,True,True
2285149409946,0.12279392,0.12330649,84.815155,0.3417809253133962,False,False,True,True
2347381112822,0.015427525,0.03968966,74.81235,0.9097103579676582,True,True,True,True
2194306914392,0.099756934,0.03150821,184.77946,-0.2353325785075976,False,True,False,False
2034602846958,0.040637948,0.066743106,93.70829,1.620505046979339,True,True,True,True
2052067454690,0.055025615,0.094866365,194.10141,-1.0466385200842407,True,False,False,False
2202882222922,0.014832176,0.022787144,95.04726,1.5528225252036691,True,True,True,True
2472777775690,0.028667234,0.090963416,212.5951,0.0793335233227701,True,False,False,True
2490881279132,0.0041839387,0.04274169,189.05658,-0.9161489475474032,True,True,False,False
2210837660784,0.073816694,0.05911907,176.28145,-2.777174085750159,False,True,False,False
2191792861440,0.008118803,0.023651743,58.96776,1.0656569130539475,True,True,True,True
2297522561348,0.06064397,0.06859243,192.41698,0.1180277208271239,True,True,False,True
2360402231898,0.022268752,0.117264085,127.65244,-0.4209029042088794,True,False,True,False
2272131067232,0.041358512,0.060709618,194.93668,-1.1986800385677856,True,True,False,False
2628038425904,0.05409296,0.028957793,194.42361,-0.0208522135090253,True,True,False,False
2578829756170,0.011851787,0.06822398,119.454926,1.1649993793593612,True,True,True,True
2669637805142,0.022317646,0.02685557,208.69205,-0.6677311211433091,True,True,False,False
2693779556346,0.07000261,0.043454777,207.90694,-1.3579390930378392,False,True,False,False
2510875815008,0.07849034,0.08425786,140.86253,0.4490334599092941,False,False,True,True
2636611593234,0.018510116,0.035963174,65.163574,1.791920120796298,True,True,True,True
2895705871328,0.01515181,0.048999872,152.90704,1.1526232918765769,True,True,False,True
2757915521976,0.04632254,0.06379529,376.4891,-2.088065343899788,True,True,False,False
2964297473522,0.09935017,0.036978066,118.38536,-1.1689492839553135,False,True,True,False
2745835802012,0.024233539,0.021149551,141.14679,-0.3054273398796535,True,True,True,False
2680133454012,0.01031527,0.020993326,274.60712,0.1716344742838313,True,True,False,True
2772850831464,0.0148963025,0.035716064,78.840744,1.0434191221177327,True,True,True,True
2969077510704,0.02317802,0.028296975,134.10855,1.1763570805982262,True,True,True,True
2835091580608,0.018503524,0.03767091,118.44465,-0.4292993685186356,True,True,True,False
2961144752442,0.03805459,0.1102469,224.22577,-0.8486467972575389,True,False,False,False
2898582477228,0.027108924,0.03183692,108.09107,1.7806442714835429,True,True,True,True
2579142716860,0.051090077,0.03783618,131.8365,0.9283179803815031,True,True,True,True
2829351928856,0.044501882,0.03335125,158.14182,-0.8048523227406458,True,True,False,False
2987791461280,0.0404034,0.06210917,169.9844,1.2696140928812096,True,True,False,True
2531533666866,0.10074045,0.031426053,233.13997,-2.6766568737589904,False,True,False,False
2602668302620,0.023748346,0.11401357,231.42715,-0.3440654986861544,True,False,False,False
2690934729686,0.03952808,0.019412424,143.78813,-0.2459939447242557,True,True,True,False
2700143616432,0.08948575,0.13574119,72.899445,-3.562974682742976,False,False,True,False
2632181056682,0.0141971,0.046229728,270.0188,-0.6118086819364977,True,True,False,False
2545835650800,0.03943347,0.07867635,178.53156,-3.470276082316523,True,False,False,False
2714433680068,0.029365744,0.03678217,191.9376,0.7024199601984078,True,True,False,True
2923680191176,0.03268241,0.034072183,345.8595,-3.420962731764772,True,True,False,False
2835080847368,0.010914678,0.02078025,66.65752,1.921784147437189,True,True,True,True
2852227380750,0.042516075,0.08271325,269.40024,0.1961331229973191,True,False,False,True
2064482585512,0.035059195,0.02382287,257.9107,5.118530026867834,True,True,False,True
2071786427816,0.012988018,0.017885832,41.903484,2.1708359398164747,True,True,True,True
2029553269774,0.11485803,0.059907265,286.18973,-2.057902524723675,False,True,False,False
2075915927516,0.04361208,0.013658377,217.85507,-0.7616160132685221,True,True,False,False
2103539764408,0.028453166,0.054663297,188.23227,1.7009771040519284,True,True,False,True
2233411265144,0.076703966,0.05527053,241.8603,-1.948844471051088,False,True,False,False
2428677421220,0.0058967806,0.012380588,48.611755,2.92113286667698,True,True,True,True
2278186296864,0.09460102,0.03796417,355.10214,-3.821482608663344,False,True,False,False
2386145793244,0.026734821,0.056547288,132.50148,1.312425847504418,True,True,True,True
2315662905850,0.0033744497,0.020815603,155.14493,1.4084009606342196,True,True,False,True
2439174985826,0.12536538,0.050549474,103.64317,-1.101556278630894,False,True,True,False
2188005730208,0.01465881,0.024464687,161.54732,1.233107662039144,True,True,False,True
2441390722920,0.0071366895,0.01848348,48.61487,2.380033862328817,True,True,True,True
2434725775652,0.022471169,0.025177749,114.208565,1.2923707183455664,True,True,True,True
2680484112178,0.12565114,0.04163627,186.75078,-0.8321127964142452,False,True,False,False
2558546227074,0.083052866,0.08482564,236.78195,-3.9450333945533833,False,False,False,False
2785253793428,0.07654072,0.14113499,154.24896,-2.1069497260578745,False,False,False,False
2516023292142,0.044172432,0.0335693,141.38223,-0.086353698434826,True,True,True,False
2665577656486,0.023398433,0.038291473,70.505806,2.283866437045978,True,True,True,True
2978652351856,0.03693935,0.033964626,46.07077,2.6566950511447964,True,True,True,True
2951974321660,0.03419245,0.025698613,29.44184,3.808599194201909,True,True,True,True
2787824520962,0.069656864,0.030737685,201.84882,-1.4651040667487876,True,True,False,False
2555681339970,0.029874414,0.080284365,167.51924,0.2015162960783663,True,False,False,True
2696027196448,0.05473993,0.09884704,180.87517,-0.6453214023248627,True,False,False,False
2593484817800,0.055218212,0.02837592,235.59378,-1.8799992195968869,True,True,False,False
2656665451618,0.012607738,0.051206306,152.32242,0.9847654417077564,True,True,False,True
2754781021408,0.01318194,0.017375842,39.728844,2.037245177467818,True,True,True,True
2933861848112,0.051278796,0.01918317,228.1803,2.6957343768794484,True,True,False,True
2972588780192,0.10976833,0.02480984,300.3917,-1.9305616325833537,False,True,False,False
2675412386428,0.012039507,0.022697007,120.88536,0.4580835359376352,True,True,True,True
2509987843472,0.03172989,0.035354577,108.13975,3.236903827314627,True,True,True,True
2553163684484,0.11410955,0.041000914,191.9382,-0.0195033976149847,False,True,False,False
2512524753518,0.014685583,0.038132552,55.40022,3.4722434455042634,True,True,True,True
2537617829688,0.011557681,0.032593373,47.669136,2.387788208804864,True,True,True,True
2843069650412,0.016681736,0.03986184,200.99672,1.1466155239859508,True,True,False,True
2825291907316,0.025591291,0.04246082,270.3209,-2.0735562648779746,True,True,False,False
3233557278350,0.05279004,0.06744385,163.54526,-0.4225719225586323,True,True,False,False
3218943799062,0.014725315,0.02016934,152.96904,-0.4409746511528991,True,True,False,False
3004316684682,0.018197538,0.049987067,216.49951,0.2819379031594853,True,True,False,True
3465685314574,0.048712287,0.07885204,275.86234,-0.7527840315169154,True,False,False,False
3354550896166,0.011605273,0.020827254,146.06314,1.02977374136116,True,True,True,True
3020495287032,0.057120655,0.013315439,242.59514,-0.9503988708577944,True,True,False,False
3027490051078,0.009262295,0.05197002,137.51056,-0.3008009659822205,True,True,True,False
3056372779242,0.014027732,0.03074232,454.22742,2.1167198721964384,True,True,False,True
3257372439754,0.03191691,0.04714825,178.62624,-1.4039371649597958,True,True,False,False
3131338998934,0.014332899,0.047365163,144.83794,0.4339685359421745,True,True,True,True
3163719412178,0.0036534166,0.075783715,142.06454,1.2872693125726622,True,False,True,True
3357093702622,0.04487919,0.026272735,180.6135,-0.1670961366413058,True,True,False,False
3394874827630,0.01996138,0.053676523,230.3845,0.5392431496173762,True,True,False,True
3336763048926,0.02408225,0.033703163,174.65332,-1.3144468089017045,True,True,False,False
3409789524796,0.039141733,0.098918796,236.6549,-0.6997342316614107,True,False,False,False
3357729449590,0.06572562,0.107070595,89.94685,-0.3404233835336559,True,False,True,False
3867003126174,0.1043411,0.058691125,143.73315,-1.0352100719897523,False,True,True,False
3963840854516,0.050544206,0.07302561,188.79172,-2.347288365136884,True,False,False,False
3956857986058,0.050791897,0.055057365,257.8694,-1.7140319344271706,True,True,False,False
3913055396346,0.01500059,0.051962707,160.51695,0.3172464661506282,True,True,False,True
3511716870102,0.044624206,0.05938606,244.55467,-1.748747621155453,True,True,False,False
3560307434178,0.011486831,0.03801362,139.29738,0.4414820152964203,True,True,True,True
3673026757556,0.04332019,0.035585836,205.71341,-0.5555532916188223,True,True,False,False
3792084231836,0.013286333,0.05857145,194.548,0.5559572291236741,True,True,False,True
3816533876902,0.030814499,0.1280289,140.94923,-0.0079738755986101,True,False,True,False
3970215345818,0.019136906,0.024589421,143.31285,-0.7781908003924507,True,True,True,False
3970538838488,0.020300474,0.07017341,188.6174,-0.575377054295666,True,False,False,False
3973081241888,0.012742796,0.034877274,55.398033,0.9538295909584208,True,True,True,True
3518366369436,0.02320209,0.054285202,249.43495,-0.2819091037351465,True,True,False,False
3719357789338,0.02700207,0.048726175,26.4201,2.5861443224340657,True,True,True,True
3836516042312,0.036821198,0.04702448,137.30075,-0.3697317300136493,True,True,True,False
3756196384468,0.065794796,0.025684904,98.99237,-0.0909254422464882,True,True,True,False
3644121803398,0.09322921,0.0465793,356.94006,-2.1027638663273414,False,True,False,False
3664448249880,0.09995184,0.051086504,313.02826,-0.3358490820178239,False,True,False,False
3717466732384,0.016197382,0.07980746,198.61678,-0.731921104224314,True,False,False,False
3692390841636,0.01249326,0.017656242,212.23271,0.2680662311767579,True,True,False,True
3920048623712,0.024403807,0.042456742,289.2754,-0.4870803065716669,True,True,False,False
3012282631124,0.0084242625,0.037603784,131.6448,2.648126039178906,True,True,True,True
3074837246510,0.0512961,0.036842518,231.37169,-1.4248414897609294,True,True,False,False
3254875647530,0.021901423,0.05575435,84.50965,3.2455587161091195,True,True,True,True
3392354826616,0.107918136,0.026895445,179.40257,-2.236301902519496,False,True,False,False
3473322175346,0.050230704,0.03285339,117.7733,-0.488393753749999,True,True,True,False
3308236470256,0.018483248,0.07105018,101.05903,0.4450046848105251,True,False,True,True
3418721032600,0.014548815,0.042619135,244.11641,1.3319434970518194,True,True,False,True
3301246847888,0.022270987,0.050809238,141.90303,1.9437499741771629,True,True,True,True
3358404152536,0.015848093,0.035808433,164.71535,0.1170067926547769,True,True,False,True
3121507219550,0.14265184,0.019824607,279.99084,-2.456916024631309,False,True,False,False
3399338782120,0.020485608,0.037168134,101.9277,-0.7426118046079497,True,True,True,False
3074848637330,0.03517081,0.040079527,53.310917,1.5839975055379445,True,True,True,True
3199010071360,0.121831164,0.04755505,63.675648,-0.7040318409377956,False,True,True,False
3832436765012,0.016295243,0.045327637,236.95816,-0.8883776640666472,True,True,False,False
3499699418624,0.08130189,0.0956084,262.5106,-1.709540715750827,False,False,False,False
3539394155980,0.013105883,0.033337362,230.72746,-0.2427207469650207,True,True,False,False
3771178463304,0.014280929,0.048232615,152.91176,0.737665616989835,True,True,False,True
3799758363020,0.06397734,0.015073591,252.64056,0.8254886870370721,True,True,False,True
3776564157396,0.011141691,0.010387868,142.82423,1.799942905418643,True,True,True,True
3782262281382,0.041506242,0.10783057,211.4042,0.8256576000111757,True,False,False,True
3831161671880,0.056528747,0.048898447,154.98499,0.3667544256200153,True,True,False,True
3659084934112,0.016677598,0.011007737,44.36729,3.3041395285610173,True,True,True,True
3693373969248,0.033605434,0.03560643,262.762,2.642923775066352,True,True,False,True
3696250120878,0.036388353,0.013244884,270.56238,-0.4446098076746915,True,True,False,False
3754654397446,0.016864043,0.034377642,293.55774,-1.4366932288080725,True,True,False,False
3755304885028,0.026028033,0.052594826,236.58282,0.6046990450391301,True,True,False,True
3842619734912,0.03017928,0.030392127,326.4176,0.6630088299369062,True,True,False,True
3050987388968,0.013891253,0.042289656,155.63861,-2.060048602037305,True,True,False,False
3148144654668,0.06176216,0.024102394,285.61356,2.92579169209315,True,True,False,True
3359613906180,0.03616675,0.052841634,178.81363,-0.560584991826689,True,True,False,False
3244044286742,0.020011947,0.0485427,288.07648,-1.8075004567553017,True,True,False,False
3211024424660,0.012301562,0.04168265,49.35298,1.4907333049742646,True,True,True,True
3196100355282,0.038437333,0.057719935,259.30307,-2.2257750982328237,True,True,False,False
3171667468536,0.027878104,0.061798785,116.804726,1.2556298127657983,True,True,True,True
3467897550440,0.016815996,0.045164816,253.06352,-0.9774343889166548,True,True,False,False
3058916495802,0.013438311,0.021921301,70.54145,2.012143766571308,True,True,True,True
3295466224844,0.02099123,0.040896628,277.2422,0.0003165857768424,True,True,False,True
3498368358932,0.015050514,0.051924728,189.10057,1.0633502015447327,True,True,False,True
3056704918706,0.065296374,0.019632176,164.36612,3.382910477741673,True,True,False,True
3436779784946,0.085447274,0.088248044,265.86322,-3.254355145401587,False,False,False,False
3255803565670,0.019484947,0.029931357,162.11632,-0.5591706838818182,True,True,False,False
3287867164668,0.064958975,0.079195194,241.40948,-1.2287030577315865,True,False,False,False
3427255999788,0.00765075,0.018788598,163.62349,-0.0402462801710277,True,True,False,False
3595526251708,0.021834897,0.040745392,160.6712,2.5014746359117925,True,True,False,True
3729203835518,0.017513938,0.04012558,79.75265,0.1061612981145095,True,True,True,True
3665707924410,0.036797885,0.048319425,228.36313,0.0171529957818126,True,True,False,True
3835890503832,0.114242055,0.049914498,173.55266,-1.7299113242614483,False,True,False,False
3943221310680,0.11451587,0.07712378,175.26361,-2.979890052692105,False,False,False,False
3885097511854,0.018742422,0.041228067,115.78226,1.2881339052478769,True,True,True,True
3897823712260,0.020257581,0.016352115,197.1411,-0.5314507616937522,True,True,False,False
3657443206738,0.03272927,0.029968176,193.10065,1.357363560968862,True,True,False,True
3716825344184,0.028822124,0.07782492,245.82683,-2.018747996453775,True,False,False,False
3509787461546,0.018182946,0.028952805,42.243687,3.8631524684416334,True,True,True,True
3633941839004,0.02711604,0.030134019,140.04181,2.378570485294622,True,True,True,True
3727947414668,0.021484677,0.052876294,79.22597,-0.4070037086548559,True,True,True,False
3575541065606,0.08030524,0.039593775,161.54297,0.3186945264705701,False,True,False,True
3504101611370,0.13836975,0.05966323,172.85089,-1.3855302642753362,False,True,False,False
3644445677770,0.07721619,0.0642998,528.1143,-3.569467124720686,False,True,False,False
3985462610906,0.039419863,0.036833394,214.37827,2.273247257625198,True,True,False,True
3903218732372,0.078473985,0.11728473,207.50484,-2.152808102888545,False,False,False,False
3040863112428,0.015311279,0.013739016,224.08594,0.2727801402633555,True,True,False,True
2995774290686,0.02830359,0.06819269,152.8444,1.4261158467569348,True,True,False,True
3331069538062,0.046037305,0.03863546,181.58559,-0.5609423823987287,True,True,False,False
3414904923522,0.031425297,0.042032745,138.90517,-0.5312691299602502,True,True,True,False
3455230190676,0.11070962,0.061271586,165.48454,-3.635283157083313,False,True,False,False
3323138166364,0.03376305,0.047377888,191.71083,1.5120631319222015,True,True,False,True
3425058836230,0.020607507,0.038126353,130.73035,1.25260657303102,True,True,True,True
3093897193704,0.015614972,0.01284637,160.804,0.5076880665085949,True,True,False,True
3506367995496,0.022788435,0.03620285,202.4473,0.1579583420205915,True,True,False,True
3255831260180,0.06116673,0.03750974,323.93277,-2.101103684714761,True,True,False,False
3315857130538,0.033711165,0.03543885,447.43198,-1.4561089752701593,True,True,False,False
3289185249266,0.013962912,0.074481875,201.97801,0.7584052941424846,True,False,False,True
3229143250728,0.02915619,0.027690392,134.48883,-0.2240520555933404,True,True,True,False
3181515125166,0.05847498,0.029038126,301.68036,1.8371999565299728,True,True,False,True
3245667672362,0.0166908,0.037549138,83.82533,0.0885171233267207,True,True,True,True
3204059222640,0.038409516,0.04738415,208.6195,0.0779373249028142,True,True,False,True
3132311849008,0.057006303,0.04147046,274.6166,-2.631731672059561,True,True,False,False
3417123029464,0.04793547,0.017942166,222.90852,-2.342619244047439,True,True,False,False
3272324384106,0.011790525,0.019655824,57.33436,1.3923229755237476,True,True,True,True
3353625405798,0.0035045545,0.016298616,475.17996,-0.0434962724483251,True,True,False,False
3339980159488,0.06315898,0.038514003,164.48264,-1.5328908794884506,True,True,False,False
3277755965904,0.011537612,0.026601069,210.76866,0.3110840365429593,True,True,False,True
3446345478984,0.07265297,0.0856443,91.717926,1.0092647109853037,False,False,True,True
3705424711374,0.04609813,0.025687123,256.54092,4.783271412127667,True,True,False,True
3573986349828,0.031136261,0.032825377,317.9212,-0.370890543746899,True,True,False,False
3732409098944,0.058175273,0.01422291,115.71595,-0.4168588404729887,True,True,True,False
3544132388830,0.056598607,0.023567418,211.91759,-0.3967160395171,True,True,False,False
3642883502774,0.024591396,0.018524991,179.49734,1.29216070393169,True,True,False,True
3647647361838,0.006190081,0.024931453,47.225224,2.726104152281056,True,True,True,True
3758448838540,0.11632993,0.017406926,320.00662,-3.0891454929982167,False,True,False,False
3821962111896,0.020963725,0.069527775,93.23568,-0.1182618910843551,True,True,True,False
3942620367306,0.09474907,0.008237167,157.4495,-2.1114582878741786,False,True,False,False
3641308099292,0.04389646,0.07403127,174.80386,-1.3512425574160687,True,False,False,False
3728950498576,0.00937642,0.038747527,175.50136,1.2844948371089155,True,True,False,True
3608922395566,0.03493448,0.11396255,152.15947,-0.0931178386893105,True,False,False,False
3516833304744,0.11589733,0.11283791,323.0239,-4.054856807179191,False,False,False,False
633707874,0.006269585,0.02854437,80.24803,2.3409266472908263,True,True,True,True
3899447828146,0.026162269,0.0065723252,84.53637,0.7718303698648368,True,True,True,True
3734951275264,0.0073870067,0.010949343,148.59904,1.6000723203752556,True,True,True,True
3731474733772,0.008266206,0.06323865,105.659904,1.1705232156861622,True,True,True,True
3843230105958,0.01796916,0.031395283,277.29126,-2.618421324575901,True,True,False,False
3937545012246,0.008637265,0.034437865,133.18825,1.463457221374473,True,True,True,True
3961978454410,0.031199621,0.050548445,163.4627,0.3509109068323643,True,True,False,True
3952467747118,0.06906299,0.07251685,131.72916,-0.0078299915439729,True,False,True,False
3503513971832,0.040939454,0.025882225,123.406975,-0.2543544584450676,True,True,True,False
3578751217970,0.01348871,0.017697887,211.80505,0.2781911672040956,True,True,False,True
3655588790200,0.008255002,0.0340891,109.34083,0.8471301468096337,True,True,True,True
3855001429310,0.005643588,0.04098473,158.43593,1.007618533597678,True,True,False,True
3995030521488,0.02953832,0.0415157,170.21996,0.8142541390787604,True,True,False,True
2266634091992,0.021543847,0.025909089,137.68715,-0.2818536224422807,True,True,True,False
2238393182932,0.013201218,0.043887056,198.18869,0.5367740297101755,True,True,False,True
2448576705220,0.011602618,0.10701336,71.84888,1.364456764207455,True,False,True,True
2420004592458,0.0082962625,0.047114026,146.59145,2.431556264123234,True,True,True,True
2336495825072,0.088149406,0.103006795,314.04807,-2.285657704486025,False,False,False,False
2480342591116,0.043735303,0.048461452,334.82013,-1.6023034350766328,True,True,False,False
2283449095066,0.08412964,0.11904853,292.2751,-1.5568102630424634,False,False,False,False
2359658279906,0.007872823,0.03901864,230.95583,0.2132682582159166,True,True,False,True
2317113221814,0.018897247,0.060254775,107.99582,0.910212069761655,True,True,True,True
2236157389602,0.024475588,0.029098812,121.17435,0.6231068526828532,True,True,True,True
2308868032480,0.021610446,0.033493355,279.6748,2.925553309936224,True,True,False,True
2459055270414,0.013730363,0.009721694,278.14984,0.7785765943536457,True,True,False,True
2344131074210,0.061923277,0.03935466,374.73,-3.002864228182613,True,True,False,False
2356193583038,0.039914366,0.04382002,206.55719,3.1234383364687885,True,True,False,True
2570819939898,0.025679486,0.049664162,107.49977,-1.153855584821406,True,True,True,False
2649243372746,0.034307495,0.0539872,211.6145,-0.0741635007016464,True,True,False,False
2546992685186,0.019679552,0.044417515,234.91516,0.0240170780650179,True,True,False,True
2667643808854,0.068924315,0.078518555,252.15445,0.8353972149742505,True,False,False,True
2954368626942,0.057118285,0.023950538,268.0872,-2.1626615237928446,True,True,False,False
2820377556096,0.012679495,0.038361557,200.6543,0.2534832370560652,True,True,False,True
2716568020142,0.022099154,0.07891383,145.49203,0.231585173495639,True,False,True,True
2508286517344,0.02110077,0.073132,240.31587,0.3598956697660966,True,False,False,True
2777213963332,0.10411482,0.017483674,314.97534,-1.3639780864370834,False,True,False,False
2566994303994,0.01452878,0.04266053,159.15372,-0.3608575280197337,True,True,False,False
2491755470500,0.040381823,0.06807225,187.04143,-0.0672355511944007,True,True,False,False
2674321684248,0.022691963,0.03579037,128.9131,1.6705386702864853,True,True,True,True
2913728260614,0.07057185,0.083846666,127.78812,0.054312688288341,False,False,True,True
2937865652292,0.01576489,0.047064092,189.16048,0.2427931971946597,True,True,False,True
2918505475404,0.08552609,0.019270483,244.17796,-0.3725723033080548,False,True,False,False
2909609875756,0.01662048,0.024741469,137.70366,2.492569861524693,True,True,True,True
2533989763754,0.053616643,0.06556245,144.02711,-2.074015967124488,True,True,True,False
2896614058862,0.016462317,0.04208225,112.64535,0.0422701241091441,True,True,True,True
2147270637380,0.033304814,0.03439485,160.73782,0.2747619305530873,True,True,False,True
2273021711500,0.04971281,0.04298916,217.3119,0.7803741727771406,True,True,False,True
2386056891940,0.073427,0.052623354,140.82402,2.333087615330237,False,True,True,True
2034253274188,0.03595094,0.027205745,174.2583,2.140669107569377,True,True,False,True
2253347618152,0.03940839,0.01701795,277.61636,-1.754943612960421,True,True,False,False
2232388476138,0.0646384,0.07469685,186.63615,-1.5786725399641357,True,False,False,False
2432422118786,0.024946861,0.0062576206,156.26065,-0.0624983535137102,True,True,False,False
2437819732794,0.018216794,0.018177245,198.80174,0.6191651305379393,True,True,False,True
2277485060598,0.020735357,0.06154799,144.61867,0.7913759907733078,True,True,True,True
2117111530370,0.037696667,0.02941748,154.94952,1.8519055679331493,True,True,False,True
2133950044864,0.00938986,0.01816834,275.97458,-0.5108248781231366,True,True,False,False
2049172205552,0.02885784,0.021780457,172.67412,-0.3315277180312718,True,True,False,False
2228255727986,0.06688371,0.07234626,294.76108,-2.03061926954024,True,False,False,False
2365405744394,0.048871104,0.02207868,239.24443,0.6684183990566239,True,True,False,True
2370823014534,0.038161207,0.076850235,137.38493,-1.4498779140261189,True,False,True,False
2241285765906,0.07414371,0.09949919,233.16536,-1.7551276094875623,False,False,False,False
2163174006584,0.06910546,0.15959969,495.09183,-4.9104910297476,True,False,False,False
2201277212666,0.055556547,0.07321893,147.08963,-1.3253742965517414,True,False,True,False
2190161669502,0.014331895,0.013057607,124.98962,1.4345843277388626,True,True,True,True
2238419946706,0.008736839,0.015938062,76.04789,0.231926966099046,True,True,True,True
2200636150664,0.07284544,0.0871865,142.54158,-1.957030772292963,False,False,True,False
2459410589516,0.01796367,0.023580378,52.47838,2.309396896606357,True,True,True,True
2468303417728,0.094248384,0.0580186,197.9186,-2.9827929779649747,False,True,False,False
2432120501546,0.0586898,0.04715364,138.7405,-1.4833559951862805,True,True,True,False
2380348060430,0.025730109,0.033492204,178.56198,-0.4778793521958371,True,True,False,False
2642606221764,0.011299299,0.03255886,195.06683,0.2556558427591365,True,True,False,True
2878201601470,0.015101179,0.034873057,72.77772,1.3544034868988195,True,True,True,True
2855986163458,0.03388828,0.04840846,147.56595,-0.149564964364903,True,True,True,False
2908379206300,0.013285844,0.03329195,228.2343,-0.0043175779178137,True,True,False,False
2973775298926,0.031534947,0.032635994,324.57535,-2.551499678101572,True,True,False,False
2990302643344,0.029583033,0.041952588,342.3032,-1.5622628527568985,True,True,False,False
2684217445032,0.023506979,0.0076925233,126.089714,0.5149122540294693,True,True,True,True
2653740086942,0.0108924145,0.018313903,161.59639,1.0032582311943348,True,True,False,True
2992536320142,0.01295365,0.012771744,129.37427,1.3095100376709294,True,True,True,True
2951587101338,0.023313893,0.016474938,223.84142,-0.9431415333218608,True,True,False,False
2573716630254,0.009104208,0.020822037,136.95398,1.2888080736197955,True,True,True,True
2603563914628,0.08243875,0.046015218,176.64244,-2.006325998320037,False,True,False,False
2891538779630,0.052454703,0.059349872,309.35013,-2.216832885845084,True,True,False,False
2887425383580,0.028451813,0.0638044,178.17044,-1.2207954899148166,True,True,False,False
3004918265568,0.06674986,0.041803308,219.28238,-3.2000881446152816,True,True,False,False
2068810238694,0.07585265,0.16762206,128.17981,-2.394630543891542,False,False,True,False
2064370175240,0.010676874,0.018044215,98.39143,1.3329750688455055,True,True,True,True
2032931563090,0.02285155,0.050817568,198.71057,0.9182351963321588,True,True,False,True
2186925386552,0.027184948,0.04786967,200.0093,-1.5326768377554272,True,True,False,False
2049128837998,0.015616078,0.025732381,225.0745,-0.2072733707682108,True,True,False,False
2225987452314,0.020628147,0.052666433,207.22537,0.7761612811873915,True,True,False,True
2500951607172,0.0058950013,0.046782695,141.10397,-0.7870025321045371,True,True,True,False
2272024702538,0.003624571,0.018428618,322.27777,-2.454230827977272,True,True,False,False
2022474368372,0.011258851,0.013438045,163.8697,0.3990716952317981,True,True,False,True
2096444408002,0.14995262,0.21250501,229.37538,-2.218595160537135,False,False,False,False
2141549938322,0.08179982,0.020762112,215.33582,-0.13098547597139,False,True,False,False
2031656016474,0.028393459,0.049751077,180.38492,-1.2333028830201274,True,True,False,False
2506982346954,0.020701637,0.04920218,68.03512,2.678635383629425,True,True,True,True
2454597469312,0.0457366,0.01596769,237.8185,0.6860586243955659,True,True,False,True
2201229613010,0.009983148,0.010842336,125.7495,1.0918210636104937,True,True,True,True
2230449718088,0.02230403,0.038728762,1609.5056,-2.3390784018839184,True,True,False,False
2248550903476,0.022261618,0.068539985,313.5932,1.272671662388742,True,True,False,True
2051363626118,0.026908431,0.06307532,252.32594,-0.7141270464946241,True,True,False,False
2183131048812,0.06259545,0.069742665,302.07764,-2.3478093020091144,True,True,False,False
2405393939562,0.017836854,0.05241535,194.28792,-0.1859863492767107,True,True,False,False
2273640401658,0.00930657,0.031517867,267.59338,-0.4177738769536876,True,True,False,False
2424777301362,0.045717444,0.031506136,380.92145,-2.353753603546938,True,True,False,False
2616842475808,0.013856545,0.04245749,162.91245,0.5862215084251038,True,True,False,True
2724169452368,0.030368079,0.025837228,297.88223,-2.6132248400431486,True,True,False,False
2723537286070,0.019234441,0.018488443,104.98857,1.7278115123310571,True,True,True,True
2760685386262,0.00728766,0.013076687,106.67388,1.0646016105287457,True,True,True,True
2805136221018,0.008511419,0.02366487,173.77359,1.1794598760795147,True,True,False,True
2785767350390,0.08282993,0.039245658,250.88358,-2.81093112624309,False,True,False,False
2871813632342,0.027194867,0.027078269,147.23491,0.3133672192456552,True,True,True,True
2701332457148,0.04202634,0.028913876,110.160995,-0.1929221745514391,True,True,True,False
2853415766792,0.07849439,0.09511851,295.84085,-2.602897438116836,False,False,False,False
2820716348320,0.038853854,0.06334126,217.17355,-0.5008331434340992,True,True,False,False
2947082101054,0.04239111,0.07248233,156.98143,-0.1943483411549608,True,False,False,False
2736875671858,0.0027789697,0.037565593,124.72216,1.9311588290267296,True,True,True,True
2566674922890,0.025097601,0.022601526,161.33179,-0.2981690604462052,True,True,False,False
2772432016016,0.053480055,0.04763538,128.74286,1.5611847010142168,True,True,True,True
2522576711566,0.030556358,0.04750993,401.84747,-1.0743487431064445,True,True,False,False
2716578331612,0.046324935,0.07423803,1443.0189,-4.097774860346089,True,False,False,False
2515903575486,0.08782968,0.11633581,120.72886,-0.3345840404584342,False,False,True,False
2826752656820,0.022213848,0.032472182,240.38579,0.0570467717313877,True,True,False,True
2117742439692,0.065508306,0.076118276,243.82082,-2.204209619059068,True,False,False,False
2190452251734,0.025965557,0.02445975,50.7117,0.6468755343722461,True,True,True,True
2220934398658,0.094985835,0.009530721,304.85773,-1.020125988395728,False,True,False,False
2337785865788,0.008380295,0.031097433,53.882084,4.406190634944284,True,True,True,True
2264763800344,0.044544384,0.055670336,368.91306,-0.3963783130975399,True,True,False,False
2414312999070,0.027060444,0.051592138,223.64929,-0.5181639792987508,True,True,False,False
2037753229452,0.026981786,0.034121104,166.79147,-0.4018888144436865,True,True,False,False
2253030403192,0.07521336,0.034426432,177.4689,-1.3526145134904617,False,True,False,False
2221912436074,0.043727033,0.062885396,137.34769,-0.1011526086627189,True,True,True,False
2053318690958,0.01348571,0.02619794,156.74263,0.5202437094699353,True,True,False,True
2436232563590,0.022561317,0.041057333,130.16171,0.8751552524550141,True,True,True,True
2456884468106,0.015278466,0.061356965,114.10013,1.2565258256364542,True,True,True,True
2380043419426,0.03954392,0.07929955,154.27528,-0.4053640412887034,True,False,False,False
2473394702364,0.0143447695,0.024699688,190.8313,0.9395742560540592,True,True,False,True
2218403513802,0.024644772,0.026966896,229.03987,-0.3352660930196296,True,True,False,False
2297476652896,0.014098123,0.020246256,148.89413,0.7829276397412125,True,True,True,True
2494977394402,0.021832962,0.036201593,118.684715,2.3360591595143894,True,True,True,True
2318445069646,0.054106794,0.007938407,164.43799,0.0458020104925007,True,True,False,True
2566398023008,0.041953616,0.031000132,250.62299,-1.2589365828525274,True,True,False,False
2565779287274,0.009457221,0.04075551,196.23598,-0.3627309494422883,True,True,False,False
2753415388774,0.079395436,0.03987354,148.52852,-2.725345426862369,False,True,True,False
2856295497784,0.0413548,0.04024372,141.32947,0.5910051335256682,True,True,True,True
2762316456998,0.022976292,0.079477675,110.03527,0.4817264097936694,True,False,True,True
2620406083752,0.01259383,0.021170672,49.086823,2.459567968332536,True,True,True,True
2718202823256,0.04238365,0.036872208,134.0369,1.9849832902169344,True,True,True,True
2722653294666,0.039099053,0.036043555,254.91191,-0.5828154491891657,True,True,False,False
2627070753192,0.045379274,0.042722445,263.13687,3.081319720926287,True,True,False,True
2783616277900,0.019458335,0.047048923,86.20356,-0.3114401713919976,True,True,True,False
2857279154472,0.02623723,0.053503852,124.309975,-0.1069330117346432,True,True,True,False
2842332329348,0.007756955,0.05337156,352.57422,-0.9125897473690004,True,True,False,False
2946159832176,0.028809574,0.042408723,150.04346,0.6145594917936774,True,True,False,True
2890906161554,0.022586206,0.020337833,392.5969,-0.871645288135659,True,True,False,False
2959802483010,0.019590776,0.02363465,117.57026,0.7485571391449283,True,True,True,True
2613412832794,0.008624989,0.011080651,173.78183,-1.4424460905586636,True,True,False,False
2672793734628,0.075084135,0.108325355,174.94936,-0.0989619536773041,False,False,False,False
3154099290926,0.07961677,0.05111903,90.00633,0.3223434521276982,False,True,True,True
3203938138196,0.02360775,0.055680912,108.4633,-0.101486564829053,True,True,True,False
3193477794580,0.016832322,0.05390106,224.34795,-0.9290962383976172,True,True,False,False
3405253603700,0.09534698,0.053972084,167.71419,0.8555099659326355,False,True,False,True
3389381434318,0.010974282,0.029657053,105.42492,1.958863768925796,True,True,True,True
3309036653028,0.043425094,0.057081655,124.88902,0.7214859469206434,True,True,True,True
3335712793374,0.047376517,0.04826218,74.47774,0.8926160016548903,True,True,True,True
3481467703688,0.10835428,0.040550943,109.13506,-0.7942757659173034,False,True,True,False
3055054193602,0.065432295,0.036585923,422.77536,1.0843930690936157,True,True,False,True
3238568733804,0.009917733,0.040960494,133.73825,1.167860727338992,True,True,True,True
3277004655406,0.03862609,0.06380841,255.01625,2.0702924286868787,True,True,False,True
3379244305918,0.009852935,0.021699432,77.67288,0.2478058687424602,True,True,True,True
3339222800920,0.008183228,0.038746335,44.37976,3.145574251036672,True,True,True,True
3333834713082,0.005810112,0.061571334,159.9189,-0.5787360316421164,True,True,False,False
3468764913518,0.038903512,0.021021344,229.9082,-1.7981286043411242,True,True,False,False
3381124706464,0.061552968,0.02906081,317.0677,-1.0440927693772686,True,True,False,False
3264899031382,0.0314938,0.06222409,243.94748,0.1839774073165955,True,True,False,True
3124271640706,0.09515322,0.14024222,276.26617,-4.970588358079191,False,False,False,False
3284290859030,0.05400127,0.040527876,230.81435,-1.033195536157,True,True,False,False
3419877720598,0.021854008,0.039327092,144.18205,0.9236506901522356,True,True,True,True
3474494108848,0.14769518,0.02076603,405.95096,-3.8234625932558255,False,True,False,False
3558943162094,0.03202096,0.04746809,646.41254,-2.4796395570063643,True,True,False,False
3664345615452,0.03838261,0.10828478,139.73726,-1.1151995202869027,True,False,True,False
3724355383618,0.043709125,0.023549365,297.87717,0.4057895761952466,True,True,False,True
3950743009644,0.0132383695,0.03190499,181.35815,-0.4046087059815819,True,True,False,False
3953293074354,0.0074306987,0.05485401,237.72357,-0.2272786290341033,True,True,False,False
3518624195512,0.05656745,0.018375367,143.1878,-1.6046995696415822,True,True,True,False
3668806091298,0.042855527,0.017021611,185.60977,-1.3638365380005444,True,True,False,False
3688508786454,0.017220026,0.024891287,120.62052,1.1983843081336378,True,True,True,True
3844727416890,0.02365818,0.014080373,167.24203,-1.558283767543094,True,True,False,False
3953638465262,0.031525474,0.049083386,190.58545,-0.2772503952019636,True,True,False,False
3886950672258,0.012135693,0.021793054,35.733765,3.525500334520511,True,True,True,True
3629112539080,0.039161902,0.070611,277.96494,-2.129489195132511,True,False,False,False
3816431472414,0.05849735,0.029347004,255.9173,-1.3517742946967506,True,True,False,False
3941560434306,0.008287843,0.021740546,124.627815,0.8669067781470052,True,True,True,True
3863142671450,0.011965855,0.060195345,199.57695,-0.4844815617996514,True,True,False,False
3133488942068,0.05703426,0.03667266,142.98322,0.7112664695733417,True,True,True,True
3250339628884,0.033900294,0.06994548,195.78769,-0.2468885729281014,True,True,False,False
3117303814248,0.007701757,0.022834796,81.47263,2.491001682960233,True,True,True,True
3485626030474,0.031796277,0.023741817,175.2535,-1.785257255377974,True,True,False,False
3362117806028,0.018300707,0.054772653,121.66474,1.0413076966888355,True,True,True,True
3033809055844,0.06979597,0.035511736,163.83714,-0.573788973227126,True,True,False,False
3013171768266,0.039547678,0.014882103,109.872894,2.2287740947153107,True,True,True,True
2997932824330,0.0141030615,0.017608413,77.81089,2.0589103390662427,True,True,True,True
3356731936154,0.05997454,0.03617545,201.37686,2.060274856672008,True,True,False,True
3116986748492,0.014389007,0.039036922,44.246357,3.115382870187623,True,True,True,True
3452928125758,0.010359394,0.015676048,156.89713,0.5906596133298945,True,True,False,True
3058577658848,0.016490068,0.05617991,190.1912,1.637026164632854,True,True,False,True
3049379356706,0.012439087,0.025026144,203.64786,1.0443087746718032,True,True,False,True
3030314171112,0.043739956,0.016129497,139.64983,0.1531043315351862,True,True,True,True
3104307722044,0.022731384,0.025775434,327.72647,1.231820141341746,True,True,False,True
3336094851446,0.020333994,0.037499133,171.86377,-0.3352237652743146,True,True,False,False
3256720345454,0.04502514,0.05615397,77.36401,0.560389980386752,True,True,True,True
3262117429550,0.026091887,0.029339045,146.62282,0.1130056309224055,True,True,True,True
3673604421944,0.031541385,0.068370715,67.16238,0.7977358730169598,True,True,True,True
3557072163652,0.0055780574,0.015786411,69.6823,2.6395350425026534,True,True,True,True
3767271738838,0.011490054,0.013576133,48.816765,2.699764462732038,True,True,True,True
3884103904208,0.041238323,0.032315772,237.32426,-1.054700456537788,True,True,False,False
3667269419824,0.017795831,0.061929546,131.87299,1.6326787574333186,True,True,True,True
3735529819530,0.037463065,0.043652814,1024.2048,4.555810538500268,True,True,False,True
3684102566314,0.07997704,0.05836028,198.25302,-1.4895356944496458,False,True,False,False
3850785395850,0.01911087,0.0144065395,122.541046,2.0894721491411654,True,True,True,True
3872382148164,0.03170503,0.016334075,161.25859,0.5266286437346074,True,True,False,True
3787282253102,0.013311805,0.034463856,106.85696,0.6768624587529174,True,True,True,True
3795553170456,0.08961007,0.06526357,361.96347,-2.141500960565481,False,True,False,False
3853975539828,0.040489707,0.035363615,283.98868,0.1324569953751592,True,True,False,True
5948744536,0.021678064,0.03577623,292.72348,0.6214909817748799,True,True,False,True
3693912700724,0.036946885,0.020281054,130.98552,1.7233715003980614,True,True,True,True
3748537707680,0.015546673,0.04712947,168.7191,1.130093420821763,True,True,False,True
3694245820012,0.074473456,0.06673264,183.78265,-0.9127154027215286,False,True,False,False
3939680312410,0.014851822,0.039643146,160.47433,0.7220241287737208,True,True,False,True
3812662686860,0.026870666,0.041178096,232.76578,0.5190527963125873,True,True,False,True
3769805046772,0.051726125,0.061221246,225.51262,0.3461023153308097,True,True,False,True
3960944274598,0.009878095,0.016333243,165.7204,1.88026186556118,True,True,False,True
3783145926482,0.05638591,0.09139364,175.10246,-1.268060596254362,True,False,False,False
3524704554114,0.041738313,0.040777944,181.001,-0.4957125325708676,True,True,False,False
3633920749864,0.05822208,0.06686086,149.41846,-1.311713031821344,True,True,True,False
3866042434952,0.015121682,0.058024965,792.4023,1.902116004700268,True,True,False,True
3808236936522,0.008261777,0.01575133,55.31197,3.013258421030917,True,True,True,True
3907317818106,0.051450767,0.052010827,171.75461,-0.4312269561086014,True,True,False,False
3191242506432,0.02360273,0.030671008,108.65517,0.7473969322335432,True,True,True,True
3041698851762,0.052153345,0.101022065,186.64525,-2.8308284607153915,True,False,False,False
3135036779582,0.047364283,0.0787834,155.96657,-0.2348485315418551,True,False,False,False
3445267150292,0.024500312,0.025797246,50.756477,1.7290712048147232,True,True,True,True
3163325845686,0.0478424,0.051833652,215.53036,-0.2233479715996585,True,True,False,False
3036307136234,0.0059627593,0.026064374,24.426908,5.085575249026223,True,True,True,True
3153164399688,0.08720766,0.087187104,119.757835,-1.5610850950501736,False,False,True,False
3353517653956,0.07850082,0.035597153,292.74545,-3.004199572861784,False,True,False,False
3336056851210,0.049904387,0.05029109,189.33617,-1.2272004238029974,True,True,False,False
3089315815412,0.029349422,0.0412799,111.19366,-0.7324981341208173,True,True,True,False
3292527004270,0.01064602,0.06585682,287.51505,1.2878473488356728,True,True,False,True
3484959646682,0.009087565,0.021788074,140.62817,0.0551746699896428,True,True,True,True
3090606055678,0.065569766,0.09944331,173.52354,-1.594810333470636,True,False,False,False
3130300541318,0.0695327,0.0682652,103.75785,0.7595095358107454,True,True,True,True
3117282700694,0.02110102,0.028398411,226.18031,-0.3037847417204454,True,True,False,False
3205238613460,0.051133104,0.039859243,329.13858,-0.2667532621897666,True,True,False,False
3301767843016,0.03862651,0.05160217,194.77597,-0.2868936841160947,True,True,False,False
3441472208194,0.04192617,0.044384133,202.55254,0.7484377199986642,True,True,False,True
3451319310122,0.03605998,0.0444235,29.955511,1.8418297567882904,True,True,True,True
3410673726330,0.017297635,0.018146789,69.79341,2.6215104399668085,True,True,True,True
3746908957410,0.013933707,0.027522424,252.07584,-0.7594094804642683,True,True,False,False
3570354810190,0.00364345,0.01563784,115.35348,1.145936480174126,True,True,True,True
3525273395940,0.0101882825,0.025073301,38.066837,3.7113678253562794,True,True,True,True
3622117424002,0.010485394,0.011800242,182.93477,1.2287569865476031,True,True,False,True
3962812301030,0.11920054,0.08625629,56.648464,-0.4920624689319712,False,False,True,False
3874229639200,0.031698406,0.035435352,288.7384,-0.6962909509520323,True,True,False,False
3518309752884,0.023132185,0.036029734,182.40689,1.2522360146484763,True,True,False,True
3638647010618,0.012817054,0.0057855067,85.221695,0.7124003714725385,True,True,True,True
3689140905914,0.09339395,0.040947005,158.13367,-2.294728928738526,False,True,False,False
3829787953400,0.030266961,0.023780923,83.27582,-0.026515474844714,True,True,True,False
3992680224076,0.0058908034,0.02749689,136.8319,0.4041443016836619,True,True,True,True
3860605284954,0.024187824,0.05387508,68.885376,2.239588870397012,True,True,True,True
3719592235484,0.009796174,0.018575957,148.97725,1.326500636733728,True,True,True,True
3864383597166,0.026654366,0.08700136,106.691864,-1.4158913924416785,True,False,True,False
178150892,0.012516383,0.016343309,315.19498,-0.7378212209654957,True,True,False,False
3523700539428,0.12747854,0.04121493,88.825035,-0.4414941227048465,False,True,True,False
3932996494454,0.037496552,0.016998747,66.59929,2.3066987393872265,True,True,True,True
3773922830274,0.047922146,0.07107283,681.29565,-2.311284995325225,True,False,False,False
3228427273172,0.03512654,0.042284574,255.23749,-0.7006989958106706,True,True,False,False
3066496005162,0.09618197,0.09612339,499.39194,-4.849977561086153,False,False,False,False
3181762518918,0.024917422,0.060025252,193.33603,0.7792460807600045,True,True,False,True
3261768713276,0.011542998,0.010473487,89.72815,2.614246772755539,True,True,True,True
3378300266720,0.0058418536,0.054339897,206.06476,0.4984614206259848,True,True,False,True
3497056526290,0.13019106,0.036646485,157.51094,-2.9924074461581167,False,True,False,False
3479915360892,0.014544553,0.020390278,168.66101,1.0304274309849564,True,True,False,True
3116371113404,0.08535012,0.07080255,407.6749,-2.07759431315736,False,False,False,False
3024612798252,0.06707151,0.026230397,251.3501,0.235996959983195,True,True,False,True
3112248116940,0.021960687,0.056708448,218.72461,0.0256609317899456,True,True,False,True
3179879423096,0.01389754,0.036282238,169.94652,2.321218539861001,True,True,False,True
3412295923522,0.021797266,0.056082506,118.515,1.6950348385188394,True,True,True,True
3355466294786,0.014626524,0.045376197,522.18066,3.262733945694144,True,True,False,True
3043947146770,0.08145456,0.04252184,283.7399,-0.0675307271581715,False,True,False,False
3063632883322,0.025572473,0.021439848,220.57831,0.0384745843417882,True,True,False,True
3226527724276,0.0061481404,0.061402403,127.45565,-0.4548847200968354,True,True,True,False
3232882861528,0.031837795,0.043874864,213.92363,-0.204834208594559,True,True,False,False
3227484997576,0.033071227,0.14198503,94.89366,0.0454228735226671,True,False,True,True
3458316039390,0.02871294,0.024191247,162.23279,0.3878197504034403,True,True,False,True
3273530311546,0.02721843,0.013776118,32.796185,3.028213041942172,True,True,True,True
3462465924344,0.021945644,0.02406232,163.38817,-0.0352899903080172,True,True,False,False
3516742616206,0.017167507,0.02239191,111.09128,1.3624805410816487,True,True,True,True
3573582677940,0.02754516,0.04018184,175.2443,2.7601372055119184,True,True,False,True
3788217225966,0.025303528,0.038076792,189.7919,-0.3778342349558681,True,True,False,False
3952372495640,0.019415883,0.027659833,305.92313,-0.2437371771659866,True,True,False,False
3972074787754,0.09316319,0.02995154,317.65964,-4.226952261672927,False,True,False,False
3692591848,0.013323915,0.07220312,166.7342,0.6850688714327212,True,False,False,True
3899994926596,0.0051063695,0.019613814,103.06342,-0.4482180787148666,True,True,True,False
3666631005510,0.08524284,0.030954713,140.69934,-2.876310958250183,False,True,True,False
3614565084586,0.009709991,0.020683223,37.418842,2.8123889643087048,True,True,True,True
3711402309378,0.029479237,0.02546901,81.130394,2.104072487012299,True,True,True,True
3870787495434,0.060285125,0.054835558,349.68732,-1.5960102017457398,True,True,False,False
3846983600304,0.026891666,0.03473368,108.940544,1.195493571695506,True,True,True,True
3926370606504,0.033867773,0.025867376,630.8934,-1.8571898140758167,True,True,False,False
3815857417998,0.010687563,0.012977865,128.45267,0.4479501275649475,True,True,True,True
3853015473130,0.016835496,0.06494643,157.51547,0.6960027091163301,True,True,False,True
3912396828880,0.033714365,0.012476525,272.75824,1.923323944420046,True,True,False,True
3690115189386,0.020902606,0.035936706,168.87372,0.2796001881785297,True,True,False,True
3814257395060,0.020469943,0.047271892,157.77803,0.5298051059069965,True,True,False,True
3537396158918,0.00491967,0.04568517,98.6709,0.1436923924940905,True,True,True,True
3748548672220,0.03496666,0.03509218,123.913826,-0.3813833882868933,True,True,True,False
3655517782030,0.073614724,0.036788724,161.7687,-2.341783315472731,False,True,False,False
3625681637648,0.010145052,0.016010113,69.84742,2.869089809793179,True,True,True,True
3704408454184,0.026926395,0.058121733,320.69464,-2.8122019497777435,True,True,False,False
3768234636486,0.01706268,0.004701651,154.04437,1.4303825830390342,True,True,False,True
3890156369388,0.068573326,0.031104127,79.266304,0.054102530345606,True,True,True,True
3973044511132,0.033499036,0.05272497,314.01172,-0.6849802164465226,True,True,False,False
2207005926366,0.016672602,0.04203906,55.237015,2.1346353985978754,True,True,True,True
2092060562284,0.052079864,0.041322242,461.97614,-2.52262070840733,True,True,False,False
2352118337028,0.047685154,0.025711617,209.38875,-0.7800448510803344,True,True,False,False
2343548397844,0.04705971,0.022710253,200.83382,1.89569468103534,True,True,False,True
2257824750664,0.0043560714,0.010220363,147.26912,1.059417423662241,True,True,True,True
2239091373438,0.019026497,0.022001226,173.23058,0.0809866244074561,True,True,False,True
2053672570874,0.016959164,0.054160904,239.26859,0.9539273487456832,True,True,False,True
2033673220852,0.054941863,0.06515082,517.1055,-2.4830131578639514,True,True,False,False
2287990460850,0.047553223,0.024065632,384.0582,-3.617871810783231,True,True,False,False
2466770273210,0.0068112663,0.037829623,178.71277,-0.4311331753674856,True,True,False,False
2339124765100,0.013849419,0.02014537,279.526,-1.8445204906384756,True,True,False,False
2068257399256,0.050934494,0.043751873,63.42726,3.150801094982082,True,True,True,True
2210827810914,0.007914498,0.016027328,127.05422,1.5673638902746938,True,True,True,True
2147630596508,0.09817206,0.031066217,319.823,-3.0600354232285434,False,True,False,False
2315612484828,0.050825622,0.013926509,411.73108,-1.7170558320583016,True,True,False,False
2404188217768,0.029377539,0.061235864,170.77492,0.1747356303852192,True,True,False,True
2013335410720,0.011426944,0.0295824,214.36856,0.8504760415539597,True,True,False,True
2157188476618,0.025849663,0.082634464,166.0019,0.6846509610611011,True,False,False,True
2430880964574,0.009406969,0.021986276,91.49695,2.044145184937292,True,True,True,True
2274355625290,0.038358565,0.017536297,266.2461,0.5918644189608872,True,True,False,True
2315629949590,0.14874336,0.113791384,64.42187,0.7877655575829801,False,False,True,True
2927147158512,0.017545672,0.041310236,194.64835,0.1063932684175517,True,True,False,True
2707767777624,0.006401212,0.018599562,56.524807,2.677087138710804,True,True,True,True
2913838862630,0.05556792,0.049883783,291.51892,-2.523094142065176,True,True,False,False
2736326131922,0.0064447927,0.0072569824,120.87389,0.6468838497119731,True,True,True,True
2527067349100,0.00744146,0.014668974,79.330154,1.708751740174787,True,True,True,True
2715686804274,0.054573312,0.040905595,212.76233,-2.4022402492250667,True,True,False,False
2863000408894,0.02294606,0.053466402,782.30707,-1.8929271417533675,True,True,False,False
2823314440896,0.05276094,0.06331595,200.734,-3.4870593133529657,True,True,False,False
2742053033626,0.10463717,0.049042564,110.3824,-2.875993657544172,False,True,True,False
2573757858518,0.04965816,0.05011817,93.32889,0.6577529170915593,True,True,True,True
2910649954456,0.022648688,0.07853322,124.64994,0.7314533591300881,True,False,True,True
2800484072674,0.016956717,0.02531065,33.13548,2.0855707545764943,True,True,True,True
1997163460156,0.094317354,0.03266825,111.74025,0.0491490025392939,False,True,True,True
1994629398430,0.02535051,0.06358152,88.50692,0.5687004380623921,True,True,True,True
2127039925772,0.05873643,0.08447381,52.051163,-0.5841627016300093,True,False,True,False
2156556711474,0.0230075,0.056674976,136.17146,-0.4456391893230638,True,True,True,False
2360726203694,0.016260218,0.04678568,121.01437,1.7712912114324495,True,True,True,True
2369936274912,0.024186272,0.056751356,234.6895,-1.4123918579386394,True,True,False,False
2394071852418,0.039253607,0.032870114,155.45363,0.2251994558993797,True,True,False,True
2437572042302,0.023654776,0.05314735,180.37242,1.1368253644011987,True,True,False,True
2197542345030,0.04238792,0.033165187,295.85324,2.9133879018425213,True,True,False,True
2426481369914,0.015120538,0.05494851,350.63727,0.6594166159477572,True,True,False,True
2374716513638,0.020442085,0.026156358,229.59242,1.0336144495408337,True,True,False,True
2021934961598,0.015429019,0.032468222,159.19685,1.5401491432098224,True,True,False,True
2099731520154,0.037158787,0.088296846,201.2342,-1.9273330320132331,True,False,False,False
2319770737536,0.022658413,0.045348324,159.44147,-0.8127722895484835,True,True,False,False
2255634696312,0.08882622,0.08293044,205.92773,-3.107254523467112,False,False,False,False
2012106028348,0.007043851,0.021933341,117.07868,0.9704225212299472,True,True,True,True
2047037915694,0.019163093,0.057120938,108.74826,-1.2710503156234578,True,True,True,False
2461717145920,0.027722081,0.033396848,218.26617,-0.5726231383984104,True,True,False,False
2297572612102,0.00916515,0.011812146,35.075954,2.557044318253917,True,True,True,True
2485228948178,0.071846776,0.048173733,224.06432,-2.4512078748921877,False,True,False,False
2623328045724,0.11014813,0.06500959,402.3412,-3.267601492731917,False,True,False,False
2697936653262,0.017113863,0.020937176,243.59395,2.88761430020727,True,True,False,True
2501397871694,0.013417438,0.028733801,152.56575,1.4896707540011516,True,True,False,True
2706830892318,0.027865753,0.056445114,173.52731,0.6960608400610473,True,True,False,True
2631274663770,0.036499858,0.097604334,160.22641,-1.0804695736183163,True,False,False,False
2592550202260,0.010473748,0.0641637,72.2884,1.4417238185773262,True,True,True,True
2688755889736,0.017524624,0.017853206,72.33191,1.2180726283682066,True,True,True,True
2667482402860,0.05576532,0.03469033,545.33,-4.205935589763716,True,True,False,False
2976737306578,0.06667169,0.034056943,182.2757,-2.692297530376701,True,True,False,False
2984668427492,0.014795275,0.031654567,173.26978,-0.6094732340454325,True,True,False,False
2747480510166,0.012992089,0.048909638,201.8059,-0.8152913487838174,True,True,False,False
2999897771054,0.017783482,0.04121096,90.45342,1.1930514796552756,True,True,True,True
2965296533162,0.013431338,0.01280674,92.59331,2.887364233168234,True,True,True,True
2547451728812,0.01684612,0.026974874,159.47398,0.6729725167023044,True,True,False,True
2499824762524,0.043800615,0.03192368,110.012344,-0.1807862253332198,True,True,True,False
2649061505792,0.014712728,0.03672787,70.003494,2.050060298044126,True,True,True,True
2850055243904,0.037069816,0.016261833,113.51994,0.7050465512933377,True,True,True,True
2197162910954,0.018589396,0.01645066,85.52179,1.49018345460681,True,True,True,True
2063820387748,0.09301896,0.017282952,535.7614,-3.8143623823875794,False,True,False,False
2307346736364,0.07812533,0.053648632,146.02672,-0.6660729909788128,False,True,True,False
2462295312028,0.014095919,0.0511207,105.80066,0.4455066879765903,True,True,True,True
2472463083642,0.06272917,0.07678026,221.55641,-3.3006080560911286,True,False,False,False
2162574247790,0.007092346,0.055448957,215.22278,-1.4478728421710734,True,True,False,False
2120667807596,0.022057941,0.0037899225,354.50064,-0.0027462804324447,True,True,False,False
2398492892746,0.06859911,0.06507925,204.35321,0.300597986254901,True,True,False,True
2482964981214,0.04017059,0.044578083,197.73337,0.3007346988868701,True,True,False,True
2420081052698,0.031671353,0.024233721,59.693447,2.9868278452176438,True,True,True,True
2256567047542,0.093395144,0.13848072,159.77823,-0.7431867740670269,False,False,False,False
2037766259478,0.020886132,0.031015094,131.7701,0.6032761736967799,True,True,True,True
2144774959572,0.0240644,0.018853335,367.36658,0.2524424432131608,True,True,False,True
2070482033112,0.031726193,0.07854093,258.0576,-1.2071855635599635,True,False,False,False
2122865248752,0.017206287,0.01142091,43.385563,3.7657759604549135,True,True,True,True
2251146856794,0.033565026,0.02838803,193.33258,-0.46520791177858,True,True,False,False
2238448299770,0.032602187,0.0939584,297.19733,-1.3456461398115371,True,False,False,False
2304810911314,0.011599107,0.028545648,196.28299,0.1279651517448443,True,True,False,True
2322914288952,0.023655616,0.029769473,224.45592,0.2461600122617459,True,True,False,True
2477863368252,0.021144062,0.041621584,179.38283,0.3387676296887703,True,True,False,True
2395609460888,0.03731044,0.0041780635,189.9686,0.9717934634563484,True,True,False,True
2430865671702,0.05572841,0.02924175,261.35983,1.6465959674579742,True,True,False,True
2488024614458,0.045992,0.06548996,280.80542,0.9240277220851528,True,True,False,True
2200678085058,0.04132752,0.054212626,176.13538,-1.337163724508267,True,True,False,False
2328969672976,0.0027534668,0.020590968,129.60217,0.240766658879436,True,True,True,True
2378810107408,0.012096339,0.020231094,212.9864,0.1523109203950208,True,True,False,True
2635656242382,0.01545619,0.021136714,181.59766,1.0371785587342943,True,True,False,True
2972227340684,0.009763426,0.022600325,72.26026,1.6330228770406976,True,True,True,True
2922701579136,0.008914098,0.008373497,178.90605,0.5841667312989859,True,True,False,True
2997327800416,0.06766181,0.06688325,128.69945,-2.6868093847641656,True,True,True,False
2643311673710,0.024109485,0.044503868,40.20571,0.8566671174796046,True,True,True,True
2894153002956,0.064556904,0.033027757,361.03754,3.324589257163185,True,True,False,True
2800791388946,0.013955654,0.061619338,148.63156,0.4735608570977681,True,True,True,True
2770317784892,0.013039952,0.03414329,151.72095,0.1323536243395047,True,True,False,True
2699495578974,0.11691925,0.05980284,182.51358,-2.690570875870584,False,True,False,False
2681077756020,0.02422163,0.02447969,94.992065,2.215268940447883,True,True,True,True
2623287882600,0.046979375,0.062792964,433.03326,-3.255475933925569,True,True,False,False
2930635699756,0.016692601,0.034682088,149.3781,1.2666244783712777,True,True,True,True
2962079378528,0.048976596,0.009438289,131.6236,1.4267323328656794,True,True,True,True
2522959474004,0.01791626,0.010351315,101.215645,2.0508389712287003,True,True,True,True
2508357813202,0.027613843,0.025893718,46.22415,4.200270167676625,True,True,True,True
2662037870872,0.033088855,0.021172086,124.432526,1.6423609890453588,True,True,True,True
2570281017782,0.07038133,0.1185463,188.79047,-0.136545237236878,False,False,False,False
2849692846112,0.013818007,0.014627928,198.29002,-1.425450909541616,True,True,False,False
2796659295546,0.039164435,0.03197232,245.5967,-1.39428694360773,True,True,False,False
2933510138608,0.06458209,0.020056605,172.5573,1.691754986542418,True,True,False,True
2763647976054,0.007075503,0.022784427,289.58234,1.1746853845870482,True,True,False,True
2983691981952,0.018642206,0.08414747,265.68396,-1.9711165323036592,True,False,False,False
2445199278240,0.006815792,0.009984519,43.254757,2.881652968545734,True,True,True,True
2082598292538,0.02842235,0.047391817,348.6947,-1.4751333255620476,True,True,False,False
2081974266066,0.062003445,0.017235793,142.13322,-0.4251373620673269,True,True,True,False
2293109340728,0.046614964,0.056185655,38.518948,3.097189976313154,True,True,True,True
2252479506936,0.007868389,0.030917693,55.339264,-0.4167964614010793,True,True,True,False
2453159279078,0.014345928,0.04508365,138.84612,-0.228004478324352,True,True,True,False
2071793945040,0.015384778,0.023895292,122.69441,1.2933943746682264,True,True,True,True
2337233483334,0.09058834,0.032742277,252.70586,-1.931857725415509,False,True,False,False
2446456659162,0.03898178,0.039026413,143.45926,-0.4060839464562591,True,True,True,False
2375022848642,0.0051198252,0.0063337507,115.67102,1.1692676727432096,True,True,True,True
2308667016148,0.026702587,0.059445787,181.09251,-0.4246016444561188,True,True,False,False
2016234674110,0.015498896,0.03364875,162.84393,1.1716853301519117,True,True,False,True
2044187445940,0.016862454,0.046415117,157.1142,0.6447521237002339,True,True,False,True
2048939461602,0.014880655,0.0090979375,174.70433,-0.6683239295244636,True,True,False,False
2326457459628,0.025842682,0.08606043,238.28627,-1.3375101487670635,True,False,False,False
2366151793650,0.024708709,0.035942934,364.78296,-1.9889145531101864,True,True,False,False
2330273722544,0.028738938,0.028933253,222.46048,-0.9754923358759884,True,True,False,False
2341376213202,0.036767557,0.06406341,125.71677,1.4544946806242762,True,True,True,True
2417897398578,0.007868892,0.03660583,86.78754,2.1180121784423185,True,True,True,True
2717949966318,0.028047191,0.030420098,170.91916,-0.1453013311258314,True,True,False,False
2692546501772,0.032607872,0.029414479,45.563244,2.3900515086158745,True,True,True,True
2797631282944,0.017478988,0.026124934,67.53638,1.1538691923572886,True,True,True,True
2898298403982,0.016205706,0.030239481,117.72459,0.9487759306700684,True,True,True,True
2498553827080,0.03087419,0.007475815,90.7746,1.691016656806607,True,True,True,True
2728434955344,0.07195941,0.14969656,153.51373,-0.549607468931415,False,False,False,False
2748128856392,0.010278896,0.036154497,44.870945,0.7598366083200021,True,True,True,True
2937042622992,0.011701522,0.039527696,206.01408,0.7957972260215994,True,True,False,True
2981178205216,0.06367866,0.052755598,195.97852,-0.6928623475452279,True,True,False,False
2910057706696,0.009121085,0.07453629,318.80566,0.998486431765073,True,False,False,True
2530928772744,0.021807982,0.016534742,100.72169,0.5188002986660725,True,True,True,True
2775419500924,0.037349507,0.063230276,284.77823,-2.5419206170067223,True,True,False,False
2533489925304,0.02654854,0.025032543,199.8791,0.984713524666168,True,True,False,True
2670970717674,0.014370757,0.03504507,175.21353,0.6414305857150622,True,True,False,True
2828456882592,0.0040540732,0.0350194,217.4745,-0.6155126906433435,True,True,False,False
3022400159244,0.041210547,0.03325132,64.69362,1.4891886360969615,True,True,True,True
3131945416216,0.056736887,0.07038509,110.483734,0.7681720153632472,True,False,True,True
3207517899008,0.014970369,0.041603386,555.87604,-2.0976637742520614,True,True,False,False
3017325711842,0.030763019,0.010893896,177.38007,2.4057986542306065,True,True,False,True
3376427727692,0.0069618193,0.027822463,112.41372,1.1005224741700796,True,True,True,True
3135135585412,0.011151544,0.03211593,176.44174,0.7704938183503631,True,True,False,True
3045918463644,0.11175672,0.071677744,380.95023,-2.92820900301059,False,False,False,False
3455523924978,0.07411839,0.025423178,239.33351,-2.976351849804704,False,True,False,False
3214814811554,0.02156082,0.05609631,94.23684,0.7375921274532418,True,True,True,True
3156077643864,0.026396774,0.06553961,297.65363,-0.4054069624955556,True,True,False,False
3033524046236,0.014484546,0.03447543,200.01175,0.5813243607811192,True,True,False,True
3271337429496,0.013940581,0.036370058,156.52672,-1.0704794246546894,True,True,False,False
3488837066862,0.030316427,0.042239357,134.9166,1.8972513730585927,True,True,True,True
3242774389114,0.0147715565,0.04165747,134.38216,0.3971567548864019,True,True,True,True
3200862706560,0.027834294,0.07220133,131.27875,0.8797262218921298,True,False,True,True
3266904345738,0.012109936,0.066083945,133.38004,0.6990184503439432,True,True,True,True
3367245655128,0.042356282,0.08201378,210.36104,-1.747427341063936,True,False,False,False
3924801625538,0.024199171,0.044354275,230.3999,2.5698477081350988,True,True,False,True
3511081734638,0.046054892,0.08502758,159.06488,0.4340913144519048,True,False,False,True
3511402103452,0.04260483,0.059662364,95.531265,-2.388381097103343,True,True,True,False
3891163052780,0.017705457,0.032744385,167.36377,-0.6836157587489262,True,True,False,False
3919100806134,0.018814761,0.057601675,190.17323,-0.5926004437996139,True,True,False,False
3856230939550,0.009478436,0.024546124,144.32988,1.028935430507954,True,True,True,True
3911170266510,0.07300752,0.082948215,137.08167,-1.5073762480784536,False,False,True,False
3579331274756,0.018411905,0.027124638,118.81054,1.7558286187691994,True,True,True,True
3792073302658,0.0059308,0.062607884,232.19308,-1.1140158413448231,True,True,False,False
3917175932130,0.117946014,0.060975555,484.3571,-4.258463110519942,False,True,False,False
3988614555384,0.013323259,0.039025836,271.93753,0.3480864037940537,True,True,False,True
3582525803194,0.030315785,0.052644774,206.4601,-0.0304448633852584,True,True,False,False
3580947754194,0.06954943,0.06867654,251.17975,0.3534007080105452,True,True,False,True
3735257258110,0.012151024,0.014837165,65.88632,2.582238579837252,True,True,True,True
3889576211048,0.0971417,0.0528882,87.94246,-1.25633797703439,False,True,True,False
3256450679240,0.0091224015,0.0362771,212.03667,2.3044705058750417,True,True,False,True
3351389561456,0.05727644,0.040100385,256.536,-2.2844019390715395,True,True,False,False
3473003326008,0.04067224,0.0694926,178.96068,0.3543901068549646,True,True,False,True
3495556796620,0.035078544,0.047339547,150.76761,4.623761824478131,True,True,False,True
3169784754152,0.030412273,0.03290091,342.6469,0.1701673380502451,True,True,False,True
3189479234540,0.1068857,0.11992127,97.9864,-0.283928759864771,False,False,True,False
3043737226756,0.014476078,0.015489187,91.837204,2.0211311080946173,True,True,True,True
3167895056746,0.031613816,0.038099036,101.74109,0.6517056774992481,True,True,True,True
3283142947340,0.043196052,0.065407716,148.45892,-0.4328739422145035,True,True,True,False
3294577523142,0.08178512,0.05012557,127.40703,-0.8624569845149386,False,True,True,False
3209141157828,0.091073364,0.02884321,147.56117,-1.5781126932511516,False,True,True,False
3188188365512,0.016175715,0.023683578,356.2974,0.0036910254666721,True,True,False,True
3204385690986,0.025746118,0.05493867,181.4671,-0.3692353347644393,True,True,False,False
3196124073444,0.14337146,0.013732964,363.87814,-1.887568347872858,False,True,False,False
3277409696784,0.04783815,0.042164493,142.3453,-1.062238719397263,True,True,True,False
3397123783694,0.016582774,0.059755057,204.94118,0.2346189168650357,True,True,False,True
3150739427356,0.0094775,0.06736798,151.38199,0.2652454506309896,True,True,False,True
3209472891268,0.12447886,0.047070395,193.74472,-1.5156823107178372,False,True,False,False
3087878001888,0.009997869,0.01151917,97.808586,1.7620239218093272,True,True,True,True
3397767618482,0.025827112,0.041567005,211.87369,-0.3209810657594177,True,True,False,False
3584764871376,0.010990666,0.033681676,179.31862,0.6422745430987502,True,True,False,True
3505713328488,0.02334721,0.04147054,289.6682,-0.3159479384886413,True,True,False,False
3667965115614,0.0108176125,0.05906423,145.98897,-0.8225261477479794,True,True,True,False
3526675645896,0.010672092,0.04940085,252.5242,-1.3060238133627495,True,True,False,False
3636864687494,0.051952023,0.050048325,273.60928,-0.6917511760968186,True,True,False,False
3723224230074,0.029328138,0.02182719,96.35396,0.2203503745602938,True,True,True,True
3691787759722,0.020011548,0.03659375,218.79593,0.4649203210333941,True,True,False,True
3895957933684,0.021785578,0.047242045,215.11575,-1.9122303251596693,True,True,False,False
4723370522,0.07579785,0.14166124,566.94495,-2.602628436673925,False,False,False,False
3802916838212,0.027262103,0.05564934,209.64326,0.461555847486606,True,True,False,True
3888006981158,0.016273094,0.015984049,187.45386,0.7344793527287895,True,True,False,True
3841644022270,0.07480574,0.034803055,112.69795,0.6443837933927421,False,True,True,True
3884499318514,0.03268487,0.041505586,139.63771,0.2546139770902565,True,True,True,True
3667984798898,0.02646365,0.03126734,295.4121,1.1588239667291522,True,True,False,True
3745457738552,0.010841257,0.01599078,117.73969,0.988549408218034,True,True,True,True
3825144170348,0.007869788,0.020567268,47.980953,2.2010350696569767,True,True,True,True
3801662181274,0.008921649,0.031087216,154.73955,-0.1844438098354028,True,True,False,False
3055420428442,0.0053098523,0.032774735,129.19344,-0.4580324537293427,True,True,True,False
3148144684654,0.037587248,0.06258691,179.30318,0.6649512281186554,True,True,False,True
3495191625476,0.008109501,0.026874095,137.1183,1.2906870839758755,True,True,True,True
3482494455666,0.0048733763,0.025657594,140.33847,1.0088536647004431,True,True,True,True
3057985510686,0.083501115,0.058653113,156.51695,0.5302959336960157,False,True,False,True
3070049809138,0.021149568,0.07045819,524.38873,-3.3711210386974138,True,False,False,False
3213248960312,0.012516717,0.024127578,201.24261,0.9223564780038712,True,True,False,True
3242460271596,0.009575658,0.045029175,149.11249,0.2493972456985819,True,True,True,True
3210705650848,0.02504438,0.050012313,247.86038,-0.4815572588927954,True,True,False,False
2993519779040,0.07268571,0.033930205,192.66469,-0.4269848495535451,False,True,False,False
3118627875142,0.0046690363,0.016789773,104.28806,2.168308322100981,True,True,True,True
3017984216348,0.051283773,0.037493635,266.27866,0.4597440793031091,True,True,False,True
3314851556248,0.043693382,0.04000356,297.14938,1.00707505732017,True,True,False,True
3099558935048,0.08450827,0.039966308,89.64477,2.2101621717321374,False,True,True,True
3099235770848,0.03985061,0.049803074,2421.7678,-3.4239999297017985,True,True,False,False
2997329088144,0.005157283,0.018180901,105.72066,2.1504005619852475,True,True,True,True
3508199590246,0.025343504,0.03137761,77.12053,-0.2099538413266857,True,True,True,False
3404387358712,0.040122643,0.06778571,159.90729,-2.432321645668256,True,True,False,False
3464717444104,0.06359732,0.051215943,342.631,-3.154291595190052,True,True,False,False
3144036305210,0.043864492,0.06590743,253.82437,-0.7078567241706131,True,True,False,False
3217374505566,0.031203473,0.025537672,185.04944,-0.5554152930832653,True,True,False,False
3116732736152,0.015541466,0.027376948,45.418446,0.4361777446318686,True,True,True,True
3223416054404,0.03749447,0.01737939,127.63521,0.2375613294068572,True,True,True,True
3291676251340,0.011407829,0.041613255,194.72545,-0.1242812517952157,True,True,False,False
3386619494716,0.027920427,0.022853792,99.660515,3.721398438895033,True,True,True,True
3466000905934,0.012953296,0.05259698,379.93652,-0.4178059898131527,True,True,False,False
3517744895216,0.015776932,0.0297984,225.53857,-1.0046266814454703,True,True,False,False
3738412802934,0.0271127,0.06684718,2986.7026,-2.040682969739512,True,True,False,False
3933049362278,0.018894887,0.05584474,208.48865,0.7758994196102513,True,True,False,True
3523784200690,0.08285088,0.029192513,246.37221,0.0113978468424278,False,True,False,True
3618724646874,0.017187674,0.039775766,109.017746,0.5961600635426803,True,True,True,True
3726674869322,0.019880215,0.1095116,241.56519,-1.0803724014780116,True,False,False,False
3586341134628,0.08674892,0.025314083,164.60075,-1.2051418836500392,False,True,False,False
3797798164684,0.036710396,0.013765478,297.22372,-1.1911802788406207,True,True,False,False
3888613573278,0.10654083,0.066550046,250.7687,-3.060053714562088,False,True,False,False
3949261178250,0.06056353,0.07945888,116.19568,1.642068693858843,True,False,True,True
3884492818886,0.016232077,0.035582006,245.63344,0.0212055377076737,True,True,False,True
3834013993254,0.022005158,0.06359192,185.97119,-0.8710015410817695,True,True,False,False
3910209015016,0.07451481,0.051279332,248.52834,-2.0435900482474816,False,True,False,False
3892755369460,0.031040547,0.07427394,154.11604,2.0622796527265,True,False,False,True
3960984596990,0.05062631,0.022828147,272.74033,-0.2712449811108554,True,True,False,False
3867960183024,0.005820965,0.048823692,165.35558,0.1473308057029454,True,True,False,True
3919076141432,0.025465855,0.024970686,124.205185,1.5162805506758985,True,True,True,True
3987987330146,0.015421112,0.036967453,97.85609,2.5187692452273,True,True,True,True
8827924598,0.08797595,0.12594537,263.84598,-3.946338877997393,False,False,False,False
3693978955002,0.024774343,0.039434038,302.93085,-0.671192555384174,True,True,False,False
3723497554880,0.011747182,0.05052216,63.881844,2.384424432480466,True,True,True,True
3708272723200,0.028741948,0.024918538,158.08884,-0.3867424179056388,True,True,False,False
3985775046642,0.02092585,0.023207689,117.68217,2.057844965343774,True,True,True,True
3966723166852,0.019579673,0.09327836,159.46588,1.4056970811607667,True,False,False,True
3837188362958,0.052626938,0.05955718,150.41092,0.5943165213342113,True,True,False,True
3910531929860,0.017372735,0.05550341,140.52876,-0.766318229273454,True,True,True,False
3050704525254,0.022887042,0.034919202,4325.8887,0.4737059218951656,True,True,False,True
3240590355502,0.051812954,0.061918452,142.07483,1.5780458198969645,True,True,True,True
3100574192156,0.052831646,0.021836817,248.83943,-1.662337570146613,True,True,False,False
3203454376810,0.03384256,0.077463925,286.52948,1.0364115168352197,True,False,False,True
3323786820292,0.01660123,0.007093232,145.45583,0.1011485835336523,True,True,True,True
3012593030576,0.008735464,0.016194,66.18052,2.845326331626396,True,True,True,True
3465701908146,0.018937021,0.0564206,80.26505,-0.0773162538987463,True,True,True,False
3085325093368,0.038881537,0.0102465,279.833,-2.331335404344291,True,True,False,False
3105968026252,0.037190102,0.024893519,248.57698,0.4769885861352521,True,True,False,True
3214875521178,0.053089477,0.071955554,92.13844,0.907708104556286,True,False,True,True
3028816084312,0.036206536,0.014964023,1667.8909,-0.3834904977935051,True,True,False,False
3433328752458,0.016914617,0.0267329,250.18661,0.3989075710722349,True,True,False,True
3367598509338,0.0109186545,0.032894254,328.08377,-0.9021606214049294,True,True,False,False
3570155653808,0.013094351,0.05223008,116.363106,0.7818781067016348,True,True,True,True
3600327286352,0.014266947,0.08081145,471.35303,-2.3593642271886264,True,False,False,False
3756544026650,0.03095846,0.07620575,40.739437,2.54527478741854,True,False,True,True
3678128481670,0.03612581,0.029565513,129.39569,-1.8643912276185268,True,True,True,False
3833070882164,0.08739416,0.012040887,182.45938,-1.8653148221576237,False,True,False,False
3819427098940,0.10338625,0.024192305,172.74153,-3.340525973439165,False,True,False,False
3839429120446,0.015012756,0.028316291,154.29346,0.6227105858218921,True,True,False,True
3581935418814,0.035086498,0.05569506,128.2592,-0.2563123602834523,True,True,True,False
3759102834158,0.07950695,0.0447682,221.56718,0.0734262727300664,False,True,False,True
3869279200088,0.03694386,0.020302135,74.8592,0.8859570146678835,True,True,True,True
3846421767254,0.013097237,0.046186138,228.10704,-0.5110412823874874,True,True,False,False
3829252453502,0.009737689,0.02905315,60.622826,2.362904871771671,True,True,True,True
3985160922542,0.039201614,0.03620993,146.2712,2.868657434141625,True,True,True,True
3752740843488,0.016041143,0.030768882,106.53008,-0.278509010771257,True,True,True,False
3768619691124,0.009136661,0.05854817,90.47893,1.6958801919929145,True,True,True,True
3842599634096,0.072791286,0.044636875,143.3364,-1.9726398797368945,False,True,True,False
3842913928752,0.029001137,0.024406621,299.3321,-0.0748819787959231,True,True,False,False
3813057422878,0.09010114,0.045937926,169.57579,-1.1090251354305205,False,True,False,False
3793690668534,0.044880275,0.0144951865,315.36798,-0.0170710889937846,True,True,False,False
3878784793902,0.007914313,0.033936717,241.83516,-1.203881541404498,True,True,False,False
3827679067612,0.029595317,0.046605308,152.53308,0.9681450978198488,True,True,False,True
3924524607480,0.039982375,0.036013205,287.57446,0.6208504183071366,True,True,False,True
3586691063512,0.03801977,0.08139675,304.48953,0.1372247913394801,True,False,False,True
3630512578214,0.045310978,0.013630411,487.7952,-2.678182232680646,True,True,False,False
3614008468390,0.032734305,0.07627444,135.48386,0.4608913010143186,True,False,True,True
3675913680002,0.03196611,0.021670878,193.61603,0.5438931369702558,True,True,False,True
358482487106,0.029999917,0.06746462,133.83806,0.8675974299242064,True,True,True,True
408016766156,0.07417698,0.039711643,99.983086,-0.7097741994964322,False,True,True,False
381029784820,0.045570824,0.024191462,148.71114,2.679782655008312,True,True,True,True
4467746196,0.104307696,0.044979714,363.2169,-0.2743717122604895,False,True,False,False
385169943760,0.034060113,0.072923765,278.04416,-1.6186501211091786,True,False,False,False
65431914994,0.01336778,0.031849947,189.57101,-0.8103926571480142,True,True,False,False
131156237016,0.0629996,0.077740364,272.12585,-2.6142766999584026,True,False,False,False
205790825128,0.009799061,0.051426057,143.37488,1.1578813931066028,True,True,True,True
1609791290,0.072399594,0.044468332,212.4278,-1.0185414874820231,False,True,False,False
50828692926,0.007309767,0.02338713,178.34076,1.041651482992135,True,True,False,True
84811497422,0.0232281,0.039133076,313.02408,-1.2321424417169082,True,True,False,False
494721500346,0.05236214,0.042043593,168.0822,-0.1408373558965538,True,True,False,False
313738679794,0.019081704,0.049430437,185.85098,1.078360752986609,True,True,False,True
987185997068,0.0217437,0.017202985,124.68695,3.203996357842926,True,True,True,True
850674825240,0.028331593,0.06466212,136.1318,-0.1763948500744857,True,True,True,False
795736331032,0.029542197,0.01417227,40.905205,2.82862197635204,True,True,True,True
603295726666,0.013113486,0.025590928,91.139626,2.2311148171853747,True,True,True,True
733483387278,0.016114866,0.015280345,292.54202,0.1564775084116521,True,True,False,True
820475550428,0.01875615,0.022150058,665.61426,-1.5975778346592002,True,True,False,False
844304368870,0.096118376,0.0587143,121.76452,0.0233294796067688,False,True,True,True
750335911604,0.06869439,0.070673615,277.15665,-2.1513262474128725,True,False,False,False
786524673712,0.058364525,0.052074417,107.755806,-0.5384788646600323,True,True,True,False
802074863592,0.03419831,0.03898362,444.91968,0.4592249164725462,True,True,False,True
942115270964,0.07088896,0.02818376,80.75688,0.6980186434742939,False,True,True,True
145786171284,0.08970503,0.09507826,142.6819,0.1506834445432701,False,False,True,True
142612029720,0.038680647,0.018192425,483.44296,-2.7736336343694608,True,True,False,False
123245930724,0.023951167,0.012854602,278.57684,1.684378520418463,True,True,False,True
252157614352,0.066817306,0.042048678,263.6607,-0.363912680676286,True,True,False,False
287720130710,0.0070222733,0.038933724,116.79171,-0.1264892276628335,True,True,True,False
413451876898,0.120409854,0.024866903,132.31374,0.9839335195321124,False,True,True,True
358531727930,0.060007114,0.09866317,165.40025,-0.2632711547043541,True,False,False,False
451886338496,0.072707094,0.027202947,142.80185,-0.94056308006865,False,True,True,False
84209114566,0.015129635,0.05567985,371.25867,-0.5352721670636962,True,True,False,False
148026501774,0.041393593,0.04632473,284.54465,0.6016031935082344,True,True,False,True
175652808774,0.12115011,0.06648262,333.37665,-2.0848408836741426,False,True,False,False
282653520340,0.08926179,0.048645344,300.5714,-3.662060953890385,False,True,False,False
323302128418,0.01640013,0.016496792,197.64815,-1.939274004474021,True,True,False,False
464920811360,0.08623579,0.027375245,235.05971,-3.418206271293952,False,True,False,False
462069129150,0.03944293,0.057631966,330.8491,0.0919690760990761,True,True,False,True
233108054512,0.0181342,0.028893793,124.33686,-0.2076170631493954,True,True,True,False
155000805110,0.07404306,0.04782819,198.8305,-1.5087157536362543,False,True,False,False
481726994946,0.069811076,0.057086576,526.0731,-2.9445244816299434,True,True,False,False
304237019420,0.05406558,0.040388558,131.36688,3.419222214077875,True,True,True,True
130561945294,0.053982805,0.05321362,166.8363,-1.4047345830920748,True,True,False,False
336644369874,0.037888404,0.022896763,235.9483,0.6590595292545682,True,True,False,True
431269942624,0.021513639,0.038769837,99.28948,0.4978716677901446,True,True,True,True
577292020514,0.051888768,0.044947814,131.96962,0.5107732332135154,True,True,True,True
614761548558,0.12725918,0.097701356,88.034225,2.291474429332714,False,False,True,True
572860248506,0.019400438,0.020909293,233.61206,0.513364676857129,True,True,False,True
774792358648,0.028968737,0.064156495,193.61598,-1.319149734353412,True,True,False,False
907203515790,0.00787326,0.06764711,125.27414,-0.3052817572788723,True,True,True,False
895772594134,0.011568215,0.03280681,252.33778,-0.9720660260860756,True,True,False,False
849087579264,0.08211202,0.01537497,213.47394,-2.989459778026312,False,True,False,False
501751871456,0.042313714,0.009362361,159.12956,2.894245852700808,True,True,False,True
824030185264,0.022590978,0.028965855,188.7005,0.2539327745213126,True,True,False,True
988516532228,0.03217707,0.028601391,151.59222,0.94018115646632,True,True,False,True
968505893646,0.08797216,0.043427784,206.17862,-1.6652503018462208,False,True,False,False
596979194252,0.026107578,0.036392085,106.29821,1.4474145763214066,True,True,True,True
621753768838,0.018561207,0.028934367,146.15974,0.107236915176955,True,True,True,True
699235931394,0.010796833,0.06934081,34.062077,1.3179580468905632,True,True,True,True
929424751298,0.020377295,0.041953824,298.02756,-1.1764297067175251,True,True,False,False
799254252644,0.012214467,0.033578735,138.8303,0.4610726869015782,True,True,True,True
838627816426,0.092215925,0.057476018,119.55962,2.3496897942214554,False,True,True,True
997707327294,0.028257754,0.014944887,121.21178,-0.4390811093549807,True,True,True,False
203544247126,0.024052199,0.025414824,105.63169,0.4546575259474841,True,True,True,True
408978754004,0.107123055,0.037181895,362.31363,-1.0432919819862856,False,True,False,False
421671919266,0.115841396,0.02964743,206.79587,-1.8347027498618595,False,True,False,False
135925262966,0.114997044,0.04720285,272.6988,-2.124676567836106,False,True,False,False
197520136410,0.016207116,0.09292704,32.644405,4.193231232438552,True,False,True,True
243874755042,0.020060062,0.053343765,70.87095,2.565772838482634,True,True,True,True
248655095058,0.028717,0.061829027,145.56546,-0.63880653204256,True,True,True,False
258805754856,0.020942867,0.031758863,78.82174,-0.3986411472147085,True,True,True,False
268969544602,0.101348735,0.042467367,568.0816,0.4572270356808041,False,True,False,True
334061397014,0.020612499,0.04042532,208.4436,-0.4008316853269883,True,True,False,False
432818281884,0.012552345,0.01681804,169.37001,-0.0957818351286551,True,True,False,False
347399178354,0.0090745855,0.023272555,199.92111,-0.09936449643674,True,True,False,False
469966484934,0.0932499,0.08975923,80.27028,0.7601053197770918,False,False,True,True
8575502964,0.053874947,0.043146674,109.05441,-0.0650504629572867,True,True,True,False
156230291600,0.034382634,0.076511726,158.0793,-0.7549117537214858,True,False,False,False
132754096738,0.013542276,0.026709946,67.53567,1.1981071285449,True,True,True,True
218487596728,0.012613814,0.0464732,227.36383,0.3491881589769131,True,True,False,True
464878101012,0.09042428,0.07094956,276.1595,1.4592926181474852,False,False,False,True
429951203726,0.06466589,0.062155593,199.68472,-1.5458271227785252,True,True,False,False
431222871692,0.041893672,0.02159129,327.15985,-0.7766389487749398,True,True,False,False
304536499644,0.05744842,0.030980077,170.23782,0.7888541168232341,True,True,False,True
543915429808,0.025981914,0.08089947,178.98799,-0.7875459659209046,True,False,False,False
673777582212,0.020299098,0.020088114,188.04967,1.0325038751226852,True,True,False,True
814758150500,0.016637985,0.05155586,171.7766,0.3204992694065254,True,True,False,True
889382582794,0.008369339,0.051858187,214.68973,-0.9942571146977546,True,True,False,False
771898268374,0.060047466,0.022460755,65.954895,3.251214182822011,True,True,True,True
806831793538,0.017354814,0.028348623,169.63123,0.4743316865278215,True,True,False,True
562045343202,0.024703212,0.03210714,273.4105,-0.4987296858897949,True,True,False,False
658568928370,0.041673098,0.058079075,197.21484,-1.291401843929371,True,True,False,False
633168865894,0.008660492,0.03677174,214.90259,0.3559707643899987,True,True,False,True
513782581612,0.025021212,0.05050492,106.620125,1.742827032829873,True,True,True,True
796996132528,0.05106955,0.024810985,231.0799,-1.3307206899596946,True,True,False,False
767472064624,0.019347012,0.025726974,119.73712,0.5984228392121634,True,True,True,True
976392867490,0.032746255,0.03349568,84.349754,1.3758884809687228,True,True,True,True
957652031606,0.024677139,0.07353975,175.21875,-0.4625107910370477,True,False,False,False
742400812564,0.08626429,0.06549058,168.47267,-1.3118867447652205,False,True,False,False
646180358658,0.026841927,0.02780646,136.0426,-0.0841398753802793,True,True,True,False
660465508536,0.00923539,0.025849365,91.9318,1.703644215595412,True,True,True,True
756682030470,0.047563184,0.12189033,212.29208,-0.9564473957380922,True,False,False,False
849715138654,0.012989274,0.030398907,197.83942,0.5718064161075583,True,True,False,True
820195077530,0.11139228,0.056623522,283.0095,-2.5240361513003533,False,True,False,False
205809751950,0.022910766,0.023863643,239.32677,1.789333759202122,True,True,False,True
199133541790,0.059021033,0.020671867,280.338,-2.77865181988054,True,True,False,False
136270125940,0.024244044,0.034167796,53.231148,0.8339856159591482,True,True,True,True
321054870848,0.018459922,0.039342932,185.88745,0.1227873576505025,True,True,False,True
374395004576,0.07481138,0.043999393,255.55734,-0.5193645755879543,False,True,False,False
229000656594,0.0043450734,0.03529123,116.88109,1.1746248680222455,True,True,True,True
122313332060,0.036620628,0.048765756,214.09625,-1.7403078279569673,True,True,False,False
150247860378,0.015528874,0.04844661,118.71423,2.935602837567205,True,True,True,True
218512770318,0.015686642,0.058159947,202.48895,1.6319704948689755,True,True,False,True
328061982282,0.008388265,0.028196285,75.848526,2.183885966178815,True,True,True,True
301708477848,0.020936506,0.04849916,185.57649,-1.4212406768588433,True,True,False,False
309652904572,0.037508044,0.14670607,143.23834,-0.9488941475200732,True,False,True,False
316323672402,0.008979729,0.021396965,84.99205,1.900557373447884,True,True,True,True
14971262334,0.013400637,0.034447696,204.40092,1.185236414436302,True,True,False,True
141022518674,0.012404,0.027496766,38.561985,3.481466261707189,True,True,True,True
402971983098,0.0028727823,0.051065553,172.5997,1.0353568073047512,True,True,False,True
296921084782,0.017277455,0.05439186,164.52437,0.3655760253762251,True,True,False,True
14985524978,0.0052703465,0.05597034,176.01825,1.211661027192547,True,True,False,True
24192949840,0.017472735,0.029727027,147.74168,-0.9197822472154016,True,True,True,False
272505535890,0.00998968,0.021253942,289.89487,0.3547036581015326,True,True,False,True
599211916126,0.0858095,0.040856667,296.47958,-1.9744794338195617,False,True,False,False
771623966038,0.013003945,0.029598964,205.195,0.3203078063535712,True,True,False,True
876411261854,0.016475014,0.044694696,513.2287,-1.159613822760194,True,True,False,False
687499410600,0.017084103,0.08497504,69.01335,-0.037515424877357,True,False,True,False
524602352848,0.0064605507,0.0283297,36.24878,4.091778845576511,True,True,True,True
842125803946,0.03971837,0.043259732,192.27852,0.3775389787820998,True,True,False,True
800856897986,0.058513183,0.026108166,144.80673,-0.3414229167494286,True,True,True,False
903411600310,0.047912985,0.033912897,163.43597,-1.7920542540802102,True,True,False,False
600801382474,0.020460347,0.01872887,108.61182,0.8516601197109951,True,True,True,True
718275567900,0.0100271115,0.034835692,82.85998,2.127907776545199,True,True,True,True
670650491348,0.009077133,0.04020881,101.16015,0.8179258879597644,True,True,True,True
565878971166,0.06596855,0.040678997,218.90744,-2.173504456440406,True,True,False,False
674153769946,0.027807396,0.019739028,241.69322,1.6039277489953312,True,True,False,True
947537506214,0.03390368,0.03985111,99.49666,0.1994222857013499,True,True,True,True
764948412638,0.02600293,0.020079266,651.71155,-1.3916883962988735,True,True,False,False
704953940338,0.013714391,0.02062783,114.33227,1.025988584854633,True,True,True,True
757675565442,0.03963718,0.017274095,145.48761,0.3792387025771654,True,True,True,True
696707819552,0.027783684,0.0752228,251.51329,1.1574247232340706,True,False,False,True
544626450172,0.08026521,0.035099443,178.38033,1.563485557459132,False,True,False,True
779574240712,0.08201444,0.015711736,51.96325,2.0480850215319872,False,True,True,True
1101175955246,0.017429091,0.04918648,283.66345,0.8691289996824936,True,True,False,True
1336129691956,0.016289312,0.031767625,202.29706,-0.2679944300825648,True,True,False,False
1500605152368,0.021949098,0.08742162,161.89983,-0.9396810450773272,True,False,False,False
1444096873884,0.007879631,0.043071177,328.84433,-0.7288606341302777,True,True,False,False
1418381105816,0.019282367,0.034038894,35.157333,3.6978152817559824,True,True,True,True
1399327587602,0.03698079,0.0643754,110.828094,0.6499420056195425,True,True,True,True
1304694431100,0.09642347,0.02750993,361.0114,-1.980423586266416,False,True,False,False
1297075438116,0.031065768,0.044638913,159.99648,-0.0675032466673795,True,True,False,False
1331048591444,0.08304128,0.048356768,268.98642,-0.6519660257453722,False,True,False,False
1131354013764,0.009288929,0.026935365,81.267044,2.2643374923946924,True,True,True,True
1189757660506,0.041052338,0.04260841,183.61797,0.843825132119193,True,True,False,True
1028145676770,0.061648283,0.022319565,98.34742,-1.851873337421361,True,True,True,False
1352008288838,0.02413776,0.021440333,268.8071,-0.8009888707714874,True,True,False,False
1398686022408,0.023529204,0.032351304,148.52634,0.4870774538746886,True,True,True,True
1377102374016,0.035777424,0.038969107,331.0896,0.3487398538684888,True,True,False,True
1304069574120,0.0081280675,0.027922647,128.41089,1.015845530579008,True,True,True,True
1250096641106,0.0190901,0.024529342,261.5461,-0.2877459085545437,True,True,False,False
1233585777628,0.030121904,0.021932542,188.20934,-0.4199013301181129,True,True,False,False
1168503754430,0.035510495,0.04449324,65.04806,3.119059247923915,True,True,True,True
1295516844144,0.006398318,0.014352073,83.48987,2.148382936682811,True,True,True,True
1365363684842,0.094547175,0.06243192,149.15892,-4.010125868004716,False,True,True,False
1362829673288,0.014983699,0.007541938,189.49951,-0.3424344074848416,True,True,False,False
1384424712796,0.02197301,0.038961977,168.2776,0.8530075054337964,True,True,False,True
1588554538702,0.027584855,0.028875738,275.2608,-1.273240072619691,True,True,False,False
1644770270394,0.0406271,0.074726745,187.82469,-3.275140244513365,True,False,False,False
1681598811328,0.033759132,0.15904443,258.21613,-2.465343167178082,True,False,False,False
1639693050632,0.01113155,0.018129084,252.40482,1.054109010030068,True,True,False,True
1609542913646,0.07071448,0.04347147,244.9022,-1.5596106222024655,False,True,False,False
1974365278654,0.026288591,0.059108432,203.31621,-0.7134087212140435,True,True,False,False
1922616549376,0.011149432,0.016455535,59.051815,2.5564798990759283,True,True,True,True
1760660435394,0.01790934,0.02232552,114.56541,-0.0944049300768517,True,True,True,False
1745113219426,0.026710017,0.042756878,82.97408,0.558839053802973,True,True,True,True
1572381634242,0.010655953,0.003247553,207.50938,1.360879513025488,True,True,False,True
1928319286120,0.02134175,0.03929583,232.55614,-0.2727285306399308,True,True,False,False
1154545900588,0.02986341,0.05081745,216.32906,-0.5836054809658866,True,True,False,False
1059924840496,0.032850154,0.04404117,335.38602,-0.9695343853572548,True,True,False,False
1304099585770,0.023598015,0.064756736,211.72041,0.0648326164442483,True,True,False,True
1020889107376,0.008242802,0.010224555,72.60647,1.3947435017354204,True,True,True,True
1015815339622,0.032052323,0.080949366,456.04956,-2.1360611262623697,True,False,False,False
1123141081280,0.058929026,0.069668055,90.60338,-1.6251556664279316,True,True,True,False
1501621065286,0.048911326,0.022858437,145.77335,-0.0704162895901533,True,True,True,False
1390494458578,0.04126199,0.014300889,154.98798,-0.1368999173630314,True,True,False,False
1346030218540,0.039985403,0.023994988,239.2882,0.2039784079848449,True,True,False,True
1112329602544,0.048573006,0.09322109,222.80708,-2.459010234161757,True,False,False,False
1423802333670,0.008915258,0.0254623,128.04555,0.1394752811737669,True,True,True,True
1380314341334,0.11048207,0.051715862,267.8676,0.114872293552908,False,True,False,True
1142819661426,0.04834556,0.037517916,80.7097,-0.0978373500293379,True,True,True,False
1145997759410,0.11943094,0.13199393,70.962875,-1.195493680745155,False,False,True,False
1160279028460,0.019787228,0.034058504,238.99171,-0.556709905240648,True,True,False,False
1180606332078,0.02408221,0.040163226,213.58243,-0.6768267118517532,True,True,False,False
1324449921734,0.01601457,0.021888776,1192.4569,0.6562774105706357,True,True,False,True
1476847628172,0.01096424,0.046887834,305.28552,0.5477700450470298,True,True,False,True
1585424598298,0.06639845,0.054565545,34.195778,1.2764470219135275,True,True,True,True
1536845777856,0.07368946,0.020571198,236.01921,-3.264790012047513,False,True,False,False
1718157055988,0.009345911,0.026005879,276.10995,-1.6603122796530467,True,True,False,False
1895326411036,0.09201778,0.08344427,172.9674,-3.291372337499598,False,False,False,False
1621957491422,0.0441747,0.03704702,434.70282,1.4438593346101818,True,True,False,True
1735321681934,0.033010256,0.06595951,255.96234,-0.6467613878542193,True,True,False,False
1657205034584,0.014145612,0.024878703,124.85448,1.0064114420717776,True,True,True,True
1926782335880,0.039642934,0.056426488,248.36636,-0.8648806697105748,True,True,False,False
1808973848872,0.027659316,0.04431784,367.73807,-2.5884553259122485,True,True,False,False
1744501993712,0.02019022,0.009795987,50.495686,2.461578744290518,True,True,True,True
1718149497010,0.022771712,0.020029826,225.96489,0.3760848052969923,True,True,False,True
1719100722124,0.019019295,0.059801206,172.1649,0.7728271222839561,True,True,False,True
1710533629282,0.024437327,0.05475053,75.36111,1.9764799872963663,True,True,True,True
1935648907154,0.021919563,0.04047806,301.95023,0.3878242926287245,True,True,False,True
1634979870710,0.019138994,0.014729224,76.26847,3.2040595892878247,True,True,True,True
1963609038236,0.050954126,0.043537565,115.29938,0.0821173765419658,True,True,True,True
1945519192734,0.027469551,0.03135395,187.466,0.3878241438942599,True,True,False,True
1977906383932,0.0055519682,0.05582258,97.53211,0.6794723312209768,True,True,True,True
1826435207348,0.012222578,0.026804972,184.01901,0.4090044014088438,True,True,False,True
1858512211904,0.011418687,0.021473777,136.5056,4.3648334876725325,True,True,True,True
1787392646080,0.018869106,0.020998688,162.91849,-0.1310715088206039,True,True,False,False
1755322294426,0.1063788,0.029165909,404.22427,-4.939230479658009,False,True,False,False
1876298649416,0.03998663,0.056195486,268.6043,-0.6393075778525246,True,True,False,False
1150375304924,0.02239755,0.030344186,245.79489,-0.309691471349264,True,True,False,False
1152950919890,0.03949519,0.062931,76.28093,1.0006447691670222,True,True,True,True
1150092283054,0.031551704,0.021509837,167.68997,1.0019332345363008,True,True,False,True
1292011753084,0.039488528,0.040217187,142.39743,0.4819020701463521,True,True,True,True
1345360405464,0.10209934,0.06239946,140.91458,-1.0700687896346115,False,True,True,False
1367904905078,0.035245772,0.05448897,238.84802,-2.386283365321156,True,True,False,False
1313300814096,0.017909195,0.038356524,113.061035,0.6229911952249048,True,True,True,True
1344410390842,0.11215968,0.021484382,285.10974,-3.621433709680759,False,True,False,False
1207536567142,0.014021313,0.042339906,105.744484,2.210861730338515,True,True,True,True
1193260993472,0.042116933,0.053473968,95.01846,1.1592703147125971,True,True,True,True
1335494505546,0.024687743,0.037336793,296.29947,-1.2053388559537856,True,True,False,False
1352968941556,0.03298013,0.040760223,313.83896,0.135059765313061,True,True,False,True
1447584054744,0.009276907,0.039197013,163.94067,1.006505180000555,True,True,False,True
1285645781460,0.049799263,0.018270446,246.14584,-0.4536180804976675,True,True,False,False
1454244490910,0.05062093,0.04044828,177.95976,-1.945847286252041,True,True,False,False
1359954357064,0.045385215,0.10445799,107.1827,-0.091550945744477,True,False,True,False
1199927652708,0.021630345,0.02800993,85.442116,1.128242568818497,True,True,True,True
1118660199066,0.015771372,0.06722612,310.77798,0.4768420150825758,True,True,False,True
1138340895388,0.009991439,0.01519769,36.52654,3.358360712994047,True,True,True,True
1383144757002,0.065220736,0.072422184,118.73573,-1.5612189501098923,True,False,True,False
1292653699112,0.010172265,0.02647218,186.64653,0.6288182219705154,True,True,False,True
1980698217994,0.07657357,0.030293114,156.50903,0.2554614238802287,False,True,False,True
1945131820166,0.046017267,0.079321,204.60411,-0.316602230287209,True,False,False,False
1980699403538,0.032822255,0.065120116,157.54129,2.8377299576798904,True,True,False,True
1546663069508,0.023659766,0.058699306,162.42133,-0.7166970445378491,True,True,False,False
1635887248400,0.027500004,0.03928396,97.643326,0.8011838166010088,True,True,True,True
1700339750830,0.02859391,0.04742835,199.60811,-1.0121444044994663,True,True,False,False
1866730387000,0.01921186,0.051738568,255.0642,0.3245916713638949,True,True,False,True
1927371919546,0.1233263,0.055368103,227.82214,-1.935855063420324,False,True,False,False
1906742469008,0.11998033,0.031973734,278.4666,-1.8072773683010497,False,True,False,False
1666983595942,0.0070022033,0.048631784,235.73698,-0.1252076159823377,True,True,False,False
1519337250656,0.010588591,0.03256199,104.29412,-0.4253198138792085,True,True,True,False
1694615976826,0.03366787,0.028131573,186.93889,-0.0991423126854228,True,True,False,False
1963544075664,0.081801176,0.06251381,216.66428,0.5285114036151631,False,True,False,True
1953708893318,0.10447936,0.049762554,89.78874,-0.8437635315934628,False,True,True,False
2000713924288,0.017994266,0.033273946,160.39218,0.5694419852872268,True,True,False,True
1955931206764,0.021589343,0.04329802,110.38009,1.6512473596859771,True,True,True,True
1642568727188,0.04259708,0.052859977,237.25569,-0.4845463814117829,True,True,False,False
1806715302580,0.048358936,0.083475634,173.80968,-0.5177820040011903,True,False,False,False
1811796076388,0.0065147514,0.03769641,212.048,3.739094922569731,True,True,False,True
1892123697184,0.006327462,0.004468206,44.18489,2.3285950019726926,True,True,True,True
1890226666736,0.024086526,0.07286434,129.06976,-0.5074763329746791,True,False,True,False
1870221420434,0.07200063,0.022227852,57.100925,1.836363165912092,False,True,True,True
1905793211280,0.02816975,0.030975029,178.1382,-0.8162803141660391,True,True,False,False
1121205724356,0.013770435,0.032653634,216.43474,0.8977698314787665,True,True,False,True
1199631802888,0.025838044,0.114338756,226.32697,-1.287086927057273,True,False,False,False
1233614305822,0.014555801,0.019637905,49.184376,3.013723893945561,True,True,True,True
1257424248928,0.007821631,0.03112554,157.58745,-0.8089967874039218,True,True,False,False
1276162867710,0.013569969,0.029245896,167.22702,-0.1328070866005845,True,True,False,False
1298075401436,0.022877587,0.0323146,165.52061,0.345313439017771,True,True,False,True
1355234269654,0.06438076,0.014748526,125.07337,1.7459455330078175,True,True,True,True
1035495156246,0.023262205,0.025310874,131.06178,-1.955819575446076,True,True,True,False
1177436146982,0.042386446,0.047907382,110.8709,0.198954709840326,True,True,True,True
1130422550000,0.019312361,0.049930617,130.68584,0.800364862166408,True,True,True,True
1176148706420,0.06697569,0.03100647,337.7807,-0.5047546355160135,True,True,False,False
1193922897090,0.0996312,0.051118538,82.0687,-0.8247852598554388,False,True,True,False
1240289208624,0.08775172,0.059113387,137.56241,-2.077790033185376,False,True,True,False
1349183951576,0.035547715,0.03963373,39.409725,2.111952082212881,True,True,True,True
1417146940530,0.011212804,0.037177976,219.61798,-1.827769635521084,True,True,False,False
1347277245108,0.05559099,0.12994665,286.345,-2.4355841234269304,True,False,False,False
1130748058840,0.106829084,0.02849961,460.48508,-3.1781060625041317,False,True,False,False
1246008524178,0.009380058,0.008729906,146.16133,2.1777200268943755,True,True,True,True
1153629683248,0.030194778,0.05136831,131.5808,-0.3038473951859663,True,True,True,False
1086297829662,0.016056603,0.03774039,145.34535,-0.7688948628513244,True,True,True,False
1087254497594,0.009962029,0.034819603,245.90291,0.7206535151245423,True,True,False,True
1343503821512,0.016126284,0.048798155,244.50635,0.4461013415407287,True,True,False,True
1395894948950,0.028430795,0.0552945,179.45876,-0.865916958793603,True,True,False,False
1367305222454,0.1253358,0.0468142,213.89703,-0.7923397689430363,False,True,False,False
1615906974292,0.12290584,0.030627962,197.86494,-3.513656492582305,False,True,False,False
1713067490230,0.017049797,0.07594083,238.9743,0.1100648064929534,True,False,False,True
1574957706284,0.009083594,0.02996454,48.333046,2.491204571066097,True,True,True,True
1983919836190,0.10101266,0.023443438,189.40576,-1.341342595235964,False,True,False,False
1774344642172,0.045543205,0.05038727,96.61569,0.9503397595510884,True,True,True,True
1945173451524,0.083972454,0.039871495,138.73982,-0.6554933828086553,False,True,True,False
1872782570592,0.018895868,0.07187791,198.34526,0.1930085784624265,True,False,False,True
1872473593334,0.018902766,0.014525732,63.00081,3.0257036563894038,True,True,True,True
1557825283762,0.06933765,0.040178753,198.46442,-1.6674429635159649,True,True,False,False
1566086373568,0.012619926,0.051197086,269.43213,0.6530964274368275,True,True,False,True
1683244147730,0.016442953,0.060282074,70.233604,0.3248552223265127,True,True,True,True
1829293770768,0.027746515,0.058269367,71.591644,0.1820340636030922,True,True,True,True
1980442589560,0.015436916,0.045841854,172.89517,0.1118209153827455,True,True,False,True
2001399892502,0.03436659,0.08455239,372.78662,-1.721567244844244,True,False,False,False
1793113349942,0.008114176,0.018867169,144.02989,-1.9415836777356696,True,True,True,False
1935355808834,0.010904757,0.015665162,376.92053,2.434413759033253,True,True,False,True
1537802095672,0.019390186,0.029918253,196.62619,-0.5243110202911949,True,True,False,False
1565416937040,0.0116562,0.047575273,183.632,0.1771560882932716,True,True,False,True
1551456565716,0.009042209,0.026237769,136.08482,1.0818460174726277,True,True,True,True
1993131521866,0.010325887,0.024377305,157.7584,0.9373218708685817,True,True,False,True
1996931052470,0.021374363,0.035970002,150.55708,1.1585275026930013,True,True,False,True
1741031705048,0.06754412,0.02436507,263.1415,-1.328311668220233,True,True,False,False
1770562400008,0.0056935535,0.034850363,48.95405,2.162881274573353,True,True,True,True
1797869976816,0.0071524475,0.014719905,88.47359,1.8265121935102109,True,True,True,True
42948045212,0.010652742,0.030634133,377.40765,0.2127458474760816,True,True,False,True
207106615942,0.04505714,0.042130537,132.8872,1.3881370381839484,True,True,True,True
408420545976,0.10902109,0.030869693,231.42343,-3.359592503971615,False,True,False,False
383011084104,0.008506303,0.019334026,216.12953,-0.0319695502546958,True,True,False,False
113454218306,0.123267055,0.054326493,142.59637,-0.1065498264276596,False,True,True,False
68688712336,0.013774518,0.026878804,71.882034,0.8157420053821905,True,True,True,True
207441549874,0.075927556,0.048111983,167.73932,0.2020953014336927,False,True,False,True
303649932844,0.03752502,0.04290503,198.38945,-0.5083149665828574,True,True,False,False
394794326008,0.010487679,0.036416378,195.60457,-0.2381237062250805,True,True,False,False
409719379782,0.06656073,0.037691932,139.63892,-1.20661591794775,True,True,True,False
38830895984,0.053135715,0.05616483,95.504585,0.5789705704894017,True,True,True,True
79477161464,0.02092275,0.023365287,170.01105,0.2672685654480748,True,True,False,True
334129335336,0.0055976454,0.023227269,1167.3859,-0.3110023447156647,True,True,False,False
266500624116,0.035659723,0.020733299,196.38123,0.4928897344684599,True,True,False,True
413520750824,0.013042157,0.018379565,42.09321,3.955350437676013,True,True,True,True
535423228556,0.022204267,0.03055829,114.26946,1.4677044879322954,True,True,True,True
521142061460,0.096156545,0.05568709,110.34702,1.2913901183275225,False,True,True,True
845001876660,0.0050951154,0.040272407,59.67789,1.252689612308858,True,True,True,True
892945759000,0.0078641,0.045520443,275.2702,-0.1916966513240753,True,True,False,False
916778004036,0.021154672,0.02826388,164.19913,0.9209903624971576,True,True,False,True
945025466004,0.023091087,0.035785854,275.89722,-0.578899830392204,True,True,False,False
817704431598,0.028819177,0.043083966,92.2604,1.3157221359241933,True,True,True,True
525918015670,0.01990811,0.10415477,248.35648,-1.0622933105512469,True,False,False,False
675463710756,0.05474891,0.0376527,201.78102,3.4758920690435264,True,True,False,True
716123382052,0.11104831,0.09740586,216.33412,-1.3518598009619542,False,False,False,False
747223962266,0.07206908,0.048600793,250.41367,-1.167560808721435,False,True,False,False
688171063428,0.011994845,0.034620557,56.678688,2.5284673003805,True,True,True,True
898695920234,0.0031367522,0.06443664,159.29245,1.369403926339226,True,True,False,True
757069779160,0.036442176,0.031219983,167.48892,-2.014863915361829,True,True,False,False
851692301422,0.0029701341,0.011778914,35.11664,2.832935123945603,True,True,True,True
679892260202,0.015514567,0.01613853,222.80032,0.1237012756513831,True,True,False,True
701800812842,0.012807089,0.041968796,103.41825,-0.1121272400657925,True,True,True,False
587509513784,0.011656768,0.03405546,201.75,0.16848823130859,True,True,False,True
816428329344,0.0021421954,0.024991632,73.02005,1.5501572131868246,True,True,True,True
859923731332,0.09987598,0.024146853,183.36694,-1.6234011617087467,False,True,False,False
774201244300,0.0717161,0.034884926,163.16917,-0.215434294034439,False,True,False,False
773881759242,0.09303921,0.070693135,136.91853,-3.325344641794987,False,False,True,False
896126631300,0.030177686,0.042471286,92.18663,1.3323037207720607,True,True,True,True
491942343998,0.0133350305,0.017528253,104.2369,0.7666745146288698,True,True,True,True
581493718828,0.010552723,0.026400607,173.03694,1.049525686906814,True,True,False,True
581800202558,0.09730098,0.09835514,110.73421,-0.0629138075199408,False,False,True,False
566575470788,0.013106058,0.021570142,177.5781,-0.7112663626329566,True,True,False,False
857731104970,0.010599637,0.021273542,40.174755,1.8619766473207129,True,True,True,True
56016639046,0.08426162,0.03072518,311.70483,1.6322353483961232,False,True,False,True
165239663500,0.0148676885,0.03857056,177.0624,0.6909884088632801,True,True,False,True
161113390524,0.045182806,0.05084323,517.547,-2.4294530419429217,True,True,False,False
345917289246,0.031108275,0.03968704,262.25537,0.9281413667516044,True,True,False,True
176683916972,0.1051662,0.08773143,131.7501,-2.55944821233428,False,False,True,False
154786502860,0.024227588,0.043644097,195.72293,-0.2371265948771614,True,True,False,False
363714107680,0.05275129,0.026199177,128.51033,1.9145580466585577,True,True,True,True
357678229570,0.012515394,0.0322463,91.50157,1.785768554630244,True,True,True,True
472304461458,0.021299947,0.019329246,89.29259,2.1831196132267303,True,True,True,True
57272609530,0.0069790767,0.027387502,160.46889,1.5543013864036412,True,True,False,True
402735880834,0.074936904,0.040643398,188.54938,-2.335445028688098,False,True,False,False
389401376790,0.012247371,0.01006478,112.23274,1.2970996049759207,True,True,True,True
420522797018,0.028813511,0.016304879,90.82134,0.3953152440020968,True,True,True,True
184939060100,0.021223614,0.084013216,150.68578,0.5576968519526218,True,False,False,True
36345370810,0.025160687,0.098595396,241.60674,-1.8273657013719904,True,False,False,False
292899287410,0.0535698,0.087645724,178.4456,-2.0069223137436367,True,False,False,False
401166804008,0.053803578,0.041558884,225.07184,-2.359089534768489,True,True,False,False
489766122764,0.060663242,0.031794745,242.11423,-3.069813202160444,True,True,False,False
687562558610,0.047681313,0.060888145,174.14847,-1.6120177998821323,True,True,False,False
961580076574,0.08178118,0.03569942,137.10788,-1.4069732694178811,False,True,True,False
669796861336,0.092392646,0.055254247,241.10373,-1.5087140663977,False,True,False,False
722513069158,0.055542186,0.0484905,140.8051,-0.3463181094521335,True,True,True,False
986041438444,0.011212698,0.056863315,122.157974,1.875380028494379,True,True,True,True
918413030350,0.016426938,0.04058703,237.08096,0.1438910950642035,True,True,False,True
853651021538,0.09555,0.039432343,144.4633,-2.5151508773414224,False,True,True,False
610712664976,0.046218663,0.050591923,133.5926,-0.1146787688462416,True,True,True,False
689782378012,0.018078715,0.04629592,145.5936,0.2068726410334371,True,True,True,True
880616408646,0.05875691,0.060492054,158.46513,2.3696671979874315,True,True,False,True
890129157096,0.026900813,0.027598947,176.90698,1.4961277315449053,True,True,False,True
870457206118,0.05179245,0.0284702,94.00491,0.2618905324839213,True,True,True,True
669160335720,0.029159611,0.022469245,90.104836,1.0867611013981957,True,True,True,True
655192832264,0.022235595,0.03801139,65.34278,2.252884547297254,True,True,True,True
755842816890,0.010247109,0.027614573,166.00317,-0.1582415434158224,True,True,False,False
889517073702,0.053935178,0.034003563,152.49435,1.5775637309259882,True,True,False,True
857778379108,0.03999004,0.024784014,115.99973,-0.3605656155753337,True,True,True,False
17237546776,0.00210672,0.021236012,118.50679,2.0760344637829675,True,True,True,True
235692996040,0.028372996,0.0737275,253.33179,-0.4396563461978348,True,False,False,False
149646562546,0.052477904,0.029463828,626.37756,-1.9337333279668392,True,True,False,False
313791625380,0.044735827,0.011652601,245.07187,-0.8488900896127769,True,True,False,False
289676662280,0.00451311,0.028733552,133.28094,1.0997461218043385,True,True,True,True
280783936150,0.02202496,0.037015915,91.50049,1.343690524561332,True,True,True,True
113141515152,0.026258057,0.037340693,232.23137,1.2969073817571437,True,True,False,True
235388605190,0.008984218,0.055512823,108.82734,0.5560605126577541,True,True,True,True
173800006864,0.024529405,0.023081403,274.76978,-0.3405630616066517,True,True,False,False
266823186310,0.02599997,0.03573146,84.66172,1.506282622237188,True,True,True,True
486547732024,0.004788874,0.03268771,219.26137,-0.189535418487388,True,True,False,False
133122722588,0.015006152,0.019570556,112.14226,2.282017297693136,True,True,True,True
44232923534,0.056615673,0.040943336,219.61539,-1.579305644020195,True,True,False,False
148055890418,0.026984032,0.026291754,127.248215,-0.8844178043292782,True,True,True,False
267750900040,0.011471948,0.030276502,191.0459,0.4524879592478099,True,True,False,True
250604190276,0.094566375,0.03515555,85.02358,-1.7745030157496724,False,True,True,False
361450169320,0.055401523,0.08849029,139.95828,-1.1813048789048,True,False,True,False
711336745706,0.016572438,0.016240874,56.667183,2.100872959238026,True,True,True,True
867878163768,0.031472154,0.01976246,144.13426,-0.2740768510948023,True,True,True,False
884071607782,0.033245962,0.041379176,126.67471,-0.2130773719816109,True,True,True,False
698660515728,0.051691756,0.063042946,391.25427,0.5052110720729408,True,True,False,True
917419297120,0.031497683,0.04279473,202.6642,0.6763371004358835,True,True,False,True
931077243500,0.11207136,0.039771315,327.99448,-2.8643609090021918,False,True,False,False
618616875094,0.056247383,0.06155059,288.2902,-1.5069233260425272,True,True,False,False
616391639722,0.031916898,0.02418468,255.07545,-0.5200856948776095,True,True,False,False
683702503724,0.05828821,0.038897835,242.05826,1.1876602670649468,True,True,False,True
616403635388,0.042768322,0.0538834,270.13147,0.7501822044618287,True,True,False,True
780233975672,0.04612395,0.043456264,143.69186,1.0879398754689242,True,True,True,True
859931420264,0.020684404,0.039191864,249.23506,-1.8504745760560013,True,True,False,False
850725331316,0.031170292,0.031020533,264.59064,-0.2706068274252616,True,True,False,False
883123560218,0.023160754,0.071476035,218.46356,-1.0401032684621387,True,False,False,False
510044766520,0.04515095,0.09351088,129.28815,2.999629465346493,True,False,True,True
759609766284,0.014911375,0.024571072,131.11058,-0.0736362478169396,True,True,True,False
641505001730,0.009627017,0.051631786,84.38359,2.275399190644761,True,True,True,True
689127181094,0.019763527,0.009962599,200.47365,0.56051913286826,True,True,False,True
910756771968,0.0073262667,0.046526354,196.87654,-0.0766451705455724,True,True,False,False
156662645958,0.019618195,0.01237168,169.26965,-1.1360035198287537,True,True,False,False
301766892308,0.053483907,0.06282509,162.64679,-0.7165475863545951,True,True,False,False
69363949410,0.036498718,0.028786443,266.11032,0.4115151561478558,True,True,False,True
187793794106,0.011667064,0.0880908,233.949,-0.0769407117766254,True,False,False,False
38568692438,0.014762809,0.026287803,172.04726,-2.1698779943415123,True,True,False,False
458641326388,0.026006402,0.027400533,194.10161,-2.5426881705057736,True,True,False,False
472616919552,0.008711415,0.07740525,222.02794,-0.5582634940100568,True,False,False,False
375783349412,0.060387682,0.085377604,276.72437,-2.5751581403168204,True,False,False,False
489449183716,0.001899196,0.020320911,408.0474,0.5861295215677564,True,True,False,True
391339309564,0.0433526,0.0263034,246.07056,-2.5984150387628957,True,True,False,False
26486880922,0.011367928,0.053054273,73.44436,2.0870886429846403,True,True,True,True
464663422314,0.016999807,0.025586175,193.9601,-0.5137630811825866,True,True,False,False
376714162606,0.098416135,0.061120775,301.11087,-2.978475343673497,False,True,False,False
39513466312,0.020202823,0.0654133,302.1953,-0.8773788108986277,True,True,False,False
114138402806,0.029826032,0.05968967,158.51683,0.27922744899287,True,True,False,True
182716146620,0.015893165,0.02216409,196.57674,-0.7222910853055721,True,True,False,False
200813602244,0.046730906,0.06255431,187.11281,-0.4790811654376896,True,True,False,False
451023771642,0.07657297,0.0291834,260.73474,-1.885917735120392,False,True,False,False
681206743808,0.015691638,0.05034161,363.1242,-0.221648243839396,True,True,False,False
659937993782,0.014028334,0.04243524,632.7149,0.4504351487193436,True,True,False,True
728840893346,0.052715573,0.06922168,117.64472,-1.8434646190262012,True,True,True,False
663768924060,0.016760623,0.05680615,208.47241,-0.2431053617728492,True,True,False,False
769180850996,0.023049075,0.0112827895,194.7762,0.9260599672429304,True,True,False,True
974308599010,0.020053515,0.066798426,124.17386,1.6536049788403804,True,True,True,True
981594323018,0.06627976,0.061293483,254.36607,-1.5604472846906456,True,True,False,False
588802982154,0.013527937,0.07415983,117.795135,-0.6657202099045707,True,False,True,False
582774235184,0.031616997,0.008766577,153.57326,2.87266802297227,True,True,False,True
513884944914,0.022094779,0.04243719,153.56761,0.4345450438812852,True,True,False,True
524993483366,0.030977154,0.03772717,250.4564,-0.5668080714026564,True,True,False,False
618665058106,0.015685728,0.012343535,204.24666,2.4057073545160144,True,True,False,True
990466462336,0.013829294,0.039145287,40.775364,2.4840974688520374,True,True,True,True
819325098770,0.024264904,0.06861238,175.96504,-0.4218275564287747,True,True,False,False
785674933822,0.06435419,0.01939686,340.7088,-0.0858655097519399,True,True,False,False
874268608360,0.039963476,0.050460543,397.41275,-1.5210254978605349,True,True,False,False
498016428892,0.0069009345,0.057471935,152.12752,0.2971710030077187,True,True,False,True
732345483144,0.052610267,0.02545537,126.68351,5.647820817464744,True,True,True,True
634240673390,0.022079531,0.027056284,144.80453,0.4983539355387126,True,True,True,True
542791184694,0.009234858,0.044687126,177.34233,1.1963566070477545,True,True,False,True
647888667000,0.011618751,0.023113267,144.16574,1.8444338777549616,True,True,True,True
770444632236,0.029405985,0.062486384,223.28639,-0.599737339374825,True,True,False,False
944460158090,0.017581677,0.073926196,379.06195,-0.9497590486631028,True,False,False,False
1047264662530,0.021320764,0.011429285,253.45142,0.3138474790048436,True,True,False,True
1021876846236,0.016963482,0.048461795,140.64622,0.0634526949269841,True,True,True,True
1009802115902,0.015591696,0.02808871,160.8001,1.2446618934342326,True,True,False,True
1050443920128,0.052637246,0.053684622,83.83391,-0.1401801838881665,True,True,True,False
1451151891136,0.06295032,0.058367893,179.58717,-1.1881419713345085,True,True,False,False
1414964061586,0.012619109,0.019751046,243.70267,0.7846579813959395,True,True,False,True
1319384922944,0.022355782,0.032128785,103.73638,1.293770201247613,True,True,True,True
1329880243070,0.035506673,0.0856635,311.34033,1.7306795809121795,True,False,False,True
1431805574816,0.013376509,0.017085321,88.689285,1.8694320320444544,True,True,True,True
1253665969534,0.019653443,0.06588736,258.99362,1.5202839106093455,True,True,False,True
1120292551050,0.02508801,0.033112243,151.22449,-0.2355463715849913,True,True,False,False
1402889785142,0.061355703,0.08530897,211.29695,-0.5879630783827319,True,False,False,False
1439081371004,0.0849955,0.12847355,362.14584,-2.1915421371261745,False,False,False,False
1268583513338,0.08142905,0.024375176,189.50153,-2.817435037407294,False,True,False,False
1257790353246,0.054841068,0.087409794,68.62341,-0.1093598982125603,True,False,True,False
1225413543462,0.11069816,0.09005608,129.75356,-1.907128304835232,False,False,True,False
1183832108514,0.083258405,0.015980469,59.090866,0.0314066241715274,False,True,True,True
1480698565392,0.08703185,0.03944682,362.02423,-3.878396767626653,False,True,False,False
1649279835176,0.017433302,0.04206471,167.08504,0.6198046864449066,True,True,False,True
1621029602294,0.009928987,0.0676285,158.22375,0.1221305032996765,True,True,False,True
1602619666488,0.085844465,0.046090886,95.5536,1.0611901556758645,False,True,True,True
1606109539210,0.010820273,0.031623073,140.1399,3.978555610158118,True,True,True,True
1649294199468,0.034555256,0.05051269,112.72599,-1.904929969903686,True,True,True,False
1540061927524,0.07552059,0.0913695,249.39989,-3.776146437357193,False,False,False,False
1576909846544,0.06583954,0.036541734,141.01366,-0.5779579981505675,True,True,True,False
1728360459978,0.09538566,0.19137546,181.78522,-4.5666659475707325,False,False,False,False
1695978913954,0.07297263,0.0533341,609.7915,0.9160560039471564,False,True,False,True
1833464291476,0.058926214,0.027377686,309.9683,-2.136297412542197,True,True,False,False
1770598230848,0.029721685,0.027200846,194.27702,-1.1845034421840417,True,True,False,False
1953815687508,0.011770826,0.026876366,50.395813,2.260608948553414,True,True,True,True
1597852533474,0.10464839,0.06873838,240.13321,-2.1868881826567144,False,True,False,False
1703902249006,0.022568913,0.035469122,157.2331,-0.0973860032380934,True,True,False,False
1794722115954,0.032213338,0.023368137,89.05836,0.4140592495114613,True,True,True,True
1953470701128,0.00973782,0.040423736,134.34236,0.4565754774403454,True,True,True,True
1896958441164,0.043121994,0.05801007,328.3242,-1.020640043707029,True,True,False,False
1548647190262,0.09053802,0.027277915,287.31888,-0.618379869885715,False,True,False,False
1942701152670,0.030764688,0.032812513,40.60351,4.432087371044651,True,True,True,True
1826796852988,0.0919478,0.07024413,105.782616,-0.122073004235767,False,False,True,False
1967464235658,0.014956016,0.021715265,57.462257,1.571224502019836,True,True,True,True
1081597645826,0.043353144,0.10379864,221.86473,-2.3985091053486194,True,False,False,False
1172410281354,0.06360798,0.09021677,274.76785,-2.2916866618128657,True,False,False,False
1231156470848,0.041860133,0.056125622,255.27031,-0.8178356781755809,True,True,False,False
1143204893824,0.06906758,0.10481091,135.51668,-1.1169992570068537,True,False,True,False
1140665666022,0.02165301,0.026040658,154.80005,0.1255559495870528,True,True,False,True
1362296969552,0.013800805,0.024663582,125.22684,0.7343756529455606,True,True,True,True
1056848347896,0.059719853,0.02015147,184.20549,-1.1656194123467825,True,True,False,False
1309601021790,0.05331481,0.08077799,370.63086,-1.98334846203816,True,False,False,False
1452475345930,0.036455993,0.030450579,282.51822,-1.2399188388731588,True,True,False,False
1309920155220,0.03645597,0.055776365,200.82391,-0.9490766186874444,True,True,False,False
1085728708976,0.028008552,0.030566158,197.98384,0.1920164697085834,True,True,False,True
1018423137458,0.069065966,0.059151582,499.17148,-2.7217339282375064,True,True,False,False
1266711405222,0.027200526,0.019203419,152.79756,0.3788977664232204,True,True,False,True
1276565235412,0.009746656,0.041359156,228.05356,1.0714589567338964,True,True,False,True
1505492543948,0.011087852,0.0380755,249.356,-0.1344763721471066,True,True,False,False
1080994537002,0.056811623,0.049711388,154.2185,-1.4505054972539833,True,True,False,False
1053363492930,0.03950088,0.058307897,219.37614,-0.8213027741002118,True,True,False,False
1200061286406,0.04694334,0.062111378,200.3231,-3.0183892669149506,True,True,False,False
1269586497508,0.0028219256,0.036832597,181.6583,0.4489001377216988,True,True,False,True
1375327486828,0.1124436,0.04471187,217.77885,-2.2837050982004903,False,True,False,False
1401370629392,0.026543248,0.043767422,228.26062,-2.11376850488349,True,True,False,False
1768086823020,0.07791755,0.046428956,236.7381,-1.7698899986318812,False,True,False,False
1795385706508,0.01191585,0.028035248,161.78494,-0.7169197921871207,True,True,False,False
1801418007330,0.09245641,0.083978824,130.5278,-0.8314682993867353,False,False,True,False
1527730860988,0.056077182,0.06114957,236.30298,1.316557256675015,True,True,False,True
1616317580350,0.033528563,0.015375771,131.36972,-0.2047237452926941,True,True,True,False
1575044542414,0.012467336,0.03742397,182.908,0.1086045030595622,True,True,False,True
1733485383948,0.047629394,0.07406755,193.68236,-0.8039638457239486,True,False,False,False
2017988998204,0.024281539,0.057681523,196.42453,-0.4178645599111446,True,True,False,False
1961788185742,0.014527178,0.021899845,219.67184,-0.2647841793680545,True,True,False,False
1824592003104,0.040602468,0.051048193,238.1505,-0.6986304511775842,True,True,False,False
1809672444358,0.0131906355,0.053388845,169.71152,1.6211736805229546,True,True,False,True
1799206204668,0.06288923,0.08203483,222.89372,-2.015981274102733,True,False,False,False
1655383983684,0.02741232,0.055647407,144.49118,0.944456158927862,True,True,True,True
1939248828978,0.032074735,0.049013563,155.74173,-0.1052719205788834,True,True,False,False
1178716811314,0.009825943,0.05117963,68.6168,3.0099111249961736,True,True,True,True
1026626092802,0.009713349,0.026960656,239.06334,2.885553641895025,True,True,False,True
1188563006712,0.054372586,0.04009939,142.80074,-0.7141794699166814,True,True,True,False
1113641441070,0.010014046,0.055910174,172.10742,-0.0195810453610271,True,True,False,False
1368912224284,0.03229455,0.04898834,141.53351,1.5498891736881844,True,True,True,True
1125724714398,0.023536434,0.02466167,134.23756,-1.1177817728205444,True,True,True,False
1427361356360,0.02224924,0.053827826,397.11295,-0.0088307033266119,True,True,False,False
1366383557322,0.018385207,0.07169853,183.30864,0.9626854683102816,True,False,False,True
1417500749028,0.058660027,0.04739726,252.03278,0.0118158272980715,True,True,False,True
1189532224174,0.045533173,0.055980906,256.88754,-0.9934900867284828,True,True,False,False
1023472112558,0.01619935,0.017471213,46.881683,1.675158996742138,True,True,True,True
1106344127484,0.028011167,0.03874124,100.62591,1.9269829010184885,True,True,True,True
1167315274878,0.023055775,0.040745463,206.75415,-0.7399310671628869,True,True,False,False
1305432342048,0.020209702,0.03575819,335.63223,0.7665261220128341,True,True,False,True
1670552594870,0.02430766,0.056858093,147.16118,0.4019103245968686,True,True,True,True
1584516493738,0.011625306,0.052636374,88.380295,2.6663956945504097,True,True,True,True
1772163758478,0.032102615,0.05121856,102.84921,-0.3457939497022155,True,True,True,False
1840442276654,0.015338055,0.017021382,107.96611,2.273099449450963,True,True,True,True
1536585463578,0.021534009,0.07173405,268.20026,-0.0419488314746645,True,False,False,False
1624533514172,0.027819235,0.0548674,192.6935,0.2286833778228623,True,True,False,True
1684550943622,0.13465385,0.102327034,151.57121,-1.9610519699606224,False,False,False,False
1788383082644,0.023153441,0.02721646,139.18362,1.021354240690464,True,True,True,True
1852837248632,0.02147723,0.05670406,261.48102,0.1367602039834083,True,True,False,True
1990954517444,0.038884696,0.035230767,251.34555,-0.7773818720351585,True,True,False,False
1859825712744,0.047227006,0.029670982,81.95092,0.3568322840556719,True,True,True,True
1860450673628,0.10123518,0.033805646,89.06757,-1.1980059988858596,False,True,True,False
1864910115496,0.055692695,0.030854855,271.83563,-1.9085769056819293,True,True,False,False
1517525823556,0.021263164,0.022320848,102.44644,2.164257191775794,True,True,True,True
1523542072352,0.04812493,0.021373669,495.61234,-2.346192483454405,True,True,False,False
1507368863182,0.012679213,0.041748192,136.52228,2.63971498864895,True,True,True,True
1920794771186,0.08964407,0.05863089,135.18579,-0.8745964258432353,False,True,True,False
1955721165214,0.011290072,0.03715709,143.02449,0.6090760420547139,True,True,True,True
1102875169514,0.009622796,0.037668496,411.45218,0.2490130956956585,True,True,False,True
1217491976698,0.079113826,0.11647309,131.09442,-1.0321136057597855,False,False,True,False
1194323121784,0.03983746,0.06519477,148.59712,-1.1610345256252503,True,True,True,False
1205445040852,0.06970053,0.11585598,387.62857,-3.1354995565450228,True,False,False,False
1447058583244,0.013414284,0.038873706,90.748055,1.3217222753659863,True,True,True,True
1254015647102,0.03857599,0.039476812,205.19122,-0.2063596681531503,True,True,False,False
1468347694816,0.096219935,0.04936823,255.87788,-4.271525717731974,False,True,False,False
1021295939748,0.01122126,0.061603308,183.87935,-0.3942724048963347,True,True,False,False
1103208086490,0.008914705,0.015415772,171.51593,1.8783458344015176,True,True,False,True
1132111679830,0.049473427,0.041535124,284.19794,-1.333010924675603,True,True,False,False
1201652441084,0.049658056,0.04978596,282.8224,0.1770280431406374,True,True,False,True
1484881237740,0.10493032,0.03204196,102.26078,-0.8009594271016317,False,True,True,False
1383258282214,0.020066958,0.022570122,146.83052,-0.1524009110550024,True,True,True,False
1488684422330,0.039055873,0.030090624,143.5523,0.1597403560591548,True,True,True,True
1423597963292,0.03001763,0.032692146,158.19363,-1.1216090787806705,True,True,False,False
1393744985356,0.033423,0.043118615,128.18434,2.83670842282987,True,True,True,True
1023808657952,0.012792383,0.039005145,172.36044,0.3125829437860389,True,True,False,True
1025397417306,0.034502864,0.01833988,171.14894,0.7322835769654494,True,True,False,True
1281630463284,0.0394186,0.10695267,100.00479,0.3941726418235297,True,False,True,True
1421660839886,0.01910091,0.029709939,141.54033,1.2705420349262926,True,True,True,True
1329895091606,0.01639365,0.047918312,228.25342,0.4372363900041119,True,True,False,True
1119721168340,0.026645249,0.04037419,103.12483,0.6947232246011852,True,True,True,True
1119727972196,0.0076166387,0.016844623,52.537075,3.086880383408979,True,True,True,True
1153386276730,0.007315585,0.01948871,35.23368,2.516787412916304,True,True,True,True
1134017305050,0.02854222,0.037863407,135.18896,-0.08186010684101,True,True,True,False
1285788840748,0.011930021,0.04049443,122.12935,2.2201133771861223,True,True,True,True
1400101635030,0.018202525,0.023716368,79.631165,1.424379558851936,True,True,True,True
1367391506616,0.05194229,0.067256786,59.213215,0.5900920299348135,True,True,True,True
1704256863786,0.00981782,0.012065741,52.945457,2.035650676401884,True,True,True,True
1555664484382,0.01755602,0.04577908,129.8106,2.067271706007217,True,True,True,True
1556289873560,0.010437626,0.010249432,128.7922,0.4197917829453348,True,True,True,True
1509616702070,0.04725608,0.024534682,165.11514,-0.3335436586302445,True,True,False,False
1814124328634,0.054162174,0.091414124,178.75049,-0.3013498140475033,True,False,False,False
1548367094126,0.027636485,0.026587797,55.59405,1.3039282433828188,True,True,True,True
1659819815230,0.005963778,0.028165549,77.68543,0.7908640824145329,True,True,True,True
1538533626162,0.10372745,0.05811503,119.0876,-0.1855680953230633,False,True,True,False
1622050256692,0.030147867,0.046597015,209.92503,-0.0040678121557777,True,True,False,False
1918600983688,0.072587475,0.14144838,118.85985,-1.0415608156309897,False,False,True,False
1702678942572,0.026588572,0.036545876,75.11373,3.7065217861346578,True,True,True,True
1614088318024,0.028200235,0.092714556,323.5782,0.6926763934928232,True,False,False,True
1651550713532,0.011419679,0.03563703,131.0417,1.8486888168186255,True,True,True,True
1659809005760,0.071053274,0.06512256,115.75513,-0.6169358381313639,False,True,True,False
1742988433898,0.008392962,0.030053476,170.71172,1.1302018000882816,True,True,False,True
1791887521984,0.040739473,0.023646936,283.0888,-2.6353855631490286,True,True,False,False
1887141707582,0.034810152,0.04068232,184.07487,-2.045035083279229,True,True,False,False
1773481542760,0.044576656,0.06473088,141.74123,0.3587704006052836,True,True,True,True
1804600569532,0.022671917,0.05228639,208.98866,0.5458994938356407,True,True,False,True
1816654058022,0.017847039,0.029253447,126.89881,-0.0632257256745187,True,True,True,False
1978604025204,0.024886329,0.021410475,45.330505,2.265268898892061,True,True,True,True
1841120157682,0.04574976,0.06286045,332.46628,-1.179536742310908,True,True,False,False
1946542342538,0.014988377,0.031116001,315.2883,-0.36704185089307,True,True,False,False
66050075768,0.09148504,0.07124434,83.01671,0.1944800624408069,False,False,True,True
138125302524,0.028350824,0.028839732,110.4513,0.9271317408981106,True,True,True,True
228620846286,0.0534644,0.057100616,68.78157,0.372272535305281,True,True,True,True
308636993822,0.017487189,0.06847205,177.6585,-0.8087220732973165,True,True,False,False
479145687350,0.073991664,0.04651856,352.1206,-3.4105587348110245,False,True,False,False
100357028142,0.06913216,0.0068504266,228.20593,-3.1049457765353186,True,True,False,False
136879565140,0.063137144,0.07222213,173.56134,-1.0506810156653863,True,False,False,False
27027801024,0.018126952,0.03575174,191.0268,0.5756228843734144,True,True,False,True
475356263212,0.012408602,0.025146706,131.95049,0.267882179623757,True,True,True,True
302632766700,0.033956036,0.07310707,215.28992,-0.2703299694946549,True,False,False,False
373746209672,0.04961073,0.028757898,194.47995,2.8432345164007278,True,True,False,True
243860294788,0.010528235,0.041790973,218.03549,-0.8274728272285444,True,True,False,False
205764623368,0.039106406,0.023086553,88.45249,0.7361439110508068,True,True,True,True
26359347800,0.014630977,0.025697423,146.68399,0.8850734361832846,True,True,True,True
207340203808,0.06599034,0.09570054,133.3275,-0.6279710054076661,True,False,True,False
481684690274,0.043322586,0.024779817,206.34964,0.1847248720866466,True,True,False,True
274353252094,0.07765017,0.04638075,180.07773,-3.1271666051457645,False,True,False,False
451207583564,0.045231484,0.04497691,178.79544,1.0481710363279242,True,True,False,True
467086783762,0.00905556,0.034473468,259.44357,-0.1792761183603195,True,True,False,False
331807212378,0.02927968,0.02897209,162.9858,0.0063651463579648,True,True,False,True
243557668716,0.048583146,0.05366984,158.37442,0.3834265366524151,True,True,False,True
223239917212,0.020248974,0.03557599,141.56732,1.8284382925431892,True,True,True,True
503611663552,0.033951104,0.033669095,98.838104,1.8497076191233792,True,True,True,True
297554186516,0.036538303,0.032349538,366.53867,1.1594600312394805,True,True,False,True
464887932400,0.0043400126,0.027459985,125.34052,0.7220206486647354,True,True,True,True
278803598212,0.05253868,0.051708445,212.13533,-1.1106550998365854,True,True,False,False
675697320984,0.02588584,0.02789238,167.56009,2.2139823928933886,True,True,False,True
571227269504,0.028701942,0.074262165,163.72098,-1.5188425706056137,True,False,False,False
831594021352,0.0134508,0.023263603,256.5067,0.4736916523457309,True,True,False,True
868427022080,0.02197187,0.111286566,235.78116,-1.142683807980145,True,False,False,False
866835894446,0.033171125,0.025239082,198.43741,-3.995496314777041,True,True,False,False
833817871570,0.060163125,0.038671087,421.49405,-1.192455148091052,True,True,False,False
805566202716,0.018062048,0.060448874,183.81717,1.6405846582735826,True,True,False,True
587116398464,0.025171662,0.04111953,116.24646,0.1249653622966817,True,True,True,True
611890644668,0.007087528,0.016982563,91.60043,1.8535302064658952,True,True,True,True
678888851914,0.032748118,0.04866214,226.65067,-1.7490912654151831,True,True,False,False
883690661850,0.0086165,0.035190348,208.81894,0.1459677568900028,True,True,False,True
881473239472,0.012197375,0.043715455,182.97679,0.7676633170864591,True,True,False,True
557889767028,0.031719863,0.035919532,55.330288,1.9541350255101024,True,True,True,True
742678166574,0.067489214,0.026671939,288.86823,-2.022844486461237,True,True,False,False
551856081708,0.01639516,0.038397428,143.12793,0.153535892633759,True,True,True,True
799844492910,0.031728085,0.052351713,220.99652,0.4671349003484414,True,True,False,True
924301447126,0.09127001,0.064733885,217.11684,-2.0406670357901704,False,True,False,False
947805613158,0.025192846,0.032976586,235.79672,-0.7543034402524631,True,True,False,False
867173424468,0.04380201,0.023814132,139.3656,-0.3375731980652422,True,True,True,False
897015919668,0.059278823,0.10446007,161.85567,-0.1062565501187303,True,False,False,False
922432992942,0.05265195,0.06700046,216.23033,-1.266902151384454,True,True,False,False
54984151246,0.005890196,0.023665197,26.4621,4.244167634482175,True,True,True,True
302320765458,0.05752753,0.02232276,196.26826,0.0552746007820752,True,True,False,True
503328187616,0.009587799,0.029970124,128.83237,1.626254743835229,True,True,True,True
122944620104,0.0131305605,0.025285669,73.72588,1.846057024773338,True,True,True,True
226777667978,0.005286304,0.02310303,160.50671,0.5794834541969911,True,True,False,True
287738407260,0.07604518,0.022065293,393.68256,-1.7026698921915586,False,True,False,False
8300321622,0.01950181,0.071296915,167.1433,-1.8858733251678403,True,False,False,False
375040759926,0.025136014,0.06412623,198.81787,0.2560896346515783,True,True,False,True
339158581072,0.059416242,0.05077565,159.84438,0.8382614714070539,True,True,False,True
410275778222,0.010897108,0.033459388,55.602474,2.298861100299961,True,True,True,True
59756276682,0.013233455,0.057419233,177.14835,1.4739555880578683,True,True,False,True
260750090626,0.022138681,0.0287686,71.69364,3.325136801673044,True,True,True,True
182633493280,0.07842398,0.048254784,287.36047,-2.392417692661766,False,True,False,False
230281022718,0.03730117,0.101565026,330.75415,-0.9714749572953724,True,False,False,False
119461679350,0.024801124,0.04434715,224.65695,0.1452527894657468,True,True,False,True
157563147470,0.057946965,0.046850003,238.42035,-1.9696734897751784,True,True,False,False
232815084966,0.023479344,0.050855983,167.4779,0.6766169546404726,True,True,False,True
264873944432,0.04825395,0.07978328,172.01262,-1.4074512164098627,True,False,False,False
412848344646,0.026215453,0.025048522,58.48076,1.5106933478194884,True,True,True,True
665880283356,0.012860096,0.016660968,86.84869,1.7879482454004507,True,True,True,True
746223981934,0.045235146,0.029028611,121.5378,-1.1392507406294086,True,True,True,False
551255160500,0.024119582,0.054267198,138.369,-1.07611173758151,True,True,True,False
521732176726,0.011059247,0.018546756,70.409325,1.5062126722480556,True,True,True,True
542374605344,0.010861276,0.027027266,272.58945,0.3188768033033542,True,True,False,True
516663700588,0.067418195,0.04037875,284.79944,-1.5487144317808403,True,True,False,False
770995707816,0.034929927,0.08477364,141.5917,-0.3503799500748655,True,False,True,False
893229215636,0.037156444,0.026586153,346.7091,-1.716559340720604,True,True,False,False
782426907374,0.015694028,0.010907352,107.00811,0.3036386265306494,True,True,True,True
500157523404,0.06386076,0.08101168,366.1614,-0.4709538215532673,True,False,False,False
693844143314,0.036793888,0.046374112,63.074257,0.1299090188918534,True,True,True,True
664956602764,0.012872841,0.014904607,119.80082,1.2226940297511049,True,True,True,True
694483720186,0.019218821,0.045896135,257.17633,-1.008037163437821,True,True,False,False
558272932720,0.010017353,0.010499847,576.6291,1.1837807604106594,True,True,False,True
784031465730,0.111625366,0.040485464,235.92151,-3.412278741987577,False,True,False,False
838640194584,0.08584025,0.041155778,68.80605,1.5547873905470324,False,True,True,True
745583146878,0.17892718,0.17399947,185.19266,-0.3136329857869498,False,False,False,False
913233430592,0.05874485,0.014871072,287.39645,-2.5514148450039853,True,True,False,False
764013672078,0.032158565,0.103458084,95.11925,0.964543551861314,True,False,True,True
949442151422,0.016619874,0.027781209,73.65279,1.6940596958026175,True,True,True,True
721157871028,0.011164171,0.07041827,251.25923,0.6844072118999444,True,False,False,True
791960774480,0.060022663,0.035487898,260.41595,-0.929924034329602,True,True,False,False
882780440266,0.010866638,0.03300201,104.4457,0.442862404702256,True,True,True,True
107647921244,0.06958417,0.1167616,143.27309,-0.2659456359762767,True,False,True,False
62240344362,0.110552326,0.055730756,326.1771,-5.335989304439266,False,True,False,False
12393307628,0.012717422,0.088556446,149.74646,-0.1083094117178448,True,False,True,False
82889829092,0.033622354,0.031999163,142.28416,0.0921459800902534,True,True,True,True
130198444002,0.04574392,0.03755492,433.83612,0.0197543285680192,True,True,False,True
261648749680,0.016265504,0.05171431,237.62973,-0.3965542364471567,True,True,False,False
473109460528,0.04202341,0.061790533,190.85043,-1.025850098001147,True,True,False,False
360084511540,0.022814361,0.041938428,159.55792,0.4122962685209866,True,True,False,True
383261757640,0.023902131,0.016908282,113.66813,-0.8735492711492513,True,True,True,False
143541918966,0.014817385,0.021252042,138.97397,0.6191317779216001,True,True,True,True
157527441142,0.030766862,0.04704639,182.52704,-0.4115190233620037,True,True,False,False
435038483388,0.018598517,0.03833743,118.938896,0.8722649302616527,True,True,True,True
469333996208,0.05240082,0.042397585,88.99023,-0.6129175899112148,True,True,True,False
332131386920,0.11822084,0.052396864,239.5611,-3.5218160178304485,False,True,False,False
127042447436,0.031278566,0.01947415,132.57964,-0.6853535850646026,True,True,True,False
479478458786,0.04272405,0.008333418,59.088562,0.027598974693539,True,True,True,True
336292839476,0.018867841,0.06154458,287.62546,0.1023221055846822,True,True,False,True
414391596936,0.08724895,0.043663,137.70277,-0.7786887544746626,False,True,True,False
645210541288,0.06203693,0.057841748,63.540684,3.0101464406827407,True,True,True,True
691561229506,0.023629805,0.040387224,187.8468,1.5179450170459414,True,True,False,True
906213416890,0.03215931,0.03585702,179.10379,1.9794135449103625,True,True,False,True
953527299366,0.026299225,0.054418232,175.17786,-0.9639812495576632,True,True,False,False
881124474690,0.03115448,0.025592873,271.09473,0.0366808058439925,True,True,False,True
646183891496,0.009614291,0.017401235,140.50914,1.176420356781758,True,True,True,True
800178495494,0.038746674,0.03226771,188.72697,-0.6767522112628108,True,True,False,False
893527637616,0.019629357,0.053362176,142.29744,0.1201526396151739,True,True,True,True
808441878452,0.043519665,0.04702733,144.60452,1.06945646762932,True,True,True,True
896711027036,0.0216096,0.053686216,170.54935,4.470109521890989,True,True,False,True
619799996522,0.009471423,0.033944167,136.03516,3.931508226258069,True,True,True,True
864293370540,0.044547554,0.0539394,46.054253,0.3725491249802659,True,True,True,True
803661213528,0.006616022,0.025483485,128.92949,0.33425891571481,True,True,True,True
623317739880,0.09012418,0.050253823,177.70604,-3.2373345122083164,False,True,False,False
699520171024,0.008177268,0.045739282,120.64414,0.2042247812288729,True,True,True,True
696360066384,0.006973415,0.017933419,109.155235,0.832963201333469,True,True,True,True
920520768860,0.08765488,0.09589884,137.81917,-3.608856052107153,False,False,True,False
934181411880,0.0241118,0.06620773,240.6177,-2.3691878138653,True,True,False,False
752541954664,0.044449575,0.037060536,334.37207,-1.7014912875215151,True,True,False,False
755409034088,0.0074476544,0.033867862,71.76153,1.6671314501818186,True,True,True,True
54667642850,0.01642112,0.025909739,58.71024,1.502750050282891,True,True,True,True
110543578198,0.018680632,0.043911267,160.2775,-0.548632829856416,True,True,False,False
154677370916,0.07311144,0.10911848,149.54022,-1.9190995497330028,False,False,True,False
190240795776,0.023976108,0.06992219,115.19249,1.4438799180340554,True,True,True,True
368045946668,0.019131316,0.0435617,955.2636,-1.30223897247775,True,True,False,False
389331529786,0.05474223,0.0147529375,166.57323,1.7835194789115625,True,True,False,True
442349105234,0.11325358,0.059082102,272.2679,-3.1284570776197818,False,True,False,False
13408892008,0.044653423,0.051228706,111.74943,-0.3168122991957661,True,True,True,False
104541441028,0.057819635,0.05251236,66.57708,0.998356901687654,True,True,True,True
347432674228,0.080790214,0.020106612,165.84433,-0.9150778978075512,False,True,False,False
106730945044,0.1401801,0.03984295,218.4334,-2.3837153607740484,False,True,False,False
179122934694,0.042378917,0.023982355,87.277306,-0.1983928476951451,True,True,True,False
680223048,0.015542652,0.056572586,225.48323,1.424245638365767,True,True,False,True
292176585566,0.015033053,0.06139441,206.27063,0.0937967329998376,True,True,False,True
442997022756,0.021341957,0.046816275,103.57255,1.5184641711165574,True,True,True,True
432518006756,0.083338596,0.046963923,93.198975,0.1679542153038495,False,True,True,True
19441370426,0.030765314,0.02077664,32.899483,2.378129848872243,True,True,True,True
188990020626,0.13216689,0.069296025,233.233,-4.464041007284937,False,True,False,False
167725731518,0.0777402,0.035695132,88.74769,-0.4789583325980657,False,True,True,False
269952579624,0.026934374,0.028603252,172.3892,0.603082882357693,True,True,False,True
383000889132,0.043348935,0.056549676,145.55258,1.4550031858095651,True,True,True,True
666520895460,0.020493973,0.071396366,104.91213,-0.3863710166931596,True,False,True,False
732559738716,0.027845714,0.09941252,236.38243,-0.3011412739585813,True,False,False,False
550634008666,0.020817634,0.05741909,80.63147,0.2407047326510044,True,True,True,True
731616452486,0.0121893305,0.04479745,21.090614,4.840612798530572,True,True,True,True
644304903444,0.039412856,0.029092962,150.55582,-0.9377567875028268,True,True,False,False
520456077122,0.036075644,0.021238616,199.24738,0.841502539011873,True,True,False,True
707166404490,0.02382324,0.04445353,180.7073,-0.9813276795151612,True,True,False,False
725901143618,0.02577083,0.02727246,141.07143,0.4267584303713639,True,True,True,True
779869537692,0.0178198,0.015823044,44.638775,4.855237273012832,True,True,True,True
904972998420,0.014674284,0.03902298,69.69238,2.6310060222451077,True,True,True,True
506822876206,0.046038244,0.014884848,192.10577,-1.8710467334802512,True,True,False,False
757667859260,0.013877868,0.10212348,243.89859,0.3721414469744079,True,False,False,True
940243573256,0.020712664,0.053773798,162.96115,1.6787945930652115,True,True,False,True
613822733802,0.032776687,0.056322742,127.32432,0.2410555489384387,True,True,True,True
953870852940,0.02396445,0.037226584,58.045963,3.0325914286844604,True,True,True,True
714174803242,0.060635533,0.030482637,215.67526,-0.8638393620871976,True,True,False,False
739573203038,0.020485405,0.030506972,194.56561,-3.284789941849516,True,True,False,False
782125796918,0.009428655,0.012643191,35.936543,2.798829934792968,True,True,True,True
969777244204,0.030378139,0.047841836,208.28339,1.575475710460257,True,True,False,True
1102115643654,0.049466122,0.04381901,277.81067,-1.1953824652321972,True,True,False,False
1115145329214,0.016418587,0.015700182,191.91968,-0.6358495701706806,True,True,False,False
1252001514476,0.0032619054,0.03530781,123.00742,1.493819325246346,True,True,True,True
1135785213406,0.031273603,0.028433455,19.458244,3.957905891970145,True,True,True,True
1463780272720,0.047570433,0.034292422,244.43376,-2.6260661021666314,True,True,False,False
1035454386322,0.025668716,0.06436973,199.35179,-0.5657065737024076,True,True,False,False
1134520752310,0.08205895,0.12494089,189.16661,-2.8909452900800363,False,False,False,False
1194549747562,0.04114832,0.06456988,191.25258,-1.181647266664203,True,True,False,False
1068790610478,0.067558266,0.08385125,128.80843,-2.2479171620565457,True,False,True,False
1294886244260,0.008724004,0.02605538,119.15724,1.7221347810709426,True,True,True,True
1481578277188,0.08594648,0.02849474,106.33628,-0.5744416412368896,False,True,True,False
1475218301922,0.011164037,0.023443222,153.83415,-0.075510443471279,True,True,False,False
1017023964208,0.02980871,0.04496146,140.9438,0.0377627060144974,True,True,True,True
1237700919138,0.011172071,0.040197015,210.85977,-1.5587975452138951,True,True,False,False
1081156352176,0.016871396,0.026239369,57.91053,2.0120057430357967,True,True,True,True
1038943025784,0.037221014,0.010153078,205.2437,1.7149526803063095,True,True,False,True
1359947152442,0.13151294,0.046234727,274.03748,-3.79084823883758,False,True,False,False
1448223987176,0.027433572,0.0826491,332.71823,2.016937295633122,True,False,False,True
1413918446828,0.04833435,0.0455454,252.13725,0.1324829189113917,True,True,False,True
1227241306384,0.03606949,0.06245238,181.64445,-0.907084027708114,True,True,False,False
1390130956322,0.027501062,0.06229516,362.53882,-0.7355347563470336,True,True,False,False
1753987379628,0.017794577,0.061077047,234.82733,0.4870611110413649,True,True,False,True
1931794370842,0.051508985,0.05079642,240.23686,-1.1733483870536896,True,True,False,False
1855904394582,0.018533394,0.03588981,157.50862,1.185766805969383,True,True,False,True
1812723061200,0.018499332,0.05436933,187.36655,-0.0810654482986112,True,True,False,False
1772720782820,0.01438297,0.03898057,70.63463,1.86087930478808,True,True,True,True
1856857609998,0.047221705,0.023369,29.363071,3.677319988096184,True,True,True,True
1974031511414,0.043318998,0.07697099,313.11322,-2.65935418646489,True,False,False,False
1557138838784,0.009445505,0.05621927,141.62268,0.0323842595713751,True,True,True,True
1533325166706,0.03191986,0.04254171,271.784,-1.663556654715483,True,True,False,False
1579050945654,0.039342664,0.054720845,321.63718,-1.71477545574015,True,True,False,False
1683527197198,0.054745637,0.030570604,199.68896,-0.2496436071855449,True,True,False,False
1993112220538,0.025258208,0.023062587,151.02142,0.3649856207635193,True,True,False,True
1573330772862,0.039225835,0.0924376,171.83241,-1.8145899710076705,True,False,False,False
1720332680622,0.01173837,0.018013451,148.65628,0.023100633784065,True,True,True,True
1918153839034,0.08573676,0.065166846,209.36166,-2.6014512793641664,False,True,False,False
1867652485042,0.013671572,0.049930923,165.34862,0.3429174589245612,True,True,False,True
1714006925854,0.04464154,0.04822224,288.8477,1.4049847010786778,True,True,False,True
1674319748668,0.050075695,0.020293305,235.00543,1.3373620839332776,True,True,False,True
1884186556982,0.009587831,0.033209816,109.9219,0.8840103786395481,True,True,True,True
1503185109644,0.0046879854,0.030785376,126.655426,-0.2165331552198188,True,True,True,False
1172348170574,0.039691903,0.06665748,76.609474,-1.578591961217721,True,True,True,False
1031378488058,0.1450132,0.099614084,253.48555,-2.628596182552452,False,False,False,False
1096792925306,0.07207768,0.06706083,385.0132,-1.877218074181311,False,True,False,False
1010107874430,0.02665956,0.032126274,108.199036,0.3098237778328215,True,True,True,True
1256815470628,0.039042164,0.033597764,399.06854,2.528948531050106,True,True,False,True
1413358500246,0.0153660625,0.029241122,171.34824,0.8208179010961419,True,True,False,True
1253962805592,0.021482624,0.031682413,213.26791,0.0838607840949622,True,True,False,True
1158043013734,0.11884612,0.10020134,571.31903,-4.613341944279085,False,False,False,False
1475558527534,0.05409035,0.052225288,283.743,1.380575375755784,True,True,False,True
1290769271092,0.07338098,0.05163617,268.63095,-5.370445419533684,False,True,False,False
1148546645104,0.03117188,0.05220073,112.60107,1.68535998334809,True,True,True,True
1294590121372,0.01759833,0.044524394,238.49937,0.0511956863258572,True,True,False,True
1907075236664,0.039572988,0.018680751,323.47263,-1.9071047251839452,True,True,False,False
1811191631446,0.03408104,0.07461815,209.74567,-0.109759981709392,True,False,False,False
1553055707726,0.024088727,0.073548764,297.96744,-1.0653949563587937,True,False,False,False
2000122910218,0.037412416,0.045070272,121.03698,-0.9790895350700528,True,True,True,False
1916940407192,0.030851355,0.03170491,89.72145,2.407363519203608,True,True,True,True
1929328525724,0.017899863,0.055052597,180.05045,0.6830119274811172,True,True,False,True
1612419173446,0.044083465,0.020510767,156.25363,0.1478493647781326,True,True,False,True
1499369731594,0.03321515,0.025483016,174.16881,0.392708601254446,True,True,False,True
1792138920242,0.02550557,0.030872006,80.64553,2.4160044314352627,True,True,True,True
1854370446712,0.013014485,0.06651205,153.93636,-0.0389388820771223,True,True,False,False
1834361722882,0.068151124,0.03859739,190.33061,-0.7158759670435744,True,True,False,False
1621965311036,0.024772821,0.021973534,160.998,0.2967458010505179,True,True,False,True
1885818609784,0.021102577,0.032632977,139.1941,0.0001216986327383,True,True,True,True
1886451608530,0.013882505,0.03236474,40.094494,3.1303528506501443,True,True,True,True
1041475374934,0.034397993,0.03385874,292.3465,-3.262621261194215,True,True,False,False
1260874463276,0.0082474565,0.022979299,92.81382,1.8681677217802184,True,True,True,True
1488219614630,0.039384644,0.034821525,42.55471,4.150908695779428,True,True,True,True
1360269966640,0.08035624,0.026424814,153.95589,0.3252412327633616,False,True,False,True
1342177021106,0.01957436,0.066163026,117.897385,0.8393504071623151,True,True,True,True
1350115903532,0.048617963,0.014427735,187.31363,3.537810550828237,True,True,False,True
1115146871146,0.00894324,0.02741198,159.47127,0.5030769534798222,True,True,False,True
1075456216598,0.003685446,0.040857967,96.63892,1.0956153215922864,True,True,True,True
1146892294200,0.009027786,0.021823162,191.47643,0.4239368803212583,True,True,False,True
1128160781896,0.04325308,0.017682241,200.76065,-0.3381628507397071,True,True,False,False
1144362038174,0.025097456,0.049587555,62.410778,1.081053516581204,True,True,True,True
1493940066182,0.10463388,0.035619687,182.28331,-1.1884741248871806,False,True,False,False
1271366282664,0.024035942,0.043086126,158.6436,0.9179655947136284,True,True,False,True
1388214549302,0.09695569,0.044362973,227.83449,-2.565036082330685,False,True,False,False
1373283928140,0.0905251,0.12444889,102.435234,-2.5917283530206863,False,False,True,False
1270719626388,0.040875908,0.039427858,206.94547,-0.4028368942633384,True,True,False,False
1432015426798,0.048061665,0.06590283,131.01248,0.7277536286491674,True,True,True,True
1327887918032,0.020134432,0.05973946,82.03508,0.9263838106615936,True,True,True,True
1140557920668,0.12113245,0.050547216,130.95615,-0.7192402127263683,False,True,True,False
1003714612534,0.019777762,0.022427695,204.69844,-0.2630757114357142,True,True,False,False
1077066470722,0.006424298,0.017361443,216.07309,-1.3737369573640592,True,True,False,False
1098331012298,0.039335053,0.05616081,161.8265,-0.0527381083756548,True,True,False,False
1125010907358,0.012309806,0.028049776,241.65459,1.0721058973361408,True,True,False,True
1372979889710,0.018791856,0.035009082,195.18752,0.501892406848229,True,True,False,True
1475236626374,0.010841555,0.04034179,68.9231,1.2472892740824482,True,True,True,True
1351719255434,0.017414866,0.06830606,324.62244,-0.7830955542546978,True,True,False,False
1496804346796,0.014480842,0.04030441,163.23375,-0.6850977946538365,True,True,False,False
1766364791140,0.05767905,0.03769901,226.1803,-3.990394077849995,True,True,False,False
1999423412650,0.00974822,0.014377335,107.67103,2.1779046881693604,True,True,True,True
1798129970594,0.08068269,0.010504637,513.60315,-2.658925216533052,False,True,False,False
1864804962390,0.055239018,0.067781225,185.43076,-0.5252809274413777,True,True,False,False
1723202206398,0.05630398,0.04361761,188.97705,0.2229286130578671,True,True,False,True
1795599360390,0.026310911,0.06394846,249.08318,-0.4473312875061374,True,True,False,False
1888629797626,0.04611879,0.025492307,142.31491,0.6481894170702758,True,True,True,True
1558089160682,0.013302005,0.03616983,239.55652,0.3366921845401961,True,True,False,True
1510448132916,0.043038655,0.053978678,284.93076,-0.248484481226507,True,True,False,False
1569535529864,0.0065809037,0.05691949,99.88726,1.6524381348347037,True,True,True,True
1720990201926,0.1195305,0.09363293,133.809,-2.409324437719228,False,False,True,False
1788292521410,0.041982725,0.07160554,37.559486,1.3127683284406233,True,False,True,True
1768930353244,0.0070997556,0.022185434,96.88298,1.4522752689825822,True,True,True,True
1989927801684,0.06775677,0.04490297,119.24306,-1.3359610868228582,True,True,True,False
1929272661768,0.024980802,0.023021225,160.65034,-0.0201593624026289,True,True,False,False
1941349887552,0.02180869,0.028950728,157.99841,0.8766069093010056,True,True,False,True
1232021369536,0.08126959,0.03128844,103.96104,-1.6924391403356025,False,True,True,False
1260289747360,0.010366766,0.041735966,88.524,1.675962877164753,True,True,True,True
1462538899772,0.031616483,0.043682337,37.644817,2.3143552477486384,True,True,True,True
1356501558724,0.008392101,0.0352153,155.64972,1.1856574368945083,True,True,False,True
1143453222484,0.08131328,0.06814862,289.65823,-3.616674158609641,False,True,False,False
1210129978756,0.011849479,0.053953335,41.950684,2.1889497053550846,True,True,True,True
1173304160886,0.09454929,0.06905477,105.51564,-0.1225774282231901,False,True,True,False
1115517814166,0.012311733,0.02607609,157.93471,0.6504460007036293,True,True,False,True
1440652270260,0.025016937,0.11483506,137.43768,0.0732579321249256,True,False,True,True
1467967357856,0.047247186,0.03261206,70.88309,1.399475315974111,True,True,True,True
1483810498156,0.1539986,0.059628416,198.242,-4.049463970161659,False,True,False,False
1381258568842,0.0015230075,0.035941243,79.86832,1.998373989172208,True,True,True,True
1387928177774,0.02364483,0.011928094,66.30955,1.8617851547788145,True,True,True,True
1156168489152,0.08732295,0.02590481,368.2887,-3.6271471949642544,False,True,False,False
1231410120520,0.015611003,0.039950155,54.707558,2.5969155916110527,True,True,True,True
1351117831464,0.013710608,0.060024295,120.270035,1.2527540730378972,True,True,True,True
1451460301012,0.019044273,0.022112358,54.865757,3.33773780710903,True,True,True,True
1638461913522,0.058251586,0.014467524,180.5845,-0.895537543935609,True,True,False,False
1764822827498,0.10972486,0.036299426,304.2418,-1.1579454550741657,False,True,False,False
1756256364828,0.019639898,0.045121443,324.19803,1.6873016837274284,True,True,False,True
1881351408498,0.01048766,0.05283569,203.69049,-1.4382765740631205,True,True,False,False
1524459509020,0.017004516,0.047603473,172.03903,-0.2238281165416007,True,True,False,False
1573041203010,0.042479776,0.052614026,172.93694,-0.2825309062620145,True,True,False,False
1627021593948,0.06044505,0.03847766,285.29666,-1.1075331635462935,True,True,False,False
1597175318090,0.013108036,0.05758941,157.46056,0.9145926290585492,True,True,False,True
1716560017066,0.012696783,0.018698575,59.69599,1.9118307317623828,True,True,True,True
1827372782296,0.10652149,0.041054342,452.9946,-1.1031040599396742,False,True,False,False
1811820603362,0.018621717,0.027367553,107.67229,0.9582509835549544,True,True,True,True
1551151701790,0.02953018,0.0056099636,99.72841,0.8747340293867434,True,True,True,True
1750878232986,0.069681704,0.07495165,189.24377,-1.6574095152631707,True,False,False,False
1495897704000,0.018310225,0.029945672,166.81293,0.7083154849818445,True,True,False,True
1747054486338,0.013316179,0.031742062,43.30517,3.2444715694620543,True,True,True,True
1939474075232,0.08283626,0.07401121,104.431946,0.5667728501947715,False,False,True,True
1836612110186,0.034215096,0.048401356,181.70831,-1.5490085615001028,True,True,False,False
1831518964418,0.008346196,0.021953184,28.084187,3.365284146440778,True,True,True,True
51528248740,0.030546704,0.026090594,162.79579,0.9921298140185416,True,True,False,True
132168123250,0.020847782,0.053157948,145.20853,-1.1968194419930822,True,True,True,False
307133184224,0.12759823,0.06388382,258.7614,-2.693378007828332,False,True,False,False
264902595996,0.001533029,0.0142271705,237.52261,0.3237236171423838,True,True,False,True
384611793870,0.034781966,0.060758032,196.65823,0.1171531764179412,True,True,False,True
463026735084,0.032225568,0.05383631,154.66403,0.31290676096323,True,True,False,True
231889361690,0.0080838865,0.010022268,272.09573,2.8582953960989546,True,True,False,True
324927610524,0.04251271,0.052609753,187.47629,-1.6522991481725045,True,True,False,False
487179397678,0.008140199,0.011776987,93.43722,1.4122310071288124,True,True,True,True
162337135800,0.021567313,0.059334803,175.35492,-1.719302701268116,True,True,False,False
4853817838,0.028587548,0.05352741,239.78664,3.810848888015332,True,True,False,True
2317539374,0.08804851,0.10969072,126.55235,0.4568630188683625,False,False,True,True
316651755108,0.048094388,0.03657161,297.93546,-2.301867816265054,True,True,False,False
449371940424,0.016148882,0.054031286,91.07316,0.1302274704475245,True,True,True,True
73766948502,0.067346975,0.08166879,460.17694,-2.70575908044956,True,False,False,False
140447106282,0.02111084,0.0448949,160.09052,-0.6978908033841638,True,True,False,False
461787022750,0.045093816,0.043339342,168.16104,0.1344578027186339,True,True,False,True
607831201486,0.02236261,0.063183844,230.46013,-0.898319171000961,True,True,False,False
693556662482,0.048699625,0.04744659,378.41235,-1.395879934532158,True,True,False,False
665618154100,0.060184926,0.023188962,174.1129,-1.3958998617702192,True,True,False,False
813888023356,0.019581692,0.012835129,52.987705,2.1188528393764936,True,True,True,True
889153493866,0.01050575,0.07702826,177.58304,-0.959133360449042,True,False,False,False
591340422244,0.011663745,0.041665584,148.0986,0.6662640353798992,True,True,True,True
832959635824,0.028565697,0.06243632,191.68826,-1.3751234815896165,True,True,False,False
766924522800,0.019300913,0.051052615,88.58377,0.5142809300589952,True,True,True,True
578927761410,0.0065106205,0.017248219,99.11394,0.8140159290303417,True,True,True,True
675770630350,0.15269205,0.041780617,141.50153,0.7295545141513506,False,True,True,True
698647844914,0.018036027,0.029392434,119.55846,1.7935555085244506,True,True,True,True
753583794878,0.02016557,0.042976495,110.416435,0.8217779271551849,True,True,True,True
932344354516,0.030049432,0.032486513,387.73962,0.6569538626210163,True,True,False,True
455765807962,0.017530346,0.018439503,100.36804,2.6450896058835096,True,True,True,True
470689551488,0.02247355,0.0891342,223.58025,-0.7570230217831379,True,False,False,False
166837551308,0.017239261,0.03677732,69.19543,3.087865081648583,True,True,True,True
135089331706,0.036514595,0.09178124,91.97602,1.434099325492408,True,False,True,True
150313459962,0.048404496,0.032442246,228.52167,-0.2373524697010843,True,True,False,False
206513315454,0.017756041,0.04456968,149.287,2.4768077942036486,True,True,True,True
393223770322,0.021146916,0.08557368,114.72941,0.0034233719573409,True,False,True,True
195740467318,0.019961078,0.029568143,200.38184,0.7953934837257851,True,True,False,True
374184790904,0.06533233,0.04357972,174.93216,-0.4132675122072643,True,True,False,False
434202901178,0.06695565,0.03904313,254.70702,-1.1603592431752316,True,True,False,False
414833702704,0.020733442,0.030355273,110.1307,1.0237882427162246,True,True,True,True
725345832368,0.014368293,0.0202831,82.05019,2.667730303684939,True,True,True,True
527209799456,0.014941471,0.033316772,31.455809,3.906736035150057,True,True,True,True
825681245710,0.01604122,0.063203655,226.0229,0.0932102124063556,True,True,False,True
545335150742,0.08831876,0.049231954,203.94997,-0.5802259738272744,False,True,False,False
572957450610,0.020756342,0.044346903,177.47008,0.6409309514767251,True,True,False,True
774901506372,0.05600776,0.058434237,202.99178,-0.9385793802104214,True,True,False,False
896192633874,0.017413186,0.029293723,141.00108,0.5926557846830925,True,True,True,True
949216206188,0.04072575,0.05095169,81.34659,-0.7769408716428977,True,True,True,False
947635561600,0.021004336,0.043865412,175.25438,1.2887732582451317,True,True,False,True
658026579204,0.085336134,0.031307667,256.6902,-2.286819674814164,False,True,False,False
831082817014,0.0625719,0.09320994,290.6302,0.2240106514965534,True,False,False,True
738376702996,0.011975687,0.030072747,116.05689,1.1300861510640068,True,True,True,True
664405782414,0.07894603,0.015370045,215.06451,0.5474469972090155,False,True,False,True
898086466764,0.03581996,0.033051472,211.58311,5.067456772940385,True,True,False,True
920953047986,0.0786885,0.035993487,196.69157,-0.9773701023548532,False,True,False,False
848880442572,0.017883642,0.068043165,185.03453,0.6814204291401713,True,True,False,True
32467903972,0.02417877,0.032425795,105.859116,1.1991697221594118,True,True,True,True
138834811372,0.016197322,0.023136478,49.897102,1.7265180701837417,True,True,True,True
42957329332,0.041903835,0.01802809,163.04288,2.400618594562536,True,True,False,True
193798984592,0.00348589,0.025940996,89.05119,1.437620337770652,True,True,True,True
72812777030,0.016892396,0.024483237,159.41916,2.1227565094658454,True,True,False,True
276349220874,0.107441515,0.04271585,118.15291,-0.7999106768136398,False,True,True,False
96620603928,0.013553295,0.02740835,261.73163,-0.4240985189413894,True,True,False,False
25490102266,0.03247868,0.04710752,269.6158,-0.5587095948631111,True,True,False,False
126786466400,0.067961514,0.05834054,197.11601,-1.1540664029748724,True,True,False,False
409380601244,0.027938865,0.058446992,273.6386,-0.6214778362300301,True,True,False,False
307763315302,0.036255274,0.05219301,137.38054,0.2880113523848998,True,True,True,True
68684034936,0.062205274,0.022256223,462.5046,-2.9619376273812925,True,True,False,False
55986763040,0.117876306,0.07366108,243.03377,-2.725660787160197,False,False,False,False
311594294350,0.0873919,0.050685555,457.7282,-2.0393441480396963,False,True,False,False
415741484524,0.016548134,0.03801923,231.54306,0.6056956352685847,True,True,False,True
340818105146,0.056799278,0.046833936,185.81657,0.2348656360166791,True,True,False,True
585275038342,0.06503025,0.08577098,118.19913,-2.6336338952451155,True,False,True,False
993926654140,0.008764455,0.02884759,114.97484,0.4066463126756022,True,True,True,True
914867122528,0.07298607,0.032568883,199.67557,0.5025368258741464,False,True,False,True
755152648120,0.016711166,0.05356915,139.98184,0.1833737528277092,True,True,True,True
656734828260,0.041402824,0.050174136,171.25069,1.0477343049517458,True,True,False,True
550375834610,0.015356116,0.024950761,87.41993,0.2593399375090619,True,True,True,True
724371855044,0.016673848,0.03805334,139.74226,1.6187154157295032,True,True,True,True
713578014918,0.008499771,0.05270166,158.72049,0.5500783573097321,True,True,False,True
720880193968,0.050392628,0.03991881,173.26894,-0.825740808666467,True,True,False,False
505594099766,0.07433215,0.025610693,348.62976,-2.1373810074344077,False,True,False,False
820261256952,0.04144453,0.017594522,251.04135,-2.904060851674202,True,True,False,False
846622574856,0.03122195,0.07341287,209.36472,-0.4822958975481501,True,False,False,False
762780537132,0.11189206,0.062921576,431.79984,-4.011382109638177,False,True,False,False
869779108386,0.013221984,0.049472895,187.33253,0.1527628105663033,True,True,False,True
792309041712,0.014679837,0.041775048,116.130806,0.7404743209932707,True,True,True,True
764694326754,0.014525479,0.007547638,130.09857,0.996063316283258,True,True,True,True
750094554832,0.013346551,0.050042607,107.98101,3.4596731429111465,True,True,True,True
707552595926,0.045754857,0.014853556,135.15096,1.5186088505983806,True,True,True,True
713895663070,0.08974248,0.08282323,301.42303,-3.181758497120065,False,False,False,False
996808225550,0.013249292,0.04327129,222.44864,-0.7524968942103923,True,True,False,False
878043674802,0.02062342,0.082624115,99.7463,-1.6556741632028564,True,False,True,False
241442885694,0.024058722,0.070375115,85.64299,0.5621657320094278,True,False,True,True
35695268700,0.028489709,0.053118564,189.6799,-0.2794540342677231,True,True,False,False
116340333938,0.025454855,0.04413242,210.4152,0.5014277898452372,True,True,False,True
481797562854,0.093797944,0.06143131,120.42708,-1.0580714020228346,False,True,True,False
365284027616,0.06259333,0.02074315,110.43791,0.4646854615415267,True,True,True,True
475460770930,0.002125101,0.043599926,112.487045,0.341675253797264,True,True,True,True
43961951314,0.020175809,0.027301852,170.99861,0.1373996303370488,True,True,False,True
212245056994,0.03325893,0.022893123,45.31411,1.7530949850999458,True,True,True,True
120176050392,0.038166344,0.027262134,138.41313,6.101298127146509,True,True,True,True
24923679438,0.0055734813,0.03942093,47.80846,2.394021936517767,True,True,True,True
439907123608,0.1245189,0.059463654,643.59735,-2.6815657625815463,False,True,False,False
51884657224,0.02144491,0.08518569,80.52608,1.604614111238047,True,False,True,True
159209063646,0.093272686,0.036244575,231.80247,-1.6098618688116697,False,True,False,False
256997234232,0.007185416,0.041026805,140.6701,1.1466656484321944,True,True,True,True
502444654608,0.009792657,0.022799045,145.08295,0.1060344245507783,True,True,True,True
257960605658,0.025399365,0.046097618,172.89478,-0.6942661957635168,True,True,False,False
24921236586,0.0052124304,0.02346624,175.20485,1.4137540120694183,True,True,False,True
187176451274,0.05512271,0.04587121,113.98309,-0.9621215928242146,True,True,True,False
352906947534,0.005165336,0.02504007,182.27718,0.5254388743907383,True,True,False,True
264958041156,0.014999918,0.053836215,231.72856,0.3391158076116504,True,True,False,True
457376420896,0.009200247,0.09874732,131.82913,-0.1540217919130435,True,False,True,False
507205084010,0.056799855,0.06285053,384.24564,1.3296592710811677,True,True,False,True
527538283704,0.11230621,0.05823666,319.47513,-3.763585770042474,False,True,False,False
599299291384,0.005754216,0.022303507,184.77922,-0.1909760765128625,True,True,False,False
986979215174,0.024366247,0.06694144,172.87917,-0.1041047949741815,True,True,False,False
762816647486,0.044190053,0.026675535,165.67406,-2.0347622709428848,True,True,False,False
985083319072,0.026268588,0.017126087,131.39845,4.215689772302309,True,True,True,True
856481318488,0.029708283,0.031687442,227.5835,-0.3818551154771171,True,True,False,False
957772315376,0.006869924,0.02727616,185.36693,1.6270463658861494,True,True,False,True
923795004560,0.070144616,0.03548241,333.65915,-3.283246179809641,False,True,False,False
599298938334,0.07299072,0.029293895,105.8321,-1.3111787822222687,False,True,True,False
498653893092,0.057214122,0.020574018,289.0879,-2.617132246754293,True,True,False,False
712980498692,0.014928414,0.030186659,212.47394,0.1926487818262948,True,True,False,True
535494352840,0.0024993834,0.030622598,230.93462,-0.1269010475672445,True,True,False,False
667899311284,0.046752002,0.08015727,433.9238,-4.2121772516827765,True,False,False,False
798388034872,0.02127693,0.017637573,198.71132,-0.4226130335037154,True,True,False,False
800297010844,0.008196832,0.03993208,255.0569,0.544440061497681,True,True,False,True
692319497602,0.011121191,0.008525611,46.684727,3.3572847214169377,True,True,True,True
912995015736,0.09950259,0.020700824,265.36035,0.8306805449245169,False,True,False,True
795208300986,0.021631304,0.027823566,184.95717,0.1434703966962337,True,True,False,True
954594419680,0.035884924,0.058154713,187.55482,0.1909638682525047,True,True,False,True
943489258476,0.009013789,0.012742885,90.77902,0.4731917028653363,True,True,True,True
959041665890,0.0055566556,0.04857155,91.57051,1.3847767257618624,True,True,True,True
929189292654,0.012222539,0.03753622,168.4268,1.7261683820980904,True,True,False,True
904745746228,0.005862282,0.037581727,137.09842,1.7476470374426605,True,True,True,True
990473626552,0.006953,0.014046906,48.27026,2.477035273492912,True,True,True,True
756154373676,0.08448546,0.031729665,193.92995,-1.792072735780159,False,True,False,False
878412703166,0.1238675,0.05580462,110.31315,-1.122027863590338,False,True,True,False
778066858228,0.02616549,0.025037264,205.6116,-0.2037594194665861,True,True,False,False
922860438616,0.015379949,0.04100906,84.00171,2.808632164578368,True,True,True,True
886338986310,0.08235363,0.0036510546,652.59595,-5.765687908806797,False,True,False,False
990751098910,0.015353619,0.08749487,276.54022,0.565685094282169,True,False,False,True
1312718292956,0.018356942,0.07131439,144.03844,0.4565093881168917,True,False,True,True
1027597706658,0.023042792,0.052586515,247.18369,0.3568949197674865,True,True,False,True
1079352206552,0.066957995,0.08489588,244.2433,-2.0382274232428776,True,False,False,False
994586563972,0.122737795,0.059896443,91.252235,0.0102692592804592,False,True,True,True
1291456322974,0.027803984,0.026073508,183.96494,-0.112516865811966,True,True,False,False
1266374082456,0.08687686,0.193187,143.86691,-0.5965922236488028,False,False,True,False
1456249178078,0.016742477,0.017193243,68.134415,2.446986003514253,True,True,True,True
1274956093804,0.013593071,0.042070568,222.976,-0.4262934035860126,True,True,False,False
1040291250434,0.0941712,0.053020667,123.942986,1.8103525298900416,False,True,True,True
1096490073082,0.04482792,0.038854983,248.6264,-0.8823092574537745,True,True,False,False
1089817063396,0.050362434,0.016128788,246.16833,-3.0566641786811912,True,True,False,False
1438449890218,0.05543345,0.044332363,240.88002,-0.7810520351643482,True,True,False,False
1483858501386,0.034058433,0.006745575,143.89024,-0.2409989692569894,True,True,True,False
1288909436794,0.048393596,0.05031097,119.65157,-0.9968393725233726,True,True,True,False
1091434373472,0.016978024,0.017139416,97.02128,2.5930178267123205,True,True,True,True
1263527341610,0.13598579,0.0669575,106.602394,-1.2351242271955365,False,True,True,False
1440379881940,0.018895732,0.06697981,180.68645,0.9342681987055464,True,True,False,True
1296222526878,0.023667166,0.015945299,270.6364,2.689402151785674,True,True,False,True
1719146715494,0.025671436,0.019184954,95.932556,0.8566204248886256,True,True,True,True
1551488999986,0.030011447,0.0536363,116.445076,0.0922839851360792,True,True,True,True
1778209947606,0.026630059,0.056841195,227.15135,-0.136839315004983,True,True,False,False
1530872500528,0.022104885,0.06441636,1535.0663,-2.006170719645884,True,True,False,False
1717568742420,0.0415247,0.04049109,131.86035,0.1729207592584742,True,True,True,True
1615017417666,0.00836595,0.01014598,70.52572,2.9306755276996457,True,True,True,True
1729014784278,0.015751615,0.026936771,153.86807,-0.023450439738759,True,True,False,False
1978570055712,0.026767481,0.051434476,82.829735,0.3459980265708042,True,True,True,True
1803624347786,0.025106778,0.047477778,295.6103,-0.9921091809524684,True,True,False,False
1909366848964,0.093031116,0.066978574,195.3459,0.3879596804200267,False,True,False,True
1939843250772,0.05797751,0.05386107,100.649,-1.7316058151839857,True,True,True,False
1960474541624,0.031823512,0.035674326,89.207954,2.523588065392121,True,True,True,True
1937933192010,0.02032838,0.026563687,226.8931,-1.0959581789431303,True,True,False,False
1737878028572,0.023256501,0.0365228,225.18922,-0.9398822575645792,True,True,False,False
1595307189828,0.011167057,0.011817356,176.16743,0.3239838149496422,True,True,False,True
1613731817022,0.07135292,0.068689466,1038.4563,0.6831577740248116,False,True,False,True
1964893211486,0.009466491,0.021027535,122.72012,1.9161165740316224,True,True,True,True
1779157140434,0.039353956,0.08908518,153.72716,-0.7620916318666573,True,False,False,False
1782964507778,0.026008302,0.027379856,138.16283,-0.929717115404604,True,True,True,False
1824241654912,0.029321156,0.038393162,110.82802,-0.5932068558341344,True,True,True,False
1931557794798,0.060661472,0.023059057,179.52272,-0.1249409508894985,True,True,False,False
1803611019332,0.023524562,0.034317,121.23661,0.4403776167564492,True,True,True,True
1879816600578,0.003672612,0.021023555,67.79448,2.2302998734129087,True,True,True,True
1575318045186,0.11721555,0.042358648,358.0863,1.620620227483219,False,True,False,True
1634064990220,0.013953187,0.065570354,234.95154,0.0393477903592163,True,True,False,True
1588336314960,0.025380015,0.021377787,347.81577,-1.834809232910752,True,True,False,False
1593113403824,0.018082999,0.013079491,108.57843,1.691558811531171,True,True,True,True
1642009996366,0.0072167986,0.03443037,128.604,0.7108129118951485,True,True,True,True
1718855456168,0.018225102,0.06224172,130.3374,-0.0570981634268442,True,True,True,False
1868714362090,0.035815753,0.08346665,3559.2175,-1.576999408401865,True,False,False,False
1973823889384,0.025756922,0.03850234,74.21532,0.3070587195375107,True,True,True,True
1943019612238,0.039312378,0.036743373,168.87463,0.0602918511322474,True,True,False,True
1112395782454,0.049378537,0.08143154,130.43983,-0.2540262098574658,True,False,True,False
1002865117118,0.034010842,0.076988764,113.31434,2.519476425230713,True,False,True,True
1212424738786,0.053769592,0.015056593,361.08664,1.2010440020188664,True,True,False,True
1332758089132,0.055948682,0.04371933,232.66846,-0.1299060348731779,True,True,False,False
1448339300948,0.016701238,0.027713995,105.67917,1.3858253025528426,True,True,True,True
1196572248966,0.030293316,0.026550798,99.19492,0.8577832694151875,True,True,True,True
1477570242312,0.024319999,0.052563734,339.4663,-0.7005078733247159,True,True,False,False
1341667524732,0.040824555,0.051164497,161.42,1.86256269024546,True,True,False,True
1133670807734,0.03884518,0.049617607,133.44414,-0.7996318794073365,True,True,True,False
1030169468754,0.07348838,0.085554734,455.23123,-2.206193041287225,False,False,False,False
1177169889420,0.025891764,0.046073303,160.35025,0.0812712128790711,True,True,False,True
1489929835494,0.019836506,0.05189392,580.6055,1.2959745338789566,True,True,False,True
1334342062734,0.025581276,0.028305568,188.53592,0.6405786347525313,True,True,False,True
1358797125370,0.016336855,0.022960644,146.76761,1.3719355448932025,True,True,True,True
1106397100176,0.00878718,0.03330053,150.2157,1.537306506146784,True,True,False,True
1099728475152,0.014150602,0.02640132,203.46542,0.8075249956894349,True,True,False,True
1660113523622,0.006869022,0.021902334,68.03099,1.1842782081720424,True,True,True,True
1675359927240,0.016427081,0.018147664,97.19674,1.2043771835922343,True,True,True,True
1691552791788,0.04408354,0.030282117,239.59534,1.1278012057410327,True,True,False,True
1533755381780,0.011752355,0.01984174,195.49849,-0.0856772798372671,True,True,False,False
1523282513858,0.015090855,0.032223076,139.20233,-0.5898114660109351,True,True,True,False
1868732806616,0.007472555,0.040458914,157.6476,1.224116863199741,True,True,False,True
1986532374472,0.09531822,0.11191726,98.44765,-1.436635473657342,False,False,True,False
1697298089636,0.007284503,0.0027356073,54.628498,2.2092174941270004,True,True,True,True
1971939482464,0.026158664,0.03618735,156.44061,0.5265962625595394,True,True,False,True
1860508434398,0.0699926,0.049917992,120.514404,2.929983593706071,True,True,True,True
1947498430528,0.071685515,0.016705086,210.98158,-2.0867253829808803,False,True,False,False
1628698347936,0.021911401,0.03892559,145.96228,-0.8596243373893477,True,True,True,False
1720445147684,0.11235472,0.06688153,131.3527,-2.431425441239568,False,True,True,False
1559160259008,0.051001143,0.040543105,203.7294,0.2051605084602047,True,True,False,True
1639489391746,0.009609982,0.04046535,230.2563,-1.600172623312265,True,True,False,False
1946556582582,0.09986162,0.0519441,366.09384,-4.906119361676973,False,True,False,False
1970355664708,0.0652615,0.037225116,151.3562,-0.3072982076481292,True,True,False,False
1320343540218,0.024163637,0.13919649,86.77531,-1.8934334484685595,True,False,True,False
1162227853134,0.02175538,0.011991379,279.0025,-0.8545228386983064,True,True,False,False
1134616918220,0.04356562,0.069369495,182.80316,-0.618568924744535,True,True,False,False
1448638125876,0.0215797,0.037541244,92.82135,0.7646006209365583,True,True,True,True
1249526601448,0.043910284,0.028213484,238.5642,-0.1952394094292267,True,True,False,False
1078378257092,0.023175774,0.04569222,157.79556,-0.2675109541353025,True,True,False,False
1123148274992,0.019724997,0.016631836,126.752754,0.79149884487883,True,True,True,True
1201911176968,0.02171933,0.045866456,232.90166,0.0417554009371886,True,True,False,True
1400661434758,0.032854535,0.016667906,91.2805,1.5697375095932324,True,True,True,True
1053947990558,0.01966889,0.047218606,357.46387,0.6471502834054865,True,True,False,True
1196520468454,0.024164237,0.059061322,74.07849,0.1605088175767,True,True,True,True
1093014971218,0.021606306,0.033577673,170.33385,0.1909830071120208,True,True,False,True
1411172153534,0.015853439,0.013764746,59.679176,2.156689519460248,True,True,True,True
1454677030700,0.022307534,0.045100223,42.647007,2.229004851400398,True,True,True,True
1598800743188,0.013225483,0.046726506,107.787254,2.1590542421775822,True,True,True,True
1667702860200,0.015860707,0.049520794,3398.971,6.225134403920457,True,True,False,True
1538797678402,0.026411742,0.04647091,113.84343,0.3330653272721371,True,True,True,True
1849335639162,0.07946718,0.11413092,519.80054,-3.456487105946138,False,False,False,False
1729321572020,0.014488211,0.027991775,971.0198,-0.7542928375899509,True,True,False,False
1595328282608,0.049013097,0.066219114,179.58955,-1.626417606392686,True,True,False,False
1636611426818,0.015055517,0.07010812,208.35345,0.1411800616109446,True,False,False,True
1932850455250,0.01785494,0.015279718,176.8184,-0.6532783825411859,True,True,False,False
1983656754474,0.06895019,0.024914123,237.84163,-0.7419438079356804,True,True,False,False
1842352921638,0.016631037,0.047945373,133.52058,0.680294810413435,True,True,True,True
1936974108652,0.03549034,0.04810854,195.18147,0.0469368956806991,True,True,False,True
1900788143272,0.013893232,0.029404955,89.6461,0.728025227471265,True,True,True,True
1985250756702,0.016681472,0.030282168,183.22499,1.160648779788052,True,True,False,True
1732797736730,0.022747152,0.04655295,143.09708,1.2150778262860655,True,True,True,True
1531809669538,0.016967222,0.041373122,99.28929,1.6176810044913277,True,True,True,True
1781379556680,0.047883015,0.020840209,132.13387,-0.5577333177858612,True,True,True,False
1742962258066,0.011193205,0.016583242,59.442726,2.448840857886068,True,True,True,True
1972836506930,0.003832597,0.040798344,172.34789,1.4379072634003554,True,True,False,True
1929977103306,0.030288089,0.045205217,185.24678,-0.7838788730065176,True,True,False,False
1976334746234,0.03140767,0.048202258,174.9432,1.2536967327597035,True,True,False,True
1591841914448,0.031656254,0.0345766,165.9372,-1.1181473256962216,True,True,False,False
1709947007238,0.07717374,0.04412471,164.55614,-1.938385221382544,False,True,False,False
1831881743180,0.016165867,0.02771946,174.11346,-0.3095483983128189,True,True,False,False
1160991566222,0.019170063,0.05745796,86.086655,1.1114791767601953,True,True,True,True
1415633332124,0.013906461,0.030191375,226.60226,1.1602997130380517,True,True,False,True
1322602114422,0.007847267,0.025233086,164.2083,0.1408859825562158,True,True,False,True
1017167127212,0.115848586,0.06923374,224.40176,-3.933131316843277,False,True,False,False
1114644608056,0.046804026,0.045320924,179.98233,-1.2205355613415063,True,True,False,False
1311820521194,0.046169866,0.016776865,181.66168,-1.8774189522015008,True,True,False,False
1294369420116,0.053029206,0.042751312,149.27574,-2.470750334764228,True,True,True,False
1301354028994,0.03504099,0.05998978,217.28542,-1.0624717841888676,True,True,False,False
1274999214056,0.04729914,0.048676897,112.784355,-1.543529735700593,True,True,True,False
1309925708818,0.1378337,0.017940674,180.23111,1.4477772093203702,False,True,False,True
1501710737054,0.0605789,0.07786375,115.34614,1.1379402367398734,True,False,True,True
1388032454068,0.023365587,0.055983864,173.54884,0.4037798333950929,True,True,False,True
1398485187804,0.023910405,0.03787513,194.09933,-0.6109827913581013,True,True,False,False
1295610042810,0.03318153,0.033043448,83.96737,1.40269725475956,True,True,True,True
1440718800798,0.078364156,0.13167913,271.77005,-2.6534803417842685,False,False,False,False
1123856796932,0.004446121,0.030326411,166.21416,1.0404367274758808,True,True,False,True
1008920303938,0.009238979,0.03490708,167.27687,-0.185229540233111,True,True,False,False
1316907621746,0.012273371,0.01520825,534.8637,-2.2289384797681997,True,True,False,False
1326426594648,0.075093456,0.085259154,116.03356,0.4164442014711846,False,False,True,True
1476944203628,0.018324189,0.040812805,55.028328,1.7796308600625603,True,True,True,True
1591536388108,0.02203432,0.028863227,115.47266,1.2814649829241276,True,True,True,True
1630586232700,0.010755593,0.027274305,108.12799,1.311403674345356,True,True,True,True
1706475881696,0.023388851,0.05348211,180.42795,0.0160933342504844,True,True,False,True
1742989749616,0.008692826,0.03937306,106.65907,1.5308714226668716,True,True,True,True
1719184947274,0.006511522,0.016359951,90.41705,2.457143668232289,True,True,True,True
1755690674948,0.029522171,0.045862358,235.10379,0.0418507346169184,True,True,False,True
1964302776998,0.03734725,0.02525023,93.94305,0.6179465914257194,True,True,True,True
1773485932134,0.011884038,0.042550065,122.516914,0.718979919692115,True,True,True,True
1798248662094,0.020760456,0.040839065,143.16946,0.7213638139516246,True,True,True,True
1996696469186,0.02547952,0.061719656,109.42131,0.0655780620775729,True,True,True,True
1780461368898,0.006141585,0.0096724415,37.380836,3.3157146967636297,True,True,True,True
1963672349032,0.043931365,0.06258536,218.58119,-0.1454961777443891,True,True,False,False
1681089628536,0.013887631,0.12043763,251.73247,-0.5775376720945421,True,False,False,False
1695064490174,0.013862538,0.042846367,268.15805,-0.4370430153570179,True,True,False,False
1666801481296,0.034284957,0.036939833,223.29976,-0.7464675022729872,True,True,False,False
1825896413660,0.051440805,0.05670016,196.72939,-0.0768289697791717,True,True,False,False
1545186105422,0.09811971,0.048116736,489.06738,-4.148087144169255,False,True,False,False
1570900588906,0.010741683,0.029522846,135.37027,1.0480165816211255,True,True,True,True
1537559477704,0.014561294,0.011641629,38.090576,2.653075225810379,True,True,True,True
1756328565562,0.014653078,0.010682437,138.95258,0.3491542664571726,True,True,True,True
1596327640516,0.021485185,0.01635285,110.73049,-0.0829129275431395,True,True,True,False
1704919656978,0.009759471,0.060839187,155.91653,0.3425520698070499,True,True,False,True
1687126971238,0.10965069,0.039524995,134.74948,-0.0466966116044147,False,True,True,False
1908450077932,0.020177765,0.010399349,85.33048,1.0475480716298269,True,True,True,True
1846843789632,0.027978808,0.027659131,281.8844,-0.1093888268762376,True,True,False,False
2000202371778,0.018124782,0.023212342,163.2605,0.6622235838126822,True,True,False,True
2001335351458,0.012656167,0.026006648,145.29779,0.3215497903076976,True,True,True,True
2136275782406,0.06556458,0.07664422,238.59973,-1.4797569563105368,True,False,False,False
2146754800354,0.018206691,0.056710523,56.898117,0.777159218331515,True,True,True,True
2009594425548,0.067545824,0.0876922,229.8505,-1.8465250601665124,True,False,False,False
2322042042980,0.032073695,0.07555857,145.53903,-0.7156134032864185,True,False,True,False
2356967176474,0.017933704,0.04919865,217.94997,-1.2901874605944743,True,True,False,False
2454132354902,0.07993028,0.09599461,35.989628,4.9975182361762975,False,False,True,True
2162655268914,0.016132742,0.041849338,47.041473,1.456412848644968,True,True,True,True
2122009862060,0.02505238,0.044706434,108.751495,0.8814483930060344,True,True,True,True
2222666726080,0.025238309,0.08183463,247.14043,-1.513232387741767,True,False,False,False
2288400774700,0.016397772,0.027886001,121.06099,3.274023962709408,True,True,True,True
2136596227314,0.033632673,0.037785556,127.56601,1.0544864261344395,True,True,True,True
2074679853000,0.00804379,0.036870133,155.92528,0.4657325464380348,True,True,False,True
2456664073164,0.0265571,0.073951595,128.23454,0.5496037548896651,True,False,True,True
2473490692756,0.021957107,0.06360567,234.49422,0.2064302127642144,True,True,False,True
2025805258682,0.04409654,0.013656971,124.44658,2.279505098466815,True,True,True,True
2131549347918,0.08792507,0.068487644,162.35553,-2.0382338529256416,False,True,False,False
2329673058132,0.09696363,0.04078532,459.55273,-4.064140172697934,False,True,False,False
2321112063990,0.035001986,0.042019837,191.06456,0.7085557277658694,True,True,False,True
2349050623688,0.07698766,0.015906751,261.98514,-1.8625879573469517,False,True,False,False
2423344708964,0.058126096,0.099977404,219.6529,-1.6861367625467696,True,False,False,False
2403030762790,0.0364721,0.0628939,134.92766,0.7302450954805038,True,True,True,True
2511272622984,0.011310598,0.030876782,155.63853,0.4387393626131423,True,True,False,True
2710988620348,0.07789614,0.05823355,172.45871,-0.3419233404659105,False,True,False,False
2525887590270,0.010465654,0.016725482,184.69661,0.0988235811927072,True,True,False,True
2535414047562,0.03157696,0.028582538,239.43117,0.0725988508908961,True,True,False,True
2894517398044,0.057092365,0.0148243625,316.27948,1.3005707018228407,True,True,False,True
2822452050718,0.007569285,0.012975039,163.55568,0.7150655994778696,True,True,False,True
2768789029914,0.02358284,0.10123516,137.10657,0.0709466156633689,True,False,True,True
2842773407530,0.09590576,0.11675778,96.17534,-0.4885531947090569,False,False,True,False
2514782655330,0.027851602,0.020687718,138.00694,1.361049905160796,True,True,True,True
2557345455250,0.016543338,0.06338205,175.55045,-1.69361322784786,True,True,False,False
2517002196400,0.055024605,0.1307333,340.19296,-2.9828033293775893,True,False,False,False
2593841381430,0.042888694,0.024636818,244.51164,0.5602782304063099,True,True,False,True
2540505505812,0.030516023,0.028784752,97.15662,0.0650553007358269,True,True,True,True
2841517337880,0.015357207,0.041050732,126.16986,1.574486628651976,True,True,True,True
2603357557040,0.065674685,0.059869852,173.9865,-1.6356720356701162,True,True,False,False
2717984318952,0.053409327,0.01839638,149.90022,0.338431737005115,True,True,True,True
2511912453246,0.012938793,0.015231676,111.23306,0.730009922339923,True,True,True,True
2818005663534,0.022311902,0.027310818,276.11746,-1.2985304227527212,True,True,False,False
2846583799658,0.013591393,0.042962246,99.535545,0.9560545948175174,True,True,True,True
2769413890298,0.06957545,0.076350294,162.10664,-0.3920526732481124,True,False,False,False
2979297886532,0.025413241,0.029935272,227.65718,0.2802536794916401,True,True,False,True
2669108969132,0.02354639,0.06294637,537.4703,-2.854576683358015,True,True,False,False
2768801101200,0.05700444,0.050165925,111.91104,-1.4495330551397592,True,True,True,False
2980267228584,0.021299135,0.024641996,132.91135,1.2193747239209902,True,True,True,True
2989488438040,0.08549306,0.0488562,268.99658,-3.0803994399459,False,True,False,False
2067733471976,0.015260164,0.046488337,154.69348,1.1562986655776957,True,True,False,True
2066477327354,0.020027258,0.032560796,154.96335,1.1590500908177308,True,True,False,True
2453211924096,0.026953902,0.06876431,38.691246,2.7397456653201258,True,True,True,True
2250951861044,0.016519377,0.13350314,192.16432,-1.704411595945777,True,False,False,False
2165244846224,0.019364877,0.044872653,103.721596,1.3059646010228732,True,True,True,True
2303674796150,0.012082321,0.044407584,59.184208,0.4952833693448264,True,True,True,True
2457989139150,0.015738592,0.07335216,183.48553,-0.4718870230296115,True,False,False,False
2127439983466,0.0066474914,0.0074863285,117.83246,2.162384911656579,True,True,True,True
2029319601570,0.04975853,0.05203366,116.038605,1.0100252577685451,True,True,True,True
2184900772350,0.047755234,0.03020438,128.64424,2.942768182287895,True,True,True,True
2192523898230,0.010855479,0.009671517,141.41315,1.1187274180475748,True,True,True,True
2353832247500,0.0075408416,0.032385305,223.51035,0.114725119897634,True,True,False,True
2464643174646,0.011466735,0.017557077,147.35162,1.4649086738706527,True,True,True,True
2295724123082,0.026873687,0.04510057,42.656612,3.2052409326093163,True,True,True,True
2504016764022,0.018496107,0.052842103,173.71387,0.0943847967074962,True,True,False,True
2470041897488,0.06598681,0.08575249,117.99894,-0.6408618408916005,True,False,True,False
2240168000852,0.1585518,0.03882545,91.01568,-2.329657831378172,False,True,True,False
2158573903096,0.016025187,0.031283125,150.79968,-1.242334041299522,True,True,False,False
2317021448758,0.021518726,0.049344458,256.84158,0.501520888111102,True,True,False,True
2448466916696,0.0062844227,0.018356543,53.7497,2.288272641164161,True,True,True,True
2323993508014,0.08739957,0.00593961,387.13977,0.3219054536472692,False,True,False,True
2576720526196,0.02994779,0.07153753,149.12886,-0.2309452875912542,True,False,True,False
2519576124662,0.0159383,0.03418018,110.17241,1.3494228601486185,True,True,True,True
2549437821326,0.03422433,0.11694506,289.53314,-1.4115478330497724,True,False,False,False
2910452366924,0.024669651,0.036682814,207.77869,-0.367424690610061,True,True,False,False
2934903272108,0.02312267,0.092817865,279.93948,-0.3793282153001059,True,False,False,False
2947935325668,0.04736021,0.034640957,143.15594,-0.2469594166791577,True,True,True,False
2728810289206,0.035865348,0.042082243,215.90103,0.1695211405429121,True,True,False,True
2609751226330,0.055312946,0.015617476,191.14592,2.056954586162572,True,True,False,True
2739621644252,0.16444716,0.13048509,241.81233,-1.3392046766833587,False,False,False,False
2839305485348,0.02422295,0.016050575,179.2709,-0.6646400061780476,True,True,False,False
2863447639576,0.10588602,0.0794682,260.79422,-0.8746132620611838,False,False,False,False
2618658846528,0.060085744,0.051083658,176.24004,-1.858448547523984,True,True,False,False
2741849676592,0.06639679,0.07437791,129.0188,-0.5500408033164673,True,False,True,False
2635158118608,0.02507065,0.046365898,73.083855,1.8923689847898983,True,True,True,True
2098499019908,0.019179976,0.017878063,158.09596,0.722455935965874,True,True,False,True
2202339047310,0.064204514,0.04947846,283.45306,-1.0133332826000836,True,True,False,False
2141057939642,0.062005907,0.03730231,210.18849,-3.43296231214799,True,True,False,False
2208037902102,0.08026544,0.06541175,287.0889,-2.5579954725702185,False,True,False,False
2255348861120,0.10949875,0.018998215,392.73154,1.6909733156431306,False,True,False,True
2067718202754,0.01545701,0.025163159,184.35318,0.7545892209214373,True,True,False,True
2239818679846,0.0028925007,0.03790487,204.09145,-0.6360931995091302,True,True,False,False
2218544940998,0.017438004,0.039605893,315.67017,-0.8908285494784588,True,True,False,False
2175671601614,0.04941771,0.060240824,598.75543,-3.386885808552868,True,True,False,False
2187084632058,0.01107862,0.03998889,85.42497,1.5721805796206,True,True,True,True
2239157206602,0.011610685,0.029742353,229.70602,1.0532274272317892,True,True,False,True
2261079745628,0.02530056,0.03810782,133.27126,1.127686055176203,True,True,True,True
2200126993414,0.109432414,0.029304711,316.23865,-3.183351846789883,False,True,False,False
2158536737684,0.019027978,0.08069003,104.21693,1.0293800745611292,True,False,True,True
2882458722488,0.031158522,0.05409033,184.7692,-2.5581968801688726,True,True,False,False
2537957915336,0.01794138,0.04379515,228.89748,-0.1153987845844944,True,True,False,False
2507142624866,0.00695558,0.024212694,244.98703,-0.3056519097622358,True,True,False,False
2559858403958,0.010571617,0.040934987,222.94154,0.0061410277626908,True,True,False,True
2582399023420,0.005777648,0.02970102,51.914257,2.5710242960389684,True,True,True,True
2572230294506,0.057030827,0.0764001,220.53065,3.769056617236038,True,False,False,True
2524284699106,0.022820925,0.0484751,88.723526,0.7363998134328998,True,True,True,True
2572566260882,0.014043354,0.036116768,133.54877,0.3031055488773632,True,True,True,True
2575102867726,0.047836144,0.083990484,304.70178,-0.5810473312499438,True,False,False,False
2885305921966,0.04177111,0.01616098,152.33716,0.4374499112327163,True,True,False,True
2750377637032,0.015625734,0.028856553,60.83781,3.37684823301245,True,True,True,True
2709743922210,0.0446558,0.06709124,254.23517,-2.355148004161954,True,True,False,False
2984720273586,0.019400945,0.021738665,39.81036,3.129694674293089,True,True,True,True
2806593066480,0.019170456,0.030215802,313.25433,3.744088530195806,True,True,False,True
2859615101370,0.009987557,0.03824104,84.60649,1.051000905759608,True,True,True,True
2196016745384,0.04017794,0.039403208,159.39279,0.3286109336980227,True,True,False,True
2134425676952,0.06852417,0.039970763,176.92613,-0.0884812685945246,True,True,False,False
2494808332390,0.03586032,0.041994866,96.25773,1.4244115808290383,True,True,True,True
2370023401214,0.012184227,0.015952626,59.505436,1.830842475579096,True,True,True,True
2213492642818,0.011811519,0.015114143,118.13688,2.313243940334164,True,True,True,True
2334483386772,0.11867907,0.027419057,144.63438,-3.139983038419792,False,True,True,False
2495770569830,0.027762456,0.06252166,54.733044,0.2369193020138151,True,True,True,True
2303021112950,0.0115688145,0.02856283,129.0909,1.0788521408383902,True,True,True,True
2109990675818,0.05401308,0.046958316,90.55519,-0.1807404032041872,True,True,True,False
2327168483560,0.015271752,0.03495066,243.33864,0.4509986099849343,True,True,False,True
2375441402166,0.06536202,0.03163254,282.0731,1.186606668307822,True,True,False,True
2352890905972,0.046256088,0.04769858,297.08917,0.948266599047666,True,True,False,True
2335436125434,0.011244187,0.030708438,188.72812,0.729064389972793,True,True,False,True
2525289193700,0.009411446,0.020119455,228.85336,0.6888612054014187,True,True,False,True
2631022673518,0.056174286,0.04503694,220.0746,-0.5774156361438852,True,True,False,False
2750092547042,0.08141735,0.09150462,62.250683,1.769460404252367,False,False,True,True
2507819345122,0.015411584,0.036625486,42.701485,3.661802903172559,True,True,True,True
2737397518644,0.015164458,0.04403088,128.871,-0.1345403707693047,True,True,True,False
2767245507482,0.08660251,0.02126226,177.24399,-1.5080236463496637,False,True,False,False
2512921160094,0.020084884,0.028176194,83.8424,2.649899339497055,True,True,True,True
2874251762592,0.09998792,0.08228774,126.156906,-1.3785804014281435,False,False,True,False
2853938874716,0.020087028,0.011906335,154.3979,1.6465601066930748,True,True,False,True
2794559435140,0.024628907,0.0434016,33.430084,2.7164736221318297,True,True,True,True
2943469233704,0.021242272,0.036921404,157.90004,0.8251650128875294,True,True,False,True
2893317806284,0.0070736804,0.05593978,610.7162,2.110928145133078,True,True,False,True
2589752131066,0.05113778,0.016399467,173.37144,-0.208984944888439,True,True,False,False
2665005631362,0.116809756,0.05208363,522.9717,-3.7580602628330935,False,True,False,False
2524965048478,0.012660837,0.048174582,630.1395,2.4028676264524496,True,True,False,True
2537359668092,0.027493868,0.041183554,276.72977,0.6005672658585735,True,True,False,True
2803111988798,0.015936201,0.049956072,159.9331,0.0409050996913515,True,True,False,True
2898685987470,0.022278143,0.0511738,195.48532,-0.9188178315358524,True,True,False,False
2713911119338,0.05535348,0.05483197,120.14392,-1.325088901895488,True,True,True,False
2750742809862,0.009411565,0.028765582,144.17603,1.2234491684396749,True,True,True,True
2564682314160,0.031807747,0.032083385,115.48482,-0.0561580293211132,True,True,True,False
2609444218370,0.04875524,0.042571656,147.45438,-0.109864319389597,True,True,True,False
2739626208640,0.009219917,0.022641292,554.6841,0.5906695024304293,True,True,False,True
2927594897836,0.039731227,0.05513516,85.66159,-0.3982680682534251,True,True,True,False
2874582791730,0.008006631,0.046720654,124.307465,1.1541799234659769,True,True,True,True
2974278553556,0.043381274,0.025519846,187.75813,1.8457553904594228,True,True,False,True
3032323094574,0.017420724,0.030783739,140.7075,-0.2283422158976225,True,True,True,False
3081551193216,0.15645881,0.12457642,513.06287,-4.091816433377804,False,False,False,False
3082179455318,0.058730602,0.027222015,157.88977,0.6360199486483222,True,True,False,True
3254593823192,0.075125724,0.030875957,173.96916,-1.123792248864271,False,True,False,False
3054249059720,0.031737223,0.041136894,151.92963,1.0647196590476002,True,True,False,True
3060605986446,0.13241994,0.048059475,351.7708,-3.277273480776133,False,True,False,False
3105063776034,0.02843716,0.064071864,139.15439,1.5282231674516542,True,True,True,True
3141261309094,0.015771998,0.019091522,186.01239,-0.8905809427204567,True,True,False,False
3291751853516,0.020852473,0.014072477,169.46112,0.0185999976390302,True,True,False,True
3210768327876,0.040765394,0.03793354,242.54268,0.1300659461967214,True,True,False,True
3231100544148,0.05572507,0.027871987,219.91324,0.2045875899356799,True,True,False,True
3128860415280,0.14330098,0.0533939,102.73875,-0.8869727131736409,False,True,True,False
3369537299010,0.0014264664,0.024947245,516.4751,0.953937110487517,True,True,False,True
3427633934158,0.0391198,0.020098554,154.12994,2.88244435070468,True,True,False,True
3361276462506,0.021920722,0.09174008,334.78656,-3.2050770339976653,True,False,False,False
3066950694138,0.0316171,0.06557564,160.06259,-1.4405608033030493,True,True,False,False
3486708882038,0.07139537,0.054586437,32.528748,2.236389786045663,False,True,True,True
3504813091640,0.03846797,0.052324314,346.04236,-1.1659392200302652,True,True,False,False
3742309960226,0.029154865,0.024393868,127.12738,-1.4818558740257854,True,True,True,False
3547342853386,0.0384687,0.027168091,99.07559,2.614847893982753,True,True,True,True
3816909168116,0.010387373,0.029009556,28.49132,4.475149547942853,True,True,True,True
3834373826414,0.07255581,0.03779278,213.44345,-2.03491626775692,False,True,False,False
3902643397880,0.09112675,0.043378677,297.3167,-0.243837547460394,False,True,False,False
3940108717178,0.06092779,0.058514636,159.75104,-0.3104544590060923,True,True,False,False
3835333870262,0.017350195,0.020748649,372.03336,0.3592345945211307,True,True,False,True
3791524023860,0.055063672,0.045296807,185.22755,-3.141607579946261,True,True,False,False
3762313342948,0.005981302,0.025942741,156.90843,1.516391707092425,True,True,False,True
3701678286838,0.024287408,0.044371564,110.95079,0.2763901088131257,True,True,True,True
3614997242926,0.011039889,0.01637721,189.57501,0.3603842981558635,True,True,False,True
3873781686892,0.033940807,0.072808504,104.04883,1.061093629289546,True,False,True,True
3948717945438,0.025050536,0.053907346,208.81958,-0.7374308531933192,True,True,False,False
3648309602164,0.012977533,0.0049777837,132.00807,1.5813573936689314,True,True,True,True
3561633900236,0.0072539593,0.017091895,72.99652,2.051163403430066,True,True,True,True
3713095627450,0.05418867,0.051573094,297.20477,-0.2509408332856382,True,True,False,False
3699759132424,0.012828653,0.03493813,65.987,1.5451224839513036,True,True,True,True
3616235874668,0.05887987,0.02466427,213.6648,-1.739439140217748,True,True,False,False
3613065992398,0.047795586,0.02086515,233.16125,-0.2701416994154147,True,True,False,False
3926456543844,0.046442922,0.015440192,161.49767,0.8102665151102144,True,True,False,True
3823277335870,0.026501015,0.03929352,152.74852,0.1357037064620971,True,True,False,True
3636900530168,0.01864079,0.05623034,69.780334,2.1960782058325266,True,True,True,True
3184779970200,0.012583804,0.03312051,258.37592,0.4073222178744506,True,True,False,True
3263835343314,0.01339019,0.03722518,202.83093,0.9358818218440214,True,True,False,True
3500380888268,0.08219419,0.030983273,193.8695,-2.384918527246378,False,True,False,False
3300355283668,0.01054056,0.030659288,138.68654,0.460245102144129,True,True,True,True
3324802912430,0.019448675,0.03343384,42.990555,3.4033447616397585,True,True,True,True
3321616524292,0.13862497,0.041289058,330.4644,-2.1101731217636805,False,True,False,False
3221949969362,0.018984672,0.05737888,183.09935,-1.0204827688808158,True,True,False,False
3155259984578,0.026669357,0.03107075,112.36282,0.3429768742663988,True,True,True,True
3108276247684,0.016907273,0.033450287,83.99125,0.8672465638883287,True,True,True,True
3447380526060,0.057980694,0.030360702,220.8756,-3.580579063953208,True,True,False,False
3266393874348,0.05147353,0.028378569,89.60751,1.598516209649744,True,True,True,True
3292433664786,0.058322996,0.13100107,238.56932,0.8530200021025209,True,False,False,True
3145080218232,0.019888183,0.0092238,263.5763,0.6434895250074345,True,True,False,True
3201912342556,0.031219386,0.05955173,62.41186,1.9842585576379903,True,True,True,True
3304483726356,0.027276179,0.030891899,147.51355,0.9359171477572034,True,True,True,True
3202259018406,0.01664174,0.057402022,133.61943,0.9746229528256376,True,True,True,True
3221938783182,0.024303235,0.060925804,131.53552,-0.0796491269837212,True,True,True,False
3503585599030,0.02479862,0.021615151,164.08908,0.9327966335936292,True,True,False,True
3372141995996,0.007617918,0.018344272,154.00986,0.1703674518228538,True,True,False,True
3642629294252,0.025345266,0.098331906,269.4245,-2.7472258512994987,True,False,False,False
3524518331034,0.008805222,0.01833452,112.238556,1.9402056934356031,True,True,True,True
3784884529094,0.09396568,0.07069301,182.21959,-0.131644214716481,False,False,False,False
3966503524640,0.06902696,0.04043376,322.9442,-1.19013555240053,True,True,False,False
3847447837856,0.033358853,0.038933594,164.92026,-0.5856796359202366,True,True,False,False
3666145858370,0.011512966,0.037231393,219.3405,-0.7837309865560121,True,True,False,False
3741720406238,0.013132028,0.020883698,39.84501,2.3930457994369894,True,True,True,True
3647109097920,0.049367562,0.053179037,213.64812,0.4315574179595284,True,True,False,True
3729030014630,0.043512657,0.03194189,179.06157,-3.1796499096454838,True,True,False,False
3696638237546,0.032143474,0.026776563,189.07336,-1.9405165578199524,True,True,False,False
3855076634410,0.07465187,0.051785927,36.881065,0.3958739983517483,False,True,True,True
3864612617156,0.025460439,0.07671726,121.16347,0.3296153628639457,True,False,True,True
3610885535834,0.019882979,0.03481504,62.20944,2.819342141737585,True,True,True,True
3515625705904,0.065824814,0.06670396,166.46323,0.0475647611254295,True,True,False,True
3642956492370,0.023454731,0.044982642,230.61928,0.2662988213531035,True,True,False,True
3516593385804,0.04906056,0.035849854,196.62408,-2.326484131371881,True,True,False,False
3782660932634,0.034014545,0.034462728,113.82366,0.641148755936755,True,True,True,True
3974126047556,0.027218912,0.015135538,159.47353,0.4763755366712897,True,True,False,True
3800771366414,0.038613472,0.06419388,185.26872,-1.8669856759090644,True,True,False,False
3966187518990,0.016723705,0.040551826,143.94041,0.3588908674233813,True,True,True,True
3922061865274,0.006988358,0.02107787,172.95528,0.8929115517438622,True,True,False,True
3541362139358,0.019129254,0.073011816,162.06998,-0.1714892127518406,True,False,False,False
3710599845260,0.05362556,0.04695482,131.783,-0.7211776898983346,True,True,True,False
3052330107866,0.04159562,0.104804575,313.64694,-1.4356436883933503,True,False,False,False
3180290366850,0.013997508,0.014795876,107.89001,1.525580397028261,True,True,True,True
3133933857954,0.09847733,0.042081587,119.58589,-1.0088985781437874,False,True,True,False
3323516480664,0.019695887,0.025757972,51.229362,2.7651679243747838,True,True,True,True
3428937934466,0.0031899153,0.03592209,89.145515,2.3983402234399955,True,True,True,True
3270477109518,0.023289206,0.034869965,131.14088,0.9408523161271288,True,True,True,True
3339389004470,0.030209217,0.08544482,111.883446,-0.4645606485316182,True,False,True,False
3247601759462,0.040667083,0.10099112,622.7371,-3.9109997537854113,True,False,False,False
3149816032606,0.02111644,0.055410963,156.4674,1.1016141794180323,True,True,False,True
3050099557872,0.04645376,0.07891302,266.66837,0.6344787928779356,True,False,False,True
3339684197628,0.06526707,0.022684576,178.39091,1.2627770207460474,True,True,False,True
3475583690392,0.054801263,0.042980578,137.3778,1.2906672325256094,True,True,True,True
3390812376678,0.022566509,0.04600403,146.26344,0.3357227477241885,True,True,True,True
3400967070354,0.06701023,0.0400616,365.68958,0.1793218465389424,True,True,False,True
3183477713966,0.010920517,0.028593343,157.27704,0.6492757055796019,True,True,False,True
3155548578564,0.0039237603,0.021487517,46.325794,1.663691871050782,True,True,True,True
3134595106914,0.02388993,0.034344077,127.53227,-1.3589042383019163,True,True,True,False
3459732839514,0.016261172,0.031862203,216.24376,1.7609622762162689,True,True,False,True
3327646712614,0.01803228,0.076037996,275.9796,0.2431085963447057,True,False,False,True
3386705458242,0.029966444,0.065511525,518.7014,-1.6697048386940123,True,True,False,False
3652755892394,0.012068222,0.040444583,86.5837,2.007146484201934,True,True,True,True
3577184142254,0.048764914,0.059009645,98.88955,0.9589613567291082,True,True,True,True
3541629562984,0.13037968,0.12232982,241.78087,-0.66245441363485,False,False,False,False
3567361105452,0.04074265,0.09237985,173.82324,-2.377963482193625,True,False,False,False
3513700805754,0.04584095,0.008332982,330.2165,-0.3337441698759953,True,True,False,False
3634990421188,0.018243065,0.062234603,418.56345,-1.942198638748091,True,True,False,False
3677553096100,0.03613101,0.059500437,201.45772,0.0010814091045684,True,True,False,True
3967441850236,0.068162665,0.038026415,248.29224,0.0557454155010707,True,True,False,True
3693076271492,0.0094623715,0.081467174,217.8066,0.1095349592391341,True,False,False,True
3663551145870,0.04261229,0.042990472,193.73584,-0.3890385412401965,True,True,False,False
3593387441422,0.016377438,0.009608549,93.70975,1.9132853053611745,True,True,True,True
3677850886306,0.01496627,0.02276095,167.97882,0.9777133787488116,True,True,False,True
3835008165530,0.0064674057,0.010120595,71.14139,3.2060340076507208,True,True,True,True
3832786155588,0.02301488,0.065962434,195.10568,-0.6522053361728738,True,True,False,False
3854691886252,0.0075237392,0.03065046,117.42662,1.5021273954091872,True,True,True,True
3827704072264,0.049023982,0.08007932,212.54985,-1.3666046509337435,True,False,False,False
3855963453174,0.03215121,0.049841855,121.68998,0.8755925400083964,True,True,True,True
3897565553494,0.042284556,0.10276742,438.7636,-3.235246449327337,True,False,False,False
3549261509560,0.025322039,0.042175118,167.20094,-0.7099055058483204,True,True,False,False
3596896338668,0.008465179,0.01428751,159.06308,0.5750395511714569,True,True,False,True
3578479725632,0.021762304,0.050326157,142.35,1.2652427896726213,True,True,True,True
3620073888052,0.01607414,0.037920482,129.81776,0.4589851413887641,True,True,True,True
3662935685990,0.03913747,0.08187642,300.71014,-0.8003944947582616,True,False,False,False
3010779264404,0.023705553,0.054772507,173.5473,0.5360387106818476,True,True,False,True
3084447029254,0.04008035,0.07190706,347.37177,-2.0651935289269168,True,False,False,False
3017757044442,0.09241321,0.02572911,281.86954,1.7275112331027636,False,True,False,True
3172396894866,0.01090773,0.020322409,224.84952,1.0194828411955958,True,True,False,True
3186048113174,0.038506825,0.056367397,121.115204,0.5702158894589175,True,True,True,True
3182557560386,0.07218431,0.047707736,480.94916,-2.178974177403734,False,True,False,False
3027618736210,0.012796646,0.027476901,165.64615,0.7740816545483619,True,True,False,True
3244481393140,0.059244677,0.06865736,250.95444,-0.5931507144363856,True,True,False,False
3297190142270,0.011263128,0.03190054,78.54506,1.966195257503888,True,True,True,True
3453413233484,0.017962752,0.0134060355,106.89164,0.9823769254810184,True,True,True,True
3139997154752,0.023178568,0.056784604,133.81628,-0.324771259771322,True,True,True,False
3311472545548,0.0053681675,0.036608275,71.138176,1.4328747603364895,True,True,True,True
3381320141692,0.14842938,0.0687325,396.4165,-4.176011891381249,False,True,False,False
3363855181558,0.06394361,0.111379646,466.7938,-0.0330779266579277,True,False,False,False
3292418473822,0.011521845,0.029831313,127.80198,0.8248686295269252,True,True,True,True
3119704074970,0.037176248,0.059199687,210.53255,0.725898877175409,True,True,False,True
3360060136246,0.015619239,0.03908626,140.8734,-0.8506475934869409,True,True,True,False
3436586111696,0.0019856724,0.06297766,137.75179,0.1973971431316935,True,True,True,True
3577869077076,0.048414,0.05147709,303.77298,1.8588001300312835,True,True,False,True
3688050280984,0.014523253,0.037147693,221.54956,-1.1313257567124058,True,True,False,False
3494033667568,0.04076628,0.023732444,307.11823,-1.8945255757976625,True,True,False,False
3578173519134,0.04247488,0.069537215,212.38568,-0.5239186763612431,True,True,False,False
3858869086952,0.03947297,0.04389036,375.38187,1.235657021633806,True,True,False,True
3747740766172,0.041034862,0.07187462,92.727455,2.748634256844641,True,False,True,True
3945559581972,0.027259614,0.029025527,434.82715,-2.917400677795052,True,True,False,False
3853807792326,0.09214429,0.12916373,496.16943,-5.099204606187257,False,False,False,False
3803648402774,0.1277438,0.039472684,63.11098,0.8541072093388034,False,True,True,True
3660735549452,0.013731651,0.041216396,108.81797,1.0352433291446703,True,True,True,True
3505144550736,0.042573024,0.057935398,771.7862,-0.4990252754120079,True,True,False,False
3796644568408,0.062266197,0.01107859,266.90094,-0.0925172219584733,True,True,False,False
3514693459692,0.07562609,0.055494316,126.40497,2.6755294023274274,False,True,True,True
3622018697446,0.038005274,0.046599366,328.2193,-1.1846979562369286,True,True,False,False
3613756575418,0.015908416,0.062103383,228.89374,2.870340248543401,True,True,False,True
3546129201250,0.007939548,0.017784882,85.4042,1.45817776988323,True,True,True,True
3594406227260,0.014791014,0.049390215,69.35606,1.9362961151073448,True,True,True,True
3796980054810,0.07776469,0.055485852,187.1462,-1.455124375140337,False,True,False,False
3969075744902,0.0054511176,0.0461401,80.50335,1.779429596703806,True,True,True,True
2263052396024,0.055849716,0.09874241,190.14915,-2.4361407974558484,True,False,False,False
2383079971158,0.010455674,0.03098048,70.61998,2.44472806355967,True,True,True,True
2434190384824,0.012353569,0.037702907,124.549355,0.5807745685098468,True,True,True,True
2286233851666,0.023877554,0.10094061,166.13228,0.5970242215143483,True,False,False,True
2026203821164,0.1003422,0.07352862,112.316765,0.751415926125756,False,False,True,True
2031293692084,0.08414345,0.038168143,213.1671,-0.2489241426609438,False,True,False,False
2272595963460,0.02974098,0.02730418,131.95457,0.1470061812435803,True,True,True,True
2198283484050,0.033045046,0.06251122,192.40953,-0.5835348282568844,True,True,False,False
2164621979790,0.019990364,0.029953375,46.406754,2.3687749858636,True,True,True,True
2116362039748,0.09267833,0.082459226,192.46059,0.1198674647068875,False,False,False,True
2334810783380,0.016714808,0.0516123,244.81427,0.1333721138752271,True,True,False,True
2444033883978,0.04224734,0.16943116,336.3743,-3.226522450973823,True,False,False,False
2505634175818,0.05122332,0.07018526,150.66687,-2.280532569436024,True,False,False,False
2308147773264,0.023156807,0.046758905,162.36748,-1.1268212674008091,True,True,False,False
2176699558432,0.02985671,0.027926905,113.95429,1.1727413663422093,True,True,True,True
2164009695340,0.03252406,0.07882079,173.00119,-1.237787641309658,True,False,False,False
2396746790114,0.005971494,0.062723525,200.60614,0.974902548994446,True,True,False,True
2265932077804,0.018280067,0.029534671,183.05524,-0.5611628065434674,True,True,False,False
2305310404370,0.0153160645,0.03275361,78.04327,2.5412212373921617,True,True,True,True
2518344247304,0.13832428,0.06505533,234.68169,-0.9551116109356336,False,True,False,False
2535176134324,0.030414507,0.077436045,161.7072,-1.39552296875047,True,False,False,False
2936509065728,0.04638924,0.049088173,138.10641,-1.2676053660101578,True,True,True,False
2664727015150,0.04332872,0.06765805,329.6864,-1.110254559360886,True,True,False,False
2592350221050,0.055373512,0.06818542,210.45891,0.3215500858431871,True,True,False,True
2709515856736,0.010886313,0.070182964,149.99211,1.4389361520430326,True,False,True,True
2732042515764,0.010967311,0.019680003,178.68684,-0.6859664111904517,True,True,False,False
2682196815224,0.015881686,0.02057688,111.13396,1.8528750399311544,True,True,True,True
2825727522128,0.010408317,0.04605697,180.88622,0.2831997029513625,True,True,False,True
2860327097546,0.022737062,0.053121816,261.39294,0.3843877599813206,True,True,False,True
2767621538938,0.0122674,0.05618362,259.217,0.8387405834842042,True,True,False,True
2921935754812,0.05656977,0.03926761,256.95386,-1.3561030209490652,True,True,False,False
2728847988760,0.05151581,0.077170014,183.56696,0.6132535476735609,True,False,False,True
2876191984950,0.030830614,0.0116109755,118.37972,1.6308444005291618,True,True,True,True
2920963792512,0.06948602,0.025205182,393.83276,-1.528762749536106,True,True,False,False
2683148065332,0.025813624,0.030133449,118.20918,0.6938239725436909,True,True,True,True
2869217532212,0.04069772,0.035357483,95.05375,-0.9434210543993772,True,True,True,False
2782843701358,0.015547438,0.038402595,153.32872,0.3465244733499163,True,True,False,True
2970185037010,0.060226317,0.045621216,207.39981,0.8701381544717026,True,True,False,True
2224039469498,0.010048838,0.016024482,160.28773,0.4959187261553495,True,True,False,True
2010675404446,0.019524856,0.10323617,116.72149,-0.964482152600276,True,False,True,False
2096739729736,0.021603348,0.05449715,97.16755,0.5073596671607183,True,True,True,True
2329791875470,0.020663904,0.012725028,88.08261,2.0848358938192124,True,True,True,True
2476812153070,0.024234323,0.024323875,174.318,1.1151513298331277,True,True,False,True
2035430374238,0.05103568,0.028132446,202.68279,1.5696611130352076,True,True,False,True
2048444284836,0.01558911,0.055643417,179.2435,-1.166961509377476,True,True,False,False
2232926251874,0.053281914,0.045374528,241.27765,0.069681041333083,True,True,False,True
2136398055754,0.07677724,0.04147189,274.0808,-2.1628106569268577,False,True,False,False
2164036130580,0.02799426,0.05599837,199.64171,-0.1082505991339242,True,True,False,False
2509798172678,0.041380804,0.07786721,187.85178,-1.3888601561152112,True,False,False,False
2482813735738,0.028635267,0.0086899055,40.786423,2.238734449894662,True,True,True,True
2350729951338,0.035216253,0.042168,83.715744,0.1375969927025533,True,True,True,True
2293571387592,0.0567763,0.08263903,236.3832,-1.8899993781939592,True,False,False,False
2358342620352,0.016017457,0.03601445,159.82715,-0.4033103599759807,True,True,False,False
2429786182690,0.027656853,0.035942268,183.2249,-0.1554513372574864,True,True,False,False
2216116994360,0.060738552,0.042577874,209.86479,0.1257984013233864,True,True,False,True
2167853298960,0.020592833,0.057621036,85.13578,1.541743337434193,True,True,True,True
2194839752992,0.03152096,0.018536659,150.14809,0.3707913029723487,True,True,False,True
2129762920826,0.030294571,0.04817523,180.26346,-2.2234344026499144,True,True,False,False
2328204730254,0.06490332,0.011062991,67.63904,3.877548638803965,True,True,True,True
2359321312144,0.0179212,0.0428157,108.45267,-1.155227685981385,True,True,True,False
2357739557872,0.12471488,0.036208246,351.72086,-3.221378563102445,False,True,False,False
2286932372342,0.020156374,0.04862422,247.48389,-0.068251748549695,True,True,False,False
2550446955268,0.08918565,0.10515403,135.9213,-2.0370799487215105,False,False,True,False
2609831939636,0.034738455,0.029659387,146.742,-1.378839140337981,True,True,True,False
2559662317920,0.05381261,0.09451338,183.09767,0.9997666268171552,True,False,False,True
2532986858582,0.039678823,0.026265932,107.90689,-0.238695831819495,True,True,True,False
2582839967940,0.036493246,0.043320954,260.4023,-1.3788814303603891,True,True,False,False
2633643419672,0.00802921,0.01580578,44.246204,2.625194787834209,True,True,True,True
2714615883530,0.041443933,0.03403444,231.36868,-0.8682445059791455,True,True,False,False
2544725750060,0.022761634,0.02561576,159.15862,0.7744921136388087,True,True,False,True
2712701667226,0.011368949,0.053353835,162.76276,-0.75716543457104,True,True,False,False
2557759265352,0.0314403,0.04096044,182.54636,0.2552308368893521,True,True,False,True
2934323444154,0.020923642,0.03443955,150.02553,0.7527555212046343,True,True,False,True
2928299132732,0.052806947,0.06235503,183.133,-0.992847837856204,True,True,False,False
2883844947394,0.021672092,0.05010631,312.33554,0.2521688495758956,True,True,False,True
2528872681456,0.0060284864,0.029385163,36.805008,2.735363874935425,True,True,True,True
2708909344110,0.0146760205,0.043944705,337.59363,-1.2214866317416786,True,True,False,False
2948640295040,0.030520057,0.039361857,115.830124,-0.4001648130500706,True,True,True,False
2911803464968,0.03998844,0.05128673,254.76357,0.6010110383776124,True,True,False,True
2575213290488,0.025836656,0.053035773,51.02599,2.1711603123939205,True,True,True,True
2630786951104,0.009495704,0.023492808,89.632324,2.137877591927223,True,True,True,True
2719052371024,0.017744081,0.006265856,102.21195,0.2562956541280302,True,True,True,True
2629209304820,0.046780117,0.03569979,127.78648,0.9638135583406042,True,True,True,True
2658114360534,0.05432668,0.031322196,187.87822,-0.177738289979687,True,True,False,False
2921324228486,0.047118247,0.059318878,357.0961,-1.6313299596315507,True,True,False,False
2879101653596,0.042945538,0.019183954,266.6015,-0.1548908881681892,True,True,False,False
2084918211582,0.03771193,0.08088181,159.3397,-0.6995217104022835,True,False,False,False
2095400429180,0.09153129,0.101256385,207.14679,-0.8277784900852989,False,False,False,False
2070325169218,0.011263285,0.021714011,141.5049,2.275490767770179,True,True,True,True
2360532526376,0.050575145,0.09506066,489.9973,-3.866140258882784,True,False,False,False
2288139377742,0.029192973,0.06616316,209.97908,1.059345211688557,True,True,False,True
2314813250112,0.034268815,0.018330615,174.35953,-0.8846699610461211,True,True,False,False
2264960796452,0.005891681,0.033100378,65.33437,2.179496089292327,True,True,True,True
2155118506206,0.0119515145,0.018882474,45.35258,3.870836738886811,True,True,True,True
2174483068698,0.060847547,0.04246646,280.82236,-2.552836387998065,True,True,False,False
2069390298996,0.024988867,0.05047313,92.701454,-0.6323921556019897,True,True,True,False
2396750949396,0.06564901,0.04748252,206.3945,-1.7467274242389776,True,True,False,False
2032859926326,0.02458276,0.02859852,105.130455,1.1051889762450091,True,True,True,True
2018241457734,0.03529675,0.11667733,260.0052,-1.3613127742130269,True,False,False,False
2095730348940,0.08869944,0.061775208,260.39432,-0.1408365932932533,False,True,False,False
2357349919306,0.0151703525,0.021839641,130.3189,1.1094530195795511,True,True,True,True
2486913930586,0.06544329,0.042676505,255.19548,-0.6416517583415178,True,True,False,False
2274180015712,0.022823524,0.03160859,57.431355,1.6084288237495925,True,True,True,True
2300852653238,0.005086083,0.010939624,145.42764,1.5858286773474697,True,True,True,True
2349447904810,0.0511888,0.058358762,132.0245,1.056596841216345,True,True,True,True
2298001273748,0.01662264,0.034038056,82.84362,2.056561434060611,True,True,True,True
2550717985526,0.01610564,0.03480207,157.39185,0.3848309463624032,True,True,False,True
2787601487072,0.031206472,0.0798059,222.97134,-1.4544155484971242,True,False,False,False
2931123904256,0.015940432,0.033945978,160.06516,0.9158611434913037,True,True,False,True
2782197045720,0.12270404,0.06949131,122.44937,-1.8982685997951612,False,True,True,False
2971762231492,0.022708863,0.015705701,41.294838,3.029392660501015,True,True,True,True
2565355958788,0.06796524,0.07143295,148.12419,-1.1969292911810845,True,False,True,False
2704429996140,0.008800869,0.013965235,126.715126,0.7117552846732367,True,True,True,True
2752680789094,0.11087237,0.1025624,104.93064,0.4046660005195646,False,False,True,True
2944146507982,0.0117164925,0.047271885,134.25536,0.5370794268277693,True,True,True,True
2885728826050,0.014035867,0.02835066,111.85558,1.3280540704486268,True,True,True,True
2756472911620,0.047330223,0.014015807,214.6277,-0.1900573553967929,True,True,False,False
2692972993998,0.021126153,0.02577594,210.42851,0.0759244242918092,True,True,False,True
2769175626986,0.014484336,0.044930693,171.13226,0.7877607003488378,True,True,False,True
2531990253772,0.016077265,0.039184064,87.09973,1.7340205039734924,True,True,True,True
2637401904244,0.015964022,0.077113,262.5316,-0.6558640779148917,True,False,False,False
2949858795590,0.010764336,0.064853504,146.5932,1.6465747319812234,True,True,True,True
2863162051454,0.014335423,0.053914748,68.26173,0.9835673255803068,True,True,True,True
2810768782484,0.047502402,0.06578332,264.55295,-1.0072152660583282,True,True,False,False
2837121102710,0.009200921,0.020550419,69.30111,3.9380113552890377,True,True,True,True
2891425867712,0.01185291,0.06310873,310.3516,-0.1446050361966878,True,True,False,False
2838403883638,0.023234906,0.02550603,176.21794,0.1250429207491654,True,True,False,True
2691099449864,0.0071107335,0.030459637,171.99187,0.6501835810120901,True,True,False,True
2699987817852,0.023215763,0.12185405,198.50407,-1.180022539097999,True,False,False,False
2691097787710,0.012001557,0.027503185,45.972347,2.702818070153151,True,True,True,True
2833982466790,0.016307015,0.054075684,127.1378,1.1577836851702124,True,True,True,True
2786981922572,0.01091852,0.060747188,183.4067,1.4001929698058817,True,True,False,True
2858750589908,0.015860809,0.025445733,156.37563,0.897669743110066,True,True,False,True
2042729480072,0.02866446,0.039366923,256.73834,-1.0587090589463375,True,True,False,False
2208159693492,0.009325131,0.010704992,39.350254,2.1950125177266404,True,True,True,True
2349138522286,0.08781992,0.03454256,161.63315,-2.2177145832343315,False,True,False,False
2502188278870,0.015413219,0.060140286,115.89969,0.7546485704726638,True,True,True,True
2430751470338,0.025033856,0.006942844,171.3881,-0.7360765430664097,True,True,False,False
2215796880654,0.018601518,0.037208144,127.202805,0.564871136111632,True,True,True,True
2177382328800,0.014255333,0.029002167,136.66693,2.2367232436266318,True,True,True,True
2416785805648,0.013794007,0.026199313,136.32115,0.8662579873219348,True,True,True,True
2321840750294,0.024427077,0.034070272,383.5963,1.7390446814526437,True,True,False,True
2351995398546,0.011154328,0.017727453,153.66905,1.169634666508716,True,True,False,True
2047202103440,0.054746702,0.088277474,230.2423,-1.9034381346546103,True,False,False,False
2107521277904,0.051549744,0.064769626,191.31633,1.022457892489348,True,True,False,True
2150390358120,0.018355068,0.065418616,164.98932,0.5430307565455161,True,True,False,True
2090393467690,0.031892024,0.019003747,268.90244,0.1943151465457203,True,True,False,True
2199927358918,0.062175006,0.055746466,211.60463,-0.9630380929756486,True,True,False,False
2405999325384,0.05128775,0.019165857,207.62328,1.3275920074804886,True,True,False,True
2324076898358,0.031678244,0.038220126,157.46523,0.5311699650890502,True,True,False,True
2529170144642,0.031297393,0.07933282,98.69686,0.5086727688592495,True,False,True,True
2613310223998,0.032590844,0.1083076,239.12552,-0.7748227526994494,True,False,False,False
2510442185704,0.042989604,0.06458223,157.29578,-0.1655218266400012,True,True,False,False
2636169774300,0.045259465,0.15049607,146.69342,-1.2140609862461331,True,False,True,False
2633321922358,0.0081550125,0.0235459,135.35556,-0.2899580731866014,True,True,True,False
2903205227368,0.04469163,0.047314167,209.85606,-0.2568632729531829,True,True,False,False
2942897697126,0.044928897,0.04439314,153.10606,-0.212923081473749,True,True,False,False
2798745936562,0.06696445,0.05828688,247.33955,-1.6717535286555405,True,True,False,False
2584756960934,0.12614399,0.03357383,165.3017,-3.175039843557969,False,True,False,False
2636840422002,0.023359338,0.048715252,184.23756,-0.5591462458939903,True,True,False,False
2786381454604,0.021212598,0.039714888,307.9391,0.2339979596906181,True,True,False,True
2811142621890,0.019618211,0.015783768,105.315216,0.7091187213739006,True,True,True,True
2989273584754,0.076113485,0.07244264,199.25142,-2.2448762114798573,False,False,False,False
2805758112300,0.11092846,0.14073497,482.1316,-1.9391105659726664,False,False,False,False
2885461857986,0.028430643,0.07336342,172.72276,0.2159223539269245,True,False,False,True
2617120213620,0.05528396,0.048003837,185.41891,0.9618665408343,True,True,False,True
2505053091922,0.010562486,0.035993602,165.41203,0.1297657670099929,True,True,False,True
2878759867810,0.07585573,0.051942706,227.54294,-1.783465769531,False,True,False,False
2913683489638,0.0383671,0.02774016,96.8626,0.6720244824549867,True,True,True,True
2928621470622,0.026740381,0.020582762,105.76239,0.4943311212881201,True,True,True,True
2708919629376,0.027952285,0.045537185,276.25568,0.6454317991468143,True,True,False,True
2746697076722,0.018249758,0.04155696,165.25168,2.981593088472458,True,True,False,True
2645411850612,0.02011156,0.060472224,129.1122,1.5731005921949714,True,True,True,True
2740983858904,0.029977454,0.055454433,161.41711,-0.9297045277401694,True,True,False,False
2949907053348,0.062066074,0.031414066,148.55956,0.1691322999260116,True,True,True,True
3134017946320,0.02096277,0.019868134,143.16072,-1.543241464879589,True,True,True,False
3063832066204,0.01627528,0.024409924,182.08443,0.7969788556200136,True,True,False,True
3356585782444,0.04121918,0.08047513,287.33386,-0.2728230885753415,True,False,False,False
3340710362524,0.0151705835,0.031397108,113.32169,1.5456112514802114,True,True,True,True
3435974704486,0.1137313,0.033843488,220.54164,-2.6012421019911427,False,True,False,False
3055924909872,0.11085812,0.035188943,189.29831,-3.5045224242913235,False,True,False,False
3040053017656,0.016044838,0.03802983,1999.4072,-0.8046081599570847,True,True,False,False
3046398604876,0.03664965,0.03977039,121.83271,2.196406926816365,True,True,True,True
3148009565704,0.034689017,0.081713334,271.68665,-0.0052192030762872,True,False,False,False
3093066561126,0.03373119,0.054054778,229.06207,-0.8981340446282196,True,True,False,False
3230871626872,0.016565667,0.020129878,60.659,2.828808027169175,True,True,True,True
3369630612750,0.014959518,0.046156026,97.51806,-0.4776067177371004,True,True,True,False
3357884566538,0.024378061,0.0779875,173.21301,0.9151519971063958,True,False,False,True
3210532380058,0.024262484,0.031597715,172.5583,-0.2340553135267701,True,True,False,False
3224511853118,0.15768464,0.06586811,189.18071,-3.423604520696273,False,True,False,False
3205463954404,0.017626109,0.026615653,199.46704,-0.4983743063251619,True,True,False,False
3128623560674,0.00809253,0.013555716,51.76617,2.140086767057855,True,True,True,True
3259747576914,0.017803743,0.04313394,185.05354,0.1014566727846619,True,True,False,True
3492491903910,0.009583567,0.019619558,145.05508,1.702108104474379,True,True,True,True
3318813050960,0.056709323,0.05368228,225.00288,0.8760171959002225,True,True,False,True
3420414487018,0.023763727,0.033376686,80.295715,2.0110891316045336,True,True,True,True
3015919333392,0.008611155,0.048059218,56.023342,1.9491886361133115,True,True,True,True
3720162562936,0.005860433,0.016485197,29.086674,3.254661138248572,True,True,True,True
3581405592922,0.035004556,0.10144254,229.66547,-0.1156538101310538,True,False,False,False
3730954160692,0.016813494,0.043632895,74.568275,1.765155020906126,True,True,True,True
3681107628632,0.023603464,0.021792881,162.35144,0.2769335452713062,True,True,False,True
3810333101798,0.021357832,0.0114406785,169.22183,-0.1661182748501906,True,True,False,False
3837010730238,0.059022605,0.025925545,228.31895,-1.7533839274328444,True,True,False,False
3505208805246,0.019366207,0.022212775,114.65483,1.3169309282876802,True,True,True,True
3922121864514,0.049487337,0.035885073,358.60513,-1.3212467639635754,True,True,False,False
3737011510516,0.031665973,0.048056364,269.66617,-1.5612931157450471,True,True,False,False
3923386678306,0.06722546,0.05523945,114.81916,-0.8622273790558983,True,True,True,False
3965942447690,0.04458612,0.052004132,99.513306,0.2034723207170151,True,True,True,True
3631565891276,0.03747573,0.058469195,192.09384,-2.0249480239372777,True,True,False,False
3583930709892,0.06453535,0.06854817,241.24953,-2.1762045301258,True,True,False,False
3732219630888,0.017325718,0.043132555,195.32596,1.276897123390749,True,True,False,True
3783975466680,0.02190917,0.017137669,191.91338,0.4649224927513304,True,True,False,True
3999575830288,0.079237945,0.08552466,342.9376,-2.549663818591178,False,False,False,False
3589032071356,0.0055185803,0.025428504,79.96538,3.452903955305293,True,True,True,True
3585226997146,0.045935262,0.05244466,224.7707,-1.8091986720409985,True,True,False,False
3805897978728,0.007073778,0.01934765,50.007523,2.4619595850516305,True,True,True,True
3753837627108,0.015980564,0.019042179,266.90338,-0.5775733677331207,True,True,False,False
3186119929128,0.030639064,0.074908316,180.46771,0.1360687986471287,True,False,False,True
3013705939494,0.014109154,0.033569224,113.46932,-0.1155041321652872,True,True,True,False
3235648740474,0.07023137,0.04397447,117.22653,-0.0348029352509565,False,True,True,False
3314078448568,0.021811156,0.082314305,264.5155,-0.0514787887302364,True,False,False,False
3059763122056,0.0909626,0.035773117,87.3728,-0.1004178160349118,False,True,True,False
3128998030748,0.058364846,0.034836818,158.26045,-0.5113046946794695,True,True,False,False
3308716769904,0.016730312,0.0182175,157.61272,1.3892558984876406,True,True,False,True
3308065627834,0.0130089065,0.037013505,72.73597,2.324358060148377,True,True,True,True
3435403369964,0.037335936,0.027848925,146.605,0.3993893825480953,True,True,True,True
3168346773772,0.021685759,0.044412397,321.28864,-0.4808359569900534,True,True,False,False
3126439652878,0.014706024,0.057216868,181.25908,-0.9767082681660548,True,True,False,False
3498556309908,0.047154747,0.089216806,206.80661,-2.1448915504643624,True,False,False,False
3432211766016,0.0048285984,0.0123908445,94.4289,1.5002864735351238,True,True,True,True
3240765399958,0.072136685,0.023659319,297.00214,-1.283066256606261,False,True,False,False
3174714763974,0.052485134,0.02669729,146.6368,-3.050821131029358,True,True,True,False
3466516299594,0.023877501,0.04837781,228.68814,-0.361594754213441,True,True,False,False
3698915611146,0.016562374,0.020870276,186.69994,0.2193175564563014,True,True,False,True
3707485854672,0.036655087,0.010902829,158.88843,0.7745467225859982,True,True,False,True
3654786228314,0.026358852,0.02185042,385.5797,-3.519508023688505,True,True,False,False
3566220222958,0.016896917,0.034381595,109.34921,1.7413152110651624,True,True,True,True
3632887932302,0.011201168,0.033049993,53.197124,2.956390743742067,True,True,True,True
3784659920854,0.019311665,0.049678244,152.92946,-0.4554750186678922,True,True,False,False
3767205544638,0.05430906,0.05754089,227.4414,-1.2576406101337498,True,True,False,False
3817058578462,0.0421596,0.044931594,244.5871,-0.9803573964391544,True,True,False,False
3733237154338,0.039915215,0.06106766,140.51935,3.7757206018310967,True,True,True,True
3615411910144,0.066766135,0.026348919,128.62631,-1.2896554353065328,True,True,True,False
3525230358734,0.054056864,0.029267112,62.450905,1.348964081203392,True,True,True,True
3728146654686,0.016404111,0.008341991,117.45297,0.1736206823473201,True,True,True,True
3693537807600,0.02843954,0.034438595,188.0224,1.4500450669022524,True,True,False,True
3544315830674,0.029901348,0.026224652,164.421,0.3062323242916254,True,True,False,True
3875797663504,0.034316048,0.0671691,222.59932,-0.2523113700749688,True,True,False,False
3996141246446,0.04229775,0.055608824,212.14165,-1.180419200396731,True,True,False,False
3924061006682,0.0321082,0.044194132,123.50638,-0.3556123538011872,True,True,True,False
2684268980,0.011620919,0.034358718,30.278564,3.0071397680669008,True,True,True,True
3962480725052,0.06148996,0.08861824,143.37248,-0.7403556340199366,True,False,True,False
3240705223492,0.050282076,0.016680624,123.324776,0.5757921250067541,True,True,True,True
3035265576166,0.011488531,0.0072071506,183.25606,0.5623684260045583,True,True,False,True
3191803137886,0.065908365,0.054031145,232.95383,-2.562393667704635,True,True,False,False
3477257422420,0.0031674316,0.022828061,262.23743,0.810944266513,True,True,False,True
3409941418588,0.018166311,0.0808109,213.68312,-0.5909066109508161,True,False,False,False
3284211210186,0.15737322,0.047374398,220.4934,-5.658716782641939,False,True,False,False
3180360549216,0.04843574,0.020164179,116.005486,0.6511076374666084,True,True,True,True
3216878725814,0.008801581,0.04512414,115.547035,0.3252282813688731,True,True,True,True
3193388873504,0.015188652,0.040182557,194.37103,0.7255310333820453,True,True,False,True
3429632220792,0.018108362,0.036058772,133.34036,0.4205084617949067,True,True,True,True
3265474456978,0.07748672,0.13129678,568.1153,-2.4684174406857946,False,False,False,False
3492495839036,0.029876644,0.023872769,259.2757,-0.6509423651275448,True,True,False,False
3043531655310,0.018635107,0.041903064,207.7049,-0.1789782633202192,True,True,False,False
3014014114344,0.04887498,0.07017318,161.76183,-0.5660649589213838,True,False,False,False
3201034856520,0.019684248,0.052453287,232.6181,-2.062432988930064,True,True,False,False
3302953787428,0.026714416,0.042270187,119.13506,0.0449814609629379,True,True,True,True
3310897709688,0.003354243,0.04009187,48.27251,2.042612555859161,True,True,True,True
3450606257362,0.06377162,0.028304921,195.04416,-0.9165847279657644,True,True,False,False
3721743462804,0.0245502,0.04959522,128.80867,1.2640499280021729,True,True,True,True
3544571965598,0.05747836,0.038036108,275.28207,-0.8824780281205954,True,True,False,False
3529021044782,0.017565973,0.05105253,164.38954,1.6755761623681775,True,True,False,True
3711281480846,0.013306451,0.0453032,131.6428,-0.7064417497574729,True,True,True,False
3526809341494,0.02864716,0.09919404,144.65314,-1.4853765392285792,True,False,True,False
3802736615512,0.06972508,0.031116134,161.58112,1.24697432729783,True,True,False,True
3709037095856,0.060902704,0.04369363,92.48284,6.0384499678250165,True,True,True,True
3893206708862,0.08391655,0.103646316,69.192566,-0.3194620037534317,False,False,True,False
3681752173280,0.012428735,0.045912836,180.85582,0.7213612879322691,True,True,False,True
3603329168116,0.017566232,0.027830629,303.9135,-1.0970241784816637,True,True,False,False
3952279666132,0.017565332,0.05940382,133.0353,-1.7793443260037356,True,True,True,False
3989439813492,0.03952514,0.053401746,378.0912,-3.007321460799285,True,True,False,False
3143575023976,0.07268199,0.044764355,129.5386,-3.3213803032595037,False,True,True,False
3218512844140,0.013980598,0.010771567,187.6248,0.4109864470450671,True,True,False,True
3309960795820,0.013367376,0.038485367,143.78053,1.703039908478905,True,True,True,True
3031830815376,0.022969183,0.016457604,162.15529,-0.2302167401910804,True,True,False,False
3173759635240,0.12989444,0.07233937,168.26434,-2.335942123575555,False,False,False,False
3309656657278,0.023876473,0.049509477,304.33148,0.1953122725141232,True,True,False,True
3163581281134,0.023175348,0.039823275,93.44773,1.3797882072009378,True,True,True,True
3292804159202,0.07528129,0.023558337,135.99173,-0.425689230788161,False,True,True,False
3481726316968,0.044032257,0.035885725,144.11548,0.4518700703871713,True,True,True,True
3387751510082,0.026021134,0.03695988,107.53841,3.308482673106436,True,True,True,True
3077870688156,0.069759235,0.10388309,97.19678,0.975247530156134,True,False,True,True
3259168509554,0.022452256,0.017079534,61.52983,1.6134326017370155,True,True,True,True
3336332044002,0.060957603,0.037454404,270.19962,0.0287784551697314,True,True,False,True
3375377503822,0.019278377,0.02080237,255.33504,1.3685190784137684,True,True,False,True
3418882834508,0.06550432,0.06370572,331.161,-3.147253961048718,True,True,False,False
3663999805416,0.017609484,0.01263628,121.23688,2.085300579641781,True,True,True,True
3947214767774,0.011499911,0.020341044,232.73386,-1.1874019183197309,True,True,False,False
3648460627366,0.021467473,0.07978841,354.84222,-0.6835031008689592,True,False,False,False
3687182545324,0.025660614,0.04786097,137.97986,1.0159816696429618,True,True,True,True
3738946243072,0.03005526,0.0607474,243.27097,-0.7405929224365202,True,True,False,False
3671313223716,0.02552525,0.06292445,256.68478,-1.085082595677659,True,True,False,False
3736730029418,0.05095834,0.033716697,144.42621,-0.5091796155538737,True,True,True,False
3895161622190,0.018582541,0.04858962,104.29512,1.396649747509657,True,True,True,True
3938036903246,0.066892765,0.027334966,178.88188,-3.7965216677801967,True,True,False,False
3836397592334,0.07095108,0.02932691,107.022194,0.509114828323834,False,True,True,True
3866889694198,0.042149436,0.042418834,50.566288,1.620675570845754,True,True,True,True
3724652049064,0.021649245,0.069760434,195.15688,0.1227576403872048,True,True,False,True
3515738429608,0.042428114,0.018041786,236.86812,0.481348135310061,True,True,False,True
3955806078536,0.011857112,0.028653724,55.039284,3.12132635934668,True,True,True,True
3846266996694,0.024836455,0.03956167,42.54445,2.121315686845109,True,True,True,True
2057865535570,0.014607929,0.04064516,262.8644,1.3115384703886566,True,True,False,True
2202325569244,0.096852474,0.036308523,102.42223,0.9458790705507736,False,True,True,True
2371882256734,0.025051171,0.018096814,99.17158,0.3020083106444653,True,True,True,True
2389665342778,0.022731734,0.028445328,133.05035,1.4137789714918898,True,True,True,True
2096291478600,0.079392284,0.06305435,277.3529,-0.4852902482856712,False,True,False,False
2189957762030,0.057426423,0.056895107,184.85349,0.2506573487313335,True,True,False,True
2024225476470,0.04845486,0.035740986,170.63437,-0.1711578213013962,True,True,False,False
1985485970230,0.03259864,0.10944604,195.10725,0.7126773829765398,True,False,False,True
2455721396082,0.082510985,0.02722368,254.26796,-1.160165946686896,False,True,False,False
2319518168164,0.06522057,0.048158295,196.06303,0.06435401915198,True,True,False,True
2363333736326,0.037447643,0.06433068,145.25285,1.4715003703909566,True,True,True,True
2334124693730,0.0074298596,0.016570777,216.19348,0.4490171467834441,True,True,False,True
2163583644270,0.01703038,0.046007242,124.483765,2.244259550301061,True,True,True,True
2294409016818,0.019362768,0.041162323,178.4157,0.6003591487146467,True,True,False,True
2473488129588,0.04164251,0.13311765,156.42273,-0.1815465276551572,True,False,False,False
2481113044930,0.008262756,0.04853751,121.142555,1.4671850202891483,True,True,True,True
2049936407618,0.0815068,0.10400395,224.31007,-2.747830604778212,False,False,False,False
2228069739734,0.037327316,0.062361013,73.30336,2.792606933033901,True,True,True,True
2455104578378,0.07234436,0.027705455,272.62125,-2.927945951879216,False,True,False,False
2561438143342,0.05718024,0.06849876,233.06406,-0.2157778841372005,True,True,False,False
2824661844972,0.10788438,0.059672095,165.75552,-3.0196959954564657,False,True,False,False
2797358930070,0.054196853,0.11389817,151.61494,-0.2939222307030787,True,False,False,False
2997390180298,0.009049655,0.0146967955,55.706615,2.6325714404003304,True,True,True,True
2947549796692,0.0924798,0.042971037,91.247284,-0.9782615453995808,False,True,True,False
2912297114336,0.008465446,0.018468624,51.536736,2.4437529829986824,True,True,True,True
2570028471124,0.05505103,0.028935093,288.9164,-2.50636941375737,True,True,False,False
2630055929820,0.0088402955,0.022990381,126.16983,0.5300673123484988,True,True,True,True
2738642099340,0.06131666,0.042095575,154.43004,1.030705118456169,True,True,False,True
2830717707960,0.10446947,0.083828315,227.06314,-3.433410147210261,False,False,False,False
2970428196246,0.005628375,0.004477152,91.26155,2.361033324201524,True,True,True,True
2930742757240,0.004473063,0.03242661,154.76833,0.8124801980851512,True,True,False,True
2763729279034,0.014057019,0.04191759,148.96451,1.2293462527016132,True,True,True,True
2553504278170,0.0071391272,0.027331386,110.68268,3.331079469931443,True,True,True,True
2802450743060,0.042565286,0.0702251,137.89636,-0.6429741881442246,True,False,True,False
2734184044196,0.006524537,0.036431067,93.26379,1.2043053564916817,True,True,True,True
2993911170130,0.04836669,0.0696132,160.56326,-1.4256627599729246,True,True,False,False
2926279713812,0.031022532,0.053081296,112.17454,1.1495896446650358,True,True,True,True
2533512890530,0.153573,0.16117708,352.8047,-4.722749747031996,False,False,False,False
2518600791028,0.083637565,0.105340354,170.42685,-0.2081731962318379,False,False,False,False
2536687385698,0.019684391,0.053327307,223.43913,3.327977022171873,True,True,False,True
2785948977156,0.014877383,0.029911099,21.773594,5.099080999149325,True,True,True,True
2835798735896,0.13152741,0.049333453,57.062485,-1.923502643304,False,True,True,False
2382085232650,0.04288377,0.044410244,164.02661,-1.144385327991452,True,True,False,False
2422086125396,0.02915236,0.04552147,172.1467,0.0767530366983371,True,True,False,True
2393199895188,0.01091721,0.025229061,158.75142,0.4612801329795892,True,True,False,True
2064261295496,0.046448026,0.014374477,275.66824,-2.0565058117061468,True,True,False,False
2220796437330,0.008569569,0.03022299,93.658264,0.0724045480505448,True,True,True,True
2495785137400,0.035680495,0.05713752,318.83887,-1.4798226139659678,True,True,False,False
2378934452116,0.01904446,0.021385133,199.03818,0.6329078911158069,True,True,False,True
2105836861482,0.007442779,0.022531733,121.671196,1.9125073574791844,True,True,True,True
2006457612394,0.009311374,0.052515615,159.72159,1.1558074638573632,True,True,False,True
2023923253896,0.0030874205,0.029253809,72.21385,2.364383750027336,True,True,True,True
2256347994648,0.041647017,0.069648325,204.96306,-0.9099017427653072,True,True,False,False
2087737491944,0.0124003785,0.019913236,169.92827,-1.4218632446054622,True,True,False,False
2066156413304,0.010280367,0.013153311,128.85373,1.0334804200247072,True,True,True,True
2413200455126,0.045890383,0.056111675,192.06923,-0.3734225165568149,True,True,False,False
2438285266330,0.061284933,0.041202195,268.96027,-2.2692750815898344,True,True,False,False
2458928526794,0.03106655,0.03811011,169.04633,2.5358019354115657,True,True,False,True
2320172085354,0.087478094,0.021072306,99.28205,-0.496237966243525,False,True,True,False
2391300295288,0.008021275,0.020901542,135.71704,0.3871525498190467,True,True,True,True
2102685224190,0.02663594,0.025921931,105.547264,0.2691725932839243,True,True,True,True
2605626746130,0.03813683,0.08922276,170.18665,0.0456642589119996,True,False,False,True
2568142528296,0.017636854,0.033057064,186.04639,-0.8752516932386396,True,True,False,False
2751994899276,0.01557833,0.03452803,293.12842,0.2758358143562911,True,True,False,True
2793599518608,0.060612563,0.025355032,222.5889,-1.1808874967556546,True,True,False,False
2762793981592,0.10413189,0.003906643,99.61004,1.041551742329318,False,True,True,True
2766291590158,0.025984026,0.050384924,141.62784,0.579334195851906,True,True,True,True
2619602491136,0.01394046,0.045535047,184.05222,-0.1324531246245563,True,True,False,False
2809493587890,0.019204142,0.03599763,198.44592,1.1664259024530683,True,True,False,True
2832007646702,0.05096036,0.034991033,292.37573,1.6826612244039263,True,True,False,True
2870744481882,0.047652625,0.04523823,134.3371,0.2949556281060242,True,True,True,True
2836458395364,0.006363526,0.013578379,179.11113,-0.1275822055622802,True,True,False,False
2916473058296,0.0069433325,0.03037194,140.80998,0.2886197589626311,True,True,True,True
2822824263118,0.013192823,0.022527458,112.03137,1.9127013538664488,True,True,True,True
2894257771474,0.033640955,0.051252533,185.14835,0.8440770862399412,True,True,False,True
2860610756328,0.0023130842,0.017865235,97.05057,1.2290815194397429,True,True,True,True
2079129500078,0.026054295,0.03066968,146.86671,1.6691319242225888,True,True,True,True
2218203361076,0.056147877,0.005866523,257.4737,1.45821811649872,True,True,False,True
2009277519504,0.031155152,0.055041064,130.58347,0.7307018659051515,True,True,True,True
1992757911676,0.02504715,0.06222472,131.91667,1.4937542376888149,True,True,True,True
2161696091250,0.019872632,0.039035942,125.359665,0.049322274451103,True,True,True,True
2481127334044,0.04559116,0.038193647,140.80836,6.124618225389975,True,True,True,True
2473833470984,0.011310017,0.06515918,40.459686,1.543991526635781,True,True,True,True
2503998878876,0.009644288,0.038745668,48.466625,3.629226393243343,True,True,True,True
2128988810164,0.060812082,0.09466755,292.07486,-1.5402962816052408,True,False,False,False
2376014960540,0.012954366,0.028765835,71.235825,1.5040038971160412,True,True,True,True
2360779721078,0.043721452,0.022622049,121.947296,-0.0144082571462709,True,True,True,False
2326474633638,0.011851214,0.035816904,175.76633,0.7760820265847339,True,True,False,True
1999129253828,0.01353463,0.05701472,112.68629,0.2948278740560028,True,True,True,True
2170593204840,0.011919098,0.063023165,200.5917,-0.9136422558953416,True,True,False,False
2039787892096,0.044356063,0.026792362,168.06906,-0.4769390267236997,True,True,False,False
2014062422230,0.04770982,0.032288797,243.38298,0.1927395120934887,True,True,False,True
2085184785262,0.069559194,0.053110056,257.85464,-1.438693961948066,True,True,False,False
2222676111470,0.018198231,0.02950167,114.520966,-0.3923402236477091,True,True,True,False
2421747115102,0.0058045727,0.023449432,160.40694,0.2348879595113154,True,True,False,True
2467160715150,0.035191353,0.046853796,344.34793,-1.1119167818786868,True,True,False,False
2744340377416,0.10583915,0.079187505,924.3683,-5.893631829115148,False,False,False,False
2964061369486,0.034447987,0.031748235,115.63758,2.4166979097422043,True,True,True,True
2771985657996,0.03343256,0.028671144,112.965034,0.3156530831838531,True,True,True,True
3003124594812,0.015381897,0.0349935,70.21239,2.636129771047534,True,True,True,True
2992964433786,0.0060583544,0.026535645,52.837334,1.415641542557892,True,True,True,True
2736401017540,0.030135922,0.024608579,201.60687,-0.7260215792822938,True,True,False,False
2669407749806,0.017185532,0.051490594,124.24232,1.2978125107027516,True,True,True,True
2735120378756,0.014771229,0.042369753,214.30522,5.213690621870342,True,True,False,True
2832914597998,0.02452687,0.020546257,106.068825,-0.3627355593513833,True,True,True,False
2900563065402,0.030850226,0.07385946,250.9486,-0.6967618892448508,True,False,False,False
2754508301154,0.05829999,0.05554885,106.40903,1.903675751761863,True,True,True,True
2674502030372,0.030020494,0.019338572,279.4737,4.1859800918156775,True,True,False,True
2724357584320,0.022650646,0.009240902,178.23145,-0.0622745842752243,True,True,False,False
2813253658882,0.013886822,0.055940792,190.39037,0.2848211626755795,True,True,False,True
2871686209390,0.005498222,0.031199215,169.96936,0.7635407337829878,True,True,False,True
2922804813098,0.0072077815,0.013181196,56.788383,2.312504414636484,True,True,True,True
2928522416260,0.11583139,0.068812616,284.65076,-1.6554407564261364,False,True,False,False
2070605473728,0.04921242,0.04134999,125.83424,2.252763877307254,True,True,True,True
2054079466130,0.08097185,0.012713506,119.66175,-0.1254117102282502,False,True,True,False
2304925104680,0.0077883387,0.08441217,165.54147,-1.1400237392629342,True,False,False,False
2478283816968,0.016171427,0.058390513,211.21474,1.3015324645646815,True,True,False,True
2444324649902,0.041939285,0.04617819,320.63226,-3.986744612854728,True,True,False,False
2354791671056,0.037713986,0.06433555,121.77394,0.2725135331727976,True,True,True,True
2243335751124,0.0073024523,0.02413388,156.94104,0.9916684884294704,True,True,False,True
2009319681342,0.015973324,0.01906559,119.29743,2.641288165872831,True,True,True,True
2148080179736,0.012405179,0.040069304,171.17084,0.2597303119388791,True,True,False,True
2354147710418,0.012164724,0.05801957,101.29188,0.9327835451411022,True,True,True,True
2386523461942,0.015142161,0.09212675,229.71085,-0.9286821638370653,True,False,False,False
2304932791840,0.0141169485,0.02912365,247.93677,0.3695006292334155,True,True,False,True
2290328661018,0.018587805,0.030597866,76.58028,0.2132065147253106,True,True,True,True
2005849035584,0.011225982,0.056897376,113.49238,1.3685847733972007,True,True,True,True
2234782139710,0.013347127,0.07054278,241.56691,-0.9535893878707484,True,False,False,False
2193505044070,0.12729582,0.040817793,123.245125,-2.843193847272508,False,True,True,False
2254775241044,0.017422663,0.014005926,116.0557,0.7071325902859056,True,True,True,True
2219219099618,0.018792795,0.014343963,234.1938,-0.3051290474994936,True,True,False,False
2571318840016,0.022191983,0.050470546,82.5402,0.9523156465299694,True,True,True,True
2547509855402,0.019752588,0.0460274,318.4857,-0.599783876612083,True,True,False,False
2628791673822,0.017657766,0.017367564,93.98326,1.6869686077066783,True,True,True,True
2839311793182,0.011101462,0.027476814,181.61885,-0.0402897428218641,True,True,False,False
2974571331218,0.026336264,0.06568229,148.85051,2.655873685902196,True,True,True,True
2762477396312,0.035818923,0.016868087,55.199818,2.492850123698625,True,True,True,True
2578339811470,0.033651657,0.04921843,237.711,0.5255053437118121,True,True,False,True
2591039679672,0.034116406,0.03337183,339.2497,-1.5889145799208686,True,True,False,False
2512610148820,0.030383386,0.05450563,61.798794,1.3678040690380822,True,True,True,True
2693280439628,0.009948878,0.034061745,165.85025,0.4906495244840583,True,True,False,True
2917121933886,0.012670561,0.037167802,195.415,-0.4107276729624027,True,True,False,False
2753287964768,0.036479197,0.044973504,85.69075,1.1140405510620022,True,True,True,True
2871405757514,0.036021728,0.047857158,233.23303,-0.8599315614563543,True,True,False,False
2686261056532,0.03699602,0.047569837,36.302525,1.6885420491058505,True,True,True,True
3009820261048,0.026597593,0.018253017,212.22481,-0.3993662129573652,True,True,False,False
2985691790152,0.09626618,0.05631417,357.89236,-2.733552185276182,False,True,False,False
2864089190988,0.028165614,0.048548285,213.48016,0.2665449091320092,True,True,False,True
2938700872618,0.017446183,0.030828282,104.98669,0.4385584728048961,True,True,True,True
2941559031344,0.016972255,0.0420056,135.2839,0.1901318920343819,True,True,True,True
2552603607912,0.026284678,0.041755326,80.28882,0.7211733854731499,True,True,True,True
2687240379046,0.06720743,0.09138103,80.96519,0.2221494793817646,True,False,True,True
2628807577122,0.034223773,0.025799673,126.634605,2.766065848427822,True,True,True,True
2890450607596,0.05608045,0.026857497,249.64441,-4.081355065381915,True,True,False,False
2974274325878,0.0060198563,0.01127769,109.44649,2.6570735499542817,True,True,True,True
2765342486806,0.009348053,0.031334937,123.107475,1.5973974580860837,True,True,True,True
2759948830014,0.09501985,0.09997917,294.4662,-3.968621076712328,False,False,False,False
3235862039174,0.009228819,0.01004642,51.423347,1.763078480906164,True,True,True,True
3038035764952,0.045292772,0.038791534,165.96602,-0.5871521840784483,True,True,False,False
3058680109054,0.0385547,0.046378348,172.8098,1.1707925963796295,True,True,False,True
3484146097214,0.03250558,0.054670904,116.32688,-0.048070702713323,True,True,True,False
3419383458258,0.033919234,0.099422574,217.4839,-1.2907467924370877,True,False,False,False
3319363020602,0.052867115,0.059760742,86.07461,0.0203501682784446,True,True,True,True
3373656269682,0.023719061,0.03901206,241.88649,-0.3676652598715457,True,True,False,False
3442241824120,0.063087106,0.04059962,225.00345,-0.2991055969800537,True,True,False,False
3475911947352,0.015382072,0.023077419,61.543705,2.416770760667145,True,True,True,True
3338118322232,0.037971605,0.08655922,136.04352,0.953556963533255,True,False,True,True
3421604335758,0.078053,0.065237775,255.39989,-3.83159918680757,False,True,False,False
3472728584610,0.03111973,0.04661173,141.96776,1.2815272315312307,True,True,True,True
3054882722514,0.04911738,0.07221445,240.11583,-3.813497851092384,True,False,False,False
3156494439972,0.03517769,0.013705682,499.8225,-2.6961410634876186,True,True,False,False
3162214713582,0.032629907,0.053317178,319.00015,-0.4501866331933333,True,True,False,False
3305731333276,0.018393107,0.079096876,178.9865,-2.1714498265984425,True,False,False,False
3301286759314,0.025706073,0.06956754,235.58449,-0.7937063302873597,True,True,False,False
3414965017894,0.0076503116,0.04346659,174.73593,-1.487413217306934,True,True,False,False
3454324772630,0.040783655,0.014408741,243.45874,2.7009751085179032,True,True,False,True
3492111315906,0.105227314,0.044401646,306.95245,1.0434620830663583,False,True,False,True
3571788672930,0.050557848,0.03399282,123.35411,0.1176065126305092,True,True,True,True
3574967552736,0.091232285,0.09358052,234.8233,-3.2237108762292634,False,False,False,False
3596882304588,0.010658038,0.021572752,104.54459,2.117589423103764,True,True,True,True
3527345046928,0.15859084,0.0706047,461.95334,-4.266161938746849,False,False,False,False
3835966019210,0.04369556,0.053428646,112.987465,-0.4969828084714076,True,True,True,False
3984558801768,0.030659424,0.066980794,199.51765,-0.0387120775638956,True,True,False,False
3939489987632,0.050899275,0.07322691,138.15924,1.223478728377872,True,False,True,True
3718193088056,0.048679445,0.016167851,145.90146,1.616081090960224,True,True,True,True
3742954230640,0.18078756,0.046139225,542.9278,-4.775021781031839,False,True,False,False
3639137161064,0.055924095,0.030507894,170.93015,0.023339978265454,True,True,False,True
3654342262374,0.05501439,0.094668254,186.41437,-0.6634275997629562,True,False,False,False
3506066999294,0.07405835,0.032068375,53.03723,0.7093958580555004,False,True,True,True
3524806123008,0.011214869,0.042978846,77.43102,1.6832659888729686,True,True,True,True
3577512251048,0.0699928,0.016754543,180.40857,-0.3627667124848628,True,True,False,False
3742329196292,0.013940884,0.040219728,56.095802,3.090803282793834,True,True,True,True
3758824637016,0.008400085,0.05892078,169.22733,2.4343983103293843,True,True,False,True
3755013969454,0.018239928,0.050295584,278.15643,-0.4062287723291875,True,True,False,False
4000457206544,0.016629636,0.026744856,88.51456,2.0252749321428523,True,True,True,True
3248594489832,0.044635415,0.042851735,402.61856,-0.4935587612912337,True,True,False,False
3136519179200,0.10509064,0.11603535,282.9688,-2.53578479675501,False,False,False,False
3223515577316,0.037134547,0.025547408,216.42464,-1.2035722547351424,True,True,False,False
3253357668480,0.03771382,0.036675695,300.26752,-1.132059083681103,True,True,False,False
3502920904408,0.013930947,0.031790152,148.6041,0.8353816376375919,True,True,True,True
3429270628220,0.017106112,0.022428077,162.3472,0.8861920094661216,True,True,False,True
3196545201126,0.078651726,0.021267598,198.38054,2.694089950842186,False,True,False,True
3170197618744,0.015310529,0.05554692,248.83336,-0.4872808246377179,True,True,False,False
3332450564282,0.016333517,0.018763667,139.52187,0.4349842888285787,True,True,True,True
3457539484166,0.058160152,0.07704906,58.705433,2.5465230426102377,True,False,True,True
3148582748628,0.008414972,0.035066437,195.72397,-1.2514670468991616,True,True,False,False
3198113323598,0.010780156,0.006915987,177.6432,1.534950986882841,True,True,False,True
3462602442738,0.051774446,0.033877846,245.62666,-2.8439740046904047,True,True,False,False
3393706172568,0.024800466,0.009779489,90.51769,0.6681069245481852,True,True,True,True
3492150929994,0.11414981,0.030606164,338.90848,-2.774637107535137,False,True,False,False
3601682375274,0.049462114,0.038843967,112.40097,0.4465246107495749,True,True,True,True
3657246813390,0.021678073,0.048464704,180.0309,1.5275681710971636,True,True,False,True
3964611892552,0.010195189,0.017078664,194.60231,-0.6559623681336756,True,True,False,False
3867755088760,0.055562623,0.041607544,165.3234,0.885176159954816,True,True,False,True
3679486694474,0.036221467,0.12284851,311.69937,-1.0384501442458562,True,False,False,False
3898257218424,0.043536212,0.05202114,227.04329,0.1609341112979719,True,True,False,True
3765224528340,0.03698946,0.05270325,202.37984,-0.2038794292832939,True,True,False,False
3788724561642,0.063896276,0.066981494,315.69217,-1.5242008968808327,True,True,False,False
3899532388566,0.0020432803,0.033732835,283.7112,-1.8051161076365785,True,True,False,False
3796967986136,0.027213296,0.048394047,110.99564,-1.48780164257517,True,True,True,False
3898258983142,0.051130783,0.0333832,217.03688,-0.5568698932140719,True,True,False,False
3665177606714,0.060133558,0.05082842,2743.3171,0.3488915618998669,True,True,False,True
3671221701202,0.021207707,0.052966334,116.59466,0.3094816655003204,True,True,True,True
3618507409578,0.08889513,0.069226414,414.91885,-2.890879740628628,False,True,False,False
3662650854244,0.019696018,0.07002138,144.10226,-0.8292798784304103,True,False,True,False
3959204503462,0.022831878,0.034849916,171.13947,0.1140677651310637,True,True,False,True
3979526614962,0.0033001634,0.039329235,33.9496,2.631380397113397,True,True,True,True
3996028734496,0.010946776,0.03997266,66.91198,1.600022975515865,True,True,True,True
3926819908292,0.018936234,0.03137653,141.2483,1.8672308372609812,True,True,True,True
3921428369178,0.04259373,0.031308085,142.19661,3.20750845983985,True,True,True,True
3509610800066,0.01551406,0.062787704,197.24167,0.3352965555305241,True,True,False,True
3610268873738,0.022766424,0.040683888,142.91176,0.4773215745455889,True,True,True,True
3960171250880,0.02226388,0.014625727,285.55334,0.2917364558079505,True,True,False,True
3955090275772,0.013754184,0.066773884,118.942154,1.2758692063603996,True,True,True,True
3885871571610,0.047961283,0.052499034,590.2644,1.1417905044230665,True,True,False,True
3964947861178,0.14572908,0.034902703,205.08957,-3.1905584138504177,False,True,False,False
3919534790896,0.014719687,0.03279585,96.08516,1.4152004534914822,True,True,True,True
3795071260032,0.016238334,0.022265235,142.84236,1.480992704229755,True,True,True,True
3048832758102,0.011574372,0.03769268,97.67484,1.8101148781624965,True,True,True,True
3139004885018,0.05681914,0.08042416,186.87892,-0.6838346231994789,True,False,False,False
3361594014420,0.029287405,0.025809225,112.54239,0.9794055734134776,True,True,True,True
3404464254620,0.0155580565,0.012955344,304.16113,-0.836541019582123,True,True,False,False
3247277919618,0.031593647,0.05875606,118.94673,0.3778692713491119,True,True,True,True
3230471737846,0.11517689,0.026797714,317.32037,-2.1855102129647697,False,True,False,False
3166017219000,0.01280486,0.046111535,176.6863,2.0255116023973336,True,True,False,True
3235875726836,0.004496497,0.033091053,240.8403,0.1991260516818559,True,True,False,True
3473379198784,0.08074742,0.036521588,103.645294,2.5090741142894784,False,True,True,True
3474969092206,0.012061395,0.03619867,89.73767,1.523250449864788,True,True,True,True
3436866515370,0.0142170815,0.029740147,209.06833,0.4850256108237991,True,True,False,True
3093605398032,0.01074336,0.02372695,71.292984,2.231268189864071,True,True,True,True
3139652879444,0.02095415,0.056237534,80.61611,1.1938119672500296,True,True,True,True
3277765611472,0.0090572005,0.044120546,69.336136,2.366502477549517,True,True,True,True
3437159543758,0.014209836,0.030245604,178.63449,1.85382394384136,True,True,False,True
3427329502450,0.016850065,0.054559957,178.39981,0.0339373427933445,True,True,False,True
3228569138446,0.053434264,0.024575714,227.61984,0.5479085954093096,True,True,False,True
3052666410534,0.003871268,0.051073562,138.40872,0.1420031876862198,True,True,True,True
3161585246394,0.01662437,0.016096534,93.256,1.566300197610583,True,True,True,True
3326996784974,0.11370216,0.09451987,178.78401,-2.1354985304081886,False,False,False,False
3352096338312,0.08309037,0.043860883,214.0632,-2.8797293384646383,False,True,False,False
3352091046692,0.046956025,0.022348564,177.54445,-1.9299425253539333,True,True,False,False
3467667495040,0.023709228,0.02086884,171.91098,0.9580229751738836,True,True,False,True
3636242867978,0.011198988,0.021043237,250.88666,0.1776791253856434,True,True,False,True
3540696941750,0.013526401,0.015789606,49.23025,2.031266087599336,True,True,True,True
3757556222966,0.0886472,0.039500233,248.56825,-2.973366431862586,False,True,False,False
3951883854968,0.016746376,0.03961799,114.841995,-1.9978663831179695,True,True,True,False
3991579777238,0.009675467,0.045178875,104.642296,1.2407406348091676,True,True,True,True
3502893692916,0.017000837,0.04252093,125.69149,0.3632032569971932,True,True,True,True
3703884130698,0.079482414,0.04636487,146.11397,0.93546445091462,False,True,True,True
3727703825682,0.06640415,0.030104302,372.89792,1.6931693448591336,True,True,False,True
3848983688762,0.09603453,0.086894885,54.85089,1.5069480468257404,False,False,True,True
3568005855564,0.008053969,0.026962178,129.84666,0.6516630239430949,True,True,True,True
3658822396712,0.029147424,0.039789215,249.39032,0.1757694943956121,True,True,False,True
3696289706246,0.018718965,0.025431093,197.94336,0.0120417171543275,True,True,False,True
12086801182,0.015918184,0.07058259,229.59016,-0.3184323472074771,True,False,False,False
3882037773180,0.06675755,0.034465995,174.18225,-0.6985569325986395,True,True,False,False
3101903883246,0.017780447,0.04655267,113.69267,1.389828183020615,True,True,True,True
3471169108632,0.021333551,0.06561109,318.37186,-0.1479332224237332,True,True,False,False
3387671705326,0.06826605,0.016635958,178.15414,5.063602340723652,True,True,False,True
3252082804184,0.033345968,0.061623227,151.3602,0.9944417483052505,True,True,False,True
3030795101650,0.016738709,0.032904048,200.52914,-0.5931106145164439,True,True,False,False
3120982399174,0.043953028,0.03629918,108.65548,1.5428925796863735,True,True,True,True
3064450609812,0.027052024,0.035665113,118.46835,1.2059782814441116,True,True,True,True
3418813135064,0.010828211,0.015346724,113.324425,1.2876718397621332,True,True,True,True
3287681155550,0.008146565,0.028301055,150.61961,1.3673629681719892,True,True,False,True
3384832800554,0.0064254864,0.02600967,29.631813,3.6184377351542016,True,True,True,True
3243195394478,0.06177932,0.010437963,130.02121,-0.5047457405362106,True,True,True,False
3194934899904,0.039974805,0.057979148,167.42354,0.4668938414397401,True,True,False,True
3145398101616,0.074038155,0.035139795,288.3414,0.4784389517275637,False,True,False,True
3408620039434,0.04211431,0.052863885,42.241497,4.7179011481594655,True,True,True,True
3413378656186,0.04618287,0.0394994,439.284,-1.9400268272241763,True,True,False,False
3015870655692,0.018828645,0.031731345,74.87009,2.617730997960185,True,True,True,True
3340690011230,0.017193854,0.020530278,179.5471,-1.2762093223616109,True,True,False,False
3459763640736,0.005646136,0.026107045,245.78477,2.4738027658387813,True,True,False,True
3392139339506,0.015663186,0.02493668,55.90818,1.7870164846245271,True,True,True,True
3275914848492,0.005123354,0.034803193,162.19151,0.9956162207729186,True,True,False,True
3361650314102,0.037275717,0.049635217,159.26723,0.1630798592368996,True,True,False,True
3408955753988,0.042953756,0.03225317,115.95343,0.1424748913722615,True,True,True,True
3390862103736,0.0357233,0.035423107,191.01244,-0.2472897314178989,True,True,False,False
3740753392102,0.09167982,0.036349073,124.170006,-1.4860328881105684,False,True,True,False
3955078988298,0.035211034,0.08200386,185.87234,1.24684928215271,True,False,False,True
3798536009378,0.019877603,0.043666128,211.02365,1.556436255050227,True,True,False,True
3722364320774,0.02622107,0.033463962,196.66362,-0.6659767534553316,True,True,False,False
3590262923510,0.013841515,0.048916094,138.40953,0.0861635236194796,True,True,True,True
3730614045630,0.016424915,0.04001008,188.44678,0.6742516847888621,True,True,False,True
3842695152894,0.022923287,0.019257298,87.24527,-0.4225887288951003,True,True,True,False
3541033917380,0.025728222,0.03464913,243.21948,-1.372424953365902,True,True,False,False
3959203221354,0.08038993,0.011266996,223.84642,-0.8842003282464727,False,True,False,False
3850301598190,0.047549494,0.036061917,48.02585,1.3844172094096174,True,True,True,True
3927776226258,0.07074701,0.04689868,190.62259,-0.4604983083081599,False,True,False,False
3638854294810,0.098184094,0.06812142,131.88179,0.3565702349008385,False,True,True,True
3681709314916,0.05690641,0.042974774,241.30089,-0.045329288316015,True,True,False,False
3986850469490,0.021727866,0.08193941,393.97165,-1.1997287412428748,True,False,False,False
2222722221654,0.074625835,0.009316913,201.81519,-1.8474505915053083,False,True,False,False
2018873400048,0.015390241,0.13573165,273.69012,-0.7830354846171887,True,False,False,False
2457686744702,0.026724434,0.04336948,280.49725,-0.9209350468098606,True,True,False,False
2476437409038,0.017256087,0.031855166,125.52267,1.0010438732592153,True,True,True,True
2256065854376,0.040494323,0.044363715,68.60494,1.2439562275425493,True,True,True,True
2317036447706,0.042855825,0.084977746,204.79802,-1.8514319400564785,True,False,False,False
2058276975396,0.021470744,0.037302632,138.88466,-1.498417273715594,True,True,True,False
2399284233488,0.021560812,0.027139451,212.9166,-0.3820226477918197,True,True,False,False
2304673705804,0.14618503,0.076849,237.59538,-4.554111417026766,False,False,False,False
2436123609700,0.014651435,0.020628594,33.87572,3.049724283497064,True,True,True,True
2103333720682,0.08769039,0.03845809,370.36774,-1.8784929866685327,False,True,False,False
2187794041520,0.079626314,0.020207217,145.70276,0.2258777238489683,False,True,True,True
2177012674994,0.030478623,0.026789717,112.50095,-0.3977359023243002,True,True,True,False
2302108624604,0.03804548,0.05884188,162.98349,-0.0214775299037111,True,True,False,False
2462460987736,0.034513768,0.10373433,111.01555,0.4026981470055644,True,False,True,True
2457063828392,0.085249044,0.10451544,161.05888,-3.3003360569481077,False,False,False,False
2012862293628,0.049918994,0.02582823,205.55534,0.5470669309704888,True,True,False,True
2125275436298,0.08263764,0.105755426,114.05371,-0.1390880854679066,False,False,True,False
2074460695618,0.07704976,0.027653297,159.26007,-1.911335680427036,False,True,False,False
2147812225022,0.035411496,0.021784924,192.90298,-0.604302029314662,True,True,False,False
2070666456960,0.07002949,0.039660715,396.2894,-4.205414241761504,False,True,False,False
2442785103714,0.016414015,0.01936966,176.13489,0.664462109143174,True,True,False,True
2285934206346,0.019058304,0.013994387,107.85402,1.6947395627539017,True,True,True,True
2474531132790,0.07482465,0.06976997,337.6654,-0.7361444566528058,False,True,False,False
2405966493438,0.057179283,0.026426962,292.37915,-0.7958190166417165,True,True,False,False
2398982389426,0.041878767,0.038577557,266.16266,-0.8861443592250359,True,True,False,False
2678680110420,0.040414896,0.05411576,98.169464,-0.3393477103735646,True,True,True,False
2589791168124,0.0051360736,0.012787439,25.705494,3.2015879695008223,True,True,True,True
2986055976266,0.019995239,0.051839557,216.4619,0.4860255597079024,True,True,False,True
2991443459960,0.101438165,0.19535862,92.12581,-1.799785180252494,False,False,True,False
2512016558810,0.02278995,0.022499625,200.55843,0.4821412985595889,True,True,False,True
2830489723326,0.04333248,0.039330997,188.69966,-0.7448417774178703,True,True,False,False
2886357091188,0.019319996,0.03181606,88.315895,1.172543158842505,True,True,True,True
2521510887132,0.03629812,0.03583672,66.571,0.0213142098736285,True,True,True,True
2749489843738,0.028489655,0.03615371,144.56133,0.1005580462161333,True,True,True,True
2874923221318,0.015857602,0.06210146,142.67538,0.189278162125851,True,True,True,True
2878081614214,0.0125248255,0.046118625,141.87169,1.625106604570918,True,True,True,True
2885070279922,0.029682642,0.050731946,108.52401,0.4253717090140338,True,True,True,True
2709505961300,0.06379128,0.0572307,190.03319,-1.522107074290699,True,True,False,False
2533274172126,0.09309098,0.019006642,282.5192,-1.3243428847786167,False,True,False,False
2702515078448,0.026507447,0.042508516,164.52974,0.7379213256034246,True,True,False,True
2960021606470,0.034434922,0.04664641,114.1517,2.647612433609778,True,True,True,True
2054792244346,0.025794793,0.009041746,207.40367,-0.4138662822649437,True,True,False,False
2079557947348,0.022412617,0.019228043,75.181145,1.841570475850451,True,True,True,True
2149430037666,0.02798198,0.02118923,291.55594,0.3861309788535687,True,True,False,True
2215472736426,0.021729436,0.041888315,68.30389,1.3533411554132595,True,True,True,True
2109733133698,0.098805904,0.09160845,82.36926,-0.6756311685599292,False,False,True,False
2044646472506,0.02296404,0.08649588,118.31692,0.30367486983365,True,False,True,True
2127519319256,0.015111853,0.054874625,176.37947,1.0869455580739693,True,True,False,True
2348824331918,0.043403003,0.050805017,233.84853,1.6964210066239227,True,True,False,True
2463772342962,0.004765192,0.03652811,137.77756,1.53040334185978,True,True,True,True
2373900928382,0.026510602,0.024467716,161.57863,0.7066019751303856,True,True,False,True
2393902748090,0.06991455,0.06543233,225.56218,0.1879755397905069,True,True,False,True
2396126875248,0.10819545,0.11150926,271.71817,-3.2556111658920197,False,False,False,False
2132293130500,0.015959209,0.03172504,158.4437,-0.0991260775129086,True,True,False,False
2217074498502,0.1336784,0.14563599,489.63568,-5.072374915674419,False,False,False,False
2349154326884,0.023815958,0.05846045,360.37744,0.1032925663144966,True,True,False,True
2399971210312,0.113021344,0.0441606,164.99112,-0.3371070136742286,False,True,False,False
2170686441554,0.011076919,0.05939127,103.28484,0.5916478916693635,True,True,True,True
2095764145318,0.015875673,0.028481292,96.75639,1.9130021303096296,True,True,True,True
2338337580220,0.057156734,0.032392863,78.99785,2.5705191668437744,True,True,True,True
2339942769666,0.013928353,0.04491263,177.3988,0.9635424522580288,True,True,False,True
2450753949050,0.029912371,0.073701076,131.84837,0.8734614450703377,True,False,True,True
2353595677608,0.013050826,0.03681781,92.1194,0.0689856406786116,True,True,True,True
2022123848674,0.01334165,0.025055878,283.27716,0.1650567164155538,True,True,False,True
2439649720050,0.047921356,0.05519552,253.94551,0.3856442115126401,True,True,False,True
2486971111962,0.014024233,0.04628044,254.15327,-1.7727507764629693,True,True,False,False
2428221923936,0.0073385206,0.023856072,160.96742,0.4670340511535851,True,True,False,True
2680957258126,0.025870584,0.036942028,621.55896,-0.3921158284841151,True,True,False,False
2621902040986,0.11906363,0.03307783,116.66677,-2.09268334854341,False,True,True,False
2582846577660,0.057135403,0.038068645,316.88226,1.0608377528589914,True,True,False,True
2946709426820,0.029978275,0.03267047,150.84175,-0.531790713733874,True,True,False,False
2848597688384,0.058600966,0.014044067,339.7109,-0.2742771917612406,True,True,False,False
2808595510546,0.01890342,0.032712657,116.16742,0.5607737490413078,True,True,True,True
2556180516394,0.020016404,0.06692764,298.60196,-1.1250154945519628,True,True,False,False
2518723009426,0.040709615,0.058035217,254.71141,-1.4259334199472335,True,True,False,False
2693669549376,0.06227538,0.048234522,200.51309,-0.9694580390621754,True,True,False,False
2660651098770,0.009864604,0.025095033,126.60119,1.1223737907710092,True,True,True,True
2822900541888,0.13007532,0.03797736,209.94948,-2.7726671089791965,False,True,False,False
2649842264778,0.040870365,0.047980618,187.54318,-0.7758079211125775,True,True,False,False
2632683258090,0.019622358,0.049861927,174.20314,-0.3953517290738033,True,True,False,False
2859388378892,0.10257736,0.01471354,206.36838,-1.3051207009824095,False,True,False,False
2883533860052,0.12261242,0.07041408,133.99158,-1.149162203808909,False,False,True,False
2144935167258,0.014456007,0.061670218,261.43127,-1.986284618147792,True,True,False,False
2219556525402,0.010578261,0.017921746,158.6053,0.7214753743535663,True,True,False,True
2027764920620,0.050391644,0.095759965,101.328865,-0.4417301822586738,True,False,True,False
2138905387802,0.09529088,0.026096173,415.59894,-2.514192744369214,False,True,False,False
2354190751050,0.03474595,0.01921654,129.63168,-0.1930242286508946,True,True,True,False
2289731873636,0.14436413,0.08280133,209.1297,-3.538272038667897,False,False,False,False
2420867960866,0.029346343,0.06921254,77.249466,-0.7225015201120157,True,True,True,False
2097006002988,0.09141782,0.07993799,165.38515,-2.9826130442151806,False,False,False,False
2387226640552,0.00984568,0.023886379,65.07259,4.123704951235561,True,True,True,True
2285292036558,0.049306225,0.050643288,238.59358,-1.9170415620591823,True,True,False,False
2280224089776,0.008831096,0.027347984,89.0364,1.0934402951933295,True,True,True,True
2228756970814,0.07153574,0.061857343,152.71849,-1.4264192976181205,False,True,False,False
2046504322564,0.018245067,0.011923572,96.59335,-0.0071178799687764,True,True,True,False
2304006415184,0.021273986,0.043833397,108.77621,1.0917875250305231,True,True,True,True
2104311962130,0.0021725295,0.0065986267,52.291832,2.3712038186154114,True,True,True,True
2167190070148,0.015034671,0.0278898,123.363365,1.0515233125331394,True,True,True,True
2054142089772,0.10766437,0.022684474,346.91232,-1.0578014481399751,False,True,False,False
2450734396638,0.032489013,0.032619357,174.54396,1.4908178409538366,True,True,False,True
2629800277988,0.038494814,0.076522924,378.90002,-1.437835487119462,True,False,False,False
2615824812524,0.036467034,0.047600567,212.49084,-0.6433080753440319,True,True,False,False
2889203332176,0.04582049,0.06440092,151.16757,-1.0491369401237918,True,True,False,False
2871412712378,0.011225165,0.027029218,158.01917,1.093158994325942,True,True,False,True
2956838772124,0.057171855,0.14173661,299.4865,-3.387886922669264,True,False,False,False
2644416706774,0.06620868,0.07614673,616.6057,-3.5070373031363915,True,False,False,False
2767934480958,0.048179194,0.033223502,175.30045,-0.2929716834486974,True,True,False,False
2884778867810,0.054251816,0.06151936,58.8064,1.4475135469063036,True,True,True,True
2873668137514,0.03382805,0.013999139,169.5863,-0.2284152145467229,True,True,False,False
2897479441814,0.05066771,0.051357985,169.03717,-1.9775153446538776,True,True,False,False
2538657826844,0.015655607,0.017628934,26.688545,2.71305474246218,True,True,True,True
2738060261126,0.06022452,0.0744427,201.8326,-1.815446102090484,True,False,False,False
2514534093194,0.014911547,0.037135053,88.97471,1.259810079829888,True,True,True,True
2604385601282,0.07197094,0.058857653,203.13081,-2.6911783584201,False,True,False,False
2714559900974,0.012058433,0.036024775,94.14913,3.877295277239946,True,True,True,True
2793633065946,0.05117184,0.022604056,116.46477,0.0781139534722005,True,True,True,True
2520263591164,0.11249795,0.06110216,494.7641,-3.8109890035125047,False,True,False,False
2579958787198,0.089640774,0.08579465,132.44675,-0.8619247428164402,False,False,True,False
2668220199686,0.011729686,0.03183552,64.144424,2.9190718106803697,True,True,True,True
2837468087082,0.018576454,0.014183594,97.26573,-0.2584419313739552,True,True,True,False
2031614799254,0.020073937,0.025434006,110.43531,-0.8459867187656902,True,True,True,False
2142438880524,0.008778852,0.023572644,155.16661,1.262117271827188,True,True,False,True
2089725319612,0.104143955,0.06206288,395.0801,-3.9706503807791727,False,True,False,False
2036708752932,0.008291467,0.051802203,169.17644,-0.2447625924643021,True,True,False,False
2304381086906,0.04469395,0.037435167,173.61848,1.323512686606262,True,True,False,True
2007826402756,0.011171298,0.06598732,195.85385,0.4226426329595839,True,True,False,True
2121507684562,0.014010583,0.02220545,86.83597,0.910814858250364,True,True,True,True
2037995691354,0.009309532,0.026877118,95.65759,1.381745198393232,True,True,True,True
2152294147972,0.046548974,0.038121913,196.94528,0.0339642418446265,True,True,False,True
2089412765338,0.054045655,0.04634747,127.05476,-1.0448222936143765,True,True,True,False
2146884439716,0.09537683,0.026641304,102.54304,0.3736264012622402,False,True,True,True
2135147564586,0.013466258,0.047213692,175.8123,-0.2503677434120029,True,True,False,False
2089748655344,0.01179158,0.022906777,131.86884,3.1234842235428166,True,True,True,True
2139915631588,0.01620202,0.024438463,176.86732,-0.3058130069374922,True,True,False,False
2403138653094,0.007389852,0.04585256,176.71138,-1.1118138006655225,True,True,False,False
2442196989822,0.008040691,0.03755116,139.10033,1.527331759178146,True,True,True,True
2408225550122,0.027159771,0.033824008,124.61317,0.3882063236346433,True,True,True,True
2638715055090,0.009654992,0.019079974,70.76978,1.7618215794922212,True,True,True,True
2556478106036,0.072026886,0.0468174,252.25987,-1.6889750956850529,False,True,False,False
2668242575778,0.012256045,0.022809992,95.07501,1.3956513034511329,True,True,True,True
2651421600968,0.02090146,0.05264915,197.02118,0.4199529915184655,True,True,False,True
2944804712996,0.02259545,0.013176256,89.69142,0.9129920920817928,True,True,True,True
2862895742038,0.03130097,0.07841723,163.48628,-0.8216090434144858,True,False,False,False
2794311044214,0.024983218,0.03687666,197.62225,1.4548226183761426,True,True,False,True
2907026386098,0.082105726,0.05962578,724.7312,-5.198030389380966,False,True,False,False
2675573482372,0.03959121,0.06113277,318.97058,-0.0689141192408068,True,True,False,False
2556826950200,0.030916912,0.02169979,171.95738,0.2778251912278389,True,True,False,True
2834973159000,0.03868763,0.07344261,237.7863,-0.4266231861464487,True,False,False,False
2909892810758,0.086427875,0.041484516,241.27501,-0.5512114891917437,False,True,False,False
2547913207092,0.0049970127,0.03477934,155.71666,0.947329723155604,True,True,False,True
2590458618918,0.024018385,0.043530498,186.09955,0.7735255826852009,True,True,False,True
2751748675092,0.038366616,0.018625192,120.882996,0.8042415980208902,True,True,True,True
2594916071014,0.016147347,0.020104302,102.7351,4.316207167336957,True,True,True,True
2648578840534,0.02539207,0.032703184,128.04353,0.9162229757685292,True,True,True,True
2506333938782,0.009750108,0.05229743,240.26859,0.7310858435487986,True,True,False,True
2699385367820,0.025353182,0.006151956,145.27902,-0.7349618308525959,True,True,True,False
2690819030958,0.017708607,0.029835984,205.61455,-0.6022452185821756,True,True,False,False
2668270751864,0.08032159,0.050702933,247.24094,-3.182955369845678,False,True,False,False
2931167483446,0.0066672848,0.032067753,88.16372,1.496924060471802,True,True,True,True
3042563674562,0.13611324,0.10483217,131.36516,-2.315832696176874,False,False,True,False
3047647523830,0.00942767,0.037929576,120.95778,0.4563342036688078,True,True,True,True
3482009036504,0.016551834,0.06950609,151.38667,0.0741647422641234,True,True,False,True
3253083618982,0.020541843,0.01804429,111.55746,0.6337468331390782,True,True,True,True
3253725790688,0.041669555,0.03334834,176.34033,-0.6093892969811393,True,True,False,False
3154660154184,0.005366554,0.047080345,92.368484,1.6885515307152608,True,True,True,True
3169913916912,0.019766,0.030724851,166.69655,-0.5022255711900996,True,True,False,False
3445832823644,0.03502784,0.058841046,394.34338,-0.7388427651306788,True,True,False,False
3426788957248,0.01838497,0.04162884,89.683495,0.401511146878268,True,True,True,True
3078757454022,0.03427818,0.036372785,200.09625,2.2677153158850323,True,True,False,True
3230535542220,0.0053638294,0.044032164,151.36803,-0.2579350070705813,True,True,False,False
3294995024578,0.091625616,0.084978744,185.17099,-1.5944082515560298,False,False,False,False
3363251594716,0.03620377,0.028740412,101.216934,-0.5596458819277095,True,True,True,False
3284519309944,0.01565373,0.012999133,88.299034,1.4415230039237708,True,True,True,True
3131494451496,0.033772767,0.042019647,261.82327,1.1039648755593516,True,True,False,True
3235642422808,0.0278676,0.027747674,149.76129,5.63340204872719,True,True,True,True
3439167803540,0.029592354,0.04887738,159.33675,-0.7430187416794107,True,True,False,False
3291213134698,0.03624539,0.036458205,388.92618,0.3457195413374192,True,True,False,True
3262936392344,0.008536018,0.037765104,276.03714,-0.5546114108222565,True,True,False,False
3540427374060,0.01653753,0.04125569,240.27846,-1.4400594000026314,True,True,False,False
3658557010896,0.099812314,0.020231953,187.24486,-1.6910782107201618,False,True,False,False
3517564876624,0.020350419,0.08537949,289.03534,-0.8504976668149543,True,False,False,False
3799853411064,0.05773351,0.021040542,318.4074,-3.048763238588749,True,True,False,False
3907480167006,0.02799684,0.020592727,233.63956,-0.1572573616175153,True,True,False,False
3923383988258,0.0524197,0.032274295,179.70851,3.8366527762329934,True,True,False,True
3838611137950,0.011704482,0.046499122,77.877304,1.835531078166989,True,True,True,True
3561708699934,0.015882427,0.0614574,327.9928,-0.9096233245896648,True,True,False,False
3523928608758,0.0055334577,0.022429992,84.0477,1.8253397552429929,True,True,True,True
3558542018334,0.02841822,0.054401465,131.2948,0.6136307660434936,True,True,True,True
3731905418096,0.041318357,0.070576884,776.1816,4.510443497404792,True,False,False,True
3740165953048,0.0139591,0.057367142,179.88997,-0.0598615782081252,True,True,False,False
3775088037142,0.021537255,0.0341158,189.87848,0.5701092275206197,True,True,False,True
3809056881632,0.020009687,0.042841144,417.7492,2.6745396382962574,True,True,False,True
3531890144754,0.01837312,0.024815714,121.38068,-0.4769343634449784,True,True,True,False
3549986214552,0.0098305745,0.04745017,117.60812,0.8735177940369597,True,True,True,True
3995155176506,0.016968174,0.05709436,119.00354,1.2184305277153344,True,True,True,True
3828442132566,0.0134346755,0.043817833,179.94095,-0.7106051480018891,True,True,False,False
3930363961516,0.03541705,0.02605647,77.745155,1.5514303598302372,True,True,True,True
3984676210736,0.0149110155,0.026179524,158.42651,1.234392604369269,True,True,False,True
3982454276392,0.014976583,0.021629985,124.06916,0.7404674812467427,True,True,True,True
3894817899876,0.028049696,0.03902994,189.70934,-0.4131775422305671,True,True,False,False
3180720079708,0.0075417506,0.010612204,121.965866,0.5184951619076479,True,True,True,True
3253751392528,0.033296756,0.093179666,142.15535,-1.955070649004736,True,False,True,False
3247725694920,0.033364642,0.017954724,181.88326,-1.086824301620995,True,True,False,False
3261056772940,0.0808879,0.12566052,221.24007,-2.417398850003256,False,False,False,False
3362352809440,0.044989925,0.1310277,593.71136,-0.4858751923736234,True,False,False,False
3470002068050,0.12342118,0.12800997,84.50864,-0.9985389019402946,False,False,True,False
3138486518482,0.015507011,0.027141387,178.54938,-0.8279571715336896,True,True,False,False
3168332214364,0.01183263,0.014574856,174.05353,-0.5492110236965962,True,True,False,False
3147706240980,0.012215174,0.067820035,165.62422,1.5468156531992676,True,True,False,True
3354086328536,0.025787715,0.091753885,302.71054,0.3158149555543824,True,False,False,True
3254710330248,0.04551753,0.046747416,155.21529,0.2630273784985921,True,True,False,True
3500152937352,0.0137293385,0.03237305,168.16077,-1.7483985697132651,True,True,False,False
3376637935586,0.027524961,0.0161931,119.590195,0.5594411173255267,True,True,True,True
3203918520832,0.09435881,0.017834937,120.52542,-2.081562892902623,False,True,True,False
3141382402144,0.034140553,0.0457695,321.55054,0.0371047344240924,True,True,False,True
3224877965746,0.015431043,0.03451719,151.933,1.1680486757838635,True,True,False,True
3324893539572,0.06620639,0.04526247,108.63657,-1.049650761807208,True,True,True,False
3589700782942,0.0059094424,0.01585287,120.05705,1.5761962477490867,True,True,True,True
3786865759662,0.0078051914,0.03419419,136.96504,0.5627338165274913,True,True,True,True
3539866094266,0.04384488,0.10341018,67.601875,-0.2882305910468219,True,False,True,False
3541140811470,0.03328905,0.022144267,344.49295,-1.4436390395208272,True,True,False,False
3500797628052,0.01704826,0.086415224,218.1193,0.5355586566023085,True,False,False,True
3707192809942,0.023443384,0.026527807,100.15768,0.8285595364601253,True,True,True,True
3966608489238,0.0340469,0.07087631,121.1005,0.6415316950218647,True,False,True,True
3961533512034,0.013831079,0.07600345,174.6537,0.6702576458992361,True,False,False,True
3703681518358,0.02696974,0.028400067,412.04022,-0.9757597289311414,True,True,False,False
3720184570982,0.040166315,0.041292865,195.68747,0.8261687099842463,True,True,False,True
3581123814038,0.02909092,0.014129441,172.59273,-1.9385045550639908,True,True,False,False
3754168534290,0.026013548,0.021216223,232.92783,2.2240380009826257,True,True,False,True
3887833491858,0.013639634,0.04102194,166.30827,1.4411019444449915,True,True,False,True
3941184336736,0.004642598,0.022617077,185.37299,0.9942886149906238,True,True,False,True
3835459928846,0.07090459,0.051360585,158.85947,-0.0443704342007373,False,True,False,False
3810995568052,0.03653621,0.04810397,97.53248,-0.06443318687878,True,True,True,False
3947528638908,0.009231586,0.03360875,92.84638,1.2450086642320686,True,True,True,True
3970075205206,0.0073916917,0.039423816,34.7924,1.6718815764247008,True,True,True,True
3544301069316,0.011731461,0.026883317,96.31197,1.1579624423311028,True,True,True,True
3656071889518,0.04747031,0.02424643,204.38199,2.0660048306712957,True,True,False,True
3608447871462,0.023552945,0.026088944,99.41646,0.2833693107129191,True,True,True,True
3563041755824,0.03201522,0.07789362,262.32544,-1.1194438645018725,True,False,False,False
3634802661628,0.020484764,0.07069305,119.24252,0.872835666526038,True,False,True,True
3862777712118,0.028541097,0.06255763,290.03543,-3.769028633060924,True,True,False,False
3912940126298,0.008726328,0.03538852,207.72359,-0.3933662235950829,True,True,False,False
3873889324696,0.006367316,0.033015624,180.66486,0.8818069481730697,True,True,False,True
3139089480820,0.016559297,0.052095108,164.00034,1.1001087108108785,True,True,False,True
3201980390210,0.017929308,0.022109104,613.3942,0.4475109243473441,True,True,False,True
3034333836576,0.08500815,0.06875455,290.45618,-3.718958980014052,False,True,False,False
3232459664618,0.07096529,0.034699794,148.43,-0.2177389934842013,False,True,True,False
3339792889808,0.00674091,0.091383286,169.68074,-0.4305000118669132,True,False,False,False
3267700403058,0.026123388,0.028462462,225.42737,0.4426635755032895,True,True,False,True
3274050349676,0.016982855,0.03995065,103.24883,-0.0710316527160084,True,True,True,False
3478864936964,0.058765948,0.01230443,216.8458,3.574227000753448,True,True,False,True
3444230511888,0.050538667,0.0389449,93.66059,-0.3837811093294612,True,True,True,False
3374700385794,0.024153335,0.0154357115,81.65206,0.0754968038153162,True,True,True,True
3060683261150,0.046490386,0.069479465,173.01672,3.311073845766665,True,True,False,True
3456306377056,0.032359876,0.021814518,126.019356,0.972276782272111,True,True,True,True
3922097808044,0.064555615,0.050803974,227.4914,-2.798449158017564,True,True,False,False
3777936345084,0.04040242,0.09550467,288.02875,-1.298377526909403,True,False,False,False
3946219096868,0.01203864,0.03738431,118.7737,0.0788220054900027,True,True,True,True
3669682461864,0.08646202,0.13415706,143.94745,-0.7336596545582209,False,False,True,False
3823693369684,0.024322128,0.017667182,231.77759,-0.4555030465009922,True,True,False,False
3848128147238,0.058738634,0.04739737,383.31424,-2.126367929199144,True,True,False,False
3696026567768,0.028564733,0.025212524,143.17934,2.8903522880473256,True,True,True,True
3531857237366,0.0065665804,0.030467218,195.63147,0.7121648360778461,True,True,False,True
3660783285012,0.08976951,0.095886536,376.13358,-3.4130585327334417,False,False,False,False
3915737279696,0.010120176,0.015969418,142.70844,0.8541657312139179,True,True,True,True
3687464111634,0.044997025,0.10074511,175.8842,-1.097370854372631,True,False,False,False
3558875996590,0.00813253,0.030892689,227.1571,-1.169826739370746,True,True,False,False
3852582097118,0.00737242,0.0137709435,121.48404,-0.1009884105868554,True,True,True,False
3874485080892,0.027324203,0.012558597,152.73898,0.5245990377267066,True,True,False,True
3874168745692,0.0137391,0.07472421,178.62392,-0.052288152621318,True,False,False,False
3865282747070,0.015924688,0.06196902,123.189316,-0.1287516127456196,True,True,True,False
3793529501814,0.023188034,0.040744346,40.365982,3.475309840154771,True,True,True,True
3999595344588,0.023100434,0.007337725,157.85469,0.5061271142965538,True,True,False,True
3396640361564,0.0092529,0.03339175,54.974743,4.224114243757166,True,True,True,True
3232825039116,0.05235668,0.021795085,441.4403,-3.0104410308871663,True,True,False,False
3061351689840,0.01835416,0.026183339,172.42961,1.0288069563300053,True,True,False,True
3206145597830,0.008240282,0.021165386,197.80531,0.564969206934679,True,True,False,True
3017544362612,0.020083826,0.022572553,182.20676,-0.0263179701109823,True,True,False,False
3209959340658,0.026495919,0.011123378,216.9002,0.2724508701880732,True,True,False,True
3476036916616,0.017756222,0.027159821,419.3352,0.1433094822570724,True,True,False,True
3461751313614,0.06675105,0.022079542,235.42586,-1.407606152267185,True,True,False,False
3474127815640,0.023407629,0.04090051,96.13743,1.911633119720008,True,True,True,True
3377935584968,0.054899365,0.055073462,119.66823,-0.057713838035432,True,True,True,False
3441742540340,0.027503029,0.021142865,183.52808,0.1963672722176594,True,True,False,True
3301410694916,0.030544996,0.05377308,266.08884,1.99337853466934,True,True,False,True
3343321067284,0.014660367,0.06581217,142.80595,-1.205397450124595,True,True,True,False
3052456821838,0.036461215,0.025339952,155.01772,0.4123238682561725,True,True,False,True
3455058069636,0.08268192,0.04290003,189.71672,-1.5229606848111912,False,True,False,False
3486186041852,0.003319077,0.032367244,61.63879,3.314716610615826,True,True,True,True
3414744168244,0.026508521,0.026838277,288.4181,4.168694611301975,True,True,False,True
3007694490236,0.013564693,0.037292667,132.59843,-0.0783093831776067,True,True,True,False
3084855780856,0.032135945,0.079088226,138.11177,-0.768890344511732,True,False,True,False
3206783965726,0.0591533,0.05454456,248.34201,-0.2057902687401195,True,True,False,False
3299810471852,0.025282998,0.044633612,227.94727,1.3545202491839654,True,True,False,True
3602704666764,0.008106409,0.01885754,56.4106,1.2661352359330746,True,True,True,True
3514113386546,0.08620976,0.06490665,190.6121,-2.149537380102684,False,True,False,False
3631285146596,0.033179753,0.08818601,216.28148,0.6891030921919338,True,False,False,True
3690353367002,0.029010292,0.035622347,156.41795,6.410774088211445,True,True,False,True
3971983022578,0.012625435,0.032551225,397.3132,-1.7974208508845353,True,True,False,False
3883723248464,0.030881781,0.06500715,297.33105,-2.073431170339616,True,True,False,False
3550337377640,0.09153401,0.09729646,192.50546,0.0859148413241861,False,False,False,True
3617332409960,0.024620349,0.06553656,243.79443,-0.8069310409815371,True,True,False,False
3800220174560,0.010607893,0.033810906,44.340534,2.7944067132347774,True,True,True,True
3856424389958,0.016023321,0.04710679,137.0283,-0.2713918205544361,True,True,True,False
3956447323746,0.066619165,0.03864966,170.72401,-0.3057226042880788,True,True,False,False
3696064695290,0.047982894,0.009100261,230.93213,-2.331926733350933,True,True,False,False
3770048997992,0.08084384,0.10842184,1888.8776,-2.5505556337401147,False,False,False,False
3759889039152,0.037778307,0.036812745,132.03448,0.9871509668641834,True,True,True,True
3968496907126,0.05964326,0.048238255,99.58504,-0.0234006130140952,True,True,True,False
3797688458054,0.024465641,0.0334931,256.41766,-0.2108895148186266,True,True,False,False
3939307216802,0.018625395,0.0018367913,36.067387,2.233781220414885,True,True,True,True
105897342724,0.041049067,0.030820983,172.43648,-1.0766166178187924,True,True,False,False
205608047806,0.08781775,0.09389032,78.59363,-1.966457563796905,False,False,True,False
399290157688,0.00915269,0.06510881,162.71893,0.9134582316498978,True,True,False,True
264348592810,0.035303466,0.02579841,249.66812,1.3096489080098348,True,True,False,True
248469216420,0.0046708467,0.04838912,196.92964,0.7975892834508996,True,True,False,True
89086246322,0.122733325,0.08947573,199.67455,-2.0376852849368783,False,False,False,False
225951125566,0.020156564,0.02856923,137.84267,1.6173997547355463,True,True,True,True
272937332900,0.007974831,0.0635981,70.59644,3.2860703906148365,True,True,True,True
417082945610,0.06457964,0.044990692,305.1898,2.8817263067262195,True,True,False,True
492027065080,0.049414206,0.043245655,204.29744,-1.2168435827161694,True,True,False,False
383433436368,0.012914604,0.025893398,203.4852,0.0678634860164989,True,True,False,True
38270347200,0.046038147,0.039411318,108.913574,2.637962610730117,True,True,True,True
160204881952,0.060864516,0.049323775,233.10356,-1.3779283342802406,True,True,False,False
211647179408,0.03436685,0.02589293,120.5853,1.3470517380884213,True,True,True,True
123700413846,0.014444073,0.028889872,188.51006,0.0635359678245521,True,True,False,True
47182831386,0.010717693,0.032946862,124.84839,-0.0647619372266946,True,True,True,False
145924042934,0.014032459,0.075770386,557.6213,-2.98903773208804,True,False,False,False
401526079010,0.005379405,0.060255248,146.8748,1.1092861369277782,True,True,True,True
412961763528,0.13151444,0.012219309,148.40135,-1.6792819643105312,False,True,True,False
419954889600,0.03504737,0.0519071,104.23349,0.4929395749358225,True,True,True,True
702198266036,0.018022506,0.047939997,206.14018,0.7349981892654527,True,True,False,True
802214293158,0.024656534,0.053719077,47.428303,2.200104900227072,True,True,True,True
869216733838,0.01311439,0.016979272,150.38297,0.9521964183462616,True,True,False,True
821592110884,0.028638022,0.027011922,171.05225,0.9870105925743308,True,True,False,True
953367472620,0.05094026,0.03204819,83.34836,-0.8316394161080438,True,True,True,False
824153161116,0.03412378,0.03214231,83.3828,1.1032697015477362,True,True,True,True
933072676356,0.04486919,0.058428615,252.78363,-1.003044130314184,True,True,False,False
973065429838,0.006467907,0.028808251,202.16365,-2.061181455958787,True,True,False,False
497722114690,0.012628973,0.036927253,238.53267,-0.1567887940527622,True,True,False,False
585362221274,0.006470891,0.018980218,44.67006,2.1973368101496726,True,True,True,True
792698698808,0.03401638,0.03695149,574.2788,1.873937049298288,True,True,False,True
905412503810,0.03864625,0.049824312,238.5279,2.465837149840937,True,True,False,True
831759632034,0.01009975,0.037240285,113.37413,1.2889020525676065,True,True,True,True
572348337414,0.012528096,0.114218764,260.4491,-0.8494990326536319,True,False,False,False
583468795288,0.022649668,0.029105578,164.49834,-0.6465652406117215,True,True,False,False
769228275900,0.019729992,0.020255856,186.51099,-1.336877291186031,True,True,False,False
874321070958,0.016509064,0.01740535,114.1005,1.0409461192558036,True,True,True,True
797807042008,0.08076033,0.08317997,228.82697,0.1285010688454226,False,False,False,True
787966240512,0.002649921,0.046867233,94.793434,2.565506844770311,True,True,True,True
107528438318,0.057114422,0.03151313,291.0249,2.8591144045007466,True,True,False,True
39262042202,0.015359232,0.04409169,168.23677,0.2398478149784051,True,True,False,True
145637088368,0.016653595,0.015619353,78.57446,2.631818443569956,True,True,True,True
275808947738,0.040613916,0.04259221,200.93799,-1.9086164521293405,True,True,False,False
307260337010,0.022632653,0.06365561,175.49213,-0.04823017170733,True,True,False,False
383445456770,0.07811759,0.05731553,332.0574,-1.6750265444906138,False,True,False,False
401241696320,0.03053625,0.032770228,120.60002,-1.0128181223303336,True,True,True,False
214559969696,0.043638397,0.03330039,433.90393,-2.5726659450410714,True,True,False,False
399342371944,0.047064684,0.060110807,296.69827,-0.5231816078944052,True,True,False,False
401252456740,0.027278349,0.046250343,183.13832,-0.9037634092513512,True,True,False,False
253928292910,0.015436427,0.028836507,205.66959,-0.0281913515061477,True,True,False,False
159289088698,0.02981618,0.024994804,236.44432,0.0794354017794926,True,True,False,True
25933889784,0.019720227,0.03030655,134.27051,0.7995822897623496,True,True,True,True
192639877120,0.028215287,0.058921516,233.46638,0.6507511341841578,True,True,False,True
148503589450,0.020564247,0.017376298,51.590782,1.198230167943089,True,True,True,True
205653687308,0.016914343,0.034415204,93.83422,0.5818766844441651,True,True,True,True
234880143248,0.03809803,0.029906796,86.0552,-0.1832673619716731,True,True,True,False
417450186004,0.01726919,0.051013064,219.49922,0.2255981247162978,True,True,False,True
447923312008,0.020375906,0.028806852,168.9646,-0.1252838713766218,True,True,False,False
722250685892,0.044304065,0.055575155,226.10683,0.2068397804150026,True,True,False,True
917514145996,0.011978369,0.021526152,197.21274,-0.1757459248785602,True,True,False,False
955942987016,0.004020818,0.049225107,141.84163,0.8444959304130781,True,True,True,True
897520113580,0.03066347,0.030208528,85.97177,-0.2652094480240172,True,True,True,False
794954602264,0.013636778,0.01681943,74.354385,4.5515534560103,True,True,True,True
892759053028,0.16304436,0.0713823,123.12334,-0.4755790051666815,False,False,True,False
683857074878,0.036020584,0.042195782,88.947945,1.8326214380542707,True,True,True,True
712115750334,0.029137582,0.034411114,131.63536,-0.5259695915843952,True,True,True,False
833405593838,0.025470804,0.01751056,150.76193,-0.1264083927988321,True,True,False,False
632397920654,0.021827836,0.03505281,174.74358,1.1511887240872063,True,True,False,True
508554864992,0.029696032,0.059332486,217.4585,1.1056321909058608,True,True,False,True
995632005626,0.019442162,0.03981903,106.56427,1.4171127557922856,True,True,True,True
760036071842,0.040833335,0.09152427,139.48962,-0.2826257070594237,True,False,True,False
958484030652,0.03714567,0.055837158,216.18709,-0.1078545576246787,True,True,False,False
777812001356,0.05914715,0.056208916,136.45927,-0.1939911314238071,True,True,True,False
908951693050,0.019108435,0.024383392,149.72362,1.113272416144473,True,True,True,True
617803718584,0.07398248,0.05775697,197.22055,-1.595345540400289,False,True,False,False
637485246388,0.0128952,0.026413698,141.10103,1.8496602502509825,True,True,True,True
598753476462,0.015602796,0.020192262,134.37006,0.7163363324757854,True,True,True,True
798464887026,0.03296017,0.04629017,120.91438,1.433508436639305,True,True,True,True
768949966538,0.008829684,0.028391337,203.63351,0.6107906616295598,True,True,False,True
941036206368,0.019536482,0.012548763,137.51935,0.8126987382084007,True,True,True,True
913411538428,0.08270683,0.06929161,234.94109,-1.6725457180257988,False,True,False,False
815627826676,0.070077114,0.025690708,299.70163,-0.9760459024412244,False,True,False,False
198303729850,0.056690257,0.028821578,250.59766,-2.1711144159650955,True,True,False,False
198617420914,0.021805292,0.041274972,160.43019,-0.6980864099808716,True,True,False,False
351349756254,0.034273442,0.062803425,241.85722,-1.9059543456625323,True,True,False,False
430414680830,0.029099226,0.029046487,70.51324,1.2552079667265337,True,True,True,True
470097776400,0.04248486,0.0673051,240.66269,-2.70022287869929,True,True,False,False
198632287788,0.027620666,0.020502372,99.42811,0.3705104199721489,True,True,True,True
213250002546,0.14930584,0.051992103,326.45624,-3.7431456460189994,False,True,False,False
289124983586,0.04471975,0.08298618,79.6699,0.6418917264556123,True,False,True,True
410732145124,0.07196685,0.0115558235,113.61495,0.6232051852856069,False,True,True,True
348835779224,0.015990369,0.04866232,183.00635,0.5730053726837432,True,True,False,True
409798484922,0.014273443,0.011012695,97.3416,0.8903725030406436,True,True,True,True
256421054342,0.04546641,0.025349949,277.79144,-1.140216232706467,True,True,False,False
94794025998,0.028311992,0.03044575,209.4904,-0.6656535005724074,True,True,False,False
3995833709532,0.014024764,0.05404812,233.79042,-0.6242976142689913,True,True,False,False
505338869522,0.028411796,0.051840287,165.8323,-1.7858446574663345,True,True,False,False
351985428624,0.049599722,0.07238365,120.75693,-0.6592259386876806,True,False,True,False
487569064050,0.07624706,0.06898369,129.81839,0.084350325195042,False,True,True,True
78615374350,0.016069654,0.041032784,87.50937,0.2446750057959542,True,True,True,True
30980520642,0.021551725,0.04934046,175.64174,1.145451648512939,True,True,False,True
279289602118,0.011266985,0.03632254,65.556694,2.28769477657909,True,True,True,True
659971938874,0.05314321,0.05492255,209.52333,0.2582342154430766,True,True,False,True
530434891960,0.021798385,0.0290526,277.58417,0.7723467002919135,True,True,False,True
509785583870,0.07539567,0.01360784,271.99005,-2.212949387657297,False,True,False,False
847302765986,0.016153129,0.023080198,93.74366,1.3527065904255855,True,True,True,True
617757427932,0.1382965,0.11039108,360.003,-4.674871315456486,False,False,False,False
533612864288,0.017979147,0.02936658,82.93842,1.8027446943019507,True,True,True,True
571087835178,0.08361997,0.092141874,169.50313,-1.6334508452556546,False,False,False,False
771452983574,0.031140205,0.0072841537,459.05646,-0.432302676034346,True,True,False,False
977504615288,0.015453026,0.029123059,214.85506,2.142420393098006,True,True,False,True
773669046998,0.035790317,0.038823392,288.06717,-0.1521976609193747,True,True,False,False
607898282050,0.04744168,0.051826645,255.01338,-2.66190311971282,True,True,False,False
809533840218,0.013755008,0.03077714,91.17441,2.0708803262590685,True,True,True,True
708264616026,0.02353945,0.020080185,131.51955,1.3537350671863388,True,True,True,True
96730695928,0.042748503,0.04203481,57.410038,4.005027928649425,True,True,True,True
245643114218,0.031848237,0.036301125,79.03631,2.1690646931046147,True,True,True,True
296446491166,0.06645147,0.047108788,307.293,-2.477592128299496,True,True,False,False
315504999308,0.020937504,0.044128217,160.67667,-0.3749808879266209,True,True,False,False
474894822466,0.02826009,0.0464827,215.97942,-1.0250668997062902,True,True,False,False
354568451534,0.045939773,0.022296313,134.903,0.989392722521536,True,True,True,True
348201949340,0.027791873,0.043028727,133.96732,0.291454588641529,True,True,True,True
496483965754,0.02350223,0.059348196,67.71983,1.4121962601376623,True,True,True,True
31019654128,0.055663314,0.05400795,320.387,-2.2366193339349985,True,True,False,False
54200126732,0.094574,0.12744452,157.54138,-0.4052588221185457,False,False,False,False
44361442088,0.05053498,0.06447613,229.8488,2.569708593205932,True,True,False,True
321867772332,0.02053158,0.032463517,2734.746,-2.3321725292018005,True,True,False,False
394586430012,0.020551542,0.064771086,237.764,-1.2221027046292985,True,True,False,False
486041992572,0.038319312,0.04900758,148.14821,0.3477257389215321,True,True,True,True
137686518008,0.0033957118,0.048572987,109.47025,2.069654442474132,True,True,True,True
317416597026,0.013710534,0.11387836,222.19878,0.2584828581764302,True,False,False,True
407591446338,0.01620927,0.017737348,157.17928,0.0986441851066557,True,True,False,True
21822083496,0.017602298,0.035855293,100.330185,1.1836456091953242,True,True,True,True
254555449274,0.010691479,0.031258315,149.45004,0.7347343843811025,True,True,True,True
101522073998,0.033522885,0.026825838,123.55231,2.8277583588698523,True,True,True,True
94217703016,0.016047463,0.015769359,82.624794,1.810177028514154,True,True,True,True
227576531402,0.02250355,0.07857353,312.08932,-1.3744469526761496,True,False,False,False
272020737138,0.031275004,0.04620406,174.36128,0.5206592216102816,True,True,False,True
399360596354,0.03888174,0.055804428,171.73404,0.2126017296435499,True,True,False,True
412679527432,0.012727044,0.022665774,171.17508,0.8234690959051503,True,True,False,True
491742939822,0.0046522515,0.0154745765,89.37034,2.337066879480893,True,True,True,True
270756202258,0.05687088,0.03883595,38.06703,3.8901540171720943,True,True,True,True
653664302838,0.11870029,0.045404848,166.09341,-2.610840984897452,False,True,False,False
504121984672,0.058807015,0.012594926,335.81354,1.3000706179594257,True,True,False,True
876244411768,0.014613607,0.025626978,60.201748,3.271562845618945,True,True,True,True
857198907030,0.024024326,0.020593725,65.858086,2.18260335152952,True,True,True,True
954367688126,0.025417322,0.07023648,172.51907,0.7982721161147024,True,False,False,True
855935052042,0.03656008,0.06944258,365.7684,-0.108996284597819,True,True,False,False
976285817172,0.030533753,0.058892515,69.31939,1.5759773839020703,True,True,True,True
725432014388,0.01693264,0.030402271,129.65535,0.8085056642771251,True,True,True,True
604760076918,0.11472506,0.07314845,258.3899,-2.281189928789684,False,False,False,False
750187789418,0.015980769,0.05816696,170.43927,-2.112924405790521,True,True,False,False
815277977750,0.018661488,0.034485172,193.42781,2.7834905698499326,True,True,False,True
990544860702,0.06260861,0.09778523,422.41507,-3.048868842301495,True,False,False,False
787664977666,0.07483769,0.047251765,154.70212,-1.69280865233383,False,True,False,False
948959543506,0.03202957,0.03386718,143.6639,-0.7955971201245245,True,True,True,False
518743227498,0.043642502,0.036454678,95.5735,0.6389334728615472,True,True,True,True
813074262938,0.0048462553,0.032706596,42.795055,4.073036588250795,True,True,True,True
774974711140,0.036550116,0.06516046,259.63052,-2.1061064944811942,True,True,False,False
1384560136012,0.030694583,0.018460264,96.50903,0.0938868862874903,True,True,True,True
1020703408342,0.012886333,0.050798226,153.23369,0.2250903985099966,True,True,False,True
1153743381000,0.045557175,0.020641338,149.45938,-1.6135591757244112,True,True,True,False
1037520830988,0.0061193365,0.057113793,282.0676,1.6687831861416038,True,True,False,True
1306157039024,0.09533531,0.0721706,479.67996,-2.670987454067664,False,False,False,False
1094336929328,0.028726358,0.06273129,57.614002,2.863389774971001,True,True,True,True
1223564016070,0.014997749,0.03354531,183.74194,0.419504934272058,True,True,False,True
1183254978088,0.0073337443,0.07949502,179.2452,0.5719966115221082,True,False,False,True
1261039489398,0.027878089,0.038471747,323.88553,-1.6533773527102116,True,True,False,False
1265805364180,0.026229998,0.045315836,312.5732,-1.008071404798069,True,True,False,False
1250877842610,0.06561274,0.041471034,119.403046,-1.3442467237942055,True,True,True,False
1007364672164,0.0070785093,0.044558942,199.1351,0.4351385968571071,True,True,False,True
1137553214628,0.06853442,0.029106382,80.55168,0.7253411375248744,True,True,True,True
1096268685104,0.006635339,0.036270928,51.223965,2.6116595985628406,True,True,True,True
1371566865882,0.03227217,0.04422449,256.42264,0.0150268155836594,True,True,False,True
1397266254886,0.075296156,0.041570805,221.86803,-1.828452685769957,False,True,False,False
1650316764692,0.029256705,0.06643174,87.625595,1.3213765760941591,True,True,True,True
1546491580600,0.009666947,0.0066837524,98.71291,2.202898793666745,True,True,True,True
1975774739462,0.005033298,0.030218191,190.88692,0.6634916345751544,True,True,False,True
1727495570430,0.0101742055,0.034297023,163.74994,1.2595686600418985,True,True,False,True
1703057442144,0.016874164,0.027386524,99.98608,1.5601673624199193,True,True,True,True
1647156484102,0.07786134,0.010110098,386.77158,-2.0962778491992413,False,True,False,False
1538582813696,0.009140779,0.064490914,76.29915,0.2448178948912396,True,True,True,True
1758298287058,0.014318084,0.05014574,254.58165,0.1344822186743333,True,True,False,True
1749088215092,0.017177034,0.031139025,54.538822,1.9852231968710508,True,True,True,True
1860847066326,0.05513442,0.006691751,235.09966,0.2706155875555801,True,True,False,True
1996429290462,0.014549696,0.024284044,171.60938,0.1587218497072916,True,True,False,True
1502347457118,0.018641418,0.030900987,172.1591,1.5192613655102862,True,True,False,True
1598885053410,0.13050996,0.022883086,326.36273,-3.5770874654920912,False,True,False,False
1541419856138,0.08422419,0.078706406,418.23715,-2.6350271424325147,False,False,False,False
1759856152388,0.044662382,0.04065352,144.25082,1.164176002993044,True,True,True,True
1753204486728,0.027598912,0.014746125,187.38002,-0.3406106567412534,True,True,False,False
1924343558262,0.04288274,0.059290275,248.21552,-2.372353811067681,True,True,False,False
1949760327666,0.072500706,0.0053961393,151.88846,2.3969691467291185,False,True,False,True
1934832352092,0.121613815,0.08640577,125.2564,-0.8888351956832358,False,False,True,False
1223616128040,0.025617827,0.036629524,871.41986,-0.5451155346638985,True,True,False,False
1345229084078,0.047003757,0.023434259,134.61526,0.6809936130241354,True,True,True,True
1223955823654,0.08626349,0.016029231,193.41154,-0.3258590525444766,False,True,False,False
1148387676334,0.045738176,0.054359462,51.355705,5.034219991835632,True,True,True,True
1429694041208,0.06270579,0.054279868,522.9046,-3.4356371285153755,True,True,False,False
1298559138480,0.021588285,0.037821557,173.65356,1.2237616487324656,True,True,False,True
1320156899276,0.023548953,0.03912873,217.85442,0.1117024969844946,True,True,False,True
1365889052696,0.061480585,0.03327882,226.21185,-0.3996277288705268,True,True,False,False
1077876237974,0.072530985,0.016249888,112.59138,2.7285939803209707,False,True,True,True
1082005711332,0.05684175,0.07769261,124.62146,0.5795785832890981,True,False,True,True
1092161009304,0.010998367,0.02406883,171.49234,1.5337920885993723,True,True,False,True
1206178282888,0.048255444,0.014350634,150.37064,-1.1439012878622945,True,True,False,False
1201733809540,0.011530543,0.029983204,556.53827,3.920006168022081,True,True,False,True
1145202347484,0.15593438,0.07165493,180.22289,-2.747617143874461,False,False,False,False
1151546523378,0.047603503,0.023991683,184.41798,-0.1109952661282434,True,True,False,False
1362397291018,0.038796134,0.054201145,143.01382,0.3930399312848117,True,True,True,True
1456367840068,0.011725649,0.05476974,137.86693,1.0664986534356702,True,True,True,True
1570336250124,0.010137798,0.0693965,148.79495,0.0796712256633679,True,True,True,True
1873253454616,0.020894526,0.0459072,224.70717,-1.037271756801398,True,True,False,False
1934217874546,0.07899624,0.047490798,153.07385,0.7519626625023149,False,True,False,True
1881513712350,0.00957979,0.096166395,204.25845,-0.0890701230803955,True,False,False,False
1566881027636,0.03741853,0.046080038,243.60237,-1.5121193822993335,True,True,False,False
1621176468896,0.028226787,0.04080238,159.38216,1.1001808219573403,True,True,False,True
1948849371302,0.124195546,0.011410218,235.88982,-3.2748726602626226,False,True,False,False
1948538529850,0.12178127,0.07650909,300.98834,-7.0368129329104425,False,False,False,False
1526528444720,0.02081829,0.03504236,84.16968,0.5652582855400724,True,True,True,True
1785934497866,0.060069244,0.11043804,147.99213,-0.519100516434954,True,False,True,False
1863093899738,0.015314076,0.0518691,111.81932,-0.6693103947768568,True,True,True,False
1772921042458,0.026610266,0.013793281,117.33738,0.7152272729186843,True,True,True,True
1931042398846,0.010959779,0.039479133,144.55977,0.4450481359664546,True,True,True,True
1699915154654,0.017011348,0.056049928,164.7492,-2.362674445123791,True,True,False,False
1579253069782,0.041239135,0.075396776,234.73752,0.1822803709140009,True,False,False,True
1618939819324,0.048585888,0.03816854,220.6447,-2.220511646098664,True,True,False,False
1671016072278,0.07828035,0.1717184,201.57915,-1.5687221111454406,False,False,False,False
1660540835806,0.031732757,0.030747684,265.83893,-2.8424058038873685,True,True,False,False
1965356582688,0.036330886,0.054682575,94.46077,1.3228517885038804,True,True,True,True
1995526325190,0.020333212,0.07512109,137.39429,-1.1393383020135297,True,False,True,False
1171503790952,0.044849627,0.059687477,116.37268,-0.2180968337024551,True,True,True,False
1424887572292,0.019983862,0.04393361,169.02063,-1.14708846948631,True,True,False,False
1369944769656,0.09141189,0.059057582,210.32364,0.2858919406156366,False,True,False,True
1362656626934,0.016270727,0.074883156,172.12848,-1.1423771225323018,True,False,False,False
1020072781968,0.055987354,0.06030997,63.9679,-0.7166794108688248,True,True,True,False
1144856453684,0.026474616,0.010864253,189.7906,0.6249342561489166,True,True,False,True
1114039928126,0.018618116,0.02346002,32.538082,3.008683438194953,True,True,True,True
1226441051382,0.020770973,0.023879912,160.94965,-1.413234813469512,True,True,False,False
1359806556384,0.031159002,0.021972615,107.2758,1.696643491416569,True,True,True,True
1286150484884,0.045677528,0.061278906,161.39429,0.6011044727328217,True,True,False,True
1405215923618,0.050690513,0.020318933,103.15486,0.6916595135417349,True,True,True,True
1504284432308,0.018746817,0.05303802,252.63562,0.0536920365285786,True,True,False,True
1103871301164,0.10138719,0.028355053,330.64078,-0.5637161431432407,False,True,False,False
1185473992060,0.009429642,0.021726113,25.94551,4.95660554495746,True,True,True,True
1495060149072,0.005643894,0.007743294,86.57665,1.8701319678016248,True,True,True,True
1448370447234,0.021483788,0.030051472,132.52744,1.205466641864203,True,True,True,True
1336615855412,0.055628434,0.04131029,102.37343,0.0746358566480727,True,True,True,True
1021642819162,0.010859835,0.021464245,105.44653,1.1626710342475195,True,True,True,True
1076259157108,0.009864036,0.028923359,59.546883,0.7538769751648119,True,True,True,True
1080385077690,0.019924717,0.06199792,176.90744,-0.6468845366111797,True,True,False,False
1040705384132,0.00909055,0.020247659,135.35735,0.6109181534914014,True,True,True,True
1178815748590,0.02773015,0.046689644,162.34465,-0.1324603202786405,True,True,False,False
1348694316504,0.0063309893,0.020908935,60.677456,2.7144244558668893,True,True,True,True
1326157956308,0.038909744,0.022699429,140.4051,-0.4826346258996434,True,True,True,False
1513495638464,0.09347791,0.047094595,664.8922,-2.493703068430984,False,True,False,False
1684607164418,0.037817072,0.095171794,95.75848,0.1538948023507202,True,False,True,True
1567441024878,0.04239958,0.043746017,416.8582,1.2318720087388524,True,True,False,True
1655390310316,0.07030249,0.044670973,193.62152,0.0986426921787969,False,True,False,True
1556655601370,0.018975168,0.04602618,164.36946,0.5683762027309109,True,True,False,True
1749398278850,0.023147564,0.045608774,187.20718,1.0318349199750043,True,True,False,True
1826877393978,0.005632803,0.018511636,75.31215,2.795702545590088,True,True,True,True
1842761155116,0.012544589,0.03194552,74.44286,1.1863960662327104,True,True,True,True
1530941925022,0.043787457,0.050160706,128.6475,-0.1773369676376904,True,True,True,False
1649996604408,0.05559186,0.022268469,125.39369,1.5352204161487062,True,True,True,True
1543958658666,0.0028908744,0.015148767,33.202534,2.952955866105033,True,True,True,True
1509027956024,0.13820632,0.04558916,508.62314,-2.6839886270526443,False,True,False,False
1769387576492,0.045584906,0.03886634,211.00365,-0.170838925803624,True,True,False,False
1637643362188,0.03657704,0.0298984,105.835625,2.551670939420929,True,True,True,True
1558572416038,0.053106427,0.043780033,241.45673,-1.6120493359382282,True,True,False,False
1738614924640,0.039074052,0.052021302,309.70782,-1.5802279399118833,True,True,False,False
1817347032408,0.006589773,0.012863336,41.167393,3.4109841410967574,True,True,True,True
1904991246834,0.03584479,0.07999711,168.90465,0.5231420446110109,True,False,False,True
1016270404104,0.026662396,0.0149193285,172.14339,-0.3250957637613408,True,True,False,False
1219485018124,0.03238348,0.0347294,281.56937,-0.0034482968942964,True,True,False,False
1047079042164,0.051776815,0.041695427,181.12894,1.0667589422093051,True,True,False,True
1077552747994,0.12635234,0.023148976,238.25452,-3.844780428169089,False,True,False,False
1440802481652,0.057531405,0.12404926,46.413364,3.0760220745162887,True,False,True,True
1472859049022,0.04811504,0.058692273,229.21466,-0.1934754622581062,True,True,False,False
1049625098952,0.0074868468,0.014336705,83.16821,3.388015591478447,True,True,True,True
1053130393414,0.011175664,0.020454919,120.30422,0.7391003998104784,True,True,True,True
1019466848468,0.032079317,0.066531464,145.96378,-0.0932694580077405,True,True,True,False
1152518362600,0.018246746,0.0323813,169.24144,0.8998154743677067,True,True,False,True
1332535595088,0.10422147,0.051254936,112.737434,0.1412630325580111,False,True,True,True
1512265044974,0.043348473,0.06409985,223.74585,-1.532909046508358,True,True,False,False
1112479620530,0.03413457,0.08900268,422.24933,-0.4422630974345587,True,False,False,False
1032146406276,0.050150916,0.06442047,147.58337,-0.4969751475937078,True,True,True,False
1355062230420,0.037648823,0.016754508,436.68698,-1.4614288569674887,True,True,False,False
1457317580800,0.019788057,0.034317207,180.55482,-1.1239356837688397,True,True,False,False
1175685303244,0.006697836,0.06817879,160.50256,-2.030523577309408,True,True,False,False
1019792130876,0.11769098,0.04549765,147.41367,-2.6751739925493485,False,True,True,False
1446531677790,0.10028668,0.03382214,380.095,0.3300496961482553,False,True,False,True
1388117524082,0.009518514,0.026661536,268.69754,-0.3285144586739538,True,True,False,False
1604636148292,0.02206079,0.035835337,350.24576,-1.0741029309291346,True,True,False,False
1513190817088,0.017510718,0.02691735,118.41314,0.1417601680339772,True,True,True,True
1520496196622,0.019957492,0.034101978,170.88464,-0.1545247556807782,True,True,False,False
1541140717254,0.022163598,0.10384194,205.86519,-0.5044016464637165,True,False,False,False
1545268981182,0.013211089,0.02702481,42.801746,2.715488208501716,True,True,True,True
1711016160204,0.012897783,0.019054156,94.50645,1.56307697226281,True,True,True,True
1921515564394,0.014985625,0.033030972,146.36331,1.5845382788815925,True,True,True,True
1955813042804,0.020661457,0.034752477,173.88983,0.7969844336933074,True,True,False,True
1606561050524,0.038970664,0.010404354,186.20972,-1.5301707011023933,True,True,False,False
1860254868566,0.002940337,0.063564986,247.2339,0.9866039606977108,True,True,False,True
2016486150006,0.07625164,0.039590433,131.0109,-3.275465373841685,False,True,True,False
1686232162322,0.03782952,0.035766546,146.84666,-1.239459287169923,True,True,True,False
1637667730478,0.014069931,0.07452459,228.21996,0.8127498142946407,True,False,False,True
2001535469370,0.078356504,0.015904658,149.71178,0.4258773141658796,False,True,True,True
1889779845604,0.04786923,0.05382635,196.37794,-2.6401497473415168,True,True,False,False
1968522638654,0.018218169,0.03500882,135.22865,1.551227897123635,True,True,True,True
1588151922894,0.014461911,0.020295767,131.11537,1.6844051840897118,True,True,True,True
1507820875028,0.016464433,0.032814886,141.08144,1.4555124987145551,True,True,True,True
1731974799988,0.02246588,0.035173118,296.31522,-0.2765531758694414,True,True,False,False
82804314748,0.048056122,0.03547095,87.967674,-1.79315940658608,True,True,True,False
226008581602,0.03648056,0.075757936,157.57605,-1.0136641436098173,True,False,False,False
2463036290,0.038840305,0.024280466,209.72107,-1.5683534230590994,True,True,False,False
23130690108,0.10294624,0.036411382,234.46725,-2.650076107181829,False,True,False,False
107911755646,0.051826075,0.043742202,135.59633,-1.5125213206457553,True,True,True,False
238098810934,0.058251057,0.037004936,162.39888,-2.358225514649953,True,True,False,False
204441237610,0.0033341772,0.04767369,94.61832,0.9388816632093332,True,True,True,True
324444872450,0.02699796,0.04510967,105.532455,1.085576954123656,True,True,True,True
322865286238,0.019641552,0.016754542,152.2957,4.100703120367086,True,True,False,True
328263806464,0.0132377865,0.03529098,94.23764,1.2000410001181652,True,True,True,True
423516732012,0.025145007,0.021444809,172.43285,0.6352157575089868,True,True,False,True
29771496318,0.03978286,0.019174868,101.667885,0.2225151442175734,True,True,True,True
112973428918,0.013565076,0.029495524,102.44155,1.2602541703047931,True,True,True,True
109164172092,0.023241876,0.05486999,215.29642,0.7160824788202501,True,True,False,True
108212897716,0.01921084,0.026474057,287.60944,-1.9686009344564035,True,True,False,False
247904611242,0.016450355,0.04901106,209.64058,-0.4449370311022105,True,True,False,False
282832618738,0.05922329,0.07007267,198.48268,-4.369889762544184,True,False,False,False
346336568556,0.011557196,0.037856936,78.083626,1.6564441994681247,True,True,True,True
416522348420,0.018182922,0.058637977,68.10277,1.892087878460216,True,True,True,True
219683408814,0.027367674,0.06325216,238.15666,-0.7542006829940666,True,True,False,False
163786331996,0.016047336,0.013404283,105.34283,1.7506133660138936,True,True,True,True
239684800962,0.0130251525,0.058348704,184.53192,-2.265755024004374,True,True,False,False
583538772664,0.032643154,0.050918452,124.51593,0.1731390348948738,True,True,True,True
594330900840,0.03272495,0.021487582,139.0745,-0.0638959568090322,True,True,True,False
782001373558,0.046781164,0.056770317,462.28796,-1.202319290863199,True,True,False,False
774376483804,0.021934818,0.043003492,245.6861,0.3600260112732245,True,True,False,True
676562407498,0.013872929,0.029956238,116.1097,-0.2747749113132626,True,True,True,False
784517872244,0.047978017,0.070846476,272.844,-0.1249583284185696,True,False,False,False
793733840202,0.035803214,0.08011013,226.32065,0.0330595775738361,True,False,False,True
553701898820,0.10790475,0.06811652,190.72183,-0.0570688356738384,False,True,False,False
531164278916,0.08784952,0.100260966,392.51617,-3.271363819721725,False,False,False,False
897577721950,0.013813656,0.03672792,188.56967,0.3205639673806543,True,True,False,True
981084072002,0.011575903,0.040708072,73.52203,1.5050606546634715,True,True,True,True
188251321056,0.0055884994,0.00784012,134.11633,1.2841313281501303,True,True,True,True
51410734702,0.05698843,0.005990716,214.64877,-2.0335368120763877,True,True,False,False
117460565350,0.025490912,0.023750918,81.046425,1.3236091520153712,True,True,True,True
285413953320,0.038552597,0.02026782,182.63905,3.47023681250525,True,True,False,True
432117138616,0.007991111,0.062475674,200.57057,-1.2928790654307418,True,True,False,False
470225889684,0.012825891,0.027065996,209.8007,1.3301032401825077,True,True,False,True
284470314384,0.0447392,0.0514779,46.97618,1.2186474143570774,True,True,True,True
235595316806,0.021856181,0.09453355,201.9045,-0.7836952536563929,True,False,False,False
70482649476,0.022073777,0.025695555,72.736015,1.0000445110058809,True,True,True,True
373076688792,0.058529742,0.046215743,219.29393,-0.7560783203103835,True,True,False,False
471825408746,0.028109418,0.011954632,112.19755,0.2412004956949396,True,True,True,True
363875262388,0.019789288,0.03776915,164.53827,0.7755806130219887,True,True,False,True
211115711000,0.017530177,0.035704274,96.06991,-1.6196708468906402,True,True,True,False
145401923116,0.013623294,0.041669466,335.27103,-0.0524161553116063,True,True,False,False
468628589210,0.02136317,0.054995835,233.37773,-1.829305561726971,True,True,False,False
280345932356,0.015647698,0.015072584,233.58972,0.7841643501905502,True,True,False,True
473713343912,0.0032471241,0.050991196,176.80327,-0.601787097418791,True,True,False,False
473391112822,0.0077064713,0.017084247,84.19638,1.64870609008315,True,True,True,True
409257994808,0.020885905,0.07679318,283.4896,3.9255479599761776,True,False,False,True
430218246078,0.019603789,0.02626486,178.78308,-0.1114103178118006,True,True,False,False
184789976454,0.02122434,0.040516775,59.600163,2.737019350081954,True,True,True,True
269251934888,0.017566513,0.017944647,190.48502,0.623100573120758,True,True,False,True
404832824548,0.09967288,0.06473659,273.702,-3.4503590672714903,False,True,False,False
748989020150,0.12958764,0.07937285,326.1009,-3.537055027896912,False,False,False,False
1002702897516,0.11736277,0.022702046,179.63979,-0.7877443479676234,False,True,False,False
640739118902,0.0072807,0.033355135,70.05258,2.6760933775749467,True,True,True,True
844280401228,0.04313015,0.014682548,287.22736,0.4677707343720186,True,True,False,True
827757996202,0.082080305,0.13690485,251.9086,-3.772652352929291,False,False,False,False
684535334698,0.026591076,0.034548182,203.93694,0.9414098533154288,True,True,False,True
882348203202,0.03830526,0.14404485,179.014,-2.577673759382317,True,False,False,False
841402763968,0.01255911,0.03299963,244.8071,-0.2781998230841456,True,True,False,False
896021319446,0.0058513014,0.018056555,89.14129,1.6035945528779334,True,True,True,True
628354177542,0.030103127,0.04189756,154.79504,-0.6529687037945502,True,True,False,False
656615246684,0.039124016,0.055948354,230.80237,-2.3934346995302542,True,True,False,False
562957203682,0.048280068,0.052556835,272.9176,0.0242069928014767,True,True,False,True
596618532376,0.07367491,0.025066318,369.962,-1.0778382421254724,False,True,False,False
561371494798,0.013331983,0.028490653,51.389507,1.682892669526367,True,True,True,True
1000486987646,0.011628189,0.036299266,93.31548,1.9200691745974796,True,True,True,True
886179283970,0.016041115,0.073760636,111.51576,-0.1059650074765318,True,False,True,False
777595256214,0.065461576,0.02957037,65.28379,0.5522976672644915,True,True,True,True
813163418204,0.011865984,0.04761793,94.0387,0.6900432145664203,True,True,True,True
841745888178,0.038243894,0.05116507,137.28853,2.16958734912936,True,True,True,True
915092730812,0.059772544,0.036485046,334.6673,-3.4095702728256247,True,True,False,False
950329261184,0.07068432,0.034121383,57.372814,1.9333336368634448,False,True,True,True
58358277266,0.03457682,0.072266206,235.57088,-1.2787367508471512,True,False,False,False
224739185208,0.018841822,0.017586796,118.25331,2.2394546997164837,True,True,True,True
109789058158,0.072919406,0.010213395,93.38207,2.458688640576561,False,True,True,True
123769212466,0.017177738,0.032046687,136.23085,0.4498766259189745,True,True,True,True
401593038352,0.028021988,0.02270221,246.22212,-0.2628671188872763,True,True,False,False
339047318820,0.06663415,0.03512662,131.24158,1.3484084962561274,True,True,True,True
245384764336,0.015692208,0.03914418,118.68353,0.9154582720381096,True,True,True,True
177760817030,0.026014298,0.047931924,354.14944,-2.3820749095616023,True,True,False,False
485434823982,0.02584934,0.024422772,207.87622,-0.007539450801822,True,True,False,False
420344685848,0.013237123,0.023051703,166.46812,0.5340976396085984,True,True,False,True
7543663194,0.024675282,0.051242054,207.01595,-0.0133431758031491,True,True,False,False
58672598074,0.090570934,0.026749903,190.80235,-1.6697284139629294,False,True,False,False
86933667164,0.011399822,0.028840927,147.1196,0.9221421585590588,True,True,True,True
107891877476,0.026731353,0.039569996,217.11012,0.3043815803700288,True,True,False,True
261239573048,0.025473349,0.052113906,98.49493,0.9826544128183948,True,True,True,True
221253799910,0.02136649,0.05156629,244.55405,0.2856007964583407,True,True,False,True
82510109918,0.019655006,0.017666284,82.641624,1.293675659904323,True,True,True,True
146654088600,0.044142265,0.06387223,98.93231,1.6132167379707412,True,True,True,True
460360648614,0.13088898,0.07842419,405.25476,-4.142778369439904,False,False,False,False
599093829984,0.016328227,0.03570536,155.80714,1.4087220767818214,True,True,False,True
848342392790,0.025577588,0.026605159,171.56805,0.4384381869544062,True,True,False,True
753413967838,0.01130527,0.032680742,144.10829,0.7109999927308286,True,True,True,True
564824751790,0.0103625,0.07731082,264.3123,-0.3154061720825124,True,False,False,False
895669151086,0.015457724,0.024605291,107.264465,0.3451546541912779,True,True,True,True
808039553568,0.0070481845,0.013825599,67.433624,2.862980441428717,True,True,True,True
826130054702,0.017974589,0.04536728,251.68994,0.4889696221775292,True,True,False,True
950278963600,0.01776274,0.0247332,120.80779,0.3370362196929302,True,True,True,True
946475124382,0.03156342,0.10576303,133.8745,-0.9339326048975172,True,False,True,False
552741555338,0.019534685,0.03308254,274.5514,2.950836641373985,True,True,False,True
579403962932,0.09683188,0.078889295,391.7815,-2.885995823022112,False,False,False,False
580999953850,0.046625912,0.024317577,129.57513,-0.469136206383358,True,True,True,False
571791546702,0.022209546,0.049821537,158.89847,1.7011494853251192,True,True,False,True
915014512558,0.04939703,0.06369457,204.42549,-0.8529103421904289,True,True,False,False
839454529966,0.014654418,0.017779687,154.70721,1.049141951143997,True,True,False,True
929950275196,0.045853097,0.05192547,223.96803,0.1595411723143009,True,True,False,True
879771834246,0.0477883,0.068090476,71.764404,1.0935652525044053,True,True,True,True
719446283356,0.019889362,0.10306047,133.65714,0.7384902800750657,True,False,True,True
520992907922,0.100946315,0.026019096,121.5648,0.2337953164357245,False,True,True,True
772152461466,0.01373661,0.050438464,243.19594,3.733769002950569,True,True,False,True
921084915278,0.026166448,0.048574105,155.86852,0.0342104212563466,True,True,False,True
24732052920,0.046454567,0.020959947,50.36503,0.089208862835742,True,True,True,True
19341773036,0.11344571,0.046820343,136.06116,-0.7725910901084367,False,True,True,False
191756519196,0.02429414,0.03033875,82.3324,1.2838676943923586,True,True,True,True
400987934878,0.015118606,0.05968551,78.83358,2.149461108592792,True,True,True,True
411167071598,0.03141293,0.049281396,112.855385,1.431376630550854,True,True,True,True
295589288394,0.03570032,0.0733232,113.3653,-0.7460151894261936,True,False,True,False
80315540742,0.049089387,0.04639074,209.2064,-0.4282576384334347,True,True,False,False
222885422616,0.015177159,0.012431288,130.7618,0.8451806657751522,True,True,True,True
293702286394,0.033089917,0.007643059,142.08084,-0.3706699927913487,True,True,True,False
35843564992,0.033080842,0.085868925,189.76953,-1.2091520819769872,True,False,False,False
133021846518,0.02971697,0.03901687,160.48781,1.8274871474902428,True,True,False,True
281606263732,0.011538884,0.019484038,165.85718,0.1360911386736971,True,True,False,True
387026607736,0.0733971,0.09346299,322.03018,1.8532173014515776,False,False,False,True
31114105504,0.020454265,0.01824014,76.83614,-0.2387776647261243,True,True,True,False
52067225366,0.0389898,0.044982202,170.11197,1.4851337897781114,True,True,False,True
299401847430,0.016109243,0.06208066,296.93472,0.3789695932531114,True,True,False,True
504524556208,0.024547264,0.046962168,265.00717,0.0974574574676937,True,True,False,True
271156024490,0.05232587,0.045299284,122.41234,1.5077053805004426,True,True,True,True
481666342034,0.0028526518,0.027098462,115.0432,0.4169319917225079,True,True,True,True
300053318762,0.05322835,0.025790134,180.69907,0.4386282133143812,True,True,False,True
264804818994,0.007039195,0.051759604,114.967606,0.6391885518788096,True,True,True,True
377208159070,0.011087016,0.05590431,272.11444,-0.5309070342275772,True,True,False,False
549606774728,0.015375613,0.0475362,168.04007,0.2369782757175548,True,True,False,True
621997101214,0.028465306,0.04171153,277.3904,3.142334734532654,True,True,False,True
580718922522,0.10673189,0.100755624,191.11964,-1.7661512518519824,False,False,False,False
784561192144,0.026874103,0.03192198,136.88776,0.6166568435993688,True,True,True,True
828693499192,0.041756008,0.015314784,182.09853,4.033577653724068,True,True,False,True
959512898794,0.008515651,0.11548778,247.13187,0.5901440371577071,True,False,False,True
589306401124,0.028278807,0.07228024,283.91354,-4.35879141656356,True,False,False,False
1006837312926,0.022030791,0.034625087,118.15521,2.1060720681328675,True,True,True,True
944617076830,0.024733778,0.04455723,258.49136,0.0243034069699129,True,True,False,True
535937969692,0.018484505,0.02231626,374.23703,0.4441718995157862,True,True,False,True
714703946604,0.0072345003,0.02159999,196.71277,0.0499941946136776,True,True,False,True
624541597552,0.0232817,0.068255484,171.00525,-0.9631639842936404,True,True,False,False
784877353098,0.04330175,0.023380596,95.111176,0.7827878059468198,True,True,True,True
629941679500,0.010963394,0.024741292,370.43118,0.2901988380486275,True,True,False,True
569930173298,0.019068126,0.06561011,166.55768,0.8007435323040291,True,True,False,True
630591991232,0.013850883,0.031150276,75.90968,1.739382252126298,True,True,True,True
811887493966,0.01665114,0.02253746,121.370316,1.4505359417687251,True,True,True,True
912864347900,0.08945,0.1173038,275.34818,-3.8648789770215792,False,False,False,False
867460373846,0.04466418,0.021584243,168.13556,-1.405749144407352,True,True,False,False
943663410138,0.06687704,0.045992292,297.45963,-2.178903709941208,True,True,False,False
1179206292790,0.08153532,0.08820128,289.4165,-0.6755850346549599,False,False,False,False
1242704774518,0.031561505,0.028284848,208.16592,0.7207903714433838,True,True,False,True
1407813234868,0.044272404,0.028828492,123.845276,3.5040196828202013,True,True,True,True
1278911152276,0.09410365,0.05988558,388.77835,-2.0679305870737794,False,True,False,False
1418294645124,0.045095798,0.016873265,164.45413,-0.8294248653939362,True,True,False,False
1111265984532,0.0076397792,0.022472259,64.75682,0.3651714258780821,True,True,True,True
1114451944360,0.05581211,0.036438275,335.8752,-1.476766076868722,True,True,False,False
1086823295372,0.050441537,0.013545045,221.49193,0.5656882151615719,True,True,False,True
1015989776002,0.033861175,0.020416839,183.87408,1.0901606337486909,True,True,False,True
1454802742834,0.015062628,0.023445593,335.008,0.6612833818879007,True,True,False,True
1484329733928,0.10232024,0.03940946,421.01318,-3.921369652176669,False,True,False,False
1420824071060,0.023324318,0.050792117,217.95012,-2.605642172441545,True,True,False,False
1364003010332,0.013717444,0.032942384,191.46608,0.1681345441291105,True,True,False,True
1020773087926,0.05134864,0.061763454,311.18704,-1.1480971218767293,True,True,False,False
1000449263502,0.029777965,0.019178584,169.92885,0.9556616793194838,True,True,False,True
1091904272326,0.018341497,0.054676928,147.4251,1.7480985693939222,True,True,True,True
1247812109934,0.11153385,0.10034502,306.07703,-2.7484101639517675,False,False,False,False
1335759783302,0.06884418,0.09556652,341.5893,-2.300062545775493,True,False,False,False
1718666019190,0.03264848,0.018242272,289.43573,-3.164811234552373,True,True,False,False
1738360776748,0.029084928,0.027631588,62.408684,2.308339195690971,True,True,True,True
1584982212830,0.030977663,0.045646597,118.364,0.7992712892020255,True,True,True,True
1658332054176,0.02017171,0.08223325,159.05086,-1.3833948838194106,True,False,False,False
1964740844494,0.013047864,0.02603951,135.7073,0.669663339394641,True,True,True,True
1505312361282,0.029622845,0.032938864,138.27127,0.1929916328155877,True,True,True,True
1646284916478,0.023152215,0.030649919,190.174,0.1812767368342383,True,True,False,True
1665972869976,0.010208078,0.031801995,219.22206,0.1834283519022678,True,True,False,True
1736785247716,0.0061045396,0.01446302,269.19418,-0.932165172873198,True,True,False,False
1640898542410,0.07439473,0.091557875,201.73636,-0.134524192000645,False,False,False,False
1898080141220,0.03442948,0.072798476,159.41708,-1.2266060456016517,True,False,False,False
2000648273530,0.013324249,0.024353357,134.54344,1.850582113142784,True,True,True,True
1670412481610,0.033053495,0.08765789,299.0772,-0.5033218800622646,True,False,False,False
1827266227080,0.0049149874,0.10204202,138.90486,-0.698519003684524,True,False,True,False
1931095418842,0.009628911,0.07014788,241.36603,0.7602675242262186,True,False,False,True
1881230818762,0.07735484,0.036588475,74.195366,-1.1965538705501777,False,True,True,False
1847898325074,0.01411279,0.026055854,166.6899,-0.6924913684521672,True,True,False,False
1926644897408,0.02931015,0.06450372,286.33215,-0.6271553051180999,True,True,False,False
1861244269572,0.012559837,0.017893601,101.92162,1.1963162993806933,True,True,True,True
1934280749232,0.016276566,0.052071895,192.99393,-0.77246600894661,True,True,False,False
1920629859250,0.025812,0.04086165,163.83284,0.1996092430848768,True,True,False,True
1946033072102,0.0052553453,0.0092967795,34.203598,3.5254654448048,True,True,True,True
1186547934800,0.007839638,0.014874288,42.748512,3.83744220702932,True,True,True,True
1463727900650,0.011522998,0.019443396,36.42069,4.902901145322285,True,True,True,True
1311339695956,0.01034148,0.033824228,21.146008,6.856251740202084,True,True,True,True
1469132924518,0.03624038,0.061648883,177.8457,-1.923680876832812,True,True,False,False
1480573144882,0.02549493,0.023690777,219.56189,-1.240604589912522,True,True,False,False
1342435364074,0.0508981,0.014743454,132.75386,-0.6641214151909673,True,True,True,False
1389112568498,0.014156485,0.08014658,219.5597,0.8230649972397928,True,False,False,True
1448805698300,0.095569946,0.02465505,99.90077,0.7282899984062172,False,True,True,True
1301803387990,0.07777251,0.07150373,289.33337,-4.2675997980392335,False,False,False,False
1373882570008,0.03176024,0.033211324,227.40862,-0.3683334222443633,True,True,False,False
1204351157706,0.018541366,0.04692927,259.62662,0.599662643703419,True,True,False,True
1420571591832,0.009314333,0.02668991,36.382107,2.9934140127113658,True,True,True,True
1392949544794,0.06995072,0.04768754,312.9061,-2.3238137032218216,True,True,False,False
1381209998490,0.049139984,0.04206997,175.85208,2.9500001576059667,True,True,False,True
1380565030670,0.02282693,0.07181698,296.791,-0.0432978583198842,True,False,False,False
1426930434672,0.035177395,0.036919136,227.60028,-1.2727297031008686,True,True,False,False
1554557748122,0.113661,0.03237282,320.6749,-0.3310633171592624,False,True,False,False
1661229575060,0.02106256,0.032071292,129.38754,1.173905752638523,True,True,True,True
1574236756216,0.118445165,0.06225636,267.79532,-3.0067585432218387,False,True,False,False
1829220284700,0.05259883,0.03910587,288.52603,1.3364518934837466,True,True,False,True
1876209540766,0.046917684,0.052391995,190.66205,1.4102163735633158,True,True,False,True
1955271617368,0.03423717,0.050755437,199.16144,-0.2146649763633873,True,True,False,False
1953664412872,0.04221261,0.052950807,115.86782,-0.0796662607878444,True,True,True,False
1912078012246,0.043664318,0.096686326,292.41272,-0.471095273687668,True,False,False,False
1688240271378,0.0049440986,0.020665066,187.8974,0.8755211589575114,True,True,False,True
1538683514384,0.0041051917,0.017928753,76.04371,3.336269330786549,True,True,True,True
1892729880940,0.08211961,0.034824543,345.75314,-0.1286872486226551,False,True,False,False
1990527427340,0.05818727,0.072921,278.62842,-0.6320732932361389,True,False,False,False
1490367227520,0.024084369,0.025754271,184.37132,4.159423948733917,True,True,False,True
1464657229492,0.01288382,0.013657451,309.85318,0.8696250842747174,True,True,False,True
1052521310000,0.034946196,0.1311611,203.05553,-0.8590940600773932,True,False,False,False
1176047627398,0.04905555,0.038013395,139.8027,-0.5251371108369939,True,True,True,False
1011881824542,0.08941334,0.026234785,175.62859,-1.2888296403878228,False,True,False,False
1129687666586,0.020925041,0.027164055,54.49018,1.958845462617805,True,True,True,True
1349726581874,0.02007567,0.048341732,277.1985,-2.8542375557115083,True,True,False,False
1324335617276,0.006700254,0.009298505,133.51497,-0.0871631249278198,True,True,True,False
1137921642706,0.08278686,0.03919895,509.9329,-1.2650494815119948,False,True,False,False
1009965719266,0.01886216,0.018262196,61.55049,1.46228787384648,True,True,True,True
1128088325660,0.07858026,0.023213107,135.47078,-0.8820742674783312,False,True,True,False
1221122441306,0.04794467,0.14035869,398.6345,-3.997815532021588,True,False,False,False
1366543274052,0.016632339,0.01786171,210.78484,1.3236443461594076,True,True,False,True
1419889708274,0.0945065,0.02360976,209.13716,-2.6262839647285525,False,True,False,False
1236998919122,0.08369439,0.03168354,225.77692,-0.6106228262933092,False,True,False,False
1101422617348,0.042515326,0.052043885,158.63988,-2.5205942592652173,True,True,False,False
1126829131594,0.034566075,0.042780627,335.41095,-1.5066460644146282,True,True,False,False
1199546830990,0.047566142,0.034579102,253.22804,-1.7329299449237072,True,True,False,False
1422751672778,0.007942362,0.045525726,141.26027,1.5490507192329894,True,True,True,True
1612609201848,0.056166608,0.066421136,238.99257,-1.0427732255150168,True,True,False,False
1583721660268,0.05431917,0.054755148,230.65433,-1.7516482175580328,True,True,False,False
1577689082628,0.04675155,0.108791225,246.63496,1.83550961609736,True,False,False,True
1623417884630,0.018885102,0.035015665,172.5672,-0.0871828187916796,True,True,False,False
1657057592726,0.0513266,0.02765633,398.7402,-2.026333841314538,True,True,False,False
1659931450688,0.009392929,0.043528065,82.11018,-0.0620367757807081,True,True,True,False
1868217917230,0.03779283,0.025964795,147.34215,0.2864900091524974,True,True,True,True
1877111097872,0.010794771,0.05879715,142.23647,0.958089546797545,True,True,True,True
1743771347274,0.03988674,0.016666638,200.06425,-1.1226034037896773,True,True,False,False
1972694924792,0.027587917,0.06370614,260.4659,-1.2097747405194204,True,True,False,False
1788530175562,0.047942486,0.06789171,81.71686,0.1221052089623267,True,True,True,True
1778371829102,0.10530645,0.017173104,180.27032,1.833160699089412,False,True,False,True
1930477668342,0.0088081015,0.031790964,87.06272,0.9716008720650016,True,True,True,True
1588161600274,0.07693823,0.023404134,103.92096,-0.035017272379494,False,True,True,False
1738042884610,0.02697762,0.04018199,273.75482,-0.151335860339365,True,True,False,False
1897423055746,0.041285574,0.016655171,142.74962,2.0412295002846474,True,True,True,True
1956801311742,0.07843549,0.028965,81.67322,-1.4930742595504765,False,True,True,False
1696775036848,0.05240915,0.054185785,130.07242,-1.57947635136378,True,True,True,False
1996522257312,0.061591063,0.048020955,273.03873,0.8507988852741994,True,True,False,True
1974918877930,0.033836413,0.03792659,136.58035,0.8091776440906608,True,True,True,True
1880615614144,0.034735754,0.020338494,143.26785,0.0163474120807358,True,True,True,True
1747262808236,0.037815504,0.046961818,148.37543,-0.1111729003922448,True,True,True,False
1207811067882,0.06302773,0.05374942,183.27121,-0.4176934142569978,True,True,False,False
1127491964800,0.011291272,0.017819898,121.669365,1.8580414977687576,True,True,True,True
1109708854910,0.06437763,0.030925713,173.85107,0.3853075368385795,True,True,False,True
1197355966132,0.011564898,0.06634815,139.33606,-0.5151428040336563,True,True,True,False
1151949018636,0.006802145,0.02352498,106.47782,1.992295472123657,True,True,True,True
1119887285064,0.008581731,0.05346948,162.3834,0.6150466550195461,True,True,False,True
1231011852488,0.026984988,0.04838171,188.18184,1.8316697352193376,True,True,False,True
1275461551834,0.019356132,0.05481002,171.37271,0.3250122371368273,True,True,False,True
1335789621646,0.014597633,0.014895181,123.26107,1.5847654068954522,True,True,True,True
1302770968704,0.03330018,0.0432244,144.77834,-0.0853215059425323,True,True,True,False
1337069353138,0.017677732,0.028045481,347.4769,-0.511877934508456,True,True,False,False
1340566055112,0.037753623,0.03031236,124.91289,1.898891590615652,True,True,True,True
1470395926106,0.011525641,0.029695185,105.12796,1.889172599151276,True,True,True,True
1291633931292,0.025543991,0.03269055,267.13724,-0.9705148297012712,True,True,False,False
1143370335020,0.055785026,0.035275653,263.20117,1.8069172801725883,True,True,False,True
1132573823638,0.009913316,0.026740557,58.028606,2.054427468058871,True,True,True,True
1177033906224,0.022602191,0.035919547,137.11462,0.1483467685264794,True,True,True,True
1056698942478,0.012360382,0.036549147,170.43114,-0.9857866313079966,True,True,False,False
1086862636602,0.02503583,0.051689517,239.08794,-1.4192671566397514,True,True,False,False
1052257971580,0.008906539,0.03088485,164.96902,0.9686087921592796,True,True,False,True
1042412735358,0.010788709,0.028742911,273.55063,-0.6551546755299698,True,True,False,False
1686000169424,0.030705744,0.039972626,181.18935,-0.467868772717842,True,True,False,False
1680282037762,0.09419528,0.08505503,136.35077,-3.0472283547163683,False,False,True,False
1699975081502,0.008569814,0.011695559,171.61438,0.9278756970265628,True,True,False,True
1666954160944,0.023238888,0.04605599,190.36636,1.1617812388136195,True,True,False,True
1504062772708,0.021956868,0.06726201,176.14465,-0.2874054840681924,True,True,False,False
1678069680478,0.12396455,0.018170256,68.42134,-0.1794157648763372,False,True,True,False
1883506479972,0.03444381,0.055066414,112.6306,0.121707918086202,True,True,True,True
1793631991636,0.024740182,0.05916122,121.71551,0.4442729390051207,True,True,True,True
1933037534354,0.018142588,0.0047438284,205.00693,-0.3596438555467149,True,True,False,False
1560595394162,0.029221443,0.09732635,235.84952,0.6691817714074358,True,False,False,True
1573609505452,0.0191812,0.024660572,148.04543,0.8820257148694837,True,True,True,True
1589171110428,0.015969688,0.020130757,118.19253,3.6268394297186433,True,True,True,True
1515837623190,0.10703494,0.09998407,405.81738,-3.3011377233579298,False,False,False,False
1631091158686,0.025341626,0.02203485,213.89938,0.9471600907180364,True,True,False,True
1671091296014,0.037617445,0.117307,943.4355,-0.7465643226194572,True,False,False,False
1665060356266,0.0056463573,0.06699626,267.10974,-2.6477093285137867,True,True,False,False
1879396183932,0.013679778,0.024519296,140.3138,0.8355116615483498,True,True,True,True
1618712315680,0.011289692,0.04413695,43.930996,3.288054470503685,True,True,True,True
1850498992188,0.07856389,0.043261793,405.8236,-2.7968482774663745,False,True,False,False
1803195115058,0.037213273,0.025993956,48.705395,1.2513216727170422,True,True,True,True
1885102095756,0.096052304,0.020559167,380.82495,-1.5515312839563338,False,True,False,False
1931145645768,0.020678248,0.043731034,155.714,0.2354004355225236,True,True,False,True
1888289542850,0.014130018,0.03169713,186.92204,-0.3234858343780045,True,True,False,False
13195973872,0.03751461,0.04804149,182.01834,1.7888722537509885,True,True,False,True
68117182288,0.051492307,0.028252605,308.12994,1.930114725797212,True,True,False,True
81456752056,0.049816016,0.1082649,359.44046,-4.392872188267363,True,False,False,False
106225303240,0.014499837,0.08750372,135.16188,0.6619947117363738,True,False,True,True
182748530390,0.032566227,0.017517861,54.075012,1.6431945832473946,True,True,True,True
411680196990,0.04205381,0.075167105,139.71425,-1.1960287959378737,True,False,True,False
353571517702,0.013690277,0.02361611,200.73152,1.0573301349544852,True,True,False,True
414854793374,0.054444738,0.067218654,174.35355,-0.4931012338681005,True,True,False,False
51632853564,0.14666829,0.05026281,150.76288,0.0363884724513945,False,True,False,True
103389621624,0.012512245,0.030663198,97.43459,0.8110964523448793,True,True,True,True
208800465714,0.019109644,0.05446179,109.28093,0.1875619083604198,True,True,True,True
235465897192,0.05878443,0.020287026,237.67079,3.0259407050545044,True,True,False,True
171010320052,0.013846981,0.022612428,124.40781,1.196328073035078,True,True,True,True
191974678296,0.02093795,0.06585101,115.651344,-0.0313699458801757,True,True,True,False
358025290462,0.053744413,0.03512757,120.11062,-1.5380159111490936,True,True,True,False
250371495754,0.014850063,0.03481101,124.35598,1.6526725335124346,True,True,True,True
68760136216,0.015930751,0.025434239,66.89299,-0.2490026957626889,True,True,True,False
199571446956,0.059601843,0.06049064,195.26147,-2.1332181284658693,True,True,False,False
203379393818,0.0064121075,0.055749174,117.45001,-0.1903145432114696,True,True,True,False
435482556110,0.010090947,0.038229067,155.25131,1.338720971787682,True,True,False,True
362776953602,0.031083254,0.091741376,181.02267,-1.098120463070519,True,False,False,False
474544674140,0.018543942,0.024264844,160.69261,0.0616767145828222,True,True,False,True
10667508134,0.0127969105,0.0107136555,28.187351,4.17093261795376,True,True,True,True
15120726336,0.026049273,0.06280074,191.88329,0.3399613191304346,True,True,False,True
109421747500,0.068863004,0.09118324,178.58997,-3.674211493579963,True,False,False,False
158634273346,0.020145146,0.0625307,238.06064,0.7356000666990046,True,True,False,True
468853782286,0.11265511,0.018852334,385.57663,-1.8820308718770429,False,True,False,False
316428886798,0.050467934,0.016644599,147.36255,0.6360872574684349,True,True,True,True
632358411592,0.020460358,0.035655018,187.27121,0.4803223878177843,True,True,False,True
745388400246,0.013233465,0.026539555,58.188763,2.0390445952159983,True,True,True,True
540264306690,0.09307232,0.060685344,159.4292,-0.9470925343943168,False,True,False,False
607895814936,0.017984023,0.022759479,164.78227,2.7104429642143377,True,True,False,True
949235006276,0.010674344,0.026672343,169.6155,0.3640952370494051,True,True,False,True
562836651760,0.020001274,0.054446496,253.9939,-1.1650106239098097,True,True,False,False
527264861762,0.059590902,0.06924111,158.05147,1.5705102299030658,True,True,False,True
593955199914,0.053688448,0.025139796,238.16096,-1.550132488054559,True,True,False,False
787950445228,0.0075883768,0.022790551,267.22928,-0.1428098217617328,True,True,False,False
994341796578,0.026066601,0.019379826,193.42761,-0.904395190376116,True,True,False,False
709831629942,0.029920122,0.03621517,152.52538,0.8087088368388359,True,True,False,True
773966260534,0.011358199,0.026169583,165.43759,-0.0643097380297581,True,True,False,False
993693956426,0.010719569,0.010582216,57.294445,1.7619206332222412,True,True,True,True
585382438298,0.020187909,0.038770054,48.974804,1.362691392813087,True,True,True,True
550758722650,0.11614584,0.10921847,843.7721,-3.543166616999222,False,False,False,False
209780871710,0.022007247,0.033449832,63.839127,0.972287599400336,True,True,True,True
70070308364,0.002535654,0.038239423,115.29035,0.1933435253460209,True,True,True,True
57046343678,0.009632172,0.013006916,108.59034,2.1595961973803224,True,True,True,True
247864421918,0.01463067,0.020059647,63.446106,0.6725990567355049,True,True,True,True
248190182284,0.02335454,0.06701056,70.770134,-0.5409926165086434,True,True,True,False
128819320524,0.040770676,0.032388136,68.22065,0.4197068890616241,True,True,True,True
70410205990,0.020461362,0.09724885,214.74043,0.2085036589153477,True,False,False,True
225039069216,0.096985936,0.015217583,354.6567,-2.7213359184252623,False,True,False,False
325044664636,0.037541606,0.047335908,162.05968,0.3094178979777779,True,True,False,True
335525092846,0.042228494,0.05154488,154.08644,-1.6022368243991565,True,True,False,False
486009287012,0.04590691,0.014973646,101.89385,0.5504666339860285,True,True,True,True
299305184374,0.009014001,0.032648347,170.41704,0.5546298371744215,True,True,False,True
251674916736,0.0060068555,0.05296975,164.5833,0.8977483553305968,True,True,False,True
195495548304,0.034062482,0.029972728,93.839516,1.6778790653008755,True,True,True,True
350769354340,0.016363453,0.031785097,189.77254,0.7794094873795443,True,True,False,True
369827307862,0.06840226,0.11019978,218.18141,1.8682521927628124,True,False,False,True
448881271112,0.019234952,0.053888906,265.87552,-0.8015209226616721,True,True,False,False
454273038366,0.049918853,0.027284257,234.14099,4.23759359938096,True,True,False,True
542206848712,0.0850973,0.042403735,231.06325,-1.2507648142409875,False,True,False,False
731156851258,0.021558551,0.018359497,121.79415,7.445156165290015,True,True,True,True
654326687698,0.017884318,0.03350268,147.07617,1.7393178475753084,True,True,True,True
713386366788,0.011239325,0.019676737,204.78383,-0.1665799153298061,True,True,False,False
773390161156,0.012274857,0.07060436,156.49117,-0.3345841772521272,True,False,False,False
967401433596,0.015878791,0.039022148,259.55362,-0.4734925281388448,True,True,False,False
777189515426,0.086597785,0.081906505,518.4494,-4.631479505888253,False,False,False,False
989614755340,0.017680395,0.017802183,39.76134,2.635892046778105,True,True,True,True
884836154160,0.0052265096,0.09322514,166.36781,0.3449643944685727,True,False,False,True
678422878864,0.044729225,0.005585153,173.30417,-0.3912594985152917,True,True,False,False
665408969492,0.011325963,0.044041384,143.62337,-1.0944230299247983,True,True,True,False
574280074862,0.03473117,0.02085399,223.13527,-1.560362004687529,True,True,False,False
678752117894,0.03297198,0.057339888,169.83203,-0.1407006029705876,True,True,False,False
681607429366,0.039413553,0.048120633,123.78643,0.5256214773991168,True,True,True,True
873386283080,0.021745326,0.0106164925,56.15457,1.8619734992863848,True,True,True,True
666706870166,0.010796157,0.035787154,149.93822,1.5791507030145953,True,True,True,True
635260773590,0.0132403895,0.02803121,88.00841,2.4036206309249897,True,True,True,True
654317038698,0.054934647,0.015383915,170.56635,-0.8354709395661675,True,True,False,False
811171766956,0.022989029,0.011386927,210.0694,-0.6909585588733776,True,True,False,False
850556544702,0.02422437,0.056526437,189.80054,-0.2548682458663249,True,True,False,False
812443662366,0.12476882,0.039512344,218.35686,-0.2329640957422611,False,True,False,False
775938084992,0.07238096,0.06909971,400.49728,0.5318792403203214,False,True,False,True
99549573700,0.014609447,0.024772128,33.256332,2.4298598561586617,True,True,True,True
208460319766,0.18309452,0.015993685,122.558426,-2.645246685699078,False,True,True,False
153839370712,0.017523965,0.026458634,159.64168,0.0880678456122058,True,True,False,True
191003800930,0.06088321,0.027070232,283.3884,-1.8907664980033472,True,True,False,False
443107574148,0.04954482,0.027613083,213.17749,-1.4322987495167965,True,True,False,False
277369921326,0.123122916,0.05466915,241.68314,-3.4105657751070977,False,True,False,False
66234870680,0.027808137,0.03277979,156.35898,0.6404267588191227,True,True,False,True
49726224850,0.031360764,0.029287433,192.07205,-0.5115940718602535,True,True,False,False
159270725708,0.05183149,0.022755744,192.13597,1.4994972143472225,True,True,False,True
275785748832,0.00962189,0.03394624,204.02364,0.1788827537165426,True,True,False,True
424711121270,0.035198852,0.04336828,410.1754,-0.6833519387635353,True,True,False,False
304382003252,0.033291817,0.038339585,165.73206,0.1468622165095,True,True,False,True
124004814342,0.08154939,0.038535096,245.57433,-3.5881037105533364,False,True,False,False
476128118922,0.022593958,0.006813921,214.24751,-0.811172461730467,True,True,False,False
350077744140,0.020068074,0.012239787,229.26558,-1.5945923291736626,True,True,False,False
500274154412,0.009571735,0.02945456,227.79819,-0.2679158456717619,True,True,False,False
660285306618,0.03755103,0.026191868,212.82523,3.4241388278736204,True,True,False,True
624411847362,0.0842233,0.049400225,198.03326,-1.6198909323244992,False,True,False,False
486298182772,0.050505575,0.036036193,130.77773,0.0069772434502236,True,True,True,True
865402749256,0.018038085,0.018451985,56.52223,2.1011756231065277,True,True,True,True
674289652712,0.0070642834,0.029611511,166.24109,-0.6477087740688583,True,True,False,False
794301577910,0.08293132,0.050409343,187.30406,-0.9653864913641934,False,True,False,False
907984246592,0.008253995,0.014724668,94.215096,1.222942571634818,True,True,True,True
612675426952,0.06533301,0.04389151,142.19244,-0.2539448624597838,True,True,True,False
742211466532,0.028046614,0.02690043,365.98953,0.921189670162452,True,True,False,True
619333822244,0.08357776,0.07276054,93.73407,-0.8677264816884223,False,False,True,False
706972165204,0.04028594,0.06418248,332.83807,-0.2624048858734058,True,True,False,False
762852609366,0.07533614,0.026182152,89.15126,0.3205282408770164,False,True,True,True
797137588174,0.041585993,0.038867097,191.24724,-0.1050502259948751,True,True,False,False
920026648590,0.010339625,0.020071788,85.718376,1.622496080723412,True,True,True,True
510129318992,0.0032638395,0.023431549,206.5577,1.2280097465887694,True,True,False,True
491396420268,0.022625709,0.0696267,144.9919,-1.1007154122119538,True,True,True,False
526309534362,0.007689227,0.032360815,137.25014,0.2987664626325113,True,True,True,True
530127712290,0.021565152,0.020250557,101.6994,0.7440979397207268,True,True,True,True
741285442534,0.048642058,0.066340625,177.06143,2.111519079720051,True,True,False,True
840343970384,0.12566929,0.055321686,239.74431,-2.490793321725302,False,True,False,False
842881383818,0.057565242,0.06427555,324.73804,-2.614876925940776,True,True,False,False
912098903996,0.0714141,0.04111935,199.23155,-0.6283690562019437,False,True,False,False
839083921084,0.11191964,0.104766466,133.051,-1.2636442108484438,False,False,True,False
238355659596,0.033096537,0.030928537,171.35747,0.8236342752284966,True,True,False,True
391706605730,0.071425706,0.035624273,335.31436,-2.294734450030235,False,True,False,False
27529057220,0.032144304,0.0205977,245.7571,1.5779432807164473,True,True,False,True
116431936004,0.029684288,0.02370162,186.67311,0.4574298239104092,True,True,False,True
275512176650,0.008614698,0.017951608,110.43178,1.742986623464278,True,True,True,True
332663559070,0.029850377,0.041353296,85.02534,1.278567638152288,True,True,True,True
202150013772,0.010534275,0.04814168,100.73358,0.6791815748647604,True,True,True,True
3993969948702,0.030120617,0.036143854,149.51611,2.3380168385871203,True,True,True,True
77368132038,0.017941542,0.017496612,135.15807,0.3831813912471109,True,True,True,True
30064784024,0.007640186,0.0076855114,124.63387,1.5695545284762886,True,True,True,True
426947394838,0.014739634,0.04456459,387.99548,-0.436545667551638,True,True,False,False
404090112766,0.043849133,0.052531835,168.27252,-1.1447461015056368,True,True,False,False
429493678456,0.012024464,0.049783677,96.38286,1.280881403537282,True,True,True,True
155804619528,0.031258762,0.10669284,191.39435,-0.8970548755333689,True,False,False,False
4000350564012,0.066882074,0.042962182,437.3584,-3.926809475163832,True,True,False,False
436183018624,0.10781934,0.07353846,516.50745,-3.056037695092825,False,False,False,False
277744217862,0.014104907,0.025654437,154.52907,0.4908799161085436,True,True,False,True
341884870866,0.028096637,0.039148465,197.07362,2.211714507602524,True,True,False,True
266947026414,0.068077825,0.055487238,133.62129,-0.1086395881458884,True,True,True,False
472067542788,0.019263826,0.04068885,136.2182,0.1756105113928241,True,True,True,True
537771272862,0.026187712,0.024588052,143.48428,1.2609073720191577,True,True,True,True
593331100106,0.03518524,0.046258703,105.462326,-0.0805003949406011,True,True,True,False
744149773726,0.07547976,0.027089551,77.97478,0.0771542762735376,False,True,True,True
833068099656,0.02484142,0.033270556,222.72218,-1.832777320636972,True,True,False,False
683856202432,0.04121549,0.06269309,134.92188,-0.0700045704250663,True,True,True,False
697809442824,0.05420722,0.05169272,150.6018,-2.057624957503205,True,True,False,False
754977205994,0.024036178,0.056559116,198.19812,0.5159043903908525,True,True,False,True
677786733162,0.026275128,0.051266275,106.60678,2.1617878918527165,True,True,True,True
611441938418,0.014269443,0.036612038,138.51402,0.8253197662020608,True,True,True,True
628918264562,0.023852512,0.05083344,235.66971,0.8771472956931802,True,True,False,True
819740173426,0.019201986,0.064067304,247.00919,-0.9858990150608212,True,True,False,False
886113118296,0.07850461,0.060519483,135.50902,2.308595069292184,False,True,True,True
1038466944988,0.062434517,0.0640051,207.70465,2.397721927738947,True,True,False,True
1032745285356,0.020209808,0.038910296,138.7612,2.19328607946278,True,True,True,True
1113390326132,0.018077593,0.017055271,131.95363,1.005176971156587,True,True,True,True
1222309438366,0.020227011,0.035273623,26.78697,3.56077950373625,True,True,True,True
1075955926628,0.021714685,0.018173644,218.02623,2.00691725608234,True,True,False,True
1044507839310,0.022044094,0.024418298,285.3444,-0.5790548632450342,True,True,False,False
1496657629596,0.02040646,0.011919577,216.04004,0.6158462424334419,True,True,False,True
1447132170240,0.01770768,0.00983771,122.25646,1.6297308898073544,True,True,True,True
1463949995462,0.07650419,0.04987503,203.81645,-2.2550738642160506,False,True,False,False
1239454032730,0.0138628455,0.02285469,202.3174,0.7445762464205933,True,True,False,True
1029568953314,0.104657054,0.047037393,161.25725,0.4929634109545955,False,True,False,True
1208651771140,0.020198507,0.058848377,123.419624,-0.9565286132181684,True,True,True,False
1424551963752,0.06307018,0.033373933,244.58162,-1.1616159242609008,True,True,False,False
1267390374948,0.05218817,0.049987208,107.31199,-1.0346770088727415,True,True,True,False
1358204925422,0.028780686,0.036597338,186.40646,-0.308957234738214,True,True,False,False
1155952371806,0.017384266,0.042346187,126.202835,1.2173453075966083,True,True,True,True
1116277264906,0.038306672,0.020133793,68.246414,1.957180450447676,True,True,True,True
1363940797278,0.023093715,0.04590936,134.64378,-0.6483993780315507,True,True,True,False
1292807120156,0.01927109,0.09887447,164.4722,-1.6269246635391774,True,False,False,False
1440455583848,0.013636155,0.047000613,244.8143,1.8950632808510088,True,True,False,True
1470629307260,0.015209837,0.038254857,285.52045,-3.114658818172579,True,True,False,False
1531241831972,0.045366757,0.046852928,193.79434,-0.3382168516702644,True,True,False,False
1638254615860,0.09511506,0.08625391,229.72966,-2.3280092646001807,False,False,False,False
1766205976940,0.03997579,0.0440802,340.3047,-2.349979571512016,True,True,False,False
2006579150870,0.13392037,0.03053107,98.35532,-2.0356187867083038,False,True,True,False
1675114126762,0.04531426,0.053561047,108.948135,-0.5560577985836614,True,True,True,False
1859582107062,0.028926793,0.046470743,283.0167,-0.3135377319385135,True,True,False,False
1606178090950,0.0050406274,0.060896423,214.28331,0.5477726556050854,True,True,False,True
1487435262526,0.019538905,0.065861076,285.3045,-0.7176711973266068,True,True,False,False
1663027299796,0.03677642,0.0560073,113.88606,0.620249691426387,True,True,True,True
1547439789570,0.030224377,0.06418813,115.37055,0.0317221757667859,True,True,True,True
1771606993522,0.03032249,0.06955587,132.0769,1.0786977496005257,True,True,True,True
1810355823758,0.02512544,0.044850443,304.18668,0.4766021652499668,True,True,False,True
1808446193666,0.12291404,0.12131141,303.12387,-3.893155790713207,False,False,False,False
1650658158234,0.017756961,0.091322295,128.73283,0.000625788009451,True,False,True,True
1855145221070,0.013194473,0.05573703,232.17635,0.0319723994778811,True,True,False,True
1925636727818,0.0040757945,0.011992059,170.68913,0.8469261380490684,True,True,False,True
1199483529848,0.124810725,0.045784548,169.5992,-1.0208626094979345,False,True,False,False
1334740171080,0.050180033,0.057372723,61.398808,0.9092545803269751,True,True,True,True
1347773711602,0.009768363,0.026130833,95.95813,1.825276664353173,True,True,True,True
1293162009420,0.038798317,0.025470607,427.81183,-0.7977866248472254,True,True,False,False
1272536716596,0.049778536,0.033471063,141.1065,0.5326666222633776,True,True,True,True
1317307667026,0.02349058,0.05781742,123.27255,-0.9494733931885052,True,True,True,False
1428115645836,0.019370072,0.020035913,51.408367,2.8349752638396604,True,True,True,True
1130256284314,0.018585771,0.054996517,46.592762,1.338829786865492,True,True,True,True
1145184462086,0.017344851,0.0246609,196.89482,-0.0065769125126043,True,True,False,False
1303625177424,0.05661761,0.041028567,225.68222,-1.2149876947978142,True,True,False,False
1481131961024,0.06157396,0.034988515,269.9952,-2.3585536926369284,True,True,False,False
1455409741578,0.005801763,0.03395058,137.23987,1.7228776549222728,True,True,True,True
1261396051170,0.026508966,0.029065525,167.42903,0.3287854391928346,True,True,False,True
1168691575994,0.012139834,0.05825493,41.06459,2.7953622481696923,True,True,True,True
1047405236098,0.065379396,0.07746796,61.76761,1.9981195826406977,True,False,True,True
1088687019748,0.006413993,0.03299146,293.2167,1.513016899442858,True,True,False,True
1157266274298,0.019491835,0.03704194,155.30132,2.0672658118058047,True,True,False,True
1031539442828,0.014946006,0.03740986,205.1159,0.779453819802435,True,True,False,True
1182673418168,0.035972975,0.022755641,326.68448,-1.5897004656144689,True,True,False,False
1205223335958,0.046736438,0.0848411,178.0288,0.0104589499163963,True,False,False,True
1386530733060,0.06708825,0.028340027,177.76349,-1.2052782396129234,True,True,False,False
1271265656690,0.02105046,0.05909461,194.38858,1.4992809340390625,True,True,False,True
1484004736488,0.04604259,0.076905996,27.543524,-0.4727479264429544,True,False,True,False
1563356711800,0.019770024,0.010502888,234.93892,0.7559042904059431,True,True,False,True
1590354732322,0.0086018685,0.043380134,130.82484,1.6455346010441043,True,True,True,True
1705925939456,0.018724369,0.06180824,127.442825,0.5960320392982809,True,True,True,True
1710999405430,0.03564288,0.057033285,275.14142,0.5158944033829626,True,True,False,True
1773248872868,0.08183668,0.065439925,128.77907,-1.0200264023047545,False,True,True,False
1828173559076,0.010998556,0.06618995,178.27034,0.706015448521922,True,True,False,True
1630685442130,0.03183027,0.037577517,123.00369,0.6085969499601556,True,True,True,True
1537974087834,0.028805846,0.07926277,188.42154,-0.1823830521918454,True,False,False,False
1636717491306,0.04193007,0.032635227,272.78488,-1.0634661132367818,True,True,False,False
1520832796196,0.02634273,0.054424874,319.38422,-0.0388480596116824,True,True,False,False
1682140415438,0.023459865,0.043542523,178.11046,0.0976603685508372,True,True,False,True
1809778188156,0.030261671,0.035388574,204.41518,0.2358850727865564,True,True,False,True
1904720700522,0.06731718,0.079404704,469.4878,-4.346604956581006,True,False,False,False
1922802583044,0.04246163,0.026216688,94.39688,0.8387916872350354,True,True,True,True
1946940302422,0.044748113,0.04438604,230.07312,-0.2301053818584438,True,True,False,False
1983136876776,0.005412114,0.05345226,49.916306,1.6669889662126651,True,True,True,True
1867225445538,0.030342752,0.047047723,253.39836,1.507547526077337,True,True,False,True
1886603715736,0.09368986,0.047245853,163.32463,-0.2239634466748279,False,True,False,False
1941213477068,0.018319193,0.08879681,178.73566,0.6073008266737028,True,False,False,True
1910099541550,0.035496827,0.03968074,222.72876,-1.4892769505425827,True,True,False,False
1610689975154,0.009653753,0.04196135,104.572624,0.6667538252929489,True,True,True,True
1742782755348,0.063748665,0.053369995,239.55481,-0.0646580258716811,True,True,False,False
1778972450640,0.03573123,0.017338112,195.2956,0.1726666251240246,True,True,False,True
1075605196802,0.018242896,0.090101756,66.11985,0.579356397585912,True,False,True,True
1169591444088,0.09800009,0.049024165,178.54504,-2.083002172709036,False,True,False,False
1232788457748,0.009951402,0.02086396,69.322975,1.0841019495793802,True,True,True,True
1255636164436,0.031959962,0.024472132,131.11858,1.147045760493412,True,True,True,True
1276286077830,0.041322503,0.018293923,236.52039,0.1425684563606328,True,True,False,True
1061023745348,0.04488399,0.0858346,119.39606,1.4080965717345235,True,False,True,True
1185175829268,0.058890972,0.0726907,462.17514,2.249818782171551,True,False,False,True
1164214193122,0.0058190688,0.031862598,110.02708,1.120773909202914,True,True,True,True
1068326479650,0.006647417,0.06801228,217.42558,-1.8763700094389568,True,True,False,False
1056566144828,0.06135562,0.032585308,105.372734,0.2231938281009536,True,True,True,True
1127362798494,0.019720636,0.024771176,185.2093,-0.1213432130129526,True,True,False,False
1298183922046,0.019698754,0.043978076,61.604973,2.1370502823644477,True,True,True,True
1077851652228,0.049729787,0.028810607,429.75806,-1.512055544133608,True,True,False,False
1038802135386,0.032130733,0.019408992,285.84598,-0.7226079396727927,True,True,False,False
1177558349642,0.008870652,0.038951974,146.56865,0.2003665011238014,True,True,True,True
1147713208470,0.0060683396,0.04267551,166.21109,0.7512898039441139,True,True,False,True
1309313929914,0.020350892,0.012071522,127.12003,0.5166783969318165,True,True,True,True
1343293887254,0.023605166,0.07604029,271.40558,-0.8663117713899539,True,False,False,False
1371867386128,0.04135202,0.109217346,4165.869,3.620059343558964,True,False,False,True
1443313594612,0.023265291,0.07869227,129.59819,0.8003273843379775,True,False,True,True
1496984755696,0.017251628,0.04660904,119.10715,2.5821425460040355,True,True,True,True
1747158786444,0.025505261,0.032347437,194.81992,0.6545676583213915,True,True,False,True
1672863844566,0.042121887,0.034883097,235.98709,-2.3480588961841,True,True,False,False
1549341459180,0.055166844,0.019425003,216.02321,-1.1003317327621265,True,True,False,False
1778912602140,0.032865137,0.048830498,279.96594,0.5953178815116313,True,True,False,True
1841158315404,0.026633367,0.058927592,116.527,1.035064774225967,True,True,True,True
1668122313222,0.07331068,0.020702519,169.67125,-1.8150852215853828,False,True,False,False
1664952304296,0.011321909,0.037094634,193.96584,0.7518507807479333,True,True,False,True
1520155071158,0.013191786,0.026247643,106.58997,1.639476947072745,True,True,True,True
1697646936112,0.16311315,0.07743281,78.696884,-1.2191063066833905,False,False,True,False
1864024517926,0.056440342,0.012767546,223.01648,-1.4580679619565806,True,True,False,False
1882761499606,0.028595941,0.029804476,44.503143,2.332843198544741,True,True,True,True
1886571487876,0.029221322,0.028725207,182.10315,0.6900633874487007,True,True,False,True
1699223978676,0.01603138,0.02370414,215.51126,0.2361214791995137,True,True,False,True
1595714802970,0.030561952,0.053116236,174.51604,-0.5439405910767289,True,True,False,False
2005625990228,0.050918177,0.04346808,261.768,0.156690410761778,True,True,False,True
1939262017954,0.059601303,0.026224071,245.12286,1.3870974942994003,True,True,False,True
1655411889616,0.010427705,0.023731204,188.39258,1.0243538537611088,True,True,False,True
1779881013454,0.013438562,0.04898831,257.80713,-2.9455796298692447,True,True,False,False
1163281919204,0.01961283,0.021338467,79.82405,2.2944390050405232,True,True,True,True
1189317904086,0.014887474,0.051916935,168.48523,0.034130258573434,True,True,False,True
1316642339732,0.027355202,0.025478266,125.72286,0.0373770262192927,True,True,True,True
1283942417592,0.009226013,0.016613638,120.96502,1.655177484286145,True,True,True,True
1356026085016,0.012311032,0.036053054,198.44543,0.5367028317202178,True,True,False,True
1217604373914,0.047474887,0.06869306,72.36039,0.639048625720989,True,True,True,True
1020108245528,0.0030238444,0.04136953,120.5856,-0.3799569124707008,True,True,True,False
1468446611138,0.018645039,0.04721309,41.87246,3.2517396762066246,True,True,True,True
1257274795730,0.08045861,0.03978744,455.70407,-2.308812747055623,False,True,False,False
1269657899746,0.008380247,0.01934097,77.07497,1.954083349643992,True,True,True,True
1148383277314,0.020032294,0.05971649,149.14279,-0.2576562141642816,True,True,True,False
1411286888442,0.019192737,0.033139158,179.83107,0.4814042701402817,True,True,False,True
1495748417756,0.012748014,0.0338092,116.70559,1.742619959032803,True,True,True,True
1638294308520,0.010955778,0.059176568,131.5146,0.3054736745723134,True,True,True,True
1773561003528,0.057060797,0.054975677,230.83743,-1.1249394452259085,True,True,False,False
1919298449538,0.009854949,0.043297242,229.51596,0.7341901677141055,True,True,False,True
1819595708622,0.0141845355,0.041010458,169.67094,0.6330348226042801,True,True,False,True
1622120495186,0.012300315,0.022169266,55.255863,2.866715345025505,True,True,True,True
1726904665496,0.01664948,0.03321152,77.25369,1.6140932196983562,True,True,True,True
1810734833722,0.030424241,0.032223847,97.682465,-0.5087903139098962,True,True,True,False
1966321750064,0.031178825,0.06466923,184.75995,0.9850104240883766,True,True,False,True
1830736905770,0.070064664,0.028227178,98.54143,0.0865651808006214,False,True,True,True
1868839658352,0.009202938,0.04719579,166.46289,-0.4350752475334973,True,True,False,False
1509699339914,0.021576218,0.030730827,110.96789,-0.1670946679600771,True,True,True,False
1578596669800,0.036189288,0.04526247,240.07404,0.4801655697769713,True,True,False,True
1681475316980,0.006521274,0.020925788,127.48631,2.0103472925811023,True,True,True,True
1722443889516,0.027865084,0.06570012,215.027,1.3822917893078324,True,True,False,True
1791338017156,0.06933183,0.029080601,185.02654,-0.8060482764145731,True,True,False,False
1889444364086,0.010819482,0.010951428,143.31993,1.3641575732650275,True,True,True,True
1877708977150,0.023572212,0.06603244,170.752,0.5288903650696422,True,True,False,True
1527822246928,0.028377384,0.025393112,187.24751,-0.142948651028763,True,True,False,False
1600856710656,0.012667664,0.040288694,145.84303,1.6872400147731978,True,True,True,True
1503043062904,0.05551439,0.077088125,141.70064,0.6200175051957709,True,False,True,True
1722778368482,0.0077902707,0.045531157,247.4729,-0.5908552495704091,True,True,False,False
1886935628470,0.046701413,0.061011128,182.323,-0.8884759366558692,True,True,False,False
1937411683132,0.016205566,0.060687196,67.927666,0.9087022556627266,True,True,True,True
114231971936,0.01895133,0.030740412,59.25321,0.3030008641055277,True,True,True,True
112649437628,0.023587465,0.029154964,122.059105,0.5585210019339801,True,True,True,True
122184638158,0.004613798,0.023974402,63.574238,1.8131321044542097,True,True,True,True
125031583862,0.06948178,0.09424262,253.26212,-1.7687432252523825,True,False,False,False
336508597682,0.025522057,0.11232495,272.4323,-1.591168718582308,True,False,False,False
478757960962,0.028365375,0.118431956,146.75478,1.1901965724088883,True,False,True,True
283788912578,0.012009934,0.023542829,125.754166,0.6099363668592647,True,True,True,True
342843273530,0.0053645247,0.019748468,100.94092,1.9683633963709,True,True,True,True
3986408053648,0.024776693,0.017990047,256.7187,1.4467894998437196,True,True,False,True
32018711350,0.033972505,0.05985458,145.68427,1.4191703011927854,True,True,True,True
226654389340,0.09196698,0.03598686,490.9098,-2.3476099740897847,False,True,False,False
480357379096,0.02968254,0.02076523,112.42587,-0.1050562024888468,True,True,True,False
430514375732,0.004631437,0.038708773,308.8408,-0.5376890085783557,True,True,False,False
24378299680,0.11641704,0.0854532,144.7001,-1.002300381794578,False,False,True,False
332686817246,0.08042214,0.08307954,203.40926,-3.3868849842397464,False,False,False,False
313958126758,0.03789492,0.038602248,53.7774,1.881876151092952,True,True,True,True
451440734536,0.0050487113,0.035337545,132.67918,-0.2843773403197129,True,True,True,False
200629543700,0.05194335,0.012021793,155.49036,-0.4005799341017326,True,True,False,False
668939613494,0.1262564,0.06910194,193.56279,-0.8512956252428774,False,True,False,False
759121593784,0.08348535,0.062171783,406.06152,-3.1474991142215325,False,True,False,False
729908443460,0.03045637,0.086623594,356.6793,-1.4929629259021668,True,False,False,False
521623941792,0.0636503,0.05540007,123.27756,-0.4673102046563288,True,True,True,False
861370165246,0.012460069,0.031132128,226.91492,0.012550274160636,True,True,False,True
926128697452,0.0193263,0.037645552,105.19663,0.9514199272746476,True,True,True,True
817868489548,0.03788916,0.07911512,156.99065,-1.2389478275874113,True,False,False,False
882325453274,0.019262467,0.041125156,167.81541,0.1450623005942938,True,True,False,True
711202256438,0.04403994,0.01439331,354.41403,0.9072216981261232,True,True,False,True
997274521580,0.01905037,0.11952499,196.35576,-0.8885224208893077,True,False,False,False
962670436630,0.031036774,0.042652376,265.03455,-0.2940910252109265,True,True,False,False
951563914568,0.013019787,0.016582986,163.62776,-0.1060019174650408,True,True,False,False
580044196366,0.014945802,0.08453005,200.66832,-1.2316943543143792,True,False,False,False
583219396778,0.010826025,0.071837045,258.3416,-0.3889714865329733,True,False,False,False
595284602144,0.051894363,0.022179194,150.58882,-0.0348133940454484,True,True,False,False
924863305586,0.010360211,0.019550752,80.05225,1.61276312442987,True,True,True,True
806109389776,0.033374958,0.054022443,74.80675,0.297967743728504,True,True,True,True
826427822896,0.011694647,0.024212362,52.531372,0.9665619701819312,True,True,True,True
776588093636,0.008576969,0.011111765,108.62894,0.732679875209403,True,True,True,True
525772543492,0.10152598,0.055320855,116.3045,-1.371299588470419,False,True,True,False
694367801554,0.016722485,0.081994854,292.07632,-0.7793770704246333,True,False,False,False
591179018592,0.018482897,0.054023482,152.35826,1.0982729751086635,True,True,False,True
44114736280,0.08705264,0.024128303,283.8281,-3.566476739041437,False,True,False,False
84438213910,0.07603765,0.063407294,107.96626,-1.8127693856206084,False,True,True,False
229860156116,0.025362968,0.024790678,128.20735,0.7564188005844568,True,True,True,True
98408389250,0.01805187,0.017817687,117.81611,-0.7900518277560091,True,True,True,False
401947428118,0.0045241755,0.026258148,179.04733,-0.2231816764748851,True,True,False,False
367654613390,0.12248567,0.046062537,114.1518,0.5623986332276465,False,True,True,True
338138811560,0.039045725,0.074383,183.72186,-2.1753014802305763,True,False,False,False
464825284204,0.030154888,0.035797022,248.9703,-1.2988966522762446,True,True,False,False
132075462052,0.0067050895,0.02315831,194.93279,-1.3150531811727348,True,True,False,False
52377615282,0.016671753,0.03861274,81.23161,1.6926105999014691,True,True,True,True
338145993346,0.07119903,0.04630749,151.35214,-0.7790250247496431,False,True,False,False
381340204390,0.008317664,0.03098744,251.2126,-0.4376093240276808,True,True,False,False
246990764630,0.031303056,0.020618824,2249.1946,-3.1969128770194213,True,True,False,False
366396982966,0.026440665,0.032107852,171.57774,0.1240921993020298,True,True,False,True
329872128944,0.06311933,0.046536583,95.141716,0.9458395199056576,True,True,True,True
399732728280,0.016149996,0.019968554,136.06665,1.8901994800790307,True,True,True,True
213368622342,0.008448354,0.0528444,166.38708,2.264861293889257,True,True,False,True
296239628844,0.08789024,0.019973347,257.63113,-1.2183654291642387,False,True,False,False
337516120126,0.0061002686,0.01393164,54.552055,2.125488585528343,True,True,True,True
329255006410,0.02660831,0.022445358,37.65864,3.067409072291128,True,True,True,True
611201273274,0.044024054,0.028931642,254.69525,-0.2737401279508024,True,True,False,False
974765402240,0.039783712,0.03993571,213.88872,0.00912951519556,True,True,False,True
963021849876,0.006952045,0.021369722,96.44247,0.4789989804282785,True,True,True,True
926201449840,0.021106873,0.042546224,143.93199,0.1321721951963498,True,True,True,True
694694368770,0.018416505,0.036126353,58.003387,0.6407184546026831,True,True,True,True
633748571886,0.011668847,0.016258288,116.47931,1.3906444193018674,True,True,True,True
709314401028,0.022252558,0.035489105,275.02484,-1.4054277549577383,True,True,False,False
918867697046,0.014188405,0.030766396,126.21816,-0.305455725728596,True,True,True,False
994451745784,0.03623438,0.02802722,161.97879,-1.3024480624420276,True,True,False,False
557870111272,0.021199873,0.057503942,139.42813,0.2500776917424768,True,True,True,True
662657356320,0.122737564,0.046386614,255.89615,-2.7710856610734877,False,True,False,False
840456485512,0.02516287,0.038809855,249.29028,0.4207945768045928,True,True,False,True
997631481576,0.007840604,0.026226712,132.75209,-0.0433397479335589,True,True,True,False
206953837642,0.005634563,0.0350655,232.99509,-0.2536990274362105,True,True,False,False
209806528970,0.02941322,0.11330282,406.87115,-1.579520443190017,True,False,False,False
171729404604,0.010685292,0.026156569,54.74024,0.8431058860296732,True,True,True,True
145065713084,0.03706859,0.055713154,255.11655,-0.2054724930626645,True,True,False,False
328896260384,0.019397177,0.031637397,162.05745,0.5941406505298874,True,True,False,True
490528303998,0.023384612,0.049503,180.38976,-0.3962730672071638,True,True,False,False
275231550428,0.05844921,0.029639617,70.01184,1.4348445435110966,True,True,True,True
133913656678,0.013543041,0.02519639,116.0716,1.5314679451038835,True,True,True,True
443183402540,0.055573158,0.05350487,224.5126,-0.3870129000899394,True,True,False,False
365402620014,0.02819344,0.07292478,407.4147,-0.5635487370366783,True,False,False,False
457478606338,0.06309339,0.04563502,373.33206,-1.234726062845239,True,True,False,False
365716939742,0.027090818,0.020025834,223.73204,-0.0247970752184426,True,True,False,False
235228138722,0.010266234,0.033694815,223.88377,-0.1717509616769001,True,True,False,False
171724064052,0.006436504,0.01989522,166.00928,0.6607718926341584,True,True,False,True
86639539840,0.044996772,0.054731134,195.29208,-0.3913739759016006,True,True,False,False
438440284612,0.03357236,0.04588469,345.58966,-2.362262115641506,True,True,False,False
274287433784,0.029525112,0.059619583,298.0244,1.458489564583198,True,True,False,True
510512584338,0.051497415,0.016866608,225.61218,-0.2424432630865176,True,True,False,False
746743811458,0.04912807,0.0428767,130.87054,0.295236617199386,True,True,True,True
732440391362,0.044205807,0.05045807,215.13086,2.174728728791475,True,True,False,True
817867509122,0.017069878,0.053924046,205.76158,0.2062067486369478,True,True,False,True
766749763186,0.00975662,0.011501738,71.66724,4.209072992336007,True,True,True,True
800717019874,0.10862182,0.043023184,247.21237,-2.9819405700134176,False,True,False,False
746748447608,0.07474053,0.040190894,117.36604,-1.315404551649923,False,True,True,False
944248407466,0.010719935,0.04371106,190.15033,0.8469165093038449,True,True,False,True
779753115330,0.013262381,0.031443533,163.19157,-0.2677207701311087,True,True,False,False
821664142548,0.046775658,0.01637226,101.75925,-0.111625829999729,True,True,True,False
839130212454,0.05433379,0.046713248,165.63339,0.2878840978478882,True,True,False,True
867405041420,0.035738755,0.014444167,131.31627,0.0950161482730181,True,True,True,True
640703320908,0.03037601,0.038920857,203.43336,-3.3260582123250986,True,True,False,False
564502023646,0.015795758,0.09114321,266.73904,0.5673321829214302,True,False,False,True
599102304876,0.06868221,0.052755453,475.1242,-2.792724976697099,True,True,False,False
717860983696,0.02755828,0.01798001,237.97232,-0.9284765288423452,True,True,False,False
823905506074,0.018623995,0.027177831,133.0912,0.7542215754654653,True,True,True,True
855657178400,0.033995382,0.048496082,140.94139,0.8771766781763218,True,True,True,True
789933386934,0.012855272,0.042106878,212.54039,0.3393347171748726,True,True,False,True
127609018126,0.017558554,0.058685042,188.80547,0.781809379124527,True,True,False,True
106665751870,0.013812685,0.02377361,138.92293,-0.061670342433275,True,True,True,False
332418539234,0.005748065,0.023559144,145.32516,-0.3102795987638728,True,True,True,False
346705025372,0.008737364,0.022869684,138.40459,0.7911615218892063,True,True,True,True
93332203942,0.035093125,0.043301623,140.72061,0.6561686735967475,True,True,True,True
167002261896,0.111436136,0.046640262,161.04863,1.2836850465336478,False,True,False,True
414985508440,0.020757508,0.06422256,144.89021,0.1574516914715744,True,True,True,True
435315332016,0.017945379,0.016327444,203.59743,0.3748710952364897,True,True,False,True
21242440300,0.04894581,0.05271354,85.73916,0.8001899662784343,True,True,True,True
30766982268,0.090294644,0.043600276,258.77695,0.0239768797424042,False,True,False,True
67930001486,0.06888942,0.0620681,213.20541,-3.065127944075402,True,True,False,False
209859778544,0.014811821,0.03476654,124.44491,1.1030582044082444,True,True,True,True
381949443788,0.015791876,0.07779203,227.32753,-2.003203068358872,True,False,False,False
499121027190,0.060016192,0.051285807,219.84824,-0.799674340013906,True,True,False,False
63803955230,0.043902062,0.07514561,225.62718,-2.376772857277508,True,False,False,False
186055480366,0.021549031,0.036920533,242.39125,0.7977282124522704,True,True,False,True
252746902482,0.034584932,0.082774736,237.54494,0.5001969238796352,True,False,False,True
423235459982,0.019863304,0.012031119,265.51083,1.1678591840176948,True,True,False,True
419433838860,0.054774765,0.036229398,224.20126,2.005208767447897,True,True,False,True
526727272802,0.039376363,0.07356546,148.4399,0.7732949184508104,True,False,True,True
725193098234,0.06991471,0.08638305,444.01538,-2.154588878811251,True,False,False,False
815995199584,0.057161074,0.02917983,270.77014,-1.4643966120640957,True,True,False,False
937602410922,0.05274309,0.025883997,42.2196,1.9654077837155757,True,True,True,True
753128155356,0.006102226,0.031777695,177.331,-0.2977529698430448,True,True,False,False
902041634040,0.06953532,0.061468624,406.91116,-4.271589389772252,True,True,False,False
793773437376,0.15299809,0.0779704,295.68643,-2.8538164256830685,False,False,False,False
850616069682,0.028609924,0.042509362,181.5062,-0.7282003212978384,True,True,False,False
916341550158,0.12125575,0.028229147,177.28044,-2.6645936636167846,False,True,False,False
815699099902,0.02558783,0.036251172,162.58582,-1.5714853392084174,True,True,False,False
969063779614,0.052096907,0.032200854,272.54523,-1.8245331484055085,True,True,False,False
672480521166,0.08962308,0.030536499,124.527435,-0.7540028359163458,False,True,True,False
502928520578,0.011868976,0.025885593,76.07326,1.4535510780938603,True,True,True,True
700424700488,0.020631492,0.06607674,215.43196,-2.299794293158354,True,True,False,False
745829859500,0.0864298,0.04998448,271.3102,-1.5069829581592715,False,True,False,False
810600461122,0.075869426,0.07652058,414.80634,-2.1560873135924767,False,False,False,False
1013185100082,0.10477689,0.056300472,103.42179,-0.7370905440418796,False,True,True,False
949668425414,0.0050487937,0.025082842,157.22644,0.5645871187944295,True,True,False,True
880780193320,0.09584393,0.020486966,209.27434,-2.7014840754972,False,True,False,False
557875708784,0.036704626,0.02774347,284.90308,-1.4618043432483157,True,True,False,False
651862309964,0.029730212,0.04995191,111.76916,0.4441729991570525,True,True,True,True
693142808276,0.007877086,0.04450362,222.77655,1.2925209956539772,True,True,False,True
837603873716,0.028843325,0.043349303,140.93597,-0.3985266420949406,True,True,True,False
979223160888,0.02843433,0.041394137,175.79643,0.0702822717102668,True,True,False,True
1229048119408,0.03107071,0.035568476,217.91502,1.1532221327490502,True,True,False,True
1137283656038,0.05066613,0.03434954,140.52124,-0.6464680924869133,True,True,True,False
1342411327422,0.019645214,0.014772108,189.18085,-0.0141716272019774,True,True,False,False
1263339196174,0.03528139,0.07482115,150.37804,-1.4852193719829092,True,False,False,False
1406235997828,0.05267612,0.041634496,199.25206,-1.6464394371200142,True,True,False,False
1112228151936,0.05665426,0.048628528,352.671,-2.183313926878527,True,True,False,False
1063010359942,0.021092702,0.022296578,250.73332,0.8972116076782115,True,True,False,True
1040788849238,0.020237751,0.040879972,196.87706,0.5892643917938023,True,True,False,True
1097622862672,0.016119689,0.015732503,176.19371,-0.3809357896044774,True,True,False,False
1267494146928,0.08855176,0.04871356,142.52805,-3.221335264738463,False,True,True,False
1491025328438,0.0139809055,0.05110335,158.23108,0.0470906983055598,True,True,False,True
1460862037622,0.02528282,0.055369575,232.21495,-1.3113266513585549,True,True,False,False
1111256290718,0.030789956,0.06776481,205.04482,-1.229952946833203,True,True,False,False
1494174599024,0.049642168,0.030432262,222.73714,-1.6913000836792424,True,True,False,False
1365586231408,0.045519855,0.07870449,159.49503,2.083324495517899,True,False,False,True
1458944369804,0.027259896,0.020660939,183.72556,-0.2568910284007781,True,True,False,False
1247177202582,0.023615358,0.03558566,195.01399,-0.1465879864211657,True,True,False,False
1006814714626,0.041594505,0.030512564,198.58392,-1.0655253848773236,True,True,False,False
1427523900674,0.08403738,0.039450686,74.59293,-0.984651483186622,False,True,True,False
1310664999410,0.01045072,0.049528908,445.7478,-2.798046246209056,True,True,False,False
1540544033734,0.012061883,0.030166226,80.60429,1.48609286330739,True,True,True,True
1573568558728,0.03295057,0.054804783,99.67355,1.8754924577225829,True,True,True,True
1687245355168,0.08425379,0.112108454,203.753,-5.038968043855467,False,False,False,False
1560243327444,0.019433383,0.06890476,159.36469,0.5752947368767876,True,True,False,True
1645024645586,0.048092306,0.08517414,166.83066,-0.0624199271504122,True,False,False,False
1610721448200,0.033555374,0.04349524,135.51012,1.269164910907118,True,True,True,True
1519916675464,0.026275666,0.013313362,129.6072,-0.3807824297944343,True,True,True,False
1914914402610,0.029544821,0.055880036,178.40617,-0.0943505633060924,True,True,False,False
1707556607700,0.02964061,0.02957114,152.8319,1.9572254284655572,True,True,False,True
1646598664042,0.10272895,0.039914913,432.8938,-2.139400458952825,False,True,False,False
1533232709696,0.047787115,0.109451436,289.0253,-0.9653511472167916,True,False,False,False
1735175253526,0.05574934,0.03805322,217.30052,1.601748081364043,True,True,False,True
1559276481362,0.04365032,0.070658214,197.023,-0.1812467083822622,True,False,False,False
1723749825322,0.046160225,0.06295604,224.83939,-2.1370419025041567,True,True,False,False
1693279522212,0.05893275,0.039248366,236.77303,-2.9733569131586925,True,True,False,False
1549765018756,0.004939877,0.03164688,118.22797,-0.4079892135593315,True,True,True,False
1955867402646,0.018210253,0.047541823,201.293,0.3115663181916484,True,True,False,True
1797757588062,0.01255006,0.014322119,78.57292,1.6375585996853477,True,True,True,True
1984769307774,0.013519009,0.021480968,99.57397,1.4713969698646483,True,True,True,True
1924126491214,0.05984584,0.02755903,273.92984,0.8860505821554188,True,True,False,True
1976503129140,0.008361767,0.036811672,70.37632,1.352592589788557,True,True,True,True
1954596239996,0.07879398,0.03453512,257.6879,0.0179565860521515,False,True,False,True
1335769892734,0.04331913,0.038398877,334.50073,0.622492114452027,True,True,False,True
1374832110940,0.02754938,0.053046912,707.7828,-2.181663089361168,True,True,False,False
1458023383770,0.020960078,0.025780125,281.51105,0.0013374943246082,True,True,False,True
1109085157874,0.046777744,0.049338117,262.6702,-0.7324541112800622,True,True,False,False
1344368561170,0.04782773,0.062541395,310.26263,-1.902192964887616,True,True,False,False
1353900739014,0.047380295,0.06663918,68.29474,-1.1210475158306277,True,True,True,False
1184635137078,0.026899239,0.124173105,376.49445,-2.820130819156263,True,False,False,False
1167813985372,0.0040510716,0.11688901,349.52948,-0.5261411289210982,True,False,False,False
1128763234106,0.015340877,0.025393771,223.69766,1.369710462727478,True,True,False,True
1031265064898,0.037999593,0.035933465,291.98376,-0.7719981126716715,True,True,False,False
1192888364104,0.008162296,0.034878246,53.751175,3.140180622626404,True,True,True,True
1499308016318,0.0942815,0.05435024,1377.8516,-4.049316883935825,False,True,False,False
1046210704896,0.016162116,0.030460684,34.856026,3.686021794963582,True,True,True,True
1150993742614,0.053884484,0.036312506,171.51778,0.8486575082036245,True,True,False,True
1104651698714,0.072990224,0.031003168,185.23598,-1.559678930335188,False,True,False,False
1204667071258,0.078023195,0.027540773,100.03988,-0.8602165584010393,False,True,True,False
1322459682218,0.021095445,0.017954335,180.32516,1.998851744394736e-05,True,True,False,True
1273245645400,0.030920146,0.036477152,138.48734,1.257451515471158,True,True,True,True
1325324444700,0.0094930595,0.020407999,34.48376,4.0688285281113865,True,True,True,True
1438357582702,0.016361596,0.01744979,128.6603,1.7177626167856874,True,True,True,True
1518356190250,0.048214167,0.032006178,133.4872,0.9974524069121398,True,True,True,True
1592975834820,0.029887564,0.04336469,104.45569,0.2480338951757277,True,True,True,True
1762842684422,0.036106206,0.02202549,355.4957,-2.761923386566467,True,True,False,False
1624416336940,0.027732646,0.043455277,133.30276,0.9746460803025264,True,True,True,True
1632681735826,0.16336676,0.066438474,109.50065,8.445185132240054,False,True,True,True
1801593883454,0.022028286,0.020473396,212.45708,-0.2186247935615197,True,True,False,False
1745389567720,0.034102444,0.05246701,203.39009,1.7977672232251432,True,True,False,True
1975927256912,0.055829383,0.052249327,239.26956,-1.1018946803384475,True,True,False,False
2001959739410,0.010986928,0.023120668,118.232544,1.723711105070713,True,True,True,True
1958423816572,0.011759057,0.010552644,41.450455,2.6499600003183104,True,True,True,True
1928264760468,0.08144317,0.03325583,135.35324,-0.4111691791759351,False,True,True,False
1912073583998,0.028145533,0.05157738,123.914345,-0.1601073014225454,True,True,True,False
1627922289116,0.01690732,0.03394212,118.74838,-0.2346330266086519,True,True,True,False
1940029227772,0.06910506,0.10634064,198.80469,-0.3507627521661071,True,False,False,False
1784141271978,0.041735757,0.017347313,211.03635,0.0539654166523557,True,True,False,True
1827642620694,0.011043913,0.027357697,140.08772,0.5914022616266811,True,True,True,True
1840963064676,0.01523272,0.019339064,313.60367,-2.888542792613761,True,True,False,False
1938455841436,0.013949973,0.03096506,113.32941,0.9294659971132774,True,True,True,True
1222374608236,0.013430769,0.04023547,304.77408,-0.6553111381359897,True,True,False,False
1045525039770,0.026943823,0.04409431,229.3183,-0.2553360241783423,True,True,False,False
1157930194056,0.008648589,0.04882595,241.98804,0.3791137107887052,True,True,False,True
1156026611590,0.07045569,0.053207368,332.76617,-3.2483357589803283,False,True,False,False
1221108183268,0.036030695,0.052942432,338.1667,-1.1555480452683975,True,True,False,False
1206510579268,0.015161349,0.034294706,169.51862,3.665398013436719,True,True,False,True
1449409472394,0.03342591,0.058781613,372.61517,-1.0040751304486772,True,True,False,False
1258253234464,0.026938915,0.043720584,179.00467,-0.4527106691019005,True,True,False,False
1491324431352,0.047030665,0.01724638,180.64865,0.345912477640601,True,True,False,True
1003940402986,0.012836208,0.06652544,214.20842,0.5179234051325999,True,True,False,True
1208107250324,0.052552767,0.054185867,185.78242,-0.7745746905828104,True,True,False,False
1266214469300,0.07445533,0.06300109,305.30032,-2.354663677252102,False,True,False,False
1169363184278,0.1478608,0.042895235,200.3561,-3.040596570585757,False,True,False,False
1083305890328,0.020578949,0.037645694,149.12076,1.3562245926943488,True,True,True,True
1061077852720,0.02086622,0.085866176,159.0723,-0.6165985336380293,True,False,False,False
1238265553208,0.048074327,0.033108413,123.843094,-0.8810086578666423,True,True,True,False
1356687233332,0.015756436,0.03963349,63.092873,2.157392416503836,True,True,True,True
1260805643686,0.007041802,0.036326513,102.32354,1.013530657863289,True,True,True,True
1404964133494,0.020473765,0.0428426,320.06757,0.0520422398798615,True,True,False,True
1110327194146,0.060640514,0.044001948,169.52898,1.3850057082217246,True,True,False,True
1169066605482,0.07937762,0.08593701,229.89311,-4.940863889966495,False,False,False,False
1150951586236,0.009455723,0.008787187,276.20276,-1.6104801027918842,True,True,False,False
1063651579066,0.013370193,0.031903155,141.6837,-0.8294850014103838,True,True,True,False
1171923656342,0.012467688,0.020005807,144.36366,1.2533890228678164,True,True,True,True
1700894761596,0.044405393,0.06831885,203.31573,0.0849472075008411,True,True,False,True
1710735363008,0.056617923,0.03527644,250.22687,-0.6739116674196896,True,True,False,False
1987296315264,0.057932187,0.058217138,200.00148,-0.2396670574652307,True,True,False,False
1747562264796,0.008747971,0.07885305,151.35056,-0.8196586856110333,True,False,False,False
1599938421316,0.06430679,0.020032948,191.09843,2.7281074065035247,True,True,False,True
1683766977322,0.012571474,0.038384095,98.68156,2.0570599761193598,True,True,True,True
1681529974326,0.07278331,0.12417699,291.45657,-4.128703305393609,False,False,False,False
1633592392372,0.034504324,0.075578496,177.96387,0.2945234759623503,True,False,False,True
1915234420326,0.014398232,0.0057144966,141.04802,1.261077473633695,True,True,True,True
1835217062602,0.011832488,0.012220235,74.82863,3.1813505501433053,True,True,True,True
1530053026378,0.10053153,0.09935233,192.9089,-4.298992223999452,False,False,False,False
1748826197412,0.031973172,0.041250773,212.29213,0.6474744240293664,True,True,False,True
1699617275360,0.059964854,0.06557927,103.6293,1.3906789589439488,True,True,True,True
1874570064412,0.008476972,0.02097671,145.58235,0.4779306376899651,True,True,True,True
1923462221812,0.060267173,0.05135413,245.2689,-2.8854638387752423,True,True,False,False
1975223475860,0.04523807,0.044790715,262.12256,0.1580949320357029,True,True,False,True
1676143525976,0.01340575,0.030984558,101.67067,2.0005432176623508,True,True,True,True
1806324306306,0.033075586,0.07064738,104.152176,1.358289194110605,True,False,True,True
1774562050434,0.034669004,0.026939506,141.68843,1.1155657575721245,True,True,True,True
1013802776258,0.029683663,0.049464587,221.17213,-0.1307824528504786,True,True,False,False
1134160067904,0.04755819,0.05574346,205.31873,-3.256793693238432,True,True,False,False
1255128584958,0.024886148,0.011104936,362.2229,-1.621103147568567,True,True,False,False
1264972612298,0.0068566,0.03705883,124.48851,1.2421491673427396,True,True,True,True
1297360762060,0.08944457,0.04381793,584.00635,-3.6953572136736863,False,True,False,False
1177679459574,0.01164406,0.024500994,107.248314,1.535406446720759,True,True,True,True
1096063917876,0.048280846,0.040774614,80.91237,0.7535710974200849,True,True,True,True
1485037483850,0.012423702,0.0367886,175.58897,0.516495726439937,True,True,False,True
1335169960360,0.07450473,0.0558024,133.98303,-0.0514060889079384,False,True,True,False
1393268812038,0.019346304,0.039228003,189.65092,1.2593155289127127,True,True,False,True
1010628812766,0.031106116,0.042981226,240.81357,-0.1645571440952127,True,True,False,False
1203679359594,0.06062524,0.04774219,195.51491,-1.268516487716807,True,True,False,False
1080805496016,0.017226212,0.022957884,67.40672,2.321103111713608,True,True,True,True
1385304429316,0.06828318,0.027952433,133.84586,-2.286619612355213,True,True,True,False
1027487437122,0.017066317,0.051659033,164.83957,0.3148131741372518,True,True,False,True
1045907805532,0.009762656,0.010583727,299.83484,1.1819914993528569,True,True,False,True
1232603240100,0.024433952,0.031854793,139.50467,0.8253680857756985,True,True,True,True
1238963745496,0.059580658,0.037407637,330.39468,-2.175947257139416,True,True,False,False
1364367386742,0.024901561,0.011188938,238.08792,-2.1393652423703458,True,True,False,False
1499310135606,0.015969029,0.013529706,133.74211,1.581679084945153,True,True,True,True
1462170501528,0.041794583,0.027992288,135.1737,-0.7483561366197935,True,True,True,False
1308173453522,0.07920032,0.08383532,149.26884,-2.3281537036431628,False,False,True,False
1858100803938,0.061936148,0.04965895,127.686356,0.537816516505743,True,True,True,True
1988595249622,0.0097403405,0.013598598,178.77495,3.427901247228755,True,True,False,True
1543136462102,0.050637487,0.032895144,145.54955,-0.3001198950274143,True,True,True,False
1694589318952,0.0075696623,0.033001624,38.874626,4.63089171768731,True,True,True,True
1667596566376,0.015151431,0.08170967,273.54617,-2.014484637259958,True,False,False,False
1587596646132,0.11466835,0.07592879,187.21269,-1.1597383844226643,False,False,False,False
1539970586794,0.033089027,0.050255388,187.0904,-0.421476024115067,True,True,False,False
1976550935660,0.010965677,0.025414288,189.85677,0.17417336603918,True,True,False,True
1925120960614,0.015153502,0.026658291,75.342865,1.2540540040028632,True,True,True,True
1972433028392,0.032414243,0.02509786,180.30032,0.4920859108508303,True,True,False,True
1611696490450,0.040929027,0.060935073,93.86811,0.3270857885470761,True,True,True,True
1579319153690,0.016440254,0.02605152,126.92465,0.8126856887003145,True,True,True,True
1740318980052,0.019141652,0.037026793,227.42003,-0.270840620528093,True,True,False,False
1786358371602,0.014147477,0.019722383,254.87376,-1.427940453111718,True,True,False,False
1785097086244,0.032278653,0.052566998,110.21387,1.8909888663283143,True,True,True,True
2189787680642,0.028423322,0.07132342,109.942154,0.7210652983574698,True,False,True,True
2086269029750,0.06567841,0.040218577,186.8311,-2.1396186136035915,True,True,False,False
2048490600434,0.06482378,0.045379184,102.371025,-1.1903171749469466,True,True,True,False
2016425944152,0.043044135,0.01941271,176.42062,1.7485251860473328,True,True,False,True
2120574041160,0.026607463,0.023859603,78.32306,2.234102975744596,True,True,True,True
2498731943670,0.105568565,0.062797375,274.55795,-0.3779597720663563,False,True,False,False
2387918295692,0.006189937,0.018489819,165.75954,0.9941134314376716,True,True,False,True
2365061139298,0.0951938,0.07523185,220.3145,-1.846186989730469,False,False,False,False
2425388981788,0.022038372,0.07008263,329.25125,-0.4459125385130598,True,False,False,False
2435237873170,0.03707176,0.033037815,308.36636,0.4397411198243255,True,True,False,True
2073267491426,0.03601935,0.04290345,239.7703,-0.5629575136506173,True,True,False,False
2093271125950,0.019602997,0.03535295,142.10985,0.4258546566767185,True,True,True,True
2100578823726,0.015379982,0.035203267,183.20703,-0.6356092061005577,True,True,False,False
2134563442642,0.07494789,0.05430452,237.51866,-2.770007457440381,False,True,False,False
2102814920678,0.10091162,0.050036054,113.83342,-2.590269561895844,False,True,True,False
2267287860948,0.049039498,0.027666643,168.96263,-0.6266374298448885,True,True,False,False
2313325136968,0.006874944,0.015715716,45.4716,3.349582395136485,True,True,True,True
2441922728062,0.010170558,0.0153311305,139.13052,0.5640022753340842,True,True,True,True
2137394789772,0.077354,0.042009268,221.82263,-1.818063233589757,False,True,False,False
2070398548740,0.010007057,0.020697363,85.75095,1.2843644097294729,True,True,True,True
2182161658064,0.06848329,0.0195187,542.8583,2.345318218530569,True,True,False,True
2163431430756,0.029374,0.017653512,163.5332,1.0375203119556342,True,True,False,True
2137071349144,0.033268288,0.024841284,314.2674,-0.8471260270740476,True,True,False,False
2161530519278,0.0153121445,0.0107548535,119.377686,1.560899320119415,True,True,True,True
2497470231452,0.026866285,0.03981243,184.87076,-0.3365243415857898,True,True,False,False
2289488155802,0.02604209,0.06069944,167.80821,-1.2172462085117892,True,True,False,False
2342836606496,0.01661782,0.035557188,106.166374,-0.5161083551740541,True,True,True,False
2447619793814,0.008058126,0.066628106,147.62823,1.5990665312976686,True,True,True,True
2396839524950,0.013390019,0.015953455,142.65753,1.040243196841511,True,True,True,True
2480023289366,0.008367153,0.0504401,45.13639,2.146383257412121,True,True,True,True
2358083564450,0.033680562,0.04387959,283.56964,-0.4346654205642457,True,True,False,False
2687334337828,0.012262198,0.02159795,180.84932,3.272402642345207,True,True,False,True
2736870860040,0.09691939,0.0701077,222.21423,-1.6421194502037926,False,False,False,False
2567960955488,0.04313781,0.0662608,72.92616,0.891886661547978,True,True,True,True
2548261335084,0.069004804,0.05054383,98.65995,0.3697951384971494,True,True,True,True
2583521276188,0.018402327,0.076152,131.04358,-0.5104473915573313,True,False,True,False
2633362188314,0.043662183,0.06980997,262.99405,-0.7114694630238803,True,True,False,False
2773699929318,0.060146775,0.06520303,253.27231,-1.990827906916231,True,True,False,False
2731499959326,0.008523619,0.042363215,124.16166,0.5527282421589894,True,True,True,True
2694356697146,0.01713522,0.07559633,195.66696,0.9967549879129548,True,False,False,True
2810563977286,0.010731235,0.055229962,254.66412,-1.000833082343428,True,True,False,False
2975034624210,0.009227065,0.011882836,60.261234,2.4735595438484994,True,True,True,True
2758777146248,0.045036692,0.041072145,684.8294,-0.9320305140249104,True,True,False,False
2583822417710,0.016643673,0.05343333,221.70946,-0.2483386310973786,True,True,False,False
2771165617194,0.07944169,0.0202369,151.81,-0.9885577042737168,False,True,False,False
2737520996362,0.023626834,0.032032225,281.23694,-0.2413216143551776,True,True,False,False
2765147882750,0.011252335,0.015858524,212.9024,-0.186551051384768,True,True,False,False
2572739834604,0.0860647,0.077381074,353.94687,-4.053288112044723,False,False,False,False
2649889055516,0.02674048,0.07164597,154.59656,-1.321143429375931,True,False,False,False
2998523999018,0.005002914,0.033223882,153.26694,1.1075208130908505,True,True,False,True
2784200998634,0.01718076,0.0188892,146.04317,0.6284141797286344,True,True,True,True
2991223307926,0.063353956,0.03894967,298.64832,-1.2862275172760125,True,True,False,False
2080916649074,0.014436908,0.027933896,140.89395,1.545564421555067,True,True,True,True
2132682665646,0.044952627,0.05794145,211.03282,-0.695230143485594,True,True,False,False
2291754616546,0.045892246,0.07163132,284.54446,-2.2107979653381937,True,False,False,False
2324143395378,0.0608567,0.07012541,126.00473,-0.4333019549993541,True,False,True,False
2314927176368,0.11647918,0.032663018,196.39397,-2.799770161197857,False,True,False,False
2434316309270,0.018381998,0.028979732,281.7789,-0.1578670935719173,True,True,False,False
2042824556172,0.025060423,0.06683682,142.61536,-0.0152486121257262,True,True,True,False
2182545654306,0.06109127,0.051686957,73.59859,0.991085092347543,True,True,True,True
2435281518554,0.049428686,0.09578112,174.18347,-2.085365395225885,True,False,False,False
2343212739732,0.011382786,0.018050821,68.71977,2.0876458633053945,True,True,True,True
2223481367560,0.06847246,0.0584287,170.3009,-0.5155048285827358,True,True,False,False
2164113241800,0.035909515,0.039322022,301.46634,-0.7654012342943646,True,True,False,False
2273015872782,0.040764198,0.05336459,96.24859,2.161436597739439,True,True,True,True
2392719451296,0.099329755,0.0347659,258.16068,-0.9490647120797916,False,True,False,False
2415892062012,0.017753227,0.06676225,270.05624,-0.2955803388001135,True,True,False,False
2282542532472,0.024917504,0.03655319,156.39015,0.2965899434322669,True,True,False,True
2220328116206,0.019760488,0.03923624,121.30922,1.3739704043691714,True,True,True,True
2260967930262,0.061647825,0.048419803,215.04288,-3.5078647442783306,True,True,False,False
2642921908594,0.10869066,0.048677765,217.03856,-0.3910751846847855,False,True,False,False
2629590806802,0.033645887,0.03932709,536.148,-2.866108908762109,True,True,False,False
2677854477376,0.12161436,0.08194605,192.65546,-2.504283313070086,False,False,False,False
2665792698430,0.03121283,0.032501373,154.22774,0.611216230351274,True,True,False,True
2641977337774,0.024163477,0.0534725,193.74348,0.3305270490670713,True,True,False,True
2989020120774,0.00745316,0.016750908,96.74741,1.1342659229014145,True,True,True,True
2645808594604,0.005119558,0.040280417,119.02137,0.9140123341739878,True,True,True,True
2886798361696,0.014902498,0.050813187,53.64907,1.5611542353304584,True,True,True,True
2506392417558,0.031957094,0.0978777,115.08755,-0.2060629172593582,True,False,True,False
2715952694444,0.1081843,0.07649786,106.37513,-0.8690129941575178,False,False,True,False
2669922827880,0.10231257,0.075372644,147.98058,-1.1060527439394252,False,False,True,False
2627995270220,0.03049115,0.023790734,360.82742,-1.8063179482103844,True,True,False,False
2810886639460,0.042715747,0.05931564,190.84145,-2.244123402219559,True,True,False,False
2840744682958,0.05545682,0.024477465,211.64265,-1.2414946611152418,True,True,False,False
2919814269180,0.021632168,0.05271938,194.70984,-0.0512535626390759,True,True,False,False
2599766909898,0.072256856,0.05624251,327.51117,-2.658828856393388,False,True,False,False
2124685851728,0.06366258,0.014342002,161.42802,-2.645281219943021,True,True,False,False
2129771590490,0.02037295,0.021442812,145.78653,0.5312839179545823,True,True,True,True
2123751209384,0.022641838,0.03596981,165.85303,0.7471604015554516,True,True,False,True
2336796923550,0.019025274,0.026117548,201.9562,-0.7015219590571543,True,True,False,False
2309486625766,0.08893908,0.06782818,129.44957,-2.8188862669631787,False,True,True,False
2052958512376,0.012064922,0.034547172,158.05194,-0.1719383966479528,True,True,False,False
2072325216566,0.13484482,0.049639273,534.2342,-1.8420246097975683,False,True,False,False
2130109346558,0.0093335565,0.030294659,177.91061,-0.7023525126571617,True,True,False,False
2085655236088,0.049779728,0.04356484,209.0323,1.4624663360938888,True,True,False,True
2184724222928,0.030166676,0.041912712,154.52753,-0.6489080383968662,True,True,False,False
2033912655928,0.07106289,0.042030275,228.03673,-1.8610474599370623,False,True,False,False
2204421979412,0.011727418,0.030101798,123.06871,1.841050788455449,True,True,True,True
2306340481504,0.041836686,0.0339355,332.22366,0.0892815384618781,True,True,False,True
2053253732294,0.08781732,0.049770676,325.79614,-2.5163275191495247,False,True,False,False
2213293564190,0.012902255,0.029370556,99.78272,1.2938364597113508,True,True,True,True
2108184516782,0.0774379,0.049113274,155.85211,-2.181707090688765,False,True,False,False
2245996260250,0.041855626,0.03352973,286.8196,-0.4172448728735646,True,True,False,False
2362200112268,0.04692204,0.02805509,103.340935,-0.133368420619709,True,True,True,False
2335530776156,0.061245907,0.050784618,211.8026,-0.3203084430579676,True,True,False,False
2259976287304,0.08361192,0.096499056,123.16024,-1.171375426542045,False,False,True,False
2112015671952,0.038721062,0.043630246,58.429306,2.368646719749763,True,True,True,True
2334588623500,0.019385654,0.037356835,86.49881,1.5445481310448952,True,True,True,True
2457790692804,0.014158097,0.03964821,169.80411,0.1367711751974281,True,True,False,True
2486059423216,0.00900668,0.04263963,165.10834,1.084286020899451,True,True,False,True
2437469640534,0.0059067057,0.045648213,233.8479,-0.4929090692598263,True,True,False,False
2353971783866,0.10426779,0.03818964,160.8334,-2.3790046092332906,False,True,False,False
2593346809268,0.047593962,0.029124506,125.81412,1.3748010906606036,True,True,True,True
2609552727938,0.006766533,0.047432017,127.24101,2.517391174488838,True,True,True,True
2677181261788,0.05311616,0.0448557,154.12897,-1.0643932203193878,True,True,False,False
2754012936754,0.021231318,0.037464656,29.133923,3.3722624863548303,True,True,True,True
2780380226534,0.026264697,0.031189688,113.72168,-0.3014560418290735,True,True,True,False
2719756207516,0.032104563,0.06738755,209.55809,-0.004638859566184,True,True,False,False
2708953270588,0.023423834,0.036716226,163.33798,-1.0164557037814834,True,True,False,False
2877866652424,0.021087866,0.022061506,139.59637,1.015616316033465,True,True,True,True
2975035610280,0.029945388,0.023576058,78.97049,1.6633745332694825,True,True,True,True
2892459445000,0.03249963,0.054718032,101.24561,0.8153543181840468,True,True,True,True
2776557892524,0.012118153,0.022114992,112.65897,0.5929391047511323,True,True,True,True
2793083094310,0.013768112,0.020435244,110.1639,3.254016252415863,True,True,True,True
2848646574190,0.028658642,0.054512464,212.53775,-0.4349020403161735,True,True,False,False
2753093591948,0.015830392,0.008987954,88.80604,1.974009646203633,True,True,True,True
2677835103182,0.10996289,0.04402251,154.66872,-1.2882221186302054,False,True,False,False
2577826080200,0.073814,0.07912966,147.2464,-0.7531173209985315,False,False,True,False
2683873854612,0.04341308,0.05556628,131.2411,0.293178461925175,True,True,True,True
2961056944740,0.07308782,0.12120729,206.0912,-2.360066179878418,False,False,False,False
2929944546466,0.016223451,0.017970402,88.73745,1.5063872425108866,True,True,True,True
2942325482534,0.043167118,0.038691223,199.97165,-0.2869480892647038,True,True,False,False
2904862658960,0.0025763204,0.011169166,39.759888,3.546283278726776,True,True,True,True
2929952434142,0.014113555,0.015724594,95.12373,2.0960427655935487,True,True,True,True
2366678150810,0.046730574,0.03180357,248.32202,0.2235905860616495,True,True,False,True
2296197354522,0.03298206,0.054204285,501.2479,-3.23292370866499,True,True,False,False
2439081001950,0.053380925,0.021439526,202.33386,-0.8051504349606372,True,True,False,False
2066646875206,0.017780652,0.0058131698,179.62793,0.9371484933510976,True,True,False,True
2161274135310,0.060794063,0.014572329,199.10242,-1.3502188926953185,True,True,False,False
2115551734658,0.012311425,0.013804121,182.8161,0.8614583961073212,True,True,False,True
2346382322848,0.014591348,0.032771032,299.60703,-1.8944446604412184,True,True,False,False
2474661435940,0.013364194,0.02444453,85.134796,0.9976040824069288,True,True,True,True
2291129585276,0.028358752,0.085220344,305.53665,-2.764941364504763,True,False,False,False
2396553961024,0.051890537,0.048157677,400.50452,-1.6798512574053983,True,True,False,False
2449904528082,0.01703355,0.033264413,189.5189,0.0053844053091398,True,True,False,True
2018056716076,0.043965958,0.047592636,373.78613,-1.2634107510605277,True,True,False,False
2424785168948,0.07006677,0.06808278,193.80959,-0.9855395924646012,False,True,False,False
2481944842434,0.018274365,0.014044037,205.93526,0.8644946306307535,True,True,False,True
2457821059640,0.017656067,0.039123192,226.95451,-0.0974703263752424,True,True,False,False
2162849086298,0.01199707,0.040930983,113.31152,0.9543838829431588,True,True,True,True
2136186805784,0.028448941,0.028450005,88.67944,1.1308061874790027,True,True,True,True
2490222689534,0.02149275,0.09857572,254.38057,-0.8719923220309826,True,False,False,False
2432120486298,0.016317418,0.060613234,96.090805,0.7873587373185742,True,True,True,True
2562590964824,0.03053948,0.012550838,70.76332,0.6913974968866389,True,True,True,True
2741996820152,0.07814406,0.038328502,159.92012,-3.332499286441907,False,True,False,False
2692146156428,0.029426888,0.06110871,256.85208,0.1005764205957664,True,True,False,True
2920116720782,0.0673587,0.13128826,205.67944,-1.7665563361567451,True,False,False,False
2879161655740,0.0009862612,0.019939722,76.88597,1.5370622379054173,True,True,True,True
2818204216492,0.07636795,0.012757744,222.65985,-3.295079545791439,False,True,False,False
2966157650296,0.015908917,0.03186525,26.509937,3.011043131109697,True,True,True,True
2631828997364,0.025710486,0.04188904,166.29732,-1.552796417288404,True,True,False,False
2578803888384,0.015825314,0.030201608,62.266636,0.5685232574700183,True,True,True,True
2604219247790,0.03202435,0.035283487,246.58786,-0.9283290803469526,True,True,False,False
2575626421272,0.038581006,0.041831754,124.24129,-1.2881705480713932,True,True,True,False
2986494276876,0.014015513,0.037957046,70.16441,2.815258679262044,True,True,True,True
2998559054132,0.07318342,0.04277929,144.84645,1.33087399780777,False,True,True,True
2882039419828,0.03360942,0.06840321,462.19315,-2.013840974730591,True,True,False,False
2822349667156,0.050975263,0.028282313,327.88647,-2.034221605682076,True,True,False,False
2550847363610,0.007981407,0.029529843,159.29633,0.2692423511541965,True,True,False,True
2997922402708,0.045226786,0.039438937,131.39752,1.0329967448737911,True,True,True,True
2763577447804,0.014730314,0.025227914,61.10002,1.8598668607549167,True,True,True,True
2802952977004,0.0055297515,0.05652106,92.46863,1.260068988502181,True,True,True,True
2523562088366,0.021452865,0.01845006,180.01791,-0.5137621435847194,True,True,False,False
2587696214868,0.008042653,0.022729069,73.57623,1.6984151541243149,True,True,True,True
2673115722514,0.04347962,0.06437491,252.73322,-2.6326674886048047,True,True,False,False
2893467898570,0.05742373,0.052929476,204.29977,-0.2812431585283097,True,True,False,False
2912832839348,0.0475571,0.0909984,284.44135,0.8116583332948744,True,False,False,True
3179811915404,0.028998617,0.06835218,156.00473,-0.4477825705668142,True,True,False,False
3357628332118,0.07006339,0.032351308,154.7232,-1.2968493851024316,False,True,False,False
3302703319356,0.060047198,0.025920758,186.99902,-1.4210802882007978,True,True,False,False
3008058543498,0.03608712,0.047605492,302.60223,-1.0583447592364117,True,True,False,False
3090284178756,0.012190665,0.02337828,68.56097,2.392595433781606,True,True,True,True
3163639463344,0.01803202,0.035372663,68.68819,2.7633980779916696,True,True,True,True
3113139269246,0.018224379,0.039959636,174.35243,-0.315478962204151,True,True,False,False
3176643369820,0.05015927,0.05131623,105.03169,-1.0027880787069037,True,True,True,False
3137577373210,0.00438157,0.0031692032,30.421854,3.322899790986191,True,True,True,True
3211878439030,0.013298934,0.014456217,42.35556,2.850238176918228,True,True,True,True
3172827611974,0.0135015305,0.0655758,148.35696,1.1553380561950344,True,True,True,True
3471289758376,0.030239549,0.027400294,44.91147,2.285851415487668,True,True,True,True
3034735365742,0.024003543,0.059202056,216.98398,1.308269166658693,True,True,False,True
3237940000896,0.030830957,0.03547377,136.63939,-0.2642246853532523,True,True,True,False
3255089533148,0.041886084,0.057670753,161.25487,-1.3447971842086237,True,True,False,False
3461787518646,0.020428319,0.050565228,165.74129,0.6161534934218783,True,True,False,True
3384319266538,0.007222926,0.00255776,42.656796,2.9129176307018003,True,True,True,True
3665934606534,0.025738437,0.06947903,217.75844,-0.6100044002649991,True,True,False,False
3599893647550,0.041660756,0.018066313,218.59131,-2.759961390688061,True,True,False,False
3698961071542,0.031911314,0.0603134,177.77065,-0.3025275667412347,True,True,False,False
3696727773368,0.018154053,0.05312557,299.10306,-0.0361718417674202,True,True,False,False
3713890132430,0.05395887,0.038503245,107.97198,-1.7479919397764994,True,True,True,False
3895496250632,0.047910053,0.044563197,276.22885,4.472259571125806,True,True,False,True
3540218913348,0.052096184,0.03425001,103.169876,0.5486550556284344,True,True,True,True
5273793234,0.027804852,0.042127762,229.66153,0.5536886237452897,True,True,False,True
3765340039416,0.05509781,0.04736685,267.20264,0.1346999353232675,True,True,False,True
3716732189122,0.08202463,0.051854786,172.76944,-2.45734404926059,False,True,False,False
3817071910854,0.023717918,0.059975546,177.78546,-0.41318801172746,True,True,False,False
3889784998970,0.0752205,0.055448327,145.57657,-1.5645384311548232,False,True,True,False
3917725801482,0.01580642,0.025839837,105.08249,0.9118016511704184,True,True,True,True
3896142278134,0.062093284,0.061910227,171.23471,-0.84840447956762,True,True,False,False
3762452625320,0.006297536,0.012310864,34.41473,3.7526745945558986,True,True,True,True
3586575171646,0.0675088,0.06163369,199.22243,-1.8725069568854404,True,True,False,False
3715170797058,0.12947631,0.07405157,230.91524,-2.967399329243126,False,False,False,False
3562434681238,0.02721586,0.062892,213.04501,0.5348680589366183,True,True,False,True
3634517869864,0.028550949,0.03858964,134.04958,-0.3980715725282218,True,True,True,False
3622464886184,0.035497736,0.006878632,286.0714,0.9813230453026912,True,True,False,True
3865355162420,0.014661678,0.039118525,43.177383,3.3436593750445587,True,True,True,True
3067460311876,0.050243497,0.03374247,265.09338,1.2425324306505448,True,True,False,True
3310348595640,0.015143766,0.02788041,149.79091,0.1641118238605524,True,True,True,True
3471655811816,0.014206889,0.05721371,121.13008,2.059035485425207,True,True,True,True
3242415645372,0.045741137,0.02907526,589.73474,-3.26984076177014,True,True,False,False
3024287999450,0.0063509797,0.012768362,194.69264,1.2565311855750974,True,True,False,True
3177334378200,0.014210433,0.0117028225,62.34741,2.085641549098926,True,True,True,True
3388807964036,0.033043683,0.022183804,310.63748,-0.1223355009820246,True,True,False,False
3317993495272,0.04086496,0.050555028,157.39832,0.4038080118344253,True,True,False,True
3294787043604,0.016289728,0.030038878,72.61776,1.543017929857366,True,True,True,True
3443073671426,0.09219709,0.06343933,330.03656,-2.571069533745561,False,True,False,False
3166850750770,0.07999846,0.014587592,393.53766,-2.19875450937551,False,True,False,False
3451042391010,0.008348307,0.07889697,100.989365,-1.3758271634990873,True,False,True,False
3725350612604,0.016509024,0.04259837,247.75111,1.0181859461828668,True,True,False,True
3678044694546,0.08543855,0.030382397,529.0373,-3.2696096222318323,False,True,False,False
3741230443674,0.015361582,0.028510004,142.20187,0.3606941709375685,True,True,True,True
3686933717478,0.008853499,0.019283388,79.72922,2.088723695561923,True,True,True,True
3927926181176,0.027033681,0.052172415,341.8992,-2.2403968845066062,True,True,False,False
3820297081698,0.038985286,0.08596356,225.27058,-0.1606173041978378,True,False,False,False
3847288474420,0.12310982,0.053692043,183.65147,-3.368756261667205,False,True,False,False
3636143242296,0.020006703,0.06017759,197.93309,0.1704829357259228,True,True,False,True
3509784394864,0.017720068,0.019070495,154.00157,0.7588101665273339,True,True,False,True
3651069278610,0.027060255,0.07800855,126.12368,-1.804743737551023,True,False,True,False
3672981611120,0.08275005,0.030760845,156.9215,-1.1941026420041043,False,True,False,False
3602183849020,0.019436039,0.07706221,189.03905,0.2500856637912104,True,False,False,True
3832686838308,0.021206947,0.06261381,52.170097,1.3764711994018408,True,True,True,True
3909537690568,0.015445637,0.031154078,46.055138,2.9665801983527733,True,True,True,True
3714259112098,0.016687632,0.014056012,128.35881,0.4423952464627511,True,True,True,True
3921281647324,0.030782146,0.08476712,133.03613,-0.6596075964414239,True,False,True,False
3048051904712,0.02107961,0.045943044,411.25836,-1.6605093956841122,True,True,False,False
3320148929378,0.019551858,0.03361727,189.98755,0.1042132865465327,True,True,False,True
3069964842322,0.025930155,0.06813328,147.8389,1.7409946371000302,True,True,True,True
3411947161682,0.040457323,0.09375645,319.20697,-1.4336325168739248,True,False,False,False
3332550958760,0.06697008,0.035422735,130.72922,-0.5307542459542565,True,True,True,False
3325573809860,0.026390271,0.024377622,245.02419,0.5026721416897549,True,True,False,True
3364316188536,0.016043166,0.023328854,156.03172,0.1447266812462403,True,True,False,True
3056609548852,0.030073142,0.021693937,198.44453,3.018470523814888,True,True,False,True
3430334721104,0.03370389,0.05321053,182.19626,0.4996877545459376,True,True,False,True
3047116834594,0.008635827,0.018904379,186.3909,0.3279879928385714,True,True,False,True
3165228453362,0.008234509,0.02347756,99.14912,1.751004312733376,True,True,True,True
3174427184594,0.015199327,0.05423232,213.56941,0.3949417275361777,True,True,False,True
3183335510804,0.008276123,0.040444937,167.99045,0.7395754823170108,True,True,False,True
3460835718092,0.014868582,0.05358976,132.78073,1.2923048956872585,True,True,True,True
3290333148252,0.037352808,0.05317784,225.26254,-0.8297277808098114,True,True,False,False
3268745971868,0.026152162,0.059966043,263.7759,-0.6503736900259599,True,True,False,False
3448778451252,0.09021813,0.06405617,118.28991,-2.727631531886477,False,True,True,False
3569087331252,0.05549051,0.06364616,196.84239,-0.6377572375352809,True,True,False,False
3546875572348,0.009995872,0.031395923,120.16647,1.7185438234981545,True,True,True,True
3690710167164,0.02880377,0.05309714,295.19644,0.0286704869269895,True,True,False,True
3497348727142,0.035402454,0.01234917,96.19213,-0.2001371224478865,True,True,True,False
3911393899930,0.015117062,0.039662596,247.12672,1.3431249725842809,True,True,False,True
3943792103670,0.090797246,0.03576478,139.90228,-1.6267675470571243,False,True,True,False
3891086782666,0.021106154,0.024161877,140.64684,1.550452883448488,True,True,True,True
3649418003446,0.0061237225,0.033408325,97.16026,0.947049262690456,True,True,True,True
3760874755674,0.025085658,0.039848857,228.21162,1.3998081470405594,True,True,False,True
3951705409568,0.058601648,0.050637472,208.32657,-2.6719553114141146,True,True,False,False
3866618264716,0.047375463,0.058318574,179.4619,0.8514147157830566,True,True,False,True
3903763065144,0.072258905,0.111223064,98.37816,0.0927819935874683,False,False,True,True
3625958491244,0.09878741,0.060846258,351.92264,-1.791230434123313,False,True,False,False
3826946131546,0.019340392,0.026441932,83.37784,1.6728269535193694,True,True,True,True
3028071252744,0.007773887,0.02484059,230.51122,-0.9232448114278464,True,True,False,False
3399574945104,0.046334736,0.04653565,172.38211,0.3522932908749523,True,True,False,True
3316722511248,0.11987442,0.10847897,215.42152,-1.3031070939485816,False,False,False,False
3203347611186,0.08782495,0.07758752,342.18976,-3.1407474435086056,False,False,False,False
3094760887972,0.017535843,0.02621454,161.87025,0.5905050469241013,True,True,False,True
3182078408684,0.023410002,0.12720053,481.0713,-2.183205491459901,True,False,False,False
3424979796702,0.040373217,0.07237088,203.92622,-1.6152765646648084,True,False,False,False
3160496422308,0.01754285,0.06534982,132.9741,-0.5437941984202186,True,True,True,False
3157010229266,0.005787638,0.030702299,132.59023,0.6914822768071067,True,True,True,True
3020799667980,0.06657845,0.042454083,263.38226,-3.7225297881700503,True,True,False,False
3667561724164,0.048484415,0.015658155,62.282814,2.2463795271940543,True,True,True,True
3579619897900,0.016881354,0.04998823,130.31462,-0.6056946884278889,True,True,True,False
3614532532772,0.022141527,0.03590577,46.453808,2.234546666309964,True,True,True,True
3725671714746,0.03921733,0.06182291,159.04971,0.5910505672176036,True,True,False,True
3794884194974,0.013263126,0.017647587,33.110905,3.713023359781037,True,True,True,True
3783455693072,0.020841805,0.08929163,175.17894,0.6598221469040979,True,False,False,True
3833009450856,0.021464737,0.016634637,211.30678,0.3824222198387123,True,True,False,True
3849200375462,0.024904873,0.062046204,559.2604,0.8717216910337429,True,True,False,True
3794275337286,0.047852863,0.018388836,261.90958,2.6390597803315123,True,True,False,True
3939696625266,0.021870352,0.04669647,360.52707,-0.2763157426635758,True,True,False,False
3786022539360,0.0080232015,0.04541252,59.976913,2.198951907935617,True,True,True,True
3827618693012,0.014836036,0.042499077,167.69322,-0.0695288180004288,True,True,False,False
3999395602042,0.040484685,0.031870164,213.59018,-1.108585126883006,True,True,False,False
3608824355724,0.03325982,0.0476695,131.50688,0.6202071167991726,True,True,True,True
3624703429830,0.051892266,0.03931243,155.52211,-0.072569371695195,True,True,False,False
3725361629942,0.06327322,0.058465153,268.01276,-1.8571772028767333,True,True,False,False
3964120566738,0.044439044,0.086125575,207.71834,-1.1621206116727747,True,False,False,False
3760278347068,0.06181731,0.04510245,151.00334,-1.0386913094245136,True,True,False,False
3850132223674,0.02688151,0.05910338,201.49995,-1.840052831970488,True,True,False,False
3873310629162,0.020897744,0.013996608,143.29388,0.05866430256996,True,True,True,True
3690438638144,0.05750066,0.019965325,337.7649,-1.365801235546213,True,True,False,False
3559314571928,0.019475477,0.042021967,180.92728,-1.0211045739370397,True,True,False,False
3988273658428,0.044628497,0.05143445,167.1269,-0.4034984292003051,True,True,False,False
3939061939356,0.0030621435,0.016638625,82.44434,1.0633352908217442,True,True,True,True
3979706162556,0.039601248,0.05600282,129.91565,-0.7625648510258234,True,True,True,False
3864133368354,0.06732429,0.028121728,171.24673,-0.4718168360842864,True,True,False,False
3792057512794,0.015273526,0.019262515,45.699272,1.2927671079156935,True,True,True,True
3814606170138,0.05256897,0.018252784,105.78876,-1.273753300207292,True,True,True,False
2254964456538,0.027177492,0.09340529,147.5652,-0.1218518567919524,True,False,True,False
2290526066404,0.08341128,0.03226436,136.55864,-0.6724953950024348,False,True,True,False
2264794977126,0.045545906,0.08265959,608.2435,-2.241870364426373,True,False,False,False
2263213827942,0.044748932,0.063862324,97.49766,1.9298584825241896,True,True,True,True
2309580618350,0.027641239,0.043656252,59.252254,1.2394452406622618,True,True,True,True
2472144684448,0.012556706,0.04242671,127.54715,0.2623191090674462,True,True,True,True
2473735737024,0.012535439,0.019446606,71.12711,0.329611410615076,True,True,True,True
2034297556282,0.08764419,0.0936399,144.86632,0.3797142633859832,False,False,True,True
2107963658018,0.040875945,0.050993256,88.20016,0.8660785848726951,True,True,True,True
2201644230464,0.10361171,0.025928728,124.74475,-1.0085208045920722,False,True,True,False
2270212648822,0.03085547,0.049027525,202.36342,1.0412177541276963,True,True,False,True
2459465757450,0.13169226,0.035876032,215.79881,-2.841591173603513,False,True,False,False
2082863199662,0.060007785,0.03319627,106.69546,-1.481656903253998,True,True,True,False
2242572912714,0.013895813,0.019278927,189.12146,1.3663729937999358,True,True,False,True
2256553317402,0.016027214,0.020430561,326.04938,0.4320956286751564,True,True,False,True
2334027794846,0.048354447,0.037528656,176.13582,-0.66169496232966,True,True,False,False
2054948302704,0.0142084025,0.05362418,195.79707,0.1519013022801237,True,True,False,True
2086681832008,0.053871777,0.13284482,342.15936,-2.337739518920756,True,False,False,False
2291168088114,0.054293495,0.04618971,298.85938,-1.1819191371396724,True,True,False,False
2462634986936,0.04927731,0.03416274,178.80754,-2.2575986580526566,True,True,False,False
2694717560192,0.031946283,0.03361918,278.969,0.6825475682094143,True,True,False,True
2562955555220,0.026076196,0.015409311,213.15132,-1.072539830864069,True,True,False,False
2737588229210,0.03299455,0.029622557,202.14906,-0.3146294136258969,True,True,False,False
2529617946534,0.027388945,0.09583333,176.77348,-0.8878855662026567,True,False,False,False
2545172873300,0.01703385,0.053142942,118.67344,1.3334498401063493,True,True,True,True
2528028683382,0.06781475,0.081206955,184.80727,-0.7010269275987077,True,False,False,False
2805529898146,0.026372753,0.049748838,68.36713,2.170530143225834,True,True,True,True
2834121717062,0.0076879263,0.013977645,232.46815,-0.5168282735916471,True,True,False,False
2957317890064,0.030913107,0.09518078,131.23013,-0.0124065618171428,True,False,True,False
2900476594244,0.018663073,0.08266937,261.0202,0.991480187956532,True,False,False,True
2740146709220,0.029041477,0.06112969,49.88076,2.3153458833062444,True,True,True,True
2554397787014,0.036315043,0.08127152,145.31291,0.7794969170265164,True,False,True,True
2645209414134,0.016291518,0.03789505,177.05531,-1.497925637580384,True,True,False,False
2841745448384,0.051744416,0.0458176,81.48969,1.733220875256949,True,True,True,True
2929702267934,0.045820314,0.05958228,110.52201,-0.6124027311129198,True,True,True,False
2925894901878,0.04929913,0.02692053,126.578445,2.454812471052552,True,True,True,True
2955110773448,0.050499145,0.046915192,206.29909,-1.8451000325954643,True,True,False,False
2717272569544,0.020675166,0.029515993,88.39811,1.2807094846462908,True,True,True,True
2513091535952,0.044015706,0.07539559,167.66086,-0.5270893017397527,True,False,False,False
2736313791570,0.058804795,0.07181128,80.1788,1.0928318125482943,True,False,True,True
2842369326066,0.01894719,0.033093452,261.13562,-1.1166026918370249,True,True,False,False
2875078044776,0.027637193,0.05514704,427.8965,-1.822341661512365,True,True,False,False
2560114433194,0.042741027,0.025140425,122.93636,0.1869505900348987,True,True,True,True
2750312944730,0.05272463,0.062129993,131.50261,-0.5440604750066301,True,True,True,False
2751583453404,0.118784994,0.08724258,137.7533,-0.4765225210543022,False,False,True,False
2227680894986,0.03906301,0.015715148,152.50446,1.7791755882035485,True,True,False,True
2189597949598,0.020783374,0.026622886,126.770905,1.2847001664124076,True,True,True,True
2346123239324,0.07875987,0.03674498,112.31946,-0.5763340606368524,False,True,True,False
2404539964208,0.03862597,0.051621187,43.78286,2.4473564288591017,True,True,True,True
2509322597500,0.032583695,0.050874177,281.5787,0.194425633953121,True,True,False,True
2421061008186,0.011366826,0.061365336,218.44167,-0.6586645445740579,True,True,False,False
2436936277348,0.033752806,0.057754587,194.37556,-1.884793096304798,True,True,False,False
2213746530042,0.06934772,0.017195072,389.81393,-1.3214069524286698,True,True,False,False
2344556983052,0.0065659555,0.043603968,207.90552,0.5320175432150279,True,True,False,True
2389003205452,0.024947744,0.037548658,230.87888,-1.2801044909606745,True,True,False,False
2456648322254,0.06576687,0.01988486,178.01591,-3.236049698183014,True,True,False,False
2122590823072,0.039882038,0.050781544,84.67736,1.695260917922352,True,True,True,True
2124176659828,0.048252665,0.052807372,68.58016,0.9882546615491868,True,True,True,True
2363593266548,0.033260778,0.099808075,154.50006,-1.491822320555808,True,False,False,False
2298508345050,0.11326502,0.023103118,131.75288,0.9664269160852804,False,True,True,True
2431555197292,0.029971622,0.051144652,189.2821,1.2079602163575889,True,True,False,True
2486497296046,0.04850066,0.053173896,103.91798,0.8185046938218844,True,True,True,True
2515998505310,0.03716842,0.005987705,111.7667,1.401248955774424,True,True,True,True
2524264005060,0.015573426,0.0313096,34.81687,2.295942456462193,True,True,True,True
2656024749786,0.043151304,0.05300989,75.53968,0.0952047132705565,True,True,True,True
2531570568160,0.080043286,0.06623427,179.10966,0.3904037071502051,False,True,False,True
2910068393398,0.011101606,0.036838602,120.64706,2.1452453930800277,True,True,True,True
2907836304188,0.048602406,0.04151445,327.16718,0.8011785318157276,True,True,False,True
2988163169754,0.028188888,0.05882989,352.5698,-1.1708025470972308,True,True,False,False
2793534144638,0.02051884,0.07225658,290.6664,0.2393584300268443,True,False,False,True
2726826595858,0.040707342,0.041141156,97.29236,-1.2742355802527614,True,True,True,False
2660794154510,0.045754623,0.052595343,202.6124,-1.6299525283730227,True,True,False,False
2965605692190,0.05029013,0.056621596,100.622765,0.9207743346273828,True,True,True,True
2917985908000,0.021431167,0.05650366,363.952,0.3577987140642102,True,True,False,True
2887493429500,0.016478565,0.04497634,307.62994,-0.5437778026274068,True,True,False,False
2562067080734,0.042663183,0.071305096,202.71849,-0.6663326536257543,True,False,False,False
2766850999258,0.03370535,0.056762055,175.02612,0.3776262536562107,True,True,False,True
2842110044268,0.012350271,0.015467468,153.47029,0.12569268846841,True,True,False,True
2789722318292,0.0062415665,0.08203597,306.378,-0.4556655413705811,True,False,False,False
2063497555414,0.08042182,0.07817765,361.3202,-4.792157452388531,False,False,False,False
2085726702530,0.008622989,0.032252654,163.35037,0.92460607272296,True,True,False,True
2319102869012,0.10764511,0.0438995,331.235,-3.310611311100637,False,True,False,False
2456897931850,0.056031726,0.043298867,105.38391,0.5602670850059649,True,True,True,True
2095581616398,0.07598205,0.037529316,221.59781,-2.498028846755889,False,True,False,False
2326416161624,0.017388212,0.035596665,126.76846,-0.2240976884145815,True,True,True,False
2410879379430,0.02376496,0.029734213,178.39899,0.000418803095129,True,True,False,True
2364528995242,0.03270805,0.037414055,160.42444,-0.6805511548396657,True,True,False,False
2093662713112,0.014977891,0.021979261,180.16211,0.7968693234340241,True,True,False,True
2086983882690,0.015679507,0.028792799,97.39009,2.059336353493669,True,True,True,True
2456273501790,0.017885402,0.08281237,194.403,1.1882079049783616,True,False,False,True
2404200928248,0.06849278,0.029629251,121.085,-0.2136078752103988,True,True,True,False
2028591626982,0.04045256,0.044903338,237.37607,0.1995714352888097,True,True,False,True
2478201331750,0.03525882,0.05509718,122.409256,-0.0836323986125695,True,True,True,False
2323562767396,0.010873307,0.014797899,97.79427,1.8261126441462872,True,True,True,True
2593114943734,0.13159147,0.06535368,111.30023,-0.5245106817740346,False,True,True,False
2734093445590,0.012766046,0.01116337,140.95772,1.014731763219408,True,True,True,True
2582981973214,0.036407243,0.035461426,410.60022,0.1098111475467272,True,True,False,True
2990346096824,0.023474243,0.012029518,137.90192,-0.0023169571666316,True,True,True,False
2702987322574,0.011812712,0.023143375,63.96058,1.1475250394579155,True,True,True,True
2699171035128,0.03355402,0.024539923,154.37384,-1.4835611672275455,True,True,False,False
2524536245040,0.017188778,0.035926748,97.226524,1.4128176658201383,True,True,True,True
2808717073468,0.010610584,0.04393909,122.98915,1.9118395286701173,True,True,True,True
2884604152142,0.045832433,0.049121007,190.77057,0.8843900354679538,True,True,False,True
2621084223934,0.051473614,0.06892358,411.3283,0.0280777596957011,True,True,False,True
2874781241758,0.10092906,0.04700184,471.01602,-2.739668059234234,False,True,False,False
2812862473902,0.036342036,0.027068181,40.800133,2.1673153214540744,True,True,True,True
2109890479634,0.0228045,0.04725356,155.91577,-1.657408561001685,True,True,False,False
2065771982068,0.028748913,0.077504784,87.604126,0.6761222018664781,True,False,True,True
2129595366538,0.04227853,0.018061023,139.41513,-1.8493229159555653,True,True,True,False
2095628992420,0.023122547,0.02739921,60.141094,1.930921656539102,True,True,True,True
2248989917098,0.08562923,0.117640294,108.442955,-2.005335875943293,False,False,True,False
2183578328004,0.016775176,0.037957646,145.0283,-0.8559074837502783,True,True,True,False
2133733357856,0.014435429,0.017002847,98.945045,0.6772545848255161,True,True,True,True
2245814893738,0.031154022,0.038531613,185.16267,1.3277651682824894,True,True,False,True
2188975059564,0.026556611,0.032252576,262.3916,2.826104535171826,True,True,False,True
2345515569256,0.023717927,0.01869399,123.99049,1.3768735700462775,True,True,True,True
2468079826158,0.008427758,0.019376036,95.855835,0.8824435384883935,True,True,True,True
2211172456090,0.012061425,0.033517014,164.27907,0.6157101007566582,True,True,False,True
2251822021456,0.0079461355,0.048551526,61.801483,1.7453263133475876,True,True,True,True
2162285086372,0.04284826,0.05733387,200.73071,-0.8656187144246859,True,True,False,False
2339451870910,0.023465874,0.029295508,2308.38,3.187840454776629,True,True,False,True
2412169646282,0.00817045,0.045280218,118.55692,-0.7711291283776891,True,True,True,False
2340411159456,0.040738016,0.043893844,60.42081,2.749143458699268,True,True,True,True
2262619112790,0.020731874,0.030796237,118.75071,1.4865331431563409,True,True,True,True
2134675083640,0.016665144,0.072136045,272.74704,-1.462130626008233,True,False,False,False
2089912499610,0.008450539,0.03556938,139.63132,1.0409906960634747,True,True,True,True
2239781738748,0.03353522,0.08753877,312.18048,-1.3692191599349182,True,False,False,False
2234693127242,0.050384942,0.084957436,135.99803,0.1128867358956526,True,False,True,True
2276919330900,0.051975895,0.032214504,144.74266,-0.7332763929668851,True,True,True,False
2372178708358,0.00811977,0.008315716,48.618114,2.510350071714335,True,True,True,True
2707137610616,0.041053027,0.10506316,202.40929,-0.277436974529962,True,False,False,False
2520446585160,0.016051073,0.022059022,133.55728,0.3816251783335924,True,True,True,True
2705562559364,0.0215699,0.02877511,259.99762,0.3620082063491089,True,True,False,True
2674751755570,0.042907808,0.04887097,242.81314,-1.0248597347551758,True,True,False,False
2798900940152,0.013348645,0.027374536,191.50288,0.1949413769432634,True,True,False,True
2773192227806,0.04645922,0.038551636,175.15993,-0.2724713866940058,True,True,False,False
2843036776078,0.089557365,0.10564424,331.7736,-3.799832006742612,False,False,False,False
2813205569832,0.040028445,0.040243357,69.15739,0.8926724082529313,True,True,True,True
2604290060512,0.01273291,0.05431175,210.95076,1.3537415198911766,True,True,False,True
2589056332990,0.029257325,0.092556536,186.7213,-0.0468688064803372,True,False,False,False
2814802845948,0.041343912,0.015118038,225.39175,0.1399594132188817,True,True,False,True
2977051030430,0.0112860305,0.04961132,214.94443,0.6646557383016114,True,True,False,True
2911970669796,0.068010665,0.012520621,270.1922,-0.9273154706958748,True,True,False,False
2851632142580,0.026616244,0.015321907,159.88057,-0.9290524998244084,True,True,False,False
2629358845194,0.07673248,0.041924085,185.80823,0.9677022803157792,False,True,False,True
2971957053538,0.055490244,0.03498054,239.23335,1.8828026472254924,True,True,False,True
2959249500740,0.010798235,0.0019859194,89.00431,1.3017583752153772,True,True,True,True
3008162171276,0.05528492,0.0400984,210.22235,-1.687437397735753,True,True,False,False
2702713222844,0.022319274,0.03511231,406.3757,-2.686140211804375,True,True,False,False
2654773776866,0.14615826,0.1707018,206.60909,-4.215062084060517,False,False,False,False
2626205241936,0.042998765,0.08383649,70.20007,0.8390589284649556,True,False,True,True
2596679485870,0.03368435,0.056227557,138.03217,1.2158790944361524,True,True,True,True
2826874353174,0.011273182,0.10173008,209.36267,0.2500314688957408,True,False,False,True
2829728430570,0.01247998,0.011341705,144.31284,1.0540611359374945,True,True,True,True
2869426494758,0.014170024,0.025778746,137.20355,-0.1491794085918061,True,True,True,False
2959914402836,0.0999098,0.058696948,198.1171,-1.7413342142565362,False,True,False,False
3171946063442,0.058427386,0.084261455,233.57605,2.720800604516989,True,False,False,True
3036374523446,0.021392087,0.0170575,166.04852,-0.7836330057647883,True,True,False,False
3045272290904,0.065069474,0.03792062,149.41016,1.8296154015824304,True,True,True,True
3241486547732,0.046515018,0.029969506,108.46862,1.7627952697007545,True,True,True,True
3023356557212,0.05662269,0.03899937,209.16267,0.1526485905068567,True,True,False,True
3170060096116,0.007007205,0.02569937,105.10105,1.8928284068197987,True,True,True,True
3273556143256,0.016851457,0.03782638,169.42555,-0.6404452767663315,True,True,False,False
3292308293662,0.011519397,0.043310218,178.09927,-1.6615912752425372,True,True,False,False
3292639270376,0.0052512405,0.041628942,69.43066,0.43439269534128,True,True,True,True
3439967946310,0.042518366,0.039035857,63.73849,1.77939526443674,True,True,True,True
3030031181308,0.017767726,0.08747694,214.62405,0.5726735941015629,True,False,False,True
3282766415926,0.014192108,0.053624053,80.28887,2.2307570058884485,True,True,True,True
3333881642828,0.010832064,0.017689286,131.66302,1.4362366700151028,True,True,True,True
3357378727824,0.020735946,0.04053756,122.52787,2.142983284465437,True,True,True,True
3259263737678,0.015091694,0.044666883,84.86225,0.6553666766527193,True,True,True,True
3346264847498,0.041473255,0.027119149,212.60292,-1.9235359199974016,True,True,False,False
3468526629296,0.017647916,0.050545823,248.01802,-0.2847581819571509,True,True,False,False
3035436353966,0.088140056,0.034171622,165.45166,-2.304957825122992,False,True,False,False
3022741879998,0.015027698,0.025254026,144.51823,1.0226163673286046,True,True,True,True
3252308184910,0.024528697,0.00910581,63.675022,1.7816996215929666,True,True,True,True
3514237612454,0.043874323,0.025843717,297.8992,-1.3337204631413682,True,True,False,False
3567589943940,0.05218647,0.011898897,170.19926,3.346024758714271,True,True,False,True
3635212078184,0.06280416,0.04426997,286.79126,-1.938746333229051,True,True,False,False
3812716568470,0.049981687,0.04363349,927.40173,0.8332500492693973,True,True,False,True
3930516337260,0.07265183,0.042659745,226.11841,-1.7270679061199807,False,True,False,False
3646040088874,0.00874075,0.041931335,111.132385,1.7683298645108907,True,True,True,True
3961641865606,0.011775424,0.023196064,145.68819,0.8432259038504324,True,True,True,True
3873688422884,0.03455996,0.02096524,294.69647,-0.815936573714066,True,True,False,False
3785425825472,0.022570563,0.07417449,85.79394,1.424986124505068,True,False,True,True
3759387799734,0.022588689,0.037753426,60.30774,2.782422930174838,True,True,True,True
3741263885336,0.02011271,0.023991378,81.06745,1.8505413970368207,True,True,True,True
3720306708674,0.024290275,0.03754994,183.78622,-0.4304221820667793,True,True,False,False
3655858137426,0.032085456,0.022480326,245.5469,-0.9343887562979304,True,True,False,False
3817474984612,0.04127069,0.02129262,224.61308,-1.85742223248082,True,True,False,False
3929242150728,0.04049669,0.10173527,196.95091,0.6444113971747379,True,False,False,True
3847951915886,0.018652959,0.093916185,176.76862,-2.4855940731973503,True,False,False,False
3846693453684,0.071516275,0.09436737,285.2008,-2.0624638325884352,False,False,False,False
3899089721246,0.029122103,0.029097324,140.64622,1.018483895674223,True,True,True,True
3890530037096,0.026939822,0.043143027,130.87434,0.7305164349007958,True,True,True,True
3114841728618,0.025698926,0.03499946,189.79295,0.1028401228311875,True,True,False,True
3011010774298,0.008967709,0.038607247,154.87079,0.9190451924165672,True,True,False,True
3116437897690,0.013376237,0.008935119,55.69487,1.2169190609184948,True,True,True,True
3487292840512,0.02990554,0.017176494,186.54436,0.4002053259752804,True,True,False,True
3288201425568,0.058274508,0.0838154,67.838875,0.3060331449734979,True,False,True,True
3402195641324,0.0656663,0.046800543,228.88486,0.3756262296059784,True,True,False,True
3424424989652,0.009470175,0.052148927,196.87175,0.1304773057485045,True,True,False,True
3032944527222,0.05513097,0.045729052,235.65472,-0.3728299112931572,True,True,False,False
3375857331546,0.0191623,0.029035967,152.51582,0.6601401917434697,True,True,False,True
3441271869800,0.032828625,0.04965016,822.3467,0.2167729874446669,True,True,False,True
3301890166424,0.037663795,0.060566843,165.13322,-0.1667163181118083,True,True,False,False
3321574818870,0.09784694,0.11395708,210.95926,0.2817000454051541,False,False,False,True
3205324321552,0.03652769,0.052884076,267.45007,0.2934373422219831,True,True,False,True
3114845183738,0.026527723,0.04047545,95.464905,-0.9104447774823468,True,True,True,False
3416478247298,0.037327714,0.07441588,256.23544,-0.7056966026035452,True,False,False,False
3473636760932,0.09710208,0.06481945,174.66742,-3.8033021561207754,False,True,False,False
3448239747782,0.039099164,0.047437195,130.85704,-0.2466996191793903,True,True,True,False
3242831472498,0.023262937,0.032800563,114.81971,1.4538543323574564,True,True,True,True
3090728859546,0.042854976,0.056514043,257.95355,-1.643575470452217,True,True,False,False
3461912359228,0.020010877,0.02306451,199.78055,0.3661508544715141,True,True,False,True
3741298861240,0.06733846,0.018835302,169.7611,0.8010767866996378,True,True,False,True
3554297245862,0.030313848,0.044552263,63.324013,0.4874997021939702,True,True,True,True
3712735896602,0.012784375,0.048115328,359.46906,-2.3448100438285864,True,True,False,False
3920709303652,0.06606206,0.045569446,108.11795,-1.8301149269633787,True,True,True,False
3732129815328,0.118066445,0.085475214,132.49544,-0.0559475287793706,False,False,True,False
3742285138866,0.02460494,0.036236502,116.720604,1.461649450893897,True,True,True,True
3606373399778,0.022034338,0.04920587,132.49815,0.6980603699144877,True,True,True,True
3572719731854,0.057641268,0.049315535,237.04793,-2.312351199785869,True,True,False,False
3552083275756,0.0761302,0.032602403,178.3236,-3.002616456545411,False,True,False,False
3614002170566,0.00648628,0.0588603,184.74634,0.0048886023839865,True,True,False,True
3497162042932,0.01993082,0.10495467,104.37925,0.9694670218775208,True,False,True,True
3981055818776,0.09930325,0.05409589,391.86813,-0.5687785912369567,False,True,False,False
3889281174930,0.020514496,0.046953484,233.14104,-0.8240729443881587,True,True,False,False
3694311018000,0.042600714,0.08269238,179.09454,0.6851560734899118,True,False,False,True
3620333923094,0.070049144,0.06907176,168.53925,-1.1307685826927103,False,True,False,False
3536833169392,0.053972278,0.108332485,142.76663,0.8620206778297229,True,False,True,True
3786077171430,0.008441598,0.054562353,278.42877,-0.0277772087279923,True,True,False,False
3506367250656,0.03443008,0.041973215,393.03235,0.1963593996790765,True,True,False,True
3711484063282,0.044768598,0.033643812,200.04095,0.3823903100310226,True,True,False,True
3684499323434,0.036022432,0.033234015,239.84888,-0.3955445263664485,True,True,False,False
3851513860098,0.056783814,0.033413257,202.85097,-1.7132109481876627,True,True,False,False
3989940963194,0.0061257477,0.026051223,28.262762,3.806299763619703,True,True,True,True
3826745234384,0.12824327,0.09738744,136.48186,-2.7576637940171382,False,False,True,False
3089074581606,0.026688341,0.046316374,102.398346,-1.0419995308461107,True,True,True,False
3374847166940,0.06472765,0.032171942,178.91563,-1.5382887290059415,True,True,False,False
3458672900844,0.013020929,0.009650021,224.14687,0.3023073033007942,True,True,False,True
3317382297888,0.023542535,0.050713822,109.03218,-0.52360930626782,True,True,True,False
3032265415620,0.021581214,0.036456656,202.13094,0.6052583665208056,True,True,False,True
3391390816362,0.035140064,0.09143612,195.92865,-1.0485013693847265,True,False,False,False
3286281944182,0.054418888,0.06409303,95.1397,0.6504532202252191,True,True,True,True
3457740905280,0.039971344,0.058179703,150.90698,-2.0534408800155237,True,True,False,False
2997946770706,0.08002058,0.047165908,188.76962,-0.2496397223931891,False,True,False,False
3010979883018,0.018133098,0.03402141,119.4275,0.9437705923745106,True,True,True,True
3027161156908,0.020874828,0.058899526,142.4525,-0.1747881917748332,True,True,True,False
3191016092790,0.06694437,0.052476525,214.28618,-1.846621120741136,True,True,False,False
3477086491822,0.01539259,0.037394952,241.79744,0.1976668805638126,True,True,False,True
3306585257258,0.017421966,0.041508276,82.046936,1.3513086860481105,True,True,True,True
3452317261794,0.016081689,0.018939568,83.11255,1.1027759891541022,True,True,True,True
3357392213458,0.05316866,0.07086834,166.49008,1.354284220336798,True,False,False,True
3369138588744,0.0038600864,0.037647866,130.89828,0.6618698223955417,True,True,True,True
3184666700186,0.04107549,0.06161149,96.668594,0.5823395002699032,True,True,True,True
3231984287344,0.018694919,0.025987463,57.5855,2.920192838641055,True,True,True,True
3054183544976,0.033911355,0.10445446,148.44899,0.6582735271846583,True,False,True,True
3100537131236,0.008808877,0.04402236,84.6029,2.0614734566442348,True,True,True,True
3059898880432,0.034384534,0.033899684,259.2115,-1.018254699840601,True,True,False,False
3481560550650,0.10719306,0.07624482,291.6553,-2.758982335970892,False,False,False,False
3325333756132,0.017590677,0.04346732,76.60466,2.462453261868873,True,True,True,True
3523134349642,0.0066126087,0.02143972,65.709404,1.8046341791350768,True,True,True,True
3679035963988,0.02807358,0.022954637,203.38223,-0.153527161973059,True,True,False,False
3949235681292,0.02421814,0.026139708,54.03781,4.971006484013106,True,True,True,True
3803508693106,0.011792709,0.050478414,166.13531,1.0070644152311037,True,True,False,True
3970842312862,0.062308416,0.057349004,249.5264,-1.0888363801134202,True,True,False,False
3987039083686,0.005075967,0.03911832,51.758762,2.2227191004618763,True,True,True,True
3940354496604,0.028531814,0.026001306,302.9664,-0.1974373640630677,True,True,False,False
3641896052900,0.08038799,0.033124153,188.83029,-2.469231416947306,False,True,False,False
3727950525086,0.021045184,0.043338023,85.759476,1.842969052743192,True,True,True,True
3598090993402,0.06618396,0.057802793,239.80255,-3.178136781479817,True,True,False,False
3613337799876,0.012861352,0.0983525,189.25317,0.27028262174177,True,False,False,True
3615236142206,0.010371852,0.015349707,112.32453,2.0756753609287952,True,True,True,True
3800656632182,0.021140393,0.054532524,63.942493,-0.3148125471022662,True,True,True,False
3842901559684,0.024976125,0.021554774,198.14737,-0.9460512515728532,True,True,False,False
3679990517590,0.054520562,0.044273347,252.33957,0.9460097132586176,True,True,False,True
3954955805806,0.017154725,0.022744182,91.132286,1.9913621671686528,True,True,True,True
3582209703620,0.0290117,0.08361634,119.616264,-1.1483533443441754,True,False,True,False
3596503974742,0.026302531,0.045507748,175.8497,0.3534018550083155,True,True,False,True
3610779045024,0.13715988,0.037282716,231.99179,-1.487956834420276,False,True,False,False
3901640367840,0.019965308,0.03246056,237.01111,1.7075339759913504,True,True,False,True
3111669758276,0.036344893,0.055949215,176.19812,0.2550698209507744,True,True,False,True
3429819933896,0.013702889,0.030113425,69.19499,2.407311394191134,True,True,True,True
3457446719668,0.022844221,0.034118056,178.95271,3.763345877606559,True,True,False,True
3162171540844,0.033530973,0.036604017,231.13576,-0.7063365228770955,True,True,False,False
3234243465660,0.015533263,0.056103848,199.40814,-1.1182094377088112,True,True,False,False
3468581113554,0.016824683,0.028780917,110.284904,1.2280292825513304,True,True,True,True
3125957982884,0.04438611,0.032327604,209.46059,0.9264340929840428,True,True,False,True
3222489254012,0.012316537,0.01645937,131.34723,2.310257356424671,True,True,True,True
3325994349312,0.044678148,0.031159054,178.91232,0.9588527116491252,True,True,False,True
3404119690724,0.050072443,0.11032463,156.09914,3.667169530234728,True,False,False,True
3341890130428,0.015892534,0.065612145,194.58925,0.2268481411462024,True,True,False,True
3265043612804,0.034503005,0.037412066,186.08177,0.4770528186983794,True,True,False,True
3352693421194,0.033354245,0.036738697,54.975544,1.985167483403393,True,True,True,True
3475890198510,0.024480894,0.019791087,83.15985,1.28802695166935,True,True,True,True
3709241793420,0.015232157,0.03499124,183.79485,1.7892219987049949,True,True,False,True
3925156452450,0.028265806,0.04823352,220.87405,-1.352756285397282,True,True,False,False
3599087830408,0.009312097,0.022736784,246.90154,0.2908574683699192,True,True,False,True
3629553749070,0.0074447114,0.041507557,122.453735,0.7569963089907024,True,True,True,True
3722276468590,0.12841363,0.057103388,292.3117,-3.0099210412805677,False,True,False,False
3653041208134,0.035528783,0.028736176,245.87328,2.242891680135352,True,True,False,True
3499678116662,0.0073885657,0.046429295,213.80579,1.4422912802432293,True,True,False,True
3864181853008,0.05380438,0.03438451,102.64803,0.0020134510653601,True,True,True,True
3802912664354,0.019383615,0.056100354,279.18018,-1.6506498448676397,True,True,False,False
3778464909490,0.016685868,0.029336328,227.36311,-0.6889839411383172,True,True,False,False
3937537792212,0.040597707,0.042483497,142.88603,-0.0298991942659983,True,True,True,False
3751472711184,0.014841473,0.028074406,251.1546,0.3415685665456825,True,True,False,True
3930235942492,0.06344722,0.044694286,215.87167,-1.16790953426255,True,True,False,False
3640037756120,0.051036496,0.03507107,161.95627,0.8690482795861683,True,True,False,True
3713386614732,0.007998097,0.02067077,78.297905,1.7015240926402695,True,True,True,True
3980730466882,0.008645586,0.06595045,220.02286,-0.0544707328523682,True,True,False,False
2170410575986,0.025190458,0.04543244,124.79879,0.4245526522037139,True,True,True,True
2150095646220,0.028364189,0.010648308,146.25157,1.4048026799334066,True,True,True,True
2371720648582,0.016874496,0.03489755,116.77451,1.6085864212284298,True,True,True,True
2504439245910,0.020345038,0.02882349,222.18893,-1.4633622717624692,True,True,False,False
2018353774474,0.020112332,0.03045302,260.27246,-1.8675941024201537,True,True,False,False
2234581291150,0.0056769853,0.015102325,103.02644,2.0730587745709186,True,True,True,True
2142181585280,0.034508158,0.036606655,167.72955,-0.2467648322665491,True,True,False,False
2435572989694,0.005782046,0.028210545,141.21855,1.0117132856007345,True,True,True,True
2173276219324,0.045073792,0.035336453,151.9056,-1.0736258889772594,True,True,False,False
2201530333938,0.034638703,0.031242423,250.4792,0.0253644690090353,True,True,False,True
2016738457018,0.008680154,0.034619965,116.55889,-0.5956079026216938,True,True,True,False
2140571257606,0.022956317,0.061870463,159.99303,0.0929414781553597,True,True,False,True
2095176078022,0.11672924,0.038313292,195.03804,-3.215150844339599,False,True,False,False
2282502747364,0.028493486,0.050667938,129.38243,-0.2394095664292574,True,True,True,False
1999289447282,0.016739545,0.042508293,114.8961,0.1624310750839786,True,True,True,True
2064384676262,0.028268522,0.03977271,165.65025,0.0920208855417247,True,True,False,True
2025336242802,0.087672934,0.073979534,314.14896,-3.764395309389934,False,False,False,False
2212358547098,0.01088558,0.034701213,96.98697,0.7512109217907389,True,True,True,True
2072640020178,0.016725896,0.046449773,111.2794,0.0008774301363242,True,True,True,True
2418418090438,0.012772004,0.012233117,69.11488,2.1443531831411597,True,True,True,True
2339356417324,0.019956393,0.007859309,57.822517,0.8446937918382675,True,True,True,True
2422556031652,0.018650053,0.032071915,225.37523,-1.0958274167493725,True,True,False,False
2538738437784,0.016632408,0.029124938,167.82988,0.8285622167433653,True,True,False,True
2828637623900,0.13559847,0.0931076,264.7704,-3.701887745429425,False,False,False,False
2795301602706,0.0050070332,0.013037466,128.63379,1.639259337101652,True,True,True,True
2842600289522,0.032248195,0.050732158,130.39767,0.9164644422043676,True,True,True,True
2644172187878,0.03995231,0.054382633,297.04865,-2.1429542836329314,True,True,False,False
2744828649182,0.019468658,0.033483084,169.29459,0.3810564982293803,True,True,False,True
2510508465262,0.037092377,0.04417396,120.073044,-0.1062489033831178,True,True,True,False
2517810744824,0.009747479,0.033136547,23.432976,5.402487322062561,True,True,True,True
2886437377550,0.02346989,0.03484923,170.80264,0.186507542861552,True,True,False,True
2862947424878,0.010821257,0.05642433,69.192505,2.299693004377234,True,True,True,True
2620333921680,0.011150307,0.012850006,57.491024,2.437879772311201,True,True,True,True
2584137776398,0.056837864,0.040552676,449.6211,-3.705578487902639,True,True,False,False
2895316347532,0.051357914,0.038357988,116.8257,2.5169684283977523,True,True,True,True
2535904068220,0.11269586,0.059421014,604.5932,-4.484707113835379,False,True,False,False
2505093566554,0.017673297,0.025720134,237.29285,-0.7588993544716857,True,True,False,False
2743552168998,0.028407203,0.06419834,260.6554,-2.263287688466027,True,True,False,False
2956926869566,0.07150933,0.01698142,115.63638,-2.2532910153611625,False,True,True,False
2766413862042,0.05836038,0.019118447,111.84394,-0.0657068214477772,True,True,True,False
2799770673504,0.020935511,0.106180325,140.96754,-0.4489732775937815,True,False,True,False
2216506490650,0.01186391,0.05793374,241.67438,0.4725585313517729,True,True,False,True
2314287101966,0.05025373,0.06290714,99.54324,-0.2308571210969936,True,True,True,False
2474638582690,0.01855208,0.07184325,156.72963,-0.4023073868529461,True,False,False,False
2277787472414,0.015564977,0.07295024,227.6779,-1.3243742661667903,True,False,False,False
2353676945822,0.009230384,0.038045555,212.35158,1.5951053876356118,True,True,False,True
2052355000856,0.054174237,0.039092407,142.87178,0.4638919055174628,True,True,True,True
2003153009012,0.07778547,0.03315828,415.33185,-1.165531282073832,False,True,False,False
2222241783770,0.0361458,0.025326692,141.74399,0.8234710613285456,True,True,True,True
2008543440940,0.063317165,0.03541703,142.27797,0.4536476388167374,True,True,True,True
2362251598086,0.02306717,0.022476083,186.24547,-0.1353514254115843,True,True,False,False
2452438089156,0.0271174,0.0106110815,119.6852,0.7270770562237304,True,True,True,True
2482287338374,0.05187795,0.048884585,256.56772,3.5485798211329915,True,True,False,True
2125366332906,0.08248324,0.052490223,213.85187,-5.977021961552787,False,True,False,False
2098065837246,0.023410523,0.037049353,175.95166,4.3831005900399305,True,True,False,True
1993298627016,0.010169588,0.021181079,122.45128,1.349990486184514,True,True,True,True
2298118833884,0.03332663,0.0070021725,241.38828,-0.9498033691854296,True,True,False,False
2275264752192,0.013547902,0.031666983,583.43274,-0.8309803705109353,True,True,False,False
2735320437624,0.012183341,0.039403077,292.37988,0.2002301180502141,True,True,False,True
2797564990940,0.0021562576,0.018050069,103.10914,0.931570688319438,True,True,True,True
2917583997762,0.04082121,0.031547733,132.79413,2.43675450508157,True,True,True,True
2807393269194,0.014861356,0.019226203,287.427,3.9053973663131063,True,True,False,True
2793749434296,0.055329654,0.03135281,99.29022,0.931473299527968,True,True,True,True
2849003710086,0.015513301,0.022709664,140.2417,1.4619334771949593,True,True,True,True
2910923941112,0.0032809821,0.036983885,67.35338,3.9164423571865656,True,True,True,True
2601661376450,0.025453076,0.040873345,129.75755,3.7814669702049137,True,True,True,True
2718508383288,0.043155506,0.05537055,173.96535,-2.9345202070606726,True,True,False,False
2953475626708,0.03806058,0.042489998,346.81445,0.6014713904832361,True,True,False,True
2986504082432,0.0745031,0.0556399,146.02965,0.7309528402654206,False,True,True,True
2956978149720,0.032979306,0.025625896,289.07278,1.0107867449374643,True,True,False,True
2522263459804,0.088230714,0.043551642,218.71281,-2.01489229004522,False,True,False,False
2640381529932,0.008751195,0.048098035,156.1487,0.5795469747820668,True,True,False,True
2695004646568,0.03720403,0.045172,139.46773,0.3269905027053427,True,True,True,True
2670553868216,0.039793685,0.07146961,233.2949,-2.999770599209051,True,False,False,False
2925512549056,0.040413186,0.09892492,119.6253,-0.2587305293306395,True,False,True,False
2883919697720,0.048766524,0.039177068,76.18694,0.8880741394014677,True,True,True,True
2601676144292,0.02415762,0.05301105,184.23949,0.2094401900022235,True,True,False,True
2570863651084,0.013826351,0.02237277,79.05119,3.4202295123675746,True,True,True,True
2966184770224,0.03764542,0.022043701,245.8839,1.101070971460526,True,True,False,True
2070084414462,0.01969681,0.037761133,153.35626,1.7051602971190971,True,True,False,True
2175187843708,0.11386304,0.048098315,252.7917,0.913075791689842,False,True,False,True
2456499373958,0.037315108,0.032212887,254.12321,-1.1642356059672736,True,True,False,False
2392056068978,0.0057415804,0.055855166,54.59857,1.841433345815271,True,True,True,True
2278372897286,0.030396802,0.049123883,130.19026,-0.0391237188582533,True,True,True,False
2353626750028,0.06493128,0.0323515,125.061584,-0.087849059922284,True,True,True,False
2050736684984,0.03738202,0.04927229,223.79771,-0.1956200514168228,True,True,False,False
2195210780346,0.007321415,0.014788626,89.37768,0.7404405029633897,True,True,True,True
2030404670662,0.1326621,0.030975165,151.09648,-0.9421387705464584,False,True,False,False
2455248596996,0.018275823,0.026863405,196.32747,1.4669276448637858,True,True,False,True
2375242075134,0.087162,0.013730914,219.26591,1.1789753636292613,False,True,False,True
2474631000976,0.019011844,0.095695965,336.94995,-1.8080141046389515,True,False,False,False
2513367685442,0.0407764,0.0142126065,517.2585,-0.714603494243381,True,True,False,False
2185014861224,0.0089792395,0.027518773,83.84913,1.1176780812524258,True,True,True,True
2250432347674,0.034136727,0.050743744,151.17926,0.4570972521257762,True,True,False,True
2228849430954,0.008350171,0.026895097,194.12558,0.1149432841122157,True,True,False,True
2319963154654,0.030710263,0.07035904,140.5574,1.6440051428380218,True,False,True,True
2385383791010,0.018951194,0.058581308,147.63116,1.8540640207077843,True,True,True,True
2267571423006,0.035476856,0.030144164,90.248505,-0.0373901611986517,True,True,True,False
2342821571358,0.011385403,0.04085984,66.97225,2.857892883228069,True,True,True,True
2483172190612,0.056410752,0.06222644,79.40744,-0.5588184062050159,True,True,True,False
2517146526404,0.038470652,0.03972436,436.22714,-2.0303454943843686,True,True,False,False
2515561194348,0.042029914,0.051002704,170.62854,-0.6935344074268099,True,True,False,False
2692727727858,0.020121293,0.05456126,154.01486,-0.8160382803215699,True,True,False,False
2572404304914,0.012456623,0.028912464,125.91181,0.3982820580564606,True,True,True,True
2798158932626,0.06949092,0.05389161,98.78067,-0.0213308959765258,True,True,True,False
2786719771914,0.018848408,0.0682307,248.6022,0.2621278325360561,True,True,False,True
2974051682666,0.014017798,0.04406659,167.75774,1.2551769889153117,True,True,False,True
2767373025610,0.040029574,0.067673095,142.57658,-0.9096941504388096,True,True,True,False
2938526158604,0.00823117,0.018894587,35.27311,4.163426574570523,True,True,True,True
2803579906986,0.07815081,0.009129635,246.56696,2.488795127293299,False,True,False,True
2523816261774,0.09786173,0.07988097,235.12666,-1.89167940244995,False,False,False,False
2681647313916,0.009756699,0.029795166,73.12011,1.5809483137560802,True,True,True,True
2754034187732,0.042797573,0.06320461,303.80328,0.3119697412205657,True,True,False,True
2942960201994,0.020130659,0.0405129,604.95605,-2.0355605278058126,True,True,False,False
2925819640682,0.051063325,0.04761743,229.00089,1.874138418320079,True,True,False,True
2086629977808,0.035490096,0.069319114,163.97182,-1.0097489129906183,True,True,False,False
2243488234192,0.04860215,0.04141961,126.392,0.1981622544193196,True,True,True,True
2135530855364,0.044214454,0.052313983,126.11194,0.7582467725245776,True,True,True,True
2151730498782,0.053215142,0.03016191,547.71606,-0.4154031224963579,True,True,False,False
2497179936290,0.033571858,0.08634199,159.14088,1.5688794514430489,True,False,False,True
2502261062896,0.04233928,0.010445903,218.28633,-0.3960199436797926,True,True,False,False
2281276214610,0.0040333103,0.023450332,154.0049,0.8260350213392805,True,True,False,True
2380025791924,0.0089535685,0.031274598,73.77487,1.0477801722092923,True,True,True,True
2435594739868,0.023139035,0.040842734,158.96132,0.964862011008342,True,True,False,True
2233672179370,0.053889457,0.03803569,162.63014,1.01251042361263,True,True,False,True
2185074257156,0.010239389,0.016404675,47.85145,2.8178680867313624,True,True,True,True
2235878263660,0.015065872,0.044304,167.55064,-0.1250044759916813,True,True,False,False
2287639164440,0.044181168,0.00972148,143.4265,-2.317802089825962,True,True,True,False
2156162802012,0.0714211,0.057215754,209.84999,0.6441135065080887,False,True,False,True
2054885640380,0.013078189,0.016944313,151.7244,-0.4771799010079038,True,True,False,False
2218411791978,0.028598523,0.08103563,164.32098,3.5962896762552194,True,False,False,True
2411764537378,0.043316185,0.038944904,256.34607,-0.6120318190460186,True,True,False,False
2435577025494,0.0558286,0.06808589,111.20563,-0.6092918471971367,True,True,True,False
2417804725284,0.07327189,0.061300106,137.81296,-0.4599601019780578,False,True,True,False
2480983015708,0.025099928,0.026831767,75.43389,2.5476953203552952,True,True,True,True
2107281606096,0.023569556,0.026453853,210.99141,0.6163533562337351,True,True,False,True
2159680696978,0.018859552,0.06653371,86.83168,1.4814506172935709,True,True,True,True
2213667716372,0.0050116875,0.012512934,57.594524,3.146372335414097,True,True,True,True
2256212371156,0.019824484,0.03096696,168.90668,-0.4335284173562582,True,True,False,False
2425437352516,0.13275489,0.03723018,177.94931,-2.896556589777864,False,True,False,False
2271776093680,0.029645622,0.03925698,233.13582,-1.735231339096892,True,True,False,False
2452438471810,0.05602206,0.010107671,77.51968,3.7505100163066087,True,True,True,True
2727378584126,0.10981065,0.11525446,270.82858,-2.8661864723812247,False,False,False,False
2563226062162,0.017415773,0.05129598,181.20685,-1.3990075669161637,True,True,False,False
2545126363974,0.07048762,0.05055831,418.81067,-0.0558284442673722,False,True,False,False
2617862181348,0.019363675,0.02505936,112.60204,-0.2456373350158232,True,True,True,False
2690569674694,0.030173583,0.049265396,392.75525,-0.943516023497106,True,True,False,False
2620086938062,0.04811707,0.054230418,234.34244,-0.5988079919949885,True,True,False,False
2651842819236,0.043882266,0.05209446,168.53455,0.4734803996157157,True,True,False,True
2722968735490,0.057550244,0.04376816,263.0733,0.2618611706041649,True,True,False,True
2916974362230,0.025182426,0.014769094,99.456085,0.6393321463679829,True,True,True,True
2698178086566,0.05035692,0.08733119,303.2867,-1.3529117924757492,True,False,False,False
2761037469574,0.027826456,0.054505307,189.7791,0.04797672846697,True,True,False,True
2874715299862,0.026241576,0.03487954,174.25789,-0.1953964000822745,True,True,False,False
2895032901014,0.056000452,0.06024107,213.62173,-0.0694385830689074,True,True,False,False
2592140971002,0.04800341,0.02781436,187.04544,1.9298559854948487,True,True,False,True
2677884323684,0.07711429,0.012493161,120.638176,-0.8052705076273176,False,True,True,False
2535628434510,0.01675137,0.014046233,74.43447,1.777517294829961,True,True,True,True
2773126589702,0.02417679,0.05209599,95.404724,0.8270310613072358,True,True,True,True
2804555476770,0.104014315,0.09768675,196.69617,-2.357677419453336,False,False,False,False
3058199947450,0.032476828,0.015709804,179.80855,0.3127825602207239,True,True,False,True
3178536927700,0.02472486,0.032725945,180.84106,0.1893672451654539,True,True,False,True
3203319515216,0.01354015,0.0065031145,128.01149,0.8147698029672035,True,True,True,True
3403035840168,0.043536715,0.017191695,217.65884,0.4248149864996485,True,True,False,True
3141404148206,0.09386383,0.05121622,502.7625,-4.200215563575917,False,True,False,False
3049653896266,0.020512704,0.026429951,70.56803,1.656655700100164,True,True,True,True
3497041365412,0.033939086,0.03081523,354.35522,-0.3561542052201117,True,True,False,False
3485278988910,0.026912035,0.06338208,178.18602,2.2455700247886874,True,True,False,True
3337641538788,0.010923582,0.052953497,169.18735,-1.4865015618500563,True,True,False,False
3478305191680,0.011041579,0.036838077,180.00424,-0.348713626378164,True,True,False,False
3223640317956,0.03238863,0.03245045,147.15738,-0.895510017642585,True,True,True,False
3207116905248,0.0026806358,0.026757881,91.13722,1.674325317350058,True,True,True,True
3136318689464,0.05848201,0.062482096,135.12233,-0.2533728832848086,True,True,True,False
3167447215690,0.011376273,0.019822301,174.46687,0.9250754436036372,True,True,False,True
3261437017546,0.006758641,0.057547346,179.4138,-0.8124863282185041,True,True,False,False
3413201976136,0.044314664,0.03512264,92.40124,3.39722503322131,True,True,True,True
3565909109748,0.023206675,0.05277337,315.6365,2.873921065042652,True,True,False,True
3624333873346,0.076373205,0.0733066,137.97076,-1.8767834733705957,False,False,True,False
3517018842286,0.032441065,0.029979974,83.10255,1.0828627000465931,True,True,True,True
3916781511946,0.022498604,0.008238102,331.66568,2.177670383788267,True,True,False,True
3585310010436,0.06559018,0.040435094,274.79916,-1.604655850290004,True,True,False,False
3627547453336,0.032410517,0.061462007,129.97557,-0.0731524105715109,True,True,True,False
3621828817374,0.064840324,0.056076493,226.75027,-0.5814494495676004,True,True,False,False
3754227702530,0.029046934,0.07162283,267.91733,0.2889450425443262,True,False,False,True
3793279083390,0.042585105,0.06640871,170.54416,-1.846554482247702,True,True,False,False
3907265640032,0.01264574,0.04425799,87.4038,2.4214526901597013,True,True,True,True
3872987692318,0.03474487,0.08574852,63.10721,2.383520134715866,True,False,True,True
3505280532512,0.04548684,0.036395475,174.34836,0.709317788651227,True,True,False,True
3642763013118,0.008828513,0.028984582,56.93495,2.354723252934757,True,True,True,True
3716425158618,0.014591661,0.03245681,268.39835,0.8054781103733714,True,True,False,True
3746592859910,0.031304363,0.023890926,192.75557,-1.350383534829422,True,True,False,False
3534170241714,0.0708617,0.051190596,107.565865,0.736040385813024,False,True,True,True
3933282523868,0.056116097,0.030805351,242.91164,-1.3452005216007523,True,True,False,False
3869783640160,0.012672772,0.060313486,142.75401,0.085785873331789,True,True,True,True
3859304396776,0.04010952,0.03972657,137.80046,1.695915350054932,True,True,True,True
3665323162188,0.013771687,0.03819038,61.907013,2.079468297850182,True,True,True,True
3740579056220,0.066892415,0.069968686,140.38225,0.0113682714334794,True,True,True,True
3568787053146,0.016790625,0.052633125,182.33707,0.6221646229416459,True,True,False,True
3587846367564,0.027052809,0.039483123,270.60965,-1.3010470732230524,True,True,False,False
3974908942184,0.014586751,0.06646266,121.383224,1.137333670255035,True,True,True,True
3833608561354,0.02237425,0.08385983,236.77672,-1.7710648709887409,True,False,False,False
3815191796770,0.014520965,0.051023427,93.70102,0.4202671971005466,True,True,True,True
3260512931420,0.013060484,0.020497903,268.057,-0.6273377177361924,True,True,False,False
3253829815866,0.0029414662,0.020022826,162.94951,0.5710914149549103,True,True,False,True
3317657358676,0.010480679,0.04953565,183.37569,-0.5392078635939053,True,True,False,False
3056986138814,0.058272224,0.078052446,235.70125,-1.249669957607432,True,False,False,False
3104933574302,0.03718644,0.046034224,107.090225,4.294873698721415,True,True,True,True
3377366363994,0.017750114,0.057853878,208.46132,2.3806567968848054,True,True,False,True
3078245288508,0.005615248,0.015414994,27.078207,2.6670585417543657,True,True,True,True
3057293605674,0.038065966,0.07500071,91.95512,0.099525196592067,True,False,True,True
3141761132526,0.0054230727,0.025038986,56.175415,1.9362911756451733,True,True,True,True
3137619563896,0.021779623,0.054846242,366.44495,-1.6468891063476214,True,True,False,False
3128098021036,0.022452017,0.057795484,118.542305,0.6265218794869498,True,True,True,True
3244636605464,0.021408772,0.07190785,157.62689,1.010001790470085,True,False,False,True
3489440165572,0.013113463,0.051484175,135.56898,0.625117454910911,True,True,True,True
3049688296686,0.010771975,0.037789408,120.76648,0.513045553500207,True,True,True,True
3183375581970,0.013006281,0.025649078,141.32426,0.9226563281817628,True,True,True,True
3268452168194,0.020237928,0.04743696,203.12292,-1.5096524956718933,True,True,False,False
3430073022858,0.107769586,0.08515383,581.51013,0.8757247897123981,False,False,False,True
3513565484254,0.018280867,0.016150074,101.102844,2.018115312355161,True,True,True,True
3625015659968,0.031739343,0.01779533,144.44519,0.701044961881539,True,True,True,True
3520888529580,0.012384644,0.021631343,80.78284,0.7670874522977886,True,True,True,True
3528825168746,0.07886816,0.06806434,181.9626,-1.226071244753393,False,True,False,False
3826345944268,0.0232399,0.06657143,134.48227,3.214733559124084,True,True,True,True
3834604916600,0.02214776,0.032275237,204.33029,0.0221283237582119,True,True,False,True
3898105968246,0.008480085,0.02476729,144.62907,1.0343456732734548,True,True,True,True
3965101504362,0.03400151,0.018730432,158.9094,-2.0043370647422973,True,True,False,False
3897478110950,0.057713345,0.060912404,158.4136,0.4789908502431798,True,True,False,True
3730757960872,0.089325346,0.030292643,242.56696,-1.8414415175266647,False,True,False,False
3876492156806,0.066526406,0.018383848,136.8691,-0.0872889580726652,True,True,True,False
3903167541940,0.025946777,0.024203874,46.7194,1.81045602409392,True,True,True,True
3696168995028,0.19525842,0.21461722,190.95793,-2.014730753196803,False,False,False,False
3687901052522,0.015644355,0.022004928,182.5448,0.7395435870146406,True,True,False,True
3793962006340,0.047713246,0.03266792,226.43031,-2.022620991157598,True,True,False,False
3017889349912,0.012482575,0.026035251,53.168026,2.466455359800304,True,True,True,True
3015023606814,0.0058032647,0.021383906,140.30046,0.7443044972678945,True,True,True,True
3353497709610,0.04650516,0.035459578,245.82462,-2.219897259550078,True,True,False,False
3147139722010,0.027001882,0.031069309,155.05795,0.0720974707797565,True,True,False,True
3322711348382,0.014197978,0.038436063,119.016266,0.8230478870382464,True,True,True,True
3205208990288,0.018779995,0.055641867,243.9691,-0.7410693760346455,True,True,False,False
3072814592372,0.015456911,0.042822473,144.4139,-0.1039273204747132,True,True,True,False
3124891651994,0.016868481,0.024386194,159.1187,-0.749573347285586,True,True,False,False
3278559386656,0.0073966635,0.010231398,39.853455,2.4829756368274656,True,True,True,True
3454779105324,0.0096880505,0.023931237,189.01602,1.7482608536924498,True,True,False,True
3412244101192,0.023053326,0.020350559,129.0012,0.7553050977164575,True,True,True,True
3257611559250,0.032029923,0.061054755,120.668564,1.0088087578190588,True,True,True,True
3236340642718,0.033926494,0.023354467,209.6568,-1.1662055575261856,True,True,False,False
3301751804098,0.034268513,0.022096837,150.03961,-1.558267542596203,True,True,False,False
3408754985280,0.0047614267,0.04896269,206.03255,-0.8330365176982364,True,True,False,False
3366525632348,0.023106191,0.026425775,158.03067,-0.080597518538422,True,True,False,False
3084890154088,0.034507997,0.044701688,510.29227,0.0972342168168641,True,True,False,True
3145217694062,0.022885282,0.062232647,330.53717,-1.1911547279311938,True,True,False,False
3245885343276,0.006358485,0.008641283,159.62666,0.0230193301203666,True,True,False,True
3213819704048,0.01817274,0.10709228,177.52545,-0.667245349457022,True,False,False,False
2984564847546,0.014975031,0.039046653,171.4806,2.1003808800399764,True,True,False,True
3494811346826,0.0060660616,0.03356501,52.10016,1.3936965610473393,True,True,True,True
3488776955720,0.022101497,0.015197578,73.5326,0.4853837681556319,True,True,True,True
3649425366270,0.04019189,0.019530566,146.83246,1.0311895380204492,True,True,True,True
3858995042076,0.048867725,0.040636558,303.22528,-1.6668503564697388,True,True,False,False
3591654013194,0.0354859,0.016109865,190.13286,-0.4000984006694456,True,True,False,False
3642142691382,0.0941065,0.054889753,151.04343,-2.815330882726803,False,True,False,False
3822810664140,0.03873469,0.056111056,213.90369,0.7951657678249157,True,True,False,True
3868536442418,0.059199233,0.013782097,114.83233,1.0832291328109729,True,True,True,True
3954908837474,0.004283236,0.026065782,114.0559,0.1363475357796681,True,True,True,True
3657677409706,0.04399873,0.071120605,87.97712,-0.1528464212616971,True,False,True,False
3669437443808,0.022219269,0.02525938,318.19595,0.1791576872946219,True,True,False,True
3982181488426,0.009624968,0.055988632,244.7717,1.426010969294912,True,True,False,True
3940599044856,0.011186589,0.02114643,117.67144,1.2982360268726567,True,True,True,True
3725020024718,0.013271275,0.0413115,290.66064,-0.8705919499223544,True,True,False,False
3546877268826,0.05739886,0.030563826,305.49887,-2.2358385168867323,True,True,False,False
3732945324814,0.011987949,0.016143925,76.17808,2.8107278565474854,True,True,True,True
3740576766770,0.0062153595,0.07462007,109.649574,0.5148838714790932,True,False,True,True
3018880566652,0.07230191,0.055733353,105.84665,-1.2449990861046274,False,True,True,False
3332589520780,0.049221754,0.033080306,417.9993,-2.0530122276554787,True,True,False,False
3426573903214,0.029411582,0.039036367,179.22441,0.0833075168041874,True,True,False,True
3115726863678,0.021503445,0.054273453,151.10164,0.1627729197905276,True,True,False,True
3015407552838,0.030374581,0.024883965,58.834827,3.0114387654188857,True,True,True,True
3129065375280,0.019193582,0.03520865,158.26369,-0.7374766345899174,True,True,False,False
3316725339406,0.025188103,0.025889315,452.03958,-0.2637883589307685,True,True,False,False
3501204610398,0.025465483,0.055337057,119.0352,0.5362867221412733,True,True,True,True
3262116536074,0.019305784,0.016929897,151.38179,0.9159932517576124,True,True,False,True
3064277360168,0.0028674884,0.040700667,354.7708,-0.7085597802352248,True,True,False,False
3220176782076,0.02223548,0.03786854,183.74948,-0.9521783895948924,True,True,False,False
3246205660970,0.028395386,0.046600755,193.00185,-1.28305085715011,True,True,False,False
3164288802560,0.015975976,0.020691998,267.51154,-0.7496517411649875,True,True,False,False
3346228140602,0.016356826,0.010279848,40.94271,2.854109974731625,True,True,True,True
3250015801096,0.012924232,0.029907562,58.00858,0.6717900994594119,True,True,True,True
3209720974798,0.12604883,0.048493363,165.19945,-0.8904356039988724,False,True,False,False
3208768591444,0.012532393,0.031752963,103.636,2.085228347999842,True,True,True,True
3474531067118,0.01952081,0.027565517,202.40314,-0.2636896919868876,True,True,False,False
3393887463336,0.13346805,0.056542728,291.58804,-3.906716468252504,False,True,False,False
3365932776430,0.012967038,0.043752205,202.92242,-0.3606087811459688,True,True,False,False
3707251327516,0.0061753164,0.07191793,160.91013,0.7659804070698947,True,False,False,True
3712968048364,0.015124944,0.02018272,192.86688,-0.3639370485307849,True,True,False,False
3613913299584,0.103301816,0.11597633,132.435,-2.5710843005326,False,False,True,False
3779957459972,0.018408898,0.04923646,151.444,-1.7168678652285534,True,True,False,False
3781232504228,0.08392842,0.07772496,216.32426,2.283877490894933,False,False,False,True
3965708676294,0.024341075,0.023338675,188.87973,0.5289356408234323,True,True,False,True
3633283279478,0.014280788,0.019075716,76.16442,0.9770757387106672,True,True,True,True
3920967588254,0.021681016,0.019639667,107.72785,1.272960751394951,True,True,True,True
3959388995270,0.047284313,0.055771425,253.82286,-0.3007050591354284,True,True,False,False
3745037594164,0.103052,0.15290666,125.12538,1.2796863761048924,False,False,True,True
3591677476654,0.050743606,0.037513435,149.49496,4.920704179739088,True,True,True,True
3876490244482,0.05674078,0.06867533,228.41727,1.1575280880300534,True,True,False,True
3791396623386,0.041709863,0.036625326,59.994495,1.6930801164257097,True,True,True,True
3760592068182,0.029025072,0.042850804,50.89763,0.9743098797124552,True,True,True,True
3807583667358,0.086638905,0.08937725,72.97735,1.1798949655971056,False,False,True,True
3587251246992,0.0133188,0.039723538,195.92386,-0.1541806128349169,True,True,False,False
3712672050226,0.010334439,0.024156658,96.54413,0.070862684288159,True,True,True,True
3661242000722,0.0360198,0.049678285,130.7602,1.3956065043526302,True,True,True,True
3885086947336,0.011981039,0.023359051,75.51253,2.73863193689169,True,True,True,True
854430574,0.04429368,0.026300922,150.83652,-0.6137932676915924,True,True,False,False
2020939597504,0.017446728,0.088540964,162.96335,0.450399642135588,True,False,False,True
2004747539802,0.043157935,0.050025217,121.30878,0.5401164388811769,True,True,True,True
2075898177118,0.010318257,0.039214596,29.685635,4.533633880247213,True,True,True,True
2355322152176,0.040986005,0.054009028,216.55074,-0.0511568265409274,True,True,False,False
2361989945980,0.02942323,0.0053588203,262.84872,2.205967931073423,True,True,False,True
2053973296124,0.016930232,0.041599635,86.19706,3.037290909457281,True,True,True,True
2172085419848,0.03812289,0.04292193,386.8122,-2.092416339162943,True,True,False,False
2104139919698,0.047177233,0.014344555,288.43677,-1.054080168868848,True,True,False,False
2180659719822,0.051599618,0.034629703,181.50545,-1.254813872796844,True,True,False,False
2341007117458,0.016327124,0.028197309,89.05501,0.6528603356079692,True,True,True,True
2436897729422,0.01586035,0.041707702,70.284935,1.59715514171475,True,True,True,True
2119075783498,0.008018978,0.037815854,142.2802,1.5401275805754642,True,True,True,True
2117492416594,0.026915554,0.06438013,211.58286,1.5475392081379524,True,True,False,True
2048280919018,0.11386792,0.05454524,497.15396,-3.926916111267088,False,True,False,False
2028589261430,0.00853099,0.033402648,87.38834,-0.5051211929040366,True,True,True,False
2136226777064,0.032970484,0.06014393,130.7924,0.6751364244058535,True,True,True,True
2212114031838,0.013264565,0.03334386,134.2423,1.0636080858933363,True,True,True,True
2351495307316,0.022842081,0.058736313,131.85982,1.9174123964203011,True,True,True,True
2359127404140,0.012280493,0.026388906,100.69645,1.911333391433816,True,True,True,True
2354673254864,0.016077735,0.017032506,189.69681,0.069620053201782,True,True,False,True
2292761944566,0.028724432,0.044000506,42.147976,3.2101852866319303,True,True,True,True
2749340986044,0.062106878,0.04709986,407.8573,-3.0287461764470787,True,True,False,False
2618189929940,0.028011287,0.060714915,165.08115,-0.0912439492687693,True,True,False,False
2725196815948,0.014156366,0.04574648,97.17812,0.9607406904608836,True,True,True,True
2671857790290,0.021962596,0.0380125,407.6058,0.0340019293220252,True,True,False,True
2753784023088,0.017463772,0.026681324,76.49117,1.3383262553088888,True,True,True,True
2970651644226,0.02567382,0.047814704,161.63857,0.2734711496695563,True,True,False,True
2841727790482,0.0044001094,0.023242608,126.854416,0.3052588117818,True,True,True,True
2594698742816,0.05608458,0.017724691,282.19095,-3.833792702168305,True,True,False,False
2537235938878,0.020281693,0.03443319,288.9771,-1.5889025369900045,True,True,False,False
2718211932190,0.06794365,0.12513706,357.1148,-2.3550938708052347,True,False,False,False
2632490276436,0.086784,0.06544188,188.94717,-1.7924653590260555,False,True,False,False
2793158444946,0.018333409,0.06448724,303.95657,-1.531459812518555,True,True,False,False
2770604142972,0.0611431,0.065935835,215.7828,0.2149107839476844,True,True,False,True
2714106272028,0.026528182,0.08249402,298.3165,0.1609011448206689,True,False,False,True
2786820166132,0.016082736,0.027072836,48.951042,2.619407809946609,True,True,True,True
2821119584440,0.021161327,0.08441063,254.25134,-0.6877296453516539,True,False,False,False
2043220278254,0.03275161,0.053708076,172.0489,2.558350140396605,True,True,False,True
2129888093894,0.009294196,0.011120715,52.13529,2.7723715418875097,True,True,True,True
2391538079772,0.05909028,0.048216976,134.43172,-1.9155492045379916,True,True,True,False
2344850141346,0.016330928,0.050915442,141.37878,0.319814159733863,True,True,True,True
2312465999304,0.0032277624,0.008854854,150.21063,0.8053656958455488,True,True,False,True
2285786280950,0.029884156,0.031219387,193.06664,0.3026104234628309,True,True,False,True
2409305491996,0.007120108,0.020415641,51.38387,4.564811539007258,True,True,True,True
2434720901706,0.040516216,0.013827794,415.24283,-0.94130435507608,True,True,False,False
2108002169748,0.025864553,0.025667483,255.71768,0.1533878582354188,True,True,False,True
2074661789398,0.03562988,0.039079048,216.04607,-1.8241453326741697,True,True,False,False
2268029856244,0.09992844,0.106458075,197.49168,-5.452454887979965,False,False,False,False
2281680318328,0.018279066,0.058927342,3482.3308,-0.3808689247065273,True,True,False,False
2449332138498,0.012596675,0.10447153,321.64645,-1.6662325306741734,True,False,False,False
2348369597992,0.040459204,0.03099707,140.08669,-0.3214309378772191,True,True,True,False
2309000042384,0.018354688,0.04729477,273.30908,0.0070949868221984,True,True,False,True
2496975686950,0.09812727,0.09794418,204.68904,-2.7433717547762626,False,False,False,False
2191165901408,0.011118206,0.021273619,165.37555,-0.2843797033900002,True,True,False,False
2142601468956,0.10974048,0.096332006,189.57925,-0.6497846552704263,False,False,False,False
2379470230882,0.035802305,0.041306585,113.55785,0.377163436954777,True,True,True,True
2142923449446,0.029455358,0.020610742,294.15826,-1.226510180169797,True,True,False,False
2222302996346,0.0150160445,0.021374324,93.77043,-0.1686562991379818,True,True,True,False
2016235616360,0.011977633,0.014756087,174.97786,0.77121050778533,True,True,False,True
2407740673396,0.010436894,0.022573134,44.41415,2.704135375071247,True,True,True,True
2378844263028,0.009297835,0.05863482,254.78995,0.6053732392722926,True,True,False,True
2326142368578,0.05281174,0.102327116,208.15463,-3.9748297778624857,True,False,False,False
2598551115510,0.04888406,0.025403623,266.85443,-0.1371262399120787,True,True,False,False
2518224831202,0.056536663,0.077692844,236.15547,-1.1312395805429498,True,False,False,False
2786833621148,0.049347103,0.06785491,221.80127,-3.866162788244723,True,True,False,False
2922103341354,0.027482038,0.016107935,122.7448,0.6350799112205708,True,True,True,True
2519512727938,0.009938131,0.052395992,192.53651,0.4295292471828382,True,True,False,True
2851325990290,0.017811978,0.018611211,140.3645,2.0128330653271647,True,True,True,True
2852272906534,0.009911462,0.052436348,190.29323,0.8705243854686713,True,True,False,True
2956419894614,0.0208456,0.12540218,237.58885,-0.9097781871627608,True,False,False,False
2733507373514,0.011747323,0.040943768,173.38933,2.081401488757232,True,True,False,True
2600455003128,0.045787297,0.019287702,106.215,0.1077330734470752,True,True,True,True
2741433932440,0.011690675,0.014892235,240.36954,0.7989721349792344,True,True,False,True
2898299371386,0.02916525,0.07106679,148.54208,0.4785427280646505,True,False,True,True
2832885641180,0.028498668,0.060013454,175.48111,-2.519444492932653,True,True,False,False
2587773354460,0.052938744,0.08933813,234.41725,-2.672320816518617,True,False,False,False
2578259825232,0.028859045,0.07256413,519.94543,0.7591046365837906,True,False,False,True
2574127327980,0.07438319,0.113989614,143.02805,-1.9601487229601648,False,False,True,False
2663987276866,0.011260692,0.045451734,136.21426,0.319292812645747,True,True,True,True
2737962456932,0.050234016,0.08770133,169.93967,-0.9578113278215828,True,False,False,False
2879893593968,0.011715282,0.036909826,155.5787,1.185978727366394,True,True,False,True
2962456782628,0.043986786,0.03230277,75.0019,-0.4404817601385262,True,True,True,False
2955775179380,0.03212527,0.06167608,213.51357,0.2428663658942152,True,True,False,True
2951969450414,0.03060822,0.01670245,193.06207,0.5389819009438759,True,True,False,True
2198116516154,0.027203554,0.023876965,123.59131,0.1174933200755563,True,True,True,True
2238124288346,0.067778386,0.15465054,257.45468,-2.6526343415085045,True,False,False,False
2021581546254,0.038988687,0.09196125,258.05307,-0.162962799400521,True,False,False,False
2183840389478,0.01985802,0.044577893,36.759937,2.3772479357465364,True,True,True,True
2260672341112,0.024746833,0.0722457,265.03964,-0.552008532905909,True,False,False,False
2372443664818,0.06094982,0.03477299,120.40033,4.774018381519491,True,True,True,True
2439755737610,0.08096469,0.040591165,256.02985,-0.9170318332393992,False,True,False,False
2398155251096,0.07298776,0.02271468,155.19139,-4.06865329591518,False,True,False,False
2053997944380,0.010135516,0.015012433,188.99701,1.304082357923673,True,True,False,True
2206079565636,0.07024244,0.06272556,184.8978,-0.5773827491938537,False,True,False,False
2167027100962,0.026104324,0.07126356,260.83795,-0.0410410078986278,True,False,False,False
2261013423292,0.047372308,0.066931546,283.506,-1.7821837476649087,True,True,False,False
2327689876662,0.025644667,0.016555073,170.4174,0.1018451249084692,True,True,False,True
2428029826104,0.05398484,0.034259968,191.95644,-0.5152820362912094,True,True,False,False
2475345043984,0.04724487,0.066987544,160.1085,-1.263767355607321,True,True,False,False
2075866303658,0.0042507956,0.023205752,115.541504,-0.5579426788860278,True,True,True,False
2388949112736,0.03672509,0.07702395,239.0563,-0.6372617190164352,True,False,False,False
2313061102166,0.015324289,0.05883262,325.84772,-0.935395686504679,True,True,False,False
2277178822912,0.015630517,0.046125717,66.51354,0.9320600233341648,True,True,True,True
2457215912984,0.013922309,0.0076500257,216.57343,-0.0283445178946591,True,True,False,False
2444204170808,0.12779443,0.13630177,89.48337,-1.976877030729197,False,False,True,False
2207344380604,0.011585779,0.01603251,120.49645,-0.4226174162246405,True,True,True,False
2160044762314,0.05837026,0.045382086,191.54662,2.754642771206385,True,True,False,True
2376592292514,0.10258598,0.0578225,118.23262,-0.8081157336631981,False,True,True,False
2414371503510,0.034635264,0.062086545,207.66238,-3.520271063107306,True,True,False,False
2569305083184,0.11193347,0.04665455,204.60933,-1.938528777740452,False,True,False,False
2646149106414,0.011984838,0.05782481,178.66435,-0.0061332222161462,True,True,False,False
2898882299742,0.009123314,0.018992634,139.83133,0.4049506441228087,True,True,True,True
2897292154840,0.032829054,0.033121217,104.996574,1.6122676928093322,True,True,True,True
2861105433566,0.022174628,0.025790052,221.00891,0.0719530398398705,True,True,False,True
2556295254774,0.012146557,0.04181952,146.28256,0.9843483012763729,True,True,True,True
2522338053454,0.07242666,0.08345575,184.16248,-1.1522568705172391,False,False,False,False
2854131560370,0.024962721,0.06569709,127.73121,0.900062440191554,True,True,True,True
2656623336142,0.026203085,0.04918789,109.07353,0.3467676429951042,True,True,True,True
2700751434568,0.024862383,0.013908846,124.08122,0.7195790694722511,True,True,True,True
2648362978718,0.053379495,0.04646211,273.88013,-1.8437899454445257,True,True,False,False
2595027657206,0.048460178,0.05194129,338.23636,-1.3875255434227476,True,True,False,False
2882374385550,0.013424118,0.031474568,163.91057,1.0327584951726578,True,True,False,True
2800767185062,0.03213911,0.01197054,209.95834,-0.2016848950056569,True,True,False,False
2811895429592,0.028869439,0.07130777,214.00276,-0.361978687652255,True,False,False,False
2820455668608,0.04646407,0.09834054,169.9029,-0.4563507152665674,True,False,False,False
2938571671660,0.03214204,0.062205214,238.01439,-0.4684317885908233,True,True,False,False
2834447513826,0.029306177,0.041486345,167.98793,-2.024758272671924,True,True,False,False
2804607110494,0.022189705,0.022190684,111.88871,0.7049984011895705,True,True,True,True
2859854129794,0.0071010524,0.016311832,163.8843,0.9087778242523882,True,True,False,True
2154334943896,0.013147795,0.05078172,106.678024,0.8062091950685417,True,True,True,True
2155614978604,0.016556043,0.061134543,81.3872,1.4672966447455478,True,True,True,True
2429316335462,0.0035899626,0.01561201,69.06389,2.7377426473045454,True,True,True,True
2414704847140,0.016357198,0.061910525,184.86961,0.021774796132809,True,True,False,True
2393116259306,0.003999586,0.03639398,127.65007,-0.0038640928926621,True,True,True,False
2502031969630,0.021199051,0.053146258,163.56772,-2.0587981346522937,True,True,False,False
1998776100648,0.010393792,0.054014664,264.54916,-0.9747743945096564,True,True,False,False
2353446015160,0.013929606,0.030879674,68.485954,2.2771796392213046,True,True,True,True
2368064939392,0.013044753,0.053856127,123.406586,1.519367137830861,True,True,True,True
2007654993700,0.09434287,0.07346988,93.46354,-1.028774726486767,False,False,True,False
2131175062158,0.009723542,0.015804425,22.611881,4.644266973404439,True,True,True,True
2060357947156,0.058611676,0.07401409,179.48772,-1.674331371126395,True,False,False,False
2079730295842,0.06727853,0.101275876,979.4671,-0.3859279938829787,True,False,False,False
2108945714010,0.018240191,0.013720381,193.84532,1.4954722376106546,True,True,False,True
2374072670336,0.022845736,0.039924826,193.12775,-1.103368074399436,True,True,False,False
2142616617484,0.01310147,0.023614757,141.06598,0.9209344766738744,True,True,True,True
2028301682326,0.007662069,0.01564579,92.61118,1.438608554254703,True,True,True,True
2037510644416,0.037329204,0.06170431,140.50352,0.3829195401075111,True,True,True,True
2164202132344,0.022644734,0.050479356,162.79039,0.3572187602584097,True,True,False,True
2024501446242,0.030480487,0.026013907,197.61629,0.8931449143079329,True,True,False,True
2359160772324,0.10978728,0.08278076,248.83495,-1.6128067227308027,False,False,False,False
2285501374388,0.022926081,0.043463565,218.8135,2.5620258627250903,True,True,False,True
2328051952500,0.015277704,0.056135055,280.34326,-0.503954745012366,True,True,False,False
2706516915816,0.04239601,0.078840286,308.20306,-1.4258349956604643,True,False,False,False
2958936923930,0.055316094,0.08775386,190.24329,-2.6954060912779747,True,False,False,False
2791289891920,0.073312834,0.124701485,128.88249,-0.679357450594299,False,False,True,False
2944325964822,0.018259255,0.09761921,258.3914,0.1951410413219179,True,False,False,True
2605237410572,0.015677579,0.025187159,166.48985,-0.7004213623649962,True,True,False,False
2884972782382,0.026115121,0.068070106,198.28915,-0.19083085022827,True,True,False,False
2895764379942,0.046625726,0.032803703,212.16467,-1.0031894501593408,True,True,False,False
2947205997084,0.09814175,0.114525,371.68503,-1.690054764681309,False,False,False,False
2553149791998,0.030728683,0.020628044,180.4293,3.5142418706667597,True,True,False,True
2567441770776,0.11612006,0.06822657,113.68624,-3.972923507070766,False,True,True,False
2717311614994,0.11187445,0.03930804,198.36526,-2.6218562693311074,False,True,False,False
2887174331946,0.02574479,0.028316135,121.414955,1.4474029814527525,True,True,True,True
2650959459418,0.057152256,0.03966668,835.397,-0.6655493966643942,True,True,False,False
2738604051446,0.022135256,0.03201764,89.299706,1.859810454963819,True,True,True,True
2536331565012,0.025325349,0.035360686,179.47879,-0.1171771370490436,True,True,False,False
2861162865302,0.010292434,0.03427367,77.81854,2.285592212669852,True,True,True,True
2905292400456,0.017476274,0.037150603,132.9503,-0.3061192769819287,True,True,True,False
2845613559308,0.018412946,0.03382477,119.94228,0.1795637695877481,True,True,True,True
3158299815762,0.14436416,0.07411734,528.7563,-4.119991861434408,False,False,False,False
3139259478104,0.0077921133,0.06796491,158.64078,0.2292092553948314,True,True,False,True
3302141088526,0.01495141,0.035757374,43.26412,2.035696910175988,True,True,True,True
3328817153178,0.025245782,0.03368914,82.842415,1.41605758914994,True,True,True,True
3249755026382,0.01654254,0.06054263,214.20259,1.0504911303035116,True,True,False,True
3372316461334,0.018528774,0.013152882,136.34187,1.1302683867577143,True,True,True,True
3093863566590,0.06958226,0.03408568,118.336945,0.106199855544378,True,True,True,True
3158632935156,0.07775074,0.037358876,125.16734,-0.2195480095982349,False,True,True,False
3373278168040,0.046350557,0.08931873,155.97739,0.2014280200684115,True,False,False,True
3265327038776,0.06684808,0.073889256,250.9667,-3.325478414915453,True,False,False,False
3247213960560,0.030114887,0.022707714,148.9179,-0.3696033133324022,True,True,True,False
3425329752966,0.016275605,0.010352791,113.554565,1.0963868038112354,True,True,True,True
3348500522692,0.0671234,0.047315165,239.6243,-0.908473197151206,True,True,False,False
3270713893402,0.01741812,0.055075668,180.11111,-0.0256216577780268,True,True,False,False
3217071736010,0.11084873,0.076627195,116.91647,-2.249852640878651,False,False,True,False
3339625232646,0.013533498,0.08139886,153.9305,0.1521681704182651,True,False,False,True
3303104561956,0.024680803,0.05317176,90.88784,1.5372669677308926,True,True,True,True
3397738953730,0.053506102,0.027182953,288.1183,2.295794539484453,True,True,False,True
3613620749144,0.03419289,0.054636266,209.42554,0.7365730089785253,True,True,False,True
3607600544310,0.12480054,0.07604018,105.88524,-1.5124511291542309,False,False,True,False
3517098324038,0.016455967,0.016526127,75.53125,1.2988727955575872,True,True,True,True
3754607618260,0.025754552,0.005313453,114.33751,0.3954505493539868,True,True,True,True
3538716192910,0.07654528,0.039221343,222.66396,1.7169141225246345,False,True,False,True
3572681560668,0.058538478,0.04554547,161.82008,-0.7540854771140633,True,True,False,False
3624734328176,0.053024635,0.04775163,199.47534,0.4844132103947194,True,True,False,True
3601559198660,0.016826233,0.026306901,288.40067,-0.2909853480600217,True,True,False,False
3558064629220,0.00804244,0.02895514,144.10078,0.850997719048333,True,True,True,True
3692057465040,0.008849215,0.015305141,126.81564,1.0744873061169888,True,True,True,True
3812402634658,0.028878326,0.07297803,134.99434,0.2610144101730453,True,False,True,True
3881611865024,0.046851467,0.04558418,168.0853,2.122380203412472,True,True,False,True
3544099569848,0.0126931295,0.060958624,164.1349,1.2104911751166854,True,True,False,True
3526324825526,0.054288395,0.031323936,45.783947,2.302447794961706,True,True,True,True
3612059383378,0.045269962,0.06051584,150.46245,0.0869465042248838,True,True,False,True
3608573216016,0.018470457,0.024142174,44.923225,2.7700082456168738,True,True,True,True
3627617510748,0.0055983136,0.032254316,116.744675,1.238120884828836,True,True,True,True
3615874865798,0.010714424,0.0038739103,148.69354,1.3499071510374214,True,True,True,True
3903216605434,0.022792833,0.022891246,175.48628,0.5396924695831703,True,True,False,True
3972117765136,0.020835783,0.07539864,141.31653,-0.6856623090217349,True,False,True,False
3861939535254,0.020148661,0.030739648,219.21404,0.2714950123843214,True,True,False,True
3857192964384,0.058454994,0.07683227,184.05121,-0.8586831443296365,True,False,False,False
3985149844606,0.046788704,0.021161618,155.0621,-0.3349376086469149,True,True,False,False
3230414807090,0.027205022,0.039989606,53.79802,2.624912510333488,True,True,True,True
3059592575086,0.0075876224,0.026644055,131.10957,1.4346710251289303,True,True,True,True
3124678405354,0.10156225,0.08271581,130.5328,-2.293267471491464,False,False,True,False
3310109101888,0.01671194,0.008939086,76.69797,2.074642489041276,True,True,True,True
3365357506124,0.057237864,0.03668783,176.19873,0.4442725019598952,True,True,False,True
3198370638332,0.027191257,0.038017165,148.33727,-0.858686254729855,True,True,True,False
3007860579264,0.034975473,0.02705368,261.94525,-1.573852957486868,True,True,False,False
3108202645208,0.07893737,0.10815804,141.94144,-2.336438652416319,False,False,True,False
3416508038412,0.02501273,0.08238255,193.04344,0.1917255003964675,True,False,False,True
3055456449708,0.022054875,0.017435981,214.87567,-1.7598011656372743,True,True,False,False
3405680304274,0.036423247,0.029172817,178.17856,3.056223639876972,True,True,False,True
3410132237564,0.016372016,0.022095138,250.25604,-1.5776221021151595,True,True,False,False
3510154716190,0.034479752,0.10059029,129.35536,-0.7189303717514443,True,False,True,False
3447917571562,0.018366305,0.016045712,114.48398,0.957300469633575,True,True,True,True
3041199323518,0.017213527,0.042350836,61.71328,2.569776883197125,True,True,True,True
3120890443256,0.013882363,0.0125059225,206.47755,0.9941680424484944,True,True,False,True
3203124796482,0.03152177,0.053434394,207.6218,-0.1787544404452028,True,True,False,False
3225987094024,0.03643224,0.04717536,198.27388,0.5002216880163792,True,True,False,True
3475570387458,0.02915716,0.0968676,109.017044,-0.4090872179028423,True,False,True,False
3547309973892,0.03549658,0.037860736,40.123337,3.010629374604157,True,True,True,True
3861976627156,0.024672462,0.028062109,389.6479,0.0140207362004098,True,True,False,True
3859755625568,0.025708718,0.05196342,209.12779,0.03274980509298,True,True,False,True
3805156649830,0.04545578,0.08006342,172.5994,-2.403297285095482,True,False,False,False
3502214499238,0.032117672,0.03595424,198.9641,-0.3960250270811934,True,True,False,False
3630171078336,0.06255794,0.07761794,311.25803,-3.168785361906721,True,False,False,False
3620343178820,0.029427635,0.10940017,220.8567,-0.2690036121326106,True,False,False,False
3982960922696,0.0041761887,0.023857895,349.8858,1.696988186724227,True,True,False,True
3997258620962,0.100139156,0.050625164,141.55081,-0.3280493453171563,False,True,True,False
3051300291040,0.02740037,0.049326118,1496.4817,0.2613603434959353,True,True,False,True
3108777031044,0.029040858,0.026373364,57.502888,5.339396855245651,True,True,True,True
3155446120680,0.0118259955,0.035044387,141.2715,0.0497227681407793,True,True,True,True
3156719753972,0.03745532,0.04847898,161.3931,-1.4182927324173549,True,True,False,False
3018906448346,0.020285191,0.039975237,207.50555,-0.4832230058697719,True,True,False,False
3175126262706,0.024860336,0.061914876,291.0603,-0.3390652958479047,True,True,False,False
3272614932036,0.019202368,0.0585366,153.75584,0.7436481328576867,True,True,False,True
3474874592424,0.0063859466,0.037722863,71.656815,1.2606731065716503,True,True,True,True
3499323657774,0.09708103,0.1623413,181.50734,-2.528750381823556,False,False,False,False
3248806275134,0.01860324,0.03886923,178.27481,0.226965204731623,True,True,False,True
3428216036244,0.020802919,0.03567064,211.05011,-0.3385843807730027,True,True,False,False
3353907007654,0.04515993,0.05778813,128.10341,-0.7509556611962804,True,True,True,False
3309784881850,0.07953541,0.046522446,386.214,-3.1600612318288617,False,True,False,False
3343761840282,0.034315906,0.029857634,230.86029,-0.0545825170904308,True,True,False,False
3063994187558,0.022657562,0.031281143,31.649574,2.605005337820127,True,True,True,True
3060815762732,0.063118845,0.033446573,1690.4851,-0.7831858296417258,True,True,False,False
3056691127546,0.007107039,0.014185458,74.60683,3.004338256405781,True,True,True,True
3069713302892,0.007204459,0.037852213,153.96895,1.0426284002448014,True,True,False,True
3507895388298,0.031102898,0.03262996,433.45602,-2.8260464425816743,True,True,False,False
3337376791746,0.022300519,0.07843738,127.43042,0.5509012959124735,True,False,True,True
3462158220490,0.046136204,0.06313535,127.28067,0.2683579906438739,True,True,True,True
3503445195124,0.06518931,0.106655024,319.3927,-1.2033045164378209,True,False,False,False
3128148097220,0.0431269,0.027947642,125.83254,0.7969917222513427,True,True,True,True
3335494426536,0.060445577,0.06426093,327.09378,-2.598882539553637,True,True,False,False
3480919443440,0.0431697,0.04594755,246.33621,0.4939077268011067,True,True,False,True
3451399760182,0.032999974,0.023582233,285.29895,-0.9187417043022326,True,True,False,False
3288179562600,0.041281577,0.02924146,166.83905,4.345565414080593,True,True,False,True
3544093851898,0.074650705,0.03464486,142.19217,1.522341226105735,False,True,True,True
3629186616356,0.007711253,0.030975306,129.33401,1.754673327602312,True,True,True,True
3958446841780,0.104250915,0.042291097,120.33283,-0.7066138734416503,False,True,True,False
3831764250028,0.027973922,0.07830934,144.64178,-0.5788088085504612,True,False,True,False
3959434026736,0.0113028465,0.044244338,266.83282,-0.1441479570092942,True,True,False,False
3795589095648,0.015744252,0.0570089,183.98636,0.8305584022659671,True,True,False,True
3567897546628,0.06004462,0.07162478,80.22327,1.1747709578700405,True,False,True,True
3580915841322,0.010151049,0.031101555,95.29886,1.519946795310091,True,True,True,True
3670144379398,0.09008623,0.025426261,283.08926,-0.7564656789208506,False,True,False,False
3595528238148,0.033094477,0.01643785,447.8529,-1.2687262500599366,True,True,False,False
3890813900066,0.014988164,0.033013847,66.26057,2.20981593263274,True,True,True,True
3820336051840,0.012834262,0.06898924,438.4698,-0.7066967343146537,True,True,False,False
3742230567444,0.008821522,0.028358107,61.253613,2.3659631745214047,True,True,True,True
3856854026858,0.061416775,0.058114108,203.92377,-1.941395324901361,True,True,False,False
3595225686378,0.034561746,0.032000937,152.97922,-0.2123932979482522,True,True,False,False
3687625291780,0.017266586,0.014803434,198.89021,0.2127277613842549,True,True,False,True
3985461621780,0.02345803,0.08911436,195.30449,-0.1967335025349272,True,False,False,False
3908931591154,0.09196577,0.07529049,284.92484,-0.7831146039598815,False,False,False,False
3037373863808,0.058941744,0.036173873,204.97223,3.0367283345444056,True,True,False,True
3224386769390,0.008717021,0.020206677,132.01912,1.529549596755346,True,True,True,True
3220901710234,0.012090785,0.0648,156.93845,4.790560855491233,True,True,False,True
3496811469776,0.06548054,0.035772253,61.690254,1.6313855977069445,True,True,True,True
3488561544142,0.015773846,0.05096795,122.372246,0.9162504667098692,True,True,True,True
3194549439172,0.05952523,0.058584828,281.7557,-3.678345060495148,True,True,False,False
3121218119712,0.06342601,0.043920904,355.27493,-2.701949411996868,True,True,False,False
3175502498808,0.061264686,0.05744227,230.34956,-1.771428642901092,True,True,False,False
3139307587700,0.018909482,0.09883096,216.89438,-0.4027669295222356,True,False,False,False
3154876979130,0.014816789,0.030861951,82.32522,1.992209786023952,True,True,True,True
3323154514570,0.05182886,0.048316006,212.42758,-1.054566681685903,True,True,False,False
3503513534880,0.031372532,0.011368718,110.490425,0.3675710012049847,True,True,True,True
3302837191786,0.02209671,0.012511632,225.74876,0.8851154297386999,True,True,False,True
3231053001256,0.032281697,0.02257313,194.52257,0.0191054269135613,True,True,False,True
3107529708670,0.0077047977,0.018276943,180.13606,1.0382948105354504,True,True,False,True
3123410874486,0.0058998293,0.03154873,83.749054,1.938966009399549,True,True,True,True
3341872093418,0.0316193,0.08108882,156.91455,-0.4982609690536784,True,False,False,False
3196456123428,0.014380742,0.023986585,232.48169,0.4720669635334937,True,True,False,True
3218692679122,0.083846174,0.0506278,175.89421,-1.073581804327946,False,True,False,False
3018647192014,0.0073641124,0.023725908,556.94934,-0.9058254979880302,True,True,False,False
3022788383334,0.09869822,0.039776273,473.75452,-0.5123835935701164,False,True,False,False
3261247465386,0.018209597,0.05390391,250.48427,-0.4311968080879477,True,True,False,False
3313944445788,0.024323327,0.06366881,244.59113,0.3101536028363749,True,True,False,True
3885776114916,0.019572964,0.019452484,224.41385,0.2917291590718489,True,True,False,True
3917530181172,0.06798729,0.077164814,146.7359,-0.1760238873027355,True,False,True,False
3758452284242,0.009746097,0.042187113,131.21788,1.3173716601791696,True,True,True,True
3896265943976,0.067776315,0.08207795,-101.0,,True,False,True,False
3910884034514,0.022607438,0.05711416,136.29787,0.4675725054562106,True,True,True,True
3994700192802,0.02275624,0.044224862,57.380653,1.287101535509284,True,True,True,True
3959772866986,0.045399193,0.033319395,260.3424,-1.6881065022906243,True,True,False,False
3714634651042,0.029670246,0.091864765,195.09583,-0.6005525736074986,True,False,False,False
3567948299216,0.073381424,0.02402846,65.50794,-0.9133033227671205,False,True,True,False
3610800597550,0.025893845,0.092720926,282.85892,-1.4141096932549664,True,False,False,False
3595250231352,0.082422346,0.071361415,118.88143,-2.2492736194875627,False,False,True,False
3530479175788,0.02277051,0.072358616,155.92415,-0.722191900986012,True,False,False,False
3842913512128,0.010080341,0.015903942,52.155025,2.8036649129934057,True,True,True,True
3774013361260,0.016389957,0.03579181,115.545586,1.4590931920300538,True,True,True,True
3620677232198,0.012792145,0.0243883,137.79823,0.3853445327594226,True,True,True,True
3684813173882,0.011239695,0.023845319,123.18622,1.2455721005458151,True,True,True,True
3694662115028,0.010537242,0.054280683,123.418045,1.1885962478135628,True,True,True,True
3948344440562,0.003843322,0.038117036,89.7694,0.8390080673813308,True,True,True,True
3930887241238,0.078427464,0.027562581,178.4372,2.512690583489253,False,True,False,True
3836903489504,0.008524498,0.028284209,119.11646,1.1663305456524826,True,True,True,True
3873740169046,0.12553109,0.03815121,237.38992,-3.852384108247027,False,True,False,False
