fof_halo_tag,delta1,delta2,sod_halo_core_entropy,TPI
192428183948,0.013181882,0.01778535,177.23648,1.2204566896185536
376265811754,0.045265622,0.030649643,159.90079,-0.1937136774960192
379452856022,0.013239482,0.04565795,203.20865,-0.9150688059779979
286092198970,0.11333074,0.10413701,234.5426,-2.942200356540792
60678400122,0.036425296,0.026182763,43.78155,3.1483072742266245
203550455686,0.003967544,0.02011131,32.28587,2.3942750932396537
77188281888,0.0071973563,0.0496996,211.55957,0.49258086148632957
343262329930,0.04972541,0.07443517,364.54062,-2.928822284742303
321682611786,0.058370747,0.07036105,144.36143,-0.9595411346089148
258183450518,0.0093851,0.062207736,102.52006,0.15616277919859822
21600232684,0.020119904,0.024881436,116.24929,1.200015353351708
236250430016,0.0067453906,0.059127677,186.12102,1.1360200075878595
210524406320,0.1304224,0.105822615,116.184906,-1.4093987516599054
488673034108,0.019554568,0.0359482,105.63093,0.562295333216263
439776769184,0.009709448,0.034653526,255.86145,0.6140678233276234
19390369506,0.00781373,0.029809585,101.470215,1.0024330445651968
289600343344,0.09572254,0.08792968,247.95244,-1.539240227757913
310570724734,0.010690848,0.014131263,109.831345,-0.2880233763560821
383600979994,0.028471217,0.05817461,197.77151,1.2254805982261283
609326324272,0.09472629,0.034935664,132.48784,-1.9316148114114589
560434317276,0.0364797,0.082287796,63.278305,1.7138441946563852
506775327816,0.012432248,0.038586076,186.81435,3.1389188739790197
833494385770,0.037088078,0.025070718,202.4389,-1.8257596846053945
862073706400,0.018065128,0.03572831,184.49455,1.3505242402206625
618236640198,0.016949184,0.04995511,219.78474,1.0804133456445095
727458757338,0.017383803,0.05577989,128.45905,1.6298326613608647
663320373872,0.033322394,0.030770697,210.38974,-0.6105100258474925
957356820248,0.027222387,0.058545303,57.715225,2.0015248846045433
875110673710,0.007901511,0.07012834,126.83407,0.023886132011354033
885588531902,0.018513385,0.02443277,135.05513,2.8087100165157173
535025788684,0.00748299,0.040188182,158.7016,0.4918201508848686
818889424796,0.01711554,0.02990573,207.87883,1.9959184518120814
847148377668,0.097237475,0.022312853,242.57516,-4.020224466452492
974813668100,0.041401193,0.036021464,159.61157,-0.019985932215449698
978946367306,0.051870365,0.06997174,102.3421,0.34284058202565526
245173421828,0.0851837,0.052541662,280.74808,-3.7516880466136113
351865080166,0.017262109,0.0193711,204.87833,0.8145399643302986
467757915776,0.0071550654,0.015899017,155.31293,1.3332740031069
480461941258,0.015705386,0.0759428,283.4236,-0.9425460708096262
80082249864,0.027094487,0.008402126,160.76443,0.733486495058788
158828368520,0.020726675,0.042363573,104.6125,1.1531486925235583
175341198076,0.0109557165,0.053034604,200.01584,-0.5889097094947334
168045041766,0.021903822,0.02711103,157.79413,0.7633474701147427
270272294472,0.04741965,0.0623263,120.20958,2.0757506406657247
319822600694,0.032171756,0.050757393,222.77492,-0.3714585220574058
84182668800,0.06605234,0.08166992,93.62604,1.6606679453519961
135636810392,0.054194797,0.07136755,811.10785,-2.365256280856846
291529604192,0.018122077,0.03787437,201.10997,0.9752228673667743
406152257310,0.105853535,0.016148994,506.14636,-3.17430962564953
293430642022,0.017885571,0.00397911,160.5816,1.0180631774837514
350587039726,0.048913,0.04988551,299.16153,-0.9480146437003815
189940238872,0.067273416,0.035918374,268.3484,-0.1684519410132287
154704263648,0.050028548,0.04507267,295.67218,-2.5889714721055572
3994467475180,0.013057087,0.012387968,88.81138,1.5332653612727636
75316981834,0.03650596,0.045011006,153.20773,-0.008680898971368284
191542506064,0.10038151,0.015790928,393.181,-0.9727765528016958
164547838288,0.031112632,0.027901549,104.991714,2.901165449921195
260113847250,0.02612396,0.054304376,206.88354,0.7495497800680034
296317780704,0.03137665,0.020577233,115.89581,0.5854362762158387
483333281304,0.01088956,0.010222547,37.099815,3.8713394725280343
683033981178,0.07323217,0.023660049,313.04605,-3.093423001871241
547771191504,0.058520544,0.033383824,91.64075,3.9439190876524526
848454037726,0.05736477,0.032421462,166.4288,-1.2996294546733709
857978454198,0.017236512,0.05125323,187.75954,-1.6465892730807306
969762579534,0.015191111,0.030117242,152.2908,0.8168758383880728
503648485974,0.01965691,0.050104804,267.36398,0.2507392497940164
651942547382,0.07077963,0.045442242,161.36429,2.708275110263735
659250093810,0.024968294,0.037945855,187.05157,-0.04782365039091935
556997869232,0.0036897764,0.05120894,196.77678,2.1116023740715155
668455175838,0.031225666,0.017255463,183.7612,-0.57279475055426
944381138902,0.009172575,0.047031265,298.2885,-0.3002780143485782
958353909086,0.020963987,0.061041716,222.16316,0.49033092341488865
698265919940,0.027314635,0.045624096,208.79445,2.5776475976480833
715106500310,0.07130644,0.07310477,137.2821,0.9014255451293768
651912738738,0.015441785,0.0713311,120.079094,-0.4098587717734864
561112577536,0.009655819,0.063910276,249.67847,-0.2448478557068391
630011216668,0.07603951,0.083204955,276.6735,-2.896448002991707
920227041100,0.029810753,0.084746234,340.80618,-1.0900538341320591
524294670518,0.017328393,0.037729155,177.46506,-0.23054542277026188
682092559732,0.010347245,0.0207337,103.026184,0.9956138909384178
512551471486,0.027314628,0.080021694,201.40146,0.44379505718252577
845316966856,0.058234937,0.021027396,91.110245,3.4548919041798714
876747616748,0.059487168,0.051293015,134.92087,0.7581522954015626
970729454208,0.0192057,0.04015998,153.98141,0.16016020574407114
139720672586,0.039452918,0.008586817,153.33765,0.9904956491534602
481679632708,0.08184317,0.014130816,198.47766,-1.4490920349766516
404845235820,0.032896396,0.08024779,222.90436,1.0047272851722029
271492354836,0.03296801,0.025099365,116.48126,0.4405168666413327
285453256094,0.042490553,0.044550974,306.74084,0.9798720771925983
495348037580,0.0076764,0.021545071,115.972534,1.432681301083356
120045067498,0.01655521,0.07739444,184.29515,0.3665446678311928
227372749476,0.020230526,0.052866615,240.03856,0.3228799325656657
81957510000,0.034420185,0.033982985,149.99408,1.895182747468059
324850935182,0.061668083,0.043280203,189.6315,1.583043352229152
341357213286,0.046306547,0.043814436,71.835,0.9904979021908302
472811904598,0.01690384,0.020362072,244.17851,0.4793361878757418
468053842040,0.0539069,0.080330774,241.96608,-0.9790469428813358
102245804404,0.0072002923,0.06835434,390.45236,-1.0937419555820642
98119734290,0.038004484,0.10927546,110.1124,0.575912236220506
210208955806,0.040600315,0.076164305,179.9135,-0.7694595707747786
381360023106,0.08815047,0.03570701,185.57716,-0.24109655696996912
19725682884,0.022831691,0.034628473,39.178875,2.7378395795708363
146097433770,0.01747039,0.046525214,168.1371,1.0413060631026443
254354768486,0.025970677,0.031224726,205.63078,-1.332380961340771
282305979500,0.0452898,0.049810644,76.741135,1.8511277983474805
474724762602,0.012417158,0.07556416,182.20795,-0.21035689054867385
366773506436,0.046456564,0.08885136,169.50699,-1.3465758079675316
530906270490,0.0121965,0.045449633,165.2861,-1.3590733244719386
904931776564,0.023560314,0.03775611,207.8836,0.505355062507272
831269430782,0.03650498,0.02807567,144.14893,-0.15063900543757863
946545192674,0.023823434,0.07351364,94.82177,1.1559245524065904
598228952692,0.09853113,0.06938722,137.08624,-0.341219756143186
709680464070,0.0030541925,0.045495223,188.90157,0.49234060155672604
536959109394,0.010239263,0.022889044,46.305862,1.4496982972330403
566490409794,0.09689591,0.048863497,417.2279,-3.718218091882
965924873794,0.008292741,0.037876032,91.72011,2.093891647862613
797316109794,0.09119251,0.07076903,295.10193,0.8651127486549297
954169578360,0.10353737,0.051609237,1871.6769,-3.3486489311403984
674415005668,0.019455556,0.040900506,143.6467,2.44104408179644
652507184208,0.006647683,0.018214742,205.20074,0.25650548144233065
614737701194,0.0701798,0.18276878,198.30511,-1.5791518939279925
844926395400,0.01890886,0.033375993,87.23184,1.327609793337287
949070183672,0.009654477,0.028910665,130.77571,1.86398476847743
940498126974,0.16434081,0.08754921,349.7338,-5.172215116101468
836364292814,0.014304399,0.011731563,101.008286,1.1821668604060553
676347491956,0.04688413,0.089057945,289.4811,-2.7928887335869965
893528853582,0.019955168,0.03984244,182.69438,2.0534132997611967
872890785216,0.061295856,0.054138992,35.233707,2.7377349961377853
914798965258,0.03396812,0.059456427,184.63629,-0.2190203758140944
79116310354,0.024815442,0.04825775,180.29875,3.2960624210803204
355031161048,0.019537894,0.04858514,69.10361,2.6607616018585536
174697441032,0.029877076,0.039347254,214.23619,0.20628213853810926
161366439604,0.011922406,0.053479504,131.96222,1.0949842725237635
221060401304,0.01942565,0.029340552,54.990017,2.527243631974176
93097876288,0.017598057,0.02496659,155.85585,1.817889057434681
118193346810,0.018541835,0.054140236,158.29904,1.4287308937118226
38790768052,0.032424934,0.04216264,1697.1337,-0.9905512617171339
221364894950,0.016869212,0.047866583,204.43481,-0.19663149909659397
473462646312,0.0133696785,0.03120026,160.38339,-0.41485228232766047
367426261990,0.019829081,0.039862134,464.74182,0.1999100541189943
28959493460,0.014429235,0.021169214,178.59464,0.3450763370794144
209001144886,0.023507975,0.03224223,163.45059,-1.182490262946867
469678815328,0.009927877,0.040711846,204.18237,-0.22047479477659657
316638786880,0.016218644,0.029569073,411.33273,-2.29419375426929
549985517762,0.013569348,0.019090598,120.50453,0.7721540498389489
493472703530,0.018479947,0.009657079,122.166534,0.30793600091150486
790985139086,0.02001571,0.04704649,89.46697,1.5890350890179592
840833989974,0.023567462,0.038572855,206.65686,-0.556846733744201
774169859344,0.017448917,0.039421983,43.047855,2.936630823514283
765599288994,0.017820783,0.084814034,210.82439,0.4979085554999765
667821145926,0.026730066,0.026875941,94.671906,4.297843972772043
516354203516,0.05828027,0.029812327,194.7673,-1.3694595729988885
792596275762,0.050483733,0.026084809,203.7756,-0.11396207255231083
907830382840,0.016039714,0.081929386,354.15997,-2.483297599999359
898944989076,0.04966511,0.054967422,212.18802,-0.49512418575953654
560166571712,0.089295544,0.05961462,239.61624,-2.199061157785355
529051022960,0.011399694,0.027667124,58.140774,3.369865498104585
711000868930,0.057486013,0.038614154,160.0929,-1.7572855005528814
519524617440,0.01044907,0.036418546,339.49017,-0.8861113024928282
620818083852,0.08531541,0.035360634,163.39929,2.326482706328575
506839945058,0.011517385,0.020959297,144.98785,0.19333194104223356
605579568068,0.02281704,0.045985978,77.413734,1.569004733455163
644635636846,0.09253578,0.05409777,142.47363,-1.4556489193060322
1216756951626,0.032410458,0.037226092,148.49377,-0.5292814367048002
1024984976410,0.12564044,0.028236482,83.47511,0.6409053603209456
1113894910816,0.007575892,0.011277876,51.757206,1.803467496265659
1081189368966,0.07461247,0.17178541,124.62502,-2.7602525541209264
1379024893224,0.019000817,0.009479147,94.25538,0.5981617725120213
1243094733444,0.015114077,0.041565932,106.0142,0.8909741157032647
1254537750686,0.011482172,0.02425838,146.02,-0.9952432434725033
1464724323024,0.036595598,0.03903772,230.36537,-1.5380282330237378
1357730541020,0.101535454,0.024991699,181.46463,-0.5179178161226101
1317089442738,0.020656928,0.031002777,149.59554,0.14695598881269198
1307868738426,0.08419752,0.06102815,151.04556,-0.477987012839864
1407251288422,0.0065521332,0.03494161,97.291435,0.9172922673499869
1362492863312,0.010578529,0.02049568,89.49413,1.366149662078823
1012287126678,0.026830051,0.015038093,71.15539,2.2087623520916546
1134525775712,0.07561978,0.105635315,139.32733,-3.7026960891485645
1029752970102,0.013640843,0.011829065,153.62907,-0.9673603034733467
1109448978878,0.012467427,0.026307162,138.07611,0.4248889527606402
1127867104078,0.027738385,0.07093244,110.89219,-0.17980025363642943
1338691714046,0.03082953,0.047615826,305.16672,0.39295571892782155
1335191611382,0.008436043,0.052901983,112.21598,2.41304216457565
1429506719164,0.040000886,0.09097853,96.51575,2.0189499744990784
1546007828588,0.025200004,0.054917738,178.03856,0.5828829757480645
1708897554146,0.0072603435,0.02401707,63.359615,2.6156828789429807
1759381143194,0.105992496,0.20731989,142.08243,-1.6701601826684729
1836231994864,0.037236884,0.026384603,48.976418,3.9379979594806906
1853700358330,0.01882875,0.038409512,268.89746,-0.938051329611443
1588903823042,0.008379305,0.015688194,39.008415,2.572146760452401
1491745323954,0.05213812,0.049371187,107.026146,-0.31504430467193734
1542856972802,0.02405921,0.074282974,156.70647,0.3268798317342527
1568256808624,0.0050069685,0.027422657,133.22414,1.1030689982839563
1531432653418,0.08248309,0.08062702,126.449875,-0.3402926751125852
1511427734450,0.03852703,0.038275912,187.45334,-0.14445432477293763
1819741291766,0.09280252,0.09430089,76.39334,0.5680023891125718
1626340440678,0.02732662,0.013825969,87.90917,2.6880140187547896
1511718644442,0.023508642,0.018150318,124.27396,-1.6246705072131202
1803522624122,0.00961699,0.020508403,181.62587,1.0326587841689916
1633360455674,0.061323486,0.032253925,163.20114,3.9428400389645226
1865787438648,0.00873321,0.013025906,55.54995,2.273243753716283
1802907215472,0.009586461,0.030139497,175.88377,0.29336300193060616
1105329129446,0.024592867,0.018095287,175.8298,0.3891659027538855
1061835214826,0.08245787,0.014701342,163.24754,-0.5324152544316341
1212019100600,0.05309926,0.05562586,222.4371,-2.4169755894925338
1051683545812,0.016029457,0.040165406,38.73024,2.679306551892837
1263140096470,0.016985422,0.048167795,145.39651,2.123619744314852
1429530631800,0.018036412,0.039583836,164.70882,1.5010521203858946
1406336829294,0.007009162,0.013461522,199.26495,-0.5438329714416265
1102185757232,0.008527887,0.028295022,147.99626,1.2947607203797848
1423183709534,0.031808,0.11900286,458.58182,0.16065533438889235
1476862682668,0.01719418,0.054823548,148.45332,0.19922557331513774
1428594729470,0.03015035,0.055370897,225.33101,-0.7444771199656727
1412401310560,0.018903501,0.023881245,44.945038,3.227659507454133
1051354208722,0.013771871,0.066952884,92.05103,2.082093198093142
1377460503426,0.013327058,0.049447495,602.53156,2.3349257178227463
1312359605170,0.03012812,0.07783551,145.21782,-0.3816348308502675
1351415119458,0.12484003,0.020274948,151.88272,0.5114105589280921
1168540231516,0.04055191,0.01933029,159.7882,0.6904684581627312
1094883504208,0.019960169,0.03515387,98.69512,1.8330620920911571
1311423096966,0.04640084,0.036849078,311.748,0.45244961312943843
1401928771042,0.03748034,0.050465748,216.90718,-1.5269266334867775
1277130786352,0.04334838,0.047652088,152.6145,-1.0944574313837683
1412078046614,0.025153881,0.0668061,131.3528,-0.18484162634958556
1508586837998,0.006290863,0.032970726,307.25745,0.0508053406681388
1516844499972,0.018660985,0.051133964,245.1041,-0.8569805920508191
1682588830586,0.07125521,0.032508936,360.17584,-3.1950328470699634
1754993345132,0.1319857,0.031841118,190.4884,-0.52142225879663
1828642133250,0.08793017,0.021751238,333.11368,2.624988547940841
1808009759610,0.012235199,0.021659648,84.00383,2.0763488721657946
1956291020656,0.045379214,0.021109264,134.76012,-0.5388856998902173
1505428243986,0.029886274,0.052415818,507.42148,-0.8887488018926253
1530831028762,0.038571436,0.05367643,98.65866,-0.25478195728782027
1550841189280,0.051067803,0.02097988,142.61563,1.2242478285548841
1827386392028,0.07354051,0.032765545,70.6449,1.7073050725396475
1778173261906,0.028107306,0.047159035,391.02402,3.394635139893566
1788973981808,0.01973325,0.036922116,205.17624,-0.6470587793199594
1759454701494,0.016848436,0.05997617,108.65812,0.47102475558303925
1826450488876,0.04954569,0.06761336,100.86993,0.2094250805948139
1961399614022,0.036345415,0.05192513,240.55772,0.020028795832921942
1965833806776,0.014574289,0.04452364,202.45076,0.470634782655986
1506691924324,0.04739436,0.04728676,255.48515,-1.2421767839719629
1724492879248,0.03697552,0.099784404,156.25589,-0.02421453654178507
1816577735504,0.062611364,0.012547024,592.1386,0.8547835943310013
1821347491038,0.012149485,0.037166156,249.9144,-1.3024590184341842
1768648873034,0.002912022,0.03498176,160.20645,-0.1033118237552984
1821048115006,0.028201373,0.04630098,231.06693,-1.3923420632178374
1879147093730,0.033431493,0.027628193,167.98195,0.7323755656963478
1199286147560,0.03584633,0.053098824,134.34727,0.09894258896178627
1199285341748,0.02478971,0.018656665,105.303474,1.8327067488556925
1382173358354,0.0062035685,0.051222842,222.13571,0.05341999575216727
1057052987852,0.017906904,0.019911295,184.83339,-0.5517538039750784
1235818335730,0.004052037,0.011549005,158.91643,1.169577710841421
1193260551202,0.02770076,0.037057497,248.90895,-0.3710764273702687
1321220127658,0.046291396,0.09907304,99.51076,-0.5254269466115635
1298050063494,0.012967559,0.03089948,154.78165,-0.6363674889755002
1311394244214,0.028428305,0.026582345,164.75508,-0.27163957954142515
1477134039308,0.059096985,0.05643986,154.96326,-3.0230124601929047
1466663061524,0.055543683,0.12193001,117.935265,0.9957981569328892
1325667651222,0.018493889,0.06713508,209.66524,-0.6083914188542554
1333612908740,0.02373743,0.040929206,93.97406,0.34870757034654376
1027184336548,0.017395804,0.035804756,167.99626,1.2470015603870785
1060846597174,0.014382251,0.023384174,120.001915,2.23153104444626
1238337757224,0.05524525,0.06645527,268.8512,-1.508609407929381
1295487048486,0.012556897,0.05441288,168.96236,-1.7027688557113891
1371373345656,0.017792683,0.038322352,43.34664,1.842282726483407
1433921813132,0.005003683,0.041837256,184.03908,0.5777986661789701
1137381769640,0.0050113876,0.026022408,45.980503,2.8417491240748696
1034186661772,0.0883083,0.057946004,315.27057,-1.7415428822926045
1487923270536,0.010862879,0.03618059,111.6997,4.4161107803641695
1364088127486,0.014989016,0.017362632,83.61571,0.49064431900120054
1401883943830,0.05911503,0.0409147,192.48868,-0.5826555296219353
1591413393746,0.020513918,0.054687712,145.6388,-0.45034752060931366
1564747837210,0.038357638,0.055251505,323.4515,-1.404637816029249
1646347831222,0.013665098,0.026845217,99.9026,0.7252808522963358
1638101736282,0.103060775,0.081867315,85.529945,1.5025943786590865
1859093438138,0.05101101,0.03013117,299.76498,-0.39224473032737694
1533018365764,0.034452613,0.049573407,156.76547,0.36851499168130575
1565088490348,0.008851798,0.01623628,95.97172,1.24233855880241
1667647981018,0.10826634,0.041489974,194.89767,-1.6752491196227088
1944203867568,0.032735143,0.026390012,54.303333,1.6585162164569682
1876562784998,0.028842738,0.02894611,34.14689,2.934042294958809
1576506436902,0.07955153,0.066266306,113.56327,-1.206576909834592
1962280787874,0.07586777,0.06877212,638.49524,-2.0921935516010444
1515224950230,0.012163033,0.022706397,74.425835,2.141959020122936
1773697922570,0.022979919,0.033012822,82.54533,2.4381295787063433
1987386489630,0.012706742,0.046758167,133.23224,1.1918113854695862
1983902085360,0.03844391,0.08710569,347.22015,-3.537547218288653
2002632640858,0.092904486,0.09452219,382.64853,-3.332871034041735
1246952602464,0.014077872,0.03711833,100.29969,2.0333163591509074
1488581392516,0.033290874,0.085747674,323.89066,-1.1121719951643236
1249837801228,0.05208716,0.11066252,379.36658,-3.0593966352693185
1074547382872,0.011374705,0.027123122,72.42546,2.120026759509032
1027871792368,0.02669807,0.115651205,150.31874,-1.034278650263399
1301575921640,0.083781205,0.043414876,285.51443,-2.8842291452851034
1017698780280,0.017357524,0.03685825,69.66873,1.5395643880220236
1265684168364,0.028186888,0.02159003,159.29726,0.844493793500159
1288871671364,0.105163276,0.050658237,168.79074,-2.9629917210322567
1088534114758,0.017358338,0.040437203,224.9997,4.310724732446579
1322219158172,0.03031476,0.051902097,180.59146,0.7535642545273387
1718146411100,0.012966366,0.026545063,237.85645,0.44702575311971393
1812132230970,0.039296024,0.07429796,136.42398,-2.343735405282909
1881049467882,0.01611649,0.0732469,161.56963,0.803366903695985
1619722622106,0.056833465,0.11118262,251.16481,-1.322892274020788
1585116243412,0.06597715,0.04962678,174.75096,0.0798822856372024
1660367979214,0.074585915,0.024712915,160.3419,-1.6223226832541129
1795942215180,0.029796826,0.06289388,76.892105,0.7960179357249372
2008046180528,0.04233461,0.081619434,216.72713,-0.579850661409792
1677205510540,0.023407662,0.032945495,247.30124,-0.9651081140530121
1689594611786,0.12065405,0.050393995,227.61069,-2.334241891486931
1826123523984,0.051218934,0.09743046,271.34018,-1.1407412571864055
1981398893136,0.018955573,0.042269383,90.63654,3.6864267949405933
149955448156,0.023887822,0.015972076,29.229029,4.204044643766144
151866314192,0.009278958,0.039385222,192.10239,0.7616266082985266
472551534166,0.032635223,0.020567033,200.86378,1.238359690946714
320148033716,0.011497285,0.02931029,247.95973,-0.9208533110498853
320470190676,0.018369336,0.027088711,138.223,1.9809947764624067
11545027314,0.05230439,0.085229166,510.32956,-2.0024179438006815
92516936770,0.009303393,0.009759781,198.57712,1.189539782102012
111879433102,0.0274422,0.02941005,89.14708,2.5096631040624526
214440787116,0.02927282,0.02659824,68.58768,2.166075594707099
321129195116,0.0768074,0.05582624,86.155075,0.44291864622786015
97259604646,0.042212334,0.048311185,149.21655,1.1050336501838622
294434180958,0.11632264,0.053124372,381.14633,-0.515813083534596
339833897458,0.06860605,0.044317957,116.33534,0.777447644244511
366832244788,0.014094684,0.02718,147.49477,-0.471163166388619
38845399320,0.038942955,0.08761648,133.37083,0.3697444994012289
16622250558,0.060816906,0.019974466,203.48067,0.3548535097085361
55995410876,0.010009149,0.028888846,54.935207,1.9886478966816168
280798813866,0.024767479,0.07228214,401.80634,-1.4106027456561554
363358852728,0.0951246,0.052948095,97.46494,1.1887461016362473
412891946956,0.03615859,0.04251242,223.67099,-2.376996905216347
654503195082,0.015976414,0.061565492,438.2954,-1.5889354963539593
790068838198,0.03789075,0.04663051,158.04211,-1.1135618895783757
899614876870,0.09696135,0.014007036,327.63757,-1.87385669067244
574185226348,0.031901322,0.039516136,61.814888,2.0276040486580134
494177998384,0.0120326495,0.07823638,137.48862,0.4381630478061583
899650533728,0.009781257,0.07837572,209.5414,-0.5310993913108967
638943658812,0.008314818,0.034299873,155.41469,0.21103818307297315
961228045976,0.026819868,0.020242525,87.61083,6.300319559478042
904065576428,0.072599135,0.047355916,100.34021,0.7196709925952812
682466527654,0.021570932,0.06873422,105.98487,0.2972865442102387
524338040382,0.0214806,0.04009361,162.65141,1.1066323949965675
103640267402,0.01992963,0.033090573,204.50037,4.7289062917327085
255102195672,0.004114246,0.01561339,138.89432,1.300577966223336
235725639756,0.052514385,0.049508397,456.9658,-0.12761854860507338
231609446086,0.017496267,0.04511368,154.21518,0.9527303008827039
347492351150,0.006682183,0.025467388,113.14804,1.565378410241062
493547570070,0.014170721,0.020602133,120.909294,-0.9015955819378666
327817628528,0.05117061,0.07869864,167.20406,-1.957489207060243
91279289740,0.045622952,0.04874962,328.15833,0.27485489539755187
264327890632,0.022189733,0.049632054,223.08786,0.30653226441072856
456734856058,0.015561645,0.027651552,188.6168,0.4765334119137995
383392272246,0.030797219,0.029664591,117.33695,0.8565693319237965
73801024278,0.024316227,0.041594997,123.35818,2.6462554255976016
412261116594,0.011881292,0.0104509285,251.26437,3.023801782971164
485954231694,0.041374218,0.072520114,80.573845,-1.187823333657021
504988974686,0.01835675,0.08289364,87.35222,1.2976865155994586
626287586372,0.008975718,0.032187235,183.28433,-0.07492224233073097
698980339358,0.014016929,0.034819562,429.6906,-0.17218533696556615
559923287044,0.021722455,0.023143211,111.08864,0.8174684045884261
847580555726,0.012415142,0.039185084,117.23277,2.4406400247290314
560878466614,0.013782699,0.04322747,174.52457,1.0748788934025093
631371913966,0.08941376,0.1428289,189.41075,-0.4064255989505632
529143300698,0.06746152,0.030812304,320.29016,-2.4227893568591163
527222985576,0.058544707,0.061993293,243.99297,1.88746739774718
965084173936,0.008371563,0.052784394,142.07077,0.9106213712526634
891741792222,0.026699634,0.036806602,176.9008,-2.083738060725023
882863730794,0.020147419,0.031937383,73.9411,2.535885560682382
743125397454,0.056197096,0.04031388,129.13896,0.19867487936318795
585308205748,0.00044825245,0.025934359,70.278275,1.8799158115948453
728515522076,0.09614173,0.048417654,237.29655,-4.762647754102912
744713300642,0.00947168,0.024833797,55.744713,2.507608519363112
998101366774,0.029077526,0.05057289,235.88536,0.5269459749456386
879675554520,0.038647164,0.045800664,274.22223,-1.5855565686289388
882852014832,0.009220473,0.022737019,117.51566,1.1472667394311742
277592972260,0.016289614,0.017564656,211.59142,0.2686794449002685
343319940312,0.004727021,0.024990514,152.49142,1.2753434498767546
403013347242,0.016170984,0.046377353,241.25793,1.65700620654667
480490974304,0.017871473,0.046799626,66.63279,0.5095387157191744
245218885250,0.015117513,0.053595394,195.86351,2.1803205029402406
417002069002,0.011552192,0.0082126865,64.24554,1.2725933234695488
456374448188,0.012162389,0.036995195,119.29816,2.1972354729196137
494141915354,0.010402903,0.0262226,76.17519,1.5629225168720524
171885801866,0.04100529,0.008980519,327.32297,-1.9776472969371626
125847493236,0.0063490886,0.06579422,178.71106,0.524796671215435
202058442298,0.0068651517,0.036413357,89.90222,1.0273873660168762
248092643706,0.024644101,0.039060395,764.64026,-1.1410326868222533
132203286738,0.09686424,0.08376128,226.87326,-1.367924611649505
275403394838,0.013521671,0.022954985,147.46461,1.6654819713442037
42637396862,0.018288447,0.055090185,194.59235,1.0380803041733584
207110212834,0.07172386,0.02706673,526.69617,-0.5529845117247901
87411120012,0.022527117,0.057280023,153.93521,-0.027571662789316498
377619812464,0.030059235,0.078927785,212.35272,1.0109547127076741
80450047876,0.035795644,0.054250717,371.80927,0.7657998441409122
240795480684,0.08262896,0.067068376,547.97437,-5.769062185348917
283964793474,0.0376829,0.019378878,166.98854,-0.9259822850690069
302064492156,0.060430817,0.015827527,216.36346,-1.8734663726783076
353507419194,0.020089047,0.021375494,86.89423,0.7237142850069578
313504637748,0.057387475,0.04367222,163.85355,-0.8443137311146909
683392352748,0.02684241,0.041542716,201.07404,-0.3367405264114765
637352809670,0.0035457634,0.01790923,70.646866,2.005582188317051
726889871698,0.05131221,0.048708115,169.20859,0.06696141980156256
763095441538,0.019458828,0.05137907,164.85312,-0.1083105926932017
869132581730,0.018019743,0.050869666,142.7806,0.7601189072498106
786288740108,0.0035244536,0.027196191,271.70746,1.7561000114588343
850754649736,0.009035,0.046629604,184.51822,0.9702299251599724
968230094098,0.07566648,0.07277551,242.16238,-0.2014121586528257
536382710662,0.07580301,0.09072458,63.651043,3.082544698964913
537659570434,0.010551672,0.0152910715,33.446754,4.168421853393345
812306936492,0.06719435,0.021457534,172.15236,-1.167872901861457
856145510646,0.045015376,0.08584607,255.92308,-0.15817852083652106
773580785506,0.019540006,0.013492134,99.32768,0.49658776009605454
954253395270,0.035512686,0.12426536,242.33778,0.25310322621114034
756443173010,0.048144322,0.12604405,357.83264,-1.5170650852854066
737716397590,0.016152719,0.03808104,176.65958,1.255598108409957
49019421266,0.034133874,0.050801728,157.1051,0.8428797349841839
134764463814,0.05649859,0.019611498,166.26234,1.300316285562999
313520334970,0.08501285,0.059068967,171.61469,-0.4325505104553341
404011444142,0.019915635,0.030920224,200.3652,-0.4642671560965068
445923101564,0.02020502,0.08201118,251.9509,-2.2208869747751283
151603607152,0.005064342,0.036436316,61.908207,1.2436799645186531
176053957520,0.08470662,0.03674266,252.07007,-0.8370019957130908
46516129022,0.05068876,0.03940102,224.3308,2.0434430422063916
6185393876,0.08113122,0.021553805,158.06755,-0.40320857914722685
139867362318,0.01956363,0.020578813,249.80243,0.2880236498581134
325290323884,0.03228098,0.038600184,67.56132,0.43569677328713796
218256424602,0.023726461,0.025721584,124.62352,-0.5256809722354312
238918584720,0.030879602,0.051254816,173.79436,0.254669191781589
356083716808,0.024185209,0.045793977,160.30777,-0.6096529122809266
794559380126,0.0121687185,0.010488901,24.031626,4.075115387095179
911405127266,0.018672856,0.047208615,282.20453,-0.5673139302153842
800917945754,0.037429128,0.054008957,169.5451,1.181259113599563
548497331896,0.014295764,0.06724723,236.75064,-0.06652924795235843
746645864256,0.03994792,0.023944158,190.63127,-0.6526689852527585
637103631564,0.059373636,0.02928254,222.44394,3.1839824464191797
549457327072,0.10672984,0.034392223,279.49716,-3.8391658107264295
613278695874,0.03032517,0.05528838,216.25287,-1.339850915946607
834583356402,0.04067115,0.09386002,191.68364,-0.32229272516718893
974933596592,0.046458304,0.053645805,140.48318,-0.8580230892944337
888564100486,0.016077919,0.03971086,155.34883,1.1788511977161542
824433048974,0.03293783,0.014010483,139.64671,0.48330363305372026
866951044090,0.018792678,0.03276075,200.75575,-0.34775225464401105
503414684562,0.037294198,0.027290482,182.56961,-1.8676681706581701
530094201890,0.015209788,0.0456424,34.938053,2.905903397380312
844750953026,0.013398329,0.017035369,60.906406,0.8714265974185977
819675567840,0.017813832,0.040612344,246.52176,-0.5291782245495863
1191429792868,0.010118026,0.03791093,215.83098,0.3578844598032908
1270496530952,0.012655517,0.018213123,57.9939,2.6855324822004034
1271446999868,0.015655333,0.05976678,134.83012,1.7008842068240089
1489570892640,0.049417354,0.03854989,201.73737,-0.5465296946021218
1153023304498,0.016519798,0.026409633,59.679306,1.880579826119606
1179059440846,0.010624958,0.0352186,240.61337,0.8084947971127703
1490858938956,0.018363805,0.011853704,58.565063,3.103260213459248
1017108970208,0.011208235,0.033511132,101.920135,2.7966383986781915
1056159470644,0.094578736,0.059730016,121.38763,0.9517920040289707
1133642616394,0.010343963,0.020304224,177.68869,0.06382864669804933
1347960148046,0.033407778,0.047176365,206.89313,0.0897039382378253
1437817552150,0.011373784,0.012641594,311.71637,-0.1644678352818667
1278746432780,0.07291961,0.074825265,186.41238,0.22116450863749093
1380671336426,0.04255392,0.025361106,136.04543,2.977590716477267
1280640289728,0.02265235,0.016291639,106.01235,0.7827046757741862
1293669370006,0.0072175288,0.045475267,137.83444,1.1262928556853782
1428937501414,0.009286405,0.048274428,51.744278,2.8894813715151977
1246065812976,0.030710781,0.033896454,228.83684,-1.8143847742764367
1149535726534,0.023112793,0.010987595,131.87979,5.377539207440467
1100312441016,0.010665767,0.028313085,115.804306,1.2770382988306592
1021885379518,0.01838554,0.030579787,73.80752,1.749744486341486
1201600287680,0.014411468,0.07393182,290.50146,-1.0008925314446793
1014277398514,0.017465869,0.03829148,79.30878,1.3795789290462195
1353379886880,0.03233397,0.03605015,92.75152,0.9642022738378131
1345444331222,0.08862322,0.029598853,330.11038,-2.1956174089049205
1438477364150,0.009498524,0.051719386,185.03925,-0.33294711579933167
1498480504840,0.026822634,0.021149721,345.6729,1.1355000954326482
1714688413256,0.0075308857,0.028888686,34.966835,3.645316753342609
1737869339716,0.025185911,0.1045338,158.85753,0.1621641654575351
1731833788914,0.0066651665,0.040028047,147.79019,0.5363646282102035
1834708680538,0.02834925,0.060305472,351.76825,-4.147511594782685
1986812705710,0.020747814,0.079002656,310.8376,-1.4469268887726727
1673132252972,0.046846665,0.021821667,253.0755,-0.8555509288018458
1578494233122,0.014875532,0.012476049,179.2064,0.6254142847046562
1869985404074,0.019650605,0.03572206,67.754745,1.3104001971264772
1906188984386,0.044506203,0.03891337,219.89697,0.8294254489819705
1573716717164,0.0669103,0.035495035,196.23932,-2.4144458303880816
1610231139128,0.020755477,0.06063271,57.81175,2.0221380100043302
1551812927614,0.017398251,0.018716263,138.72945,1.110317743734497
1681998093984,0.043947827,0.032975502,49.994537,2.089619440621718
1745505721806,0.028866552,0.04922158,199.269,0.15061353025551047
1962370320104,0.046769686,0.034890313,227.08542,-1.1395789227753021
1542619564448,0.013584272,0.02328825,120.51675,-0.9416480641653431
1686771603524,0.01059428,0.03717588,236.73982,-0.24583048935616292
1649947901558,0.09435806,0.054590076,379.5282,-3.5982476499537377
1593103682458,0.012849616,0.05383686,233.97745,0.24304168196762835
1619140146164,0.034647997,0.019921523,301.55124,-1.3748005726374153
1601992226862,0.025153859,0.023672424,181.05841,-0.47865584352202983
1581679691606,0.02305651,0.043962803,73.70686,0.2417453999911462
1751222467992,0.03866888,0.04666042,61.170654,1.9543267685628543
1810609393124,0.018330622,0.04204832,151.35408,0.25477357677137763
1892202130004,0.047055334,0.05309123,73.53026,2.5249889381667954
1119714977096,0.02841232,0.030274168,61.807465,2.31808568475464
1041912623690,0.01253013,0.04232788,58.408962,2.2875212281864807
1150180895866,0.014697104,0.020279681,206.45505,-0.7523308138633873
1048587272324,0.05375061,0.063490525,212.19127,-1.7215687451596706
1286079581138,0.044562668,0.04402237,225.85677,-1.4780893814973015
1473411920994,0.0233796,0.017275462,147.73938,1.168263402423028
1435004273390,0.017208798,0.026790427,151.53825,0.7352629147023287
1375625337300,0.016794765,0.01975847,126.530495,1.1151519719160148
1081617895024,0.038128216,0.01955104,512.1101,1.1635415575895727
1105111754660,0.0060893064,0.009008613,130.76828,1.5340799340924267
1030495991194,0.0671607,0.06902416,279.8078,-0.13679077995840938
1259443256824,0.017946051,0.04579442,260.16577,-0.4104679493122896
1343577136652,0.018895218,0.035913024,98.792984,0.4677812574169355
1241311631262,0.050982863,0.06018109,186.09735,0.28562302598293116
1072720683304,0.005443965,0.024801383,113.60938,4.126329833620429
1059374209464,0.06172473,0.052369982,273.56006,-0.3904379967903504
1057469820508,0.014139184,0.04055549,373.1973,0.8718972707085384
1146372774104,0.016542517,0.07484779,150.90982,0.14736754524185042
1093037881894,0.041693218,0.0053232866,115.31383,0.28474550582792557
1441667457266,0.017010633,0.034419112,125.95873,0.03551380182982425
1425163498812,0.05106905,0.06575519,86.82658,2.283040325262983
1333407727810,0.02211728,0.024016473,2139.9814,2.3177169344985886
1359766826776,0.08824125,0.032993928,411.12338,0.8123612244682306
1393106401806,0.021989461,0.06508589,3283.8845,0.011020489807618272
1470256883424,0.03708618,0.014058716,347.0094,-2.911883719413602
1725530159138,0.00996781,0.03923152,138.27446,-1.83427534290123
1637578858974,0.016162535,0.033952214,236.88394,0.19559892997871484
1813167518946,0.0058148135,0.031325415,166.5973,1.0172180537344755
1886823817734,0.0245324,0.052216835,258.0071,0.5474541799774323
1811901168494,0.05063175,0.034828577,246.22952,-0.7344190173890707
1882071879522,0.08858432,0.06100369,112.44455,1.0238206387294375
1544558224244,0.015428024,0.04156783,209.29047,1.2234710082082894
1549643785924,0.041092876,0.035057995,98.58963,-0.42761365423883413
1642040845600,0.014081142,0.03973218,251.45876,0.5947762131807897
1640452615810,0.0044890423,0.027872914,146.96689,1.0285349814128353
1954489270002,0.09732974,0.030102137,255.01878,0.739069164542607
1988145382116,0.085517585,0.0774356,185.45743,-1.155110749937669
1775080895078,0.08135053,0.06741133,255.92737,-2.937094682988623
1586451815434,0.11161093,0.05636305,186.63028,-2.6982510896986946
1697612441400,0.03443234,0.048841536,231.45428,-2.7166938411657653
1783985441504,0.062365357,0.023871278,132.82799,-2.7287779250311157
1906549622870,0.037064206,0.0834039,281.4581,-1.8240556314630278
1895742125388,0.010862868,0.022051899,84.592064,1.2412963355749518
1963054878394,0.0077481735,0.029686587,53.405018,2.074331735640496
1098394420496,0.016028456,0.022636386,105.53163,0.48629903087295956
1227941647648,0.015798982,0.06777036,256.461,-0.48570758597813996
1306376295142,0.0043602386,0.019951066,78.47771,2.157255521810136
1460364977272,0.009103446,0.027180603,212.9841,0.12615510600662327
1045380752100,0.024818493,0.025940787,119.21998,1.610132453154907
1494671098612,0.025935896,0.10641252,300.18823,-0.39067550551837377
1151742039696,0.021634767,0.03034367,128.60959,0.8457081286463655
1209843336922,0.016004944,0.058892984,154.26195,0.6534526885763454
1227306256790,0.04566876,0.058259226,90.6057,4.324695233281679
1306680762436,0.03262274,0.022834003,179.97812,-1.482896872184504
1208899419956,0.056461412,0.05995088,156.19182,-0.25358564502809583
1311140935134,0.028843895,0.030888442,158.41469,1.0435564369498418
1348925009182,0.008817132,0.034884565,124.18208,-0.4454453874222463
1373060082454,0.017021364,0.051815335,115.8957,1.6997824006895443
1253999784334,0.019608289,0.014851079,165.54402,0.8133869757087718
1438482129918,0.018154899,0.052738655,190.47433,1.083216387807242
1283845984984,0.014570696,0.032049,266.87473,1.376953376850922
1487060297044,0.027964143,0.026015127,287.59656,-1.1510699449395096
1582288651042,0.022510378,0.034874216,126.74233,3.9103833747110714
1850277143400,0.0046776244,0.023911135,146.00359,1.5475758574215723
1783918965964,0.031774864,0.02646068,160.0061,1.639323380955533
1735987632762,0.040658537,0.033449415,128.77458,0.34515809138499715
1750920851488,0.07279364,0.0424532,30.47967,1.7229151919167554
1896968408060,0.078281745,0.081619516,135.86261,-1.0904995245746691
1972862140670,0.011562882,0.049706195,137.3396,-0.6182597513516234
1571496221900,0.036680575,0.044733185,243.2549,0.30680272919491425
1733112290416,0.050114233,0.029811226,188.18987,-1.4782941646057153
1559752720592,0.02999886,0.042821437,227.53273,3.0880052337084987
1691205496706,0.08714794,0.02696966,340.53503,-1.564608491088749
1970305903216,0.030854372,0.019201834,105.107864,3.390440872486314
1503248044782,0.021347981,0.025819456,57.46451,4.072578725808536
1623898816972,0.09785,0.047319982,213.58308,1.5302776552186552
1603275010602,0.09001449,0.023753397,123.97834,-1.3769614771516354
1970632419768,0.012764364,0.04172213,124.48017,0.6906058283334303
1982067801596,0.046410445,0.052701257,430.192,-3.567908268333415
1881089134910,0.008156313,0.014708896,74.35451,2.126766410400296
1911587837522,0.02302787,0.024410889,124.36504,1.407040766465033
1095883566884,0.038752712,0.056056228,100.90921,0.5529084409542344
1343864721240,0.03173572,0.035422117,147.4633,0.988076385247495
1275923152950,0.021124484,0.045406662,29.350998,3.950219362426527
1466748439574,0.09964733,0.06755558,425.31564,-4.320979924257737
1363248486538,0.032602523,0.041740622,106.1088,1.4062938647094096
1121625543504,0.022938792,0.013081335,130.10588,0.08453854030135
1178460565240,0.049030133,0.08873797,89.97949,1.7201404416713573
1085108173742,0.013904996,0.04379197,298.16302,0.3776589871127769
1039073065814,0.010333032,0.017317401,233.30008,-0.0006450882289860127
1255620773232,0.045423646,0.027875515,395.6136,-2.0862347859944923
1170846738724,0.004404054,0.016601803,41.26527,2.279549212235381
1226736508274,0.041100275,0.029405298,154.38849,2.478852477764783
1353738081470,0.05139401,0.025911236,402.20016,-1.2228003986657436
1384220656598,0.04925986,0.042326633,129.85483,-2.0452601234583527
1462649432586,0.06254589,0.023108685,204.18144,1.1815112365131424
1378179360798,0.044137333,0.025973117,244.04297,-0.04005460017644508
1383271096708,0.016897406,0.027523488,68.72126,2.049463933092233
1017779168504,0.02128195,0.047598194,1464.5204,-0.6701044206199878
1089545114530,0.10542035,0.051432632,373.3274,-1.255224716326764
1320376584016,0.13233264,0.06906525,235.91103,-3.304540103178974
1277185397360,0.04559988,0.06734346,134.2288,-0.6829074374986706
1270847068172,0.041270927,0.025055053,128.90784,2.2872295227760566
1491206981188,0.05695815,0.015391536,207.41617,-1.196513089083189
1460726699528,0.012301025,0.04694305,334.6431,1.2264640860709715
1308301148374,0.05139887,0.05646474,121.851105,-1.937988946460091
1087331520502,0.015508346,0.013926666,264.34558,-0.533451328231095
1068913974442,0.026854727,0.034313064,150.13773,4.706872082092428
1205770160350,0.09303136,0.050099764,218.66574,-1.0498385389335592
1179419906284,0.0629448,0.047244273,105.064095,-0.6196164593985416
1318175918364,0.004538859,0.019755583,318.86264,-1.281495135881449
1614080138554,0.021131312,0.038746405,375.1169,-0.039370688620052816
1895088841014,0.0030196973,0.027124023,180.0291,0.44094692081757497
1985903014512,0.04821326,0.044321503,146.51053,1.9609755680843737
1639499883128,0.00537455,0.011024954,53.314552,2.940052238879229
1557271754092,0.036559436,0.041931927,244.33528,-1.5898732692843227
1828423425974,0.012155409,0.04183935,150.47585,1.3900807476591512
1878913617006,0.0506616,0.026751878,119.7072,0.5277420904802967
1576308490098,0.03411169,0.03759749,194.69943,-0.4562500464112408
1932550961842,0.030529726,0.19980332,269.41006,-4.122322166598061
1984304328166,0.04152038,0.05950212,123.07386,1.2335910765172935
1937000803298,0.013870892,0.028527621,179.61856,0.4712087951087176
1679505614534,0.054947373,0.046786286,204.00858,-1.3963187299534026
1782068732632,0.10494433,0.050108105,68.33745,-1.2506889081325179
1826530807092,0.006930982,0.083878204,187.853,0.1618349153931381
248630816714,0.03843164,0.06195691,176.05174,0.025011816354405025
204486112996,0.009098301,0.037747957,127.42822,0.8127245799165436
154320170402,0.037792582,0.06862946,143.45776,-1.3327144604172778
15259943374,0.040314842,0.099374525,203.63583,-2.7323757050702118
352774302568,0.011188509,0.018253868,202.92526,-0.2555958679661056
300073769184,0.014746724,0.038622852,127.65489,-0.9475302638806276
318170216958,0.050439835,0.048108544,303.5266,-1.9931727194092421
262926147212,0.09388148,0.07860481,82.27221,-0.44105790442276505
346432875094,0.09466958,0.01834379,194.62363,-1.1394867201182592
86406976152,0.009041283,0.039420724,174.19618,-0.599786081121418
153400419972,0.014611392,0.027467957,143.44968,1.3408793568927955
3997285974014,0.016714185,0.049980704,740.28644,0.17344435690438798
272138662110,0.0113493195,0.046629004,208.82477,1.144377199769109
389001343910,0.014248503,0.06665682,217.7156,-0.5238188092050187
415972803610,0.015475197,0.022330048,227.34456,0.7070493658689618
320098119166,0.065998994,0.03273492,98.49964,0.06387076781978862
448057317988,0.009071785,0.045990895,130.0315,1.3245614973812612
85417197128,0.049584817,0.08442954,273.86948,-1.343980964835221
100349053948,0.022816405,0.02502283,234.48842,-0.3713694516492116
118440915984,0.03627552,0.04130767,112.373024,-0.9039396775755096
277834040544,0.028151516,0.02980359,133.20493,2.815446436683395
477240833984,0.05805346,0.036595017,261.84448,-1.9658393706626531
380076690282,0.023741264,0.045722265,241.37361,0.439757876013688
423260368060,0.043301728,0.052261014,104.18054,1.158266921908001
304207201066,0.00696019,0.027599413,184.10172,1.685988446889143
523591570180,0.016698325,0.03497033,212.98064,0.05113332328270209
528036826114,0.03169686,0.020184455,268.2475,1.4269275968683117
756656543144,0.02827708,0.068684794,282.9845,-0.995491422009075
614739063076,0.032123677,0.0644286,133.54272,0.044595322820080205
656337333198,0.024993509,0.033700682,257.27252,0.10125707878503909
574745730698,0.036123667,0.06574081,105.588615,-1.1956073100196056
658891302970,0.027124215,0.04989841,147.2931,0.9578831094143799
537251004894,0.020194765,0.019774737,196.91069,-3.36518510575209
498840459770,0.040839046,0.04668835,196.63101,-0.11906881785548007
564561178236,0.008128423,0.033356182,165.61452,0.23280657683434094
751901581812,0.06238735,0.033163667,114.51946,1.3253071671451422
761744902852,0.03897377,0.026763543,206.40402,1.6807398477369513
788420413770,0.022800274,0.033005178,208.71593,0.7871969193021054
977354086650,0.06223819,0.037812088,213.4161,-1.5539026016580162
905605629856,0.044876218,0.02400936,230.3953,5.831896935029725
773186056132,0.011496008,0.029552238,134.23358,0.8254617219046833
330905792676,0.05751568,0.10046286,188.04411,-0.004335600685630589
475378703092,0.009570314,0.03454824,165.71164,1.2427625050929794
407739938908,0.024345616,0.037940938,104.88844,1.6667022977059105
329325400958,0.045191117,0.068995565,174.77617,0.27633417933211535
32782081602,0.07290093,0.053351983,270.73434,-1.1554929594981407
114063270972,0.054278832,0.022868855,179.89172,1.2464905540293068
28022054562,0.022601267,0.07258624,196.90448,0.8175704136383615
149940838858,0.02997488,0.06621708,187.79907,-0.4022336558328139
316321746474,0.12992686,0.06369237,160.98264,-1.5176174744291613
7665470056,0.019322319,0.055833664,146.58328,2.080749830504539
54987743614,0.017585007,0.025904791,1264.0377,-1.4761214111420087
200728567322,0.031098217,0.016226014,2276.7722,-0.5797653307730473
67038384728,0.05420433,0.025531149,288.4791,-0.15996894706485976
325823433536,0.009434478,0.031404387,68.3705,3.324821933188684
393774754508,0.018559426,0.032358274,140.35512,0.5342198983008892
455997637954,0.006837747,0.041068517,127.08721,1.6456990584294884
176285852978,0.07374556,0.023628194,218.8641,-2.9063926693974533
145175066888,0.034304187,0.023138044,88.234184,1.3971483934233035
182006530160,0.073988095,0.06069674,289.8477,-2.147991220007508
323306684342,0.046863705,0.045607544,174.62509,0.2737194845906089
662704239086,0.07228476,0.037487783,31.93613,1.7435487520220856
688750632320,0.017493568,0.048862472,100.5039,1.712649625880922
761781945022,0.015938539,0.032464072,528.2589,-0.04852125900975546
575408541404,0.017573701,0.027900402,109.67444,0.3502712033034343
619554985784,0.03502731,0.04627677,247.47008,-0.4006761138584227
641152166304,0.05136155,0.12190238,234.26805,-1.3992591618186392
837678070210,0.12487947,0.11454154,161.90753,-0.5635355038379557
897387529794,0.0046409993,0.012277879,39.25341,2.906015982563302
896427712576,0.011082601,0.016156914,43.150673,3.494334652184282
873248198272,0.0044641118,0.017844342,189.6577,0.9863231291520541
534747082372,0.032125484,0.064775616,197.84332,-1.1465473042485115
556335040550,0.024877366,0.06807408,230.50604,-0.2552369211926312
704004747390,0.05113605,0.03954207,241.64548,-1.9714148939448177
692579319820,0.017283846,0.1165989,249.87462,-0.2502507378271258
909451552546,0.0834866,0.019979909,331.3498,-0.8004521235815809
949460282258,0.0074202837,0.01948474,100.88121,-0.7984759494048982
977390678310,0.008661443,0.025728915,81.14241,1.3103306003767052
221634388746,0.02063736,0.035090294,209.20934,2.829867471070635
47010812384,0.019205678,0.057891987,167.83875,1.079199732327149
162585068208,0.037052456,0.046324152,322.05814,-2.4245353621215306
277201219648,0.075726226,0.031787023,375.01178,-2.083333532592341
391832995310,0.011508431,0.048189707,105.358185,0.5316835263454055
467712792094,0.018394511,0.02461244,126.16955,-0.9274012675659425
65115247122,0.0043180855,0.0145544605,75.494736,3.4528047177041756
323577031790,0.13188674,0.066527955,123.15743,-1.5370470538107046
123198678580,0.009509043,0.024202235,130.79582,2.293386344489503
197500601338,0.026103538,0.049897052,129.48816,0.8136401327565883
161634071480,0.014589917,0.015960254,121.0072,2.0559869115711034
171786446954,0.046467934,0.043017372,204.66151,-0.6790746798120482
240053775880,0.0991931,0.03916154,353.60483,-1.2686837228743462
136236806946,0.008813728,0.037908413,172.59341,0.12982172965403654
323880793750,0.016265627,0.050205108,185.296,-0.09229363593484718
229595094966,0.0797384,0.020760166,119.226746,-0.8971585756665451
187994608096,0.018974788,0.039316963,149.3883,0.9765474093693837
175309507036,0.019887274,0.046346184,60.918224,1.656492456973611
288012475522,0.05105277,0.053063728,170.12296,0.021712293575894243
430896374320,0.01228269,0.06304257,188.87463,-0.67008935418848
639806035312,0.024310552,0.07467215,182.44133,-0.6203641376626683
651883791112,0.016868811,0.038049832,89.74092,0.7695164603896879
610918218170,0.084156565,0.044336982,191.70999,-2.723084983035645
749049345388,0.023788568,0.058109496,255.52968,-2.8071628209254342
796349494420,0.0148997465,0.057645533,207.70847,-1.3173923700614492
971629354510,0.046812292,0.054991517,182.58301,-1.1438226136391454
566163269174,0.04159415,0.020064926,212.21748,-0.03404905090048632
806212194200,0.07676674,0.04728568,254.69702,-2.9957031700350507
967513261624,0.0662721,0.012841241,280.03577,-0.1382544426637422
986223910334,0.012997761,0.05670101,127.74101,0.8068104468670598
613805332140,0.019205965,0.06862974,104.897255,1.0739712015297023
682063867458,0.019416805,0.020075044,174.79465,-0.5796883226415369
917019770828,0.011668243,0.043322623,213.3257,0.41136027903788974
795726199358,0.032288067,0.04815364,157.69142,-0.2697842007305482
127056797694,0.044244267,0.034841,160.0769,0.41046109945299625
462669616474,0.007732896,0.04582804,278.38342,-0.22109065622043744
163598587354,0.021862762,0.042655516,231.32498,0.97502547574317
464922142990,0.0099545,0.077734865,159.51384,1.0930452662777292
491270860230,0.036309533,0.020051239,140.00653,2.369329453051055
126419515860,0.0640577,0.02657426,278.19867,-3.2659825145761356
419484528552,0.069750324,0.12040361,154.54349,0.5448445125813178
364566421208,0.06221994,0.066103816,91.47206,0.0155253850111855
304238654396,0.036391854,0.033679623,97.03642,1.7637562131944562
404892343374,0.038584303,0.052862223,225.22519,-1.6218228652656583
79125642186,0.055342745,0.015357475,117.51319,-0.38684157813237485
5141517350,0.013212116,0.03884333,149.11476,0.5582681549511114
92467354604,0.016824363,0.045595076,57.716137,2.4940439695626453
13728240392,0.06459982,0.046247415,229.9184,-2.4518184187291787
220751054176,0.008692346,0.028658208,114.49953,0.22185909123727562
20080002554,0.028141217,0.03317998,156.2745,-1.5466937305777557
317911569056,0.03777364,0.063187286,483.06378,-1.5808095055122973
436975597026,0.016587926,0.022938125,89.00054,1.8028840907293688
707162711988,0.011227437,0.026686179,107.10291,1.781694774476165
660813234658,0.0077837803,0.03885329,92.68424,1.0952376676035487
790040169678,0.04007325,0.02082985,163.13147,-0.9640940904312512
858614435768,0.037767492,0.07501317,237.09982,-0.18084527276737816
816393171208,0.013747446,0.06316645,180.20476,1.5268122972229026
857356351308,0.023930471,0.034752615,95.54903,1.1609938871928251
742747934408,0.013419724,0.048506334,46.860905,3.588035215060413
571609443918,0.0135109,0.04216379,44.422867,0.7735468196506599
838630734744,0.04436422,0.06965227,150.85106,-0.8153302332269621
881190939472,0.018396549,0.017112615,139.52898,0.8946879623996322
898652322104,0.008635625,0.02064042,126.561005,0.7538359383537295
699225318648,0.047427084,0.03540139,104.93165,0.5244111377739626
644299247698,0.018852677,0.026411744,138.2803,1.6575661575827758
837027336110,0.032077633,0.025036694,101.54328,1.2140344060313062
749087047672,0.051485002,0.06899472,164.7035,-0.601504979761087
892600845794,0.044630826,0.053632274,170.86386,0.0673314642454555
987867378480,0.04768989,0.045851707,245.05835,-1.0872590901047987
920567754576,0.10493772,0.034369744,65.36293,1.317962803553041
832612825516,0.14567898,0.09377239,71.831024,-0.24613223154652203
833251318066,0.007368937,0.044905033,305.0706,-0.6942119164448943
1071005777402,0.04706296,0.04610045,200.82507,-1.8373776308795393
1177692700066,0.03625445,0.030854113,139.00647,1.67095235902448
995131475688,0.05738854,0.041985657,134.63707,-2.9884652508814145
1168816529228,0.011387729,0.045158148,122.0371,1.172487651582485
1178661539292,0.0839412,0.02865243,306.77942,-3.3211972675793833
1270751864432,0.07617662,0.047841977,118.69123,-0.07501067029340025
1302502528742,0.054537944,0.088525504,247.70587,-2.563515911694319
1330439778358,0.05933555,0.04013461,338.75565,-0.906533217669636
1224998871136,0.022143763,0.024881689,236.69884,-1.0307514157343933
1166575973288,0.055300925,0.05621761,221.1728,-0.5079892395821861
1101811998734,0.07638756,0.1981529,136.56758,0.1305319591813963
1237393870358,0.017152328,0.061940435,214.80377,-0.7708827372244419
1256751123390,0.0084843505,0.046416808,96.03291,1.6842820982804572
1460916810952,0.04775927,0.073928185,346.93848,-3.292910191940109
1458687569662,0.021431208,0.016198587,223.8112,0.005639146828063435
1252009970550,0.040213447,0.0425858,177.74678,0.2829009243146172
1466661176122,0.016860774,0.025017,143.498,2.1669751977537257
1415221551452,0.029174443,0.040623777,120.26662,-0.6888003335178552
1644441554772,0.04622122,0.074813604,399.08084,0.7909021450903602
1633331555516,0.06923571,0.08116862,321.2244,-1.757803209207788
1683496489982,0.014238481,0.028299155,182.2464,-1.2820706992298754
1706995742166,0.03359524,0.037568245,219.91501,-1.7270379331148544
1643493883664,0.06804046,0.026479576,189.00987,-2.5852179607157506
1648263589280,0.008218915,0.014008618,92.60169,2.76840417019332
1667945344222,0.006118525,0.029983237,116.87623,-0.40823401629635836
1862577114354,0.046954054,0.06131482,272.1061,-2.2984644488410635
1854328827154,0.009167722,0.024837485,70.47722,1.5015754900689102
1856875564604,0.094954565,0.021554295,56.512318,1.3561780178924852
1988010643786,0.04034023,0.028230898,277.589,0.36826095952270377
1784792679056,0.020289369,0.07693261,256.14297,-2.1483511489463596
1990545588092,0.02004423,0.01085979,95.41645,0.6721740887682766
1873060315456,0.10410593,0.024113566,318.1005,-3.1247916243467917
1715263988436,0.04130773,0.01960696,192.61688,-0.9344896633172619
1570460732450,0.01730604,0.031080471,57.519703,1.7669222432634935
1721918981478,0.11216477,0.02938572,246.37434,-2.1726237349302675
1660006966950,0.054602083,0.026756577,102.802284,0.06652569525102536
1622845686476,0.04402506,0.016863855,113.585976,1.4090279177298903
1785745466990,0.011490575,0.07442338,146.84174,-0.22582246268203832
1874654267666,0.055023625,0.024982857,168.62906,-0.6627114793751041
1644470259254,0.04617053,0.0791628,209.13809,-0.19000785308081514
1673048622634,0.047129475,0.034064043,118.10618,0.7957582501904996
1807028883336,0.020987554,0.055112403,347.73322,-1.7862143657635405
1124391095398,0.024125531,0.047471635,182.45593,-0.024837429449057147
1329832684830,0.014990954,0.061864633,165.60434,-0.6544505237177007
1178059409454,0.029198037,0.024431758,325.16116,0.38385589915504315
998673008088,0.0059001464,0.022003543,79.811516,2.4572204740972468
1126639793042,0.01856331,0.022406667,108.51915,0.11454008192664289
1273640111622,0.038063917,0.023904424,210.79724,0.8956221475235367
1326672704958,0.009706358,0.022489058,125.66958,0.3648238117878696
1261256378976,0.05735452,0.07135735,499.512,-3.2763219175193345
1294286245736,0.01269987,0.019588776,145.8268,2.3339538167645744
1171383023972,0.012285888,0.044726875,134.98413,0.7401044432106219
1032631018384,0.032921564,0.03526793,201.04924,0.6696487815856738
1464444307676,0.07376914,0.11332061,233.75516,-2.7550172719303685
1271717580364,0.03594715,0.023376185,545.2982,-1.608754073662083
1289189370454,0.056962393,0.059084415,41.276394,1.8025646234606865
1439367964410,0.029481271,0.036136277,174.60532,0.0893403496061809
1414922528030,0.07255351,0.025699638,139.89984,-0.37340972312634624
1030415433602,0.050312642,0.023993783,123.85934,0.5595318555393345
1015824407054,0.0069668116,0.02697385,61.077705,1.597050424567799
1041858603028,0.02804634,0.03794813,317.5763,-1.2319106962495507
1442569547918,0.037319053,0.06717391,408.49854,-1.7751460811718764
1366678135756,0.033766687,0.055915415,235.03316,2.098003763031603
1293969609268,0.007184953,0.08407498,179.23703,0.6104373681757964
1488285070036,0.022193203,0.017071033,209.6832,0.11488398190528226
1478132494004,0.023071473,0.056866594,139.83598,1.4718629104585024
1971535690654,0.018873613,0.050690584,181.67017,1.4550570522323834
1897558923448,0.019441606,0.04349674,278.7415,-0.5723744768723793
1903575575188,0.059311386,0.052511174,103.87418,-1.9781932757335041
1989001810978,0.042848423,0.0728958,129.71736,0.8318227878715598
1562898211950,0.060390852,0.03237119,79.18957,3.472154706493303
1671811905982,0.02494592,0.024976382,349.0106,1.9198594773465547
1626099004876,0.018612752,0.06686999,43.749863,2.862139089305308
1735003879678,0.016027953,0.07149519,117.42292,0.731443093044126
1795642488028,0.014711836,0.039630152,605.2652,0.9288922831333208
1600670643548,0.09501792,0.013813313,257.86633,-1.235382899178703
1595902677982,0.049311295,0.04400901,217.91428,2.906204870623278
1592094907884,0.040120054,0.030216139,176.20584,1.03186436138231
1846432585002,0.029932918,0.0828308,252.53111,-2.252877060154218
1881992532148,0.020501724,0.089188226,155.86609,0.15913972376898405
1807060533948,0.008372236,0.031526368,170.24516,0.4096541143585478
1588933164490,0.0132574085,0.08153094,326.32822,-2.0253843892999948
1965519620420,0.02900551,0.020624325,195.46758,0.26700410390839946
1815964500448,0.061575986,0.047499992,96.082054,1.9824375286325782
1812801421704,0.029328499,0.038969554,87.53457,0.29799409389277143
1229137746364,0.012108453,0.03677595,168.2101,1.2100506550200913
1464722088426,0.024563167,0.043526337,218.508,-1.3966230233036832
1340905189284,0.014576894,0.018818509,214.32228,0.30577173111769074
1377096850140,0.010431592,0.0122271385,121.46014,2.211169473694823
1426952681468,0.06942438,0.09365167,206.21735,-2.0725242722204023
1056102324284,0.014793833,0.0428356,128.22835,1.1216491631683052
1409813531184,0.005598198,0.035562243,32.02877,2.557482739047534
1312972376532,0.027945075,0.043195944,236.21912,0.11993818082935703
1458713829062,0.044843607,0.053206466,215.59476,-2.144721241377118
1345361407236,0.011865008,0.07824696,80.28577,0.9053180029998412
1132919460246,0.079363324,0.04194405,385.58646,-2.4372069778855456
1023697242370,0.050877005,0.10109424,198.91615,-0.8381465329593619
1071647929358,0.037087657,0.043230303,89.944176,1.0314218215000164
1378356876500,0.013939536,0.043708693,171.13097,1.323492924746248
1271368814876,0.027753389,0.07160125,186.46783,-1.0750516973675073
1370099694322,0.02879209,0.05293336,260.42044,-0.3400478820126842
1085000047574,0.029223934,0.037501827,381.79987,-0.5150819198673736
1272005417270,0.0241314,0.037851624,310.4528,-1.3857278291777675
1335839612624,0.025071893,0.044300858,178.38687,0.19670971448625812
1458718769434,0.017540665,0.04678717,119.51083,1.2280168023399614
1342503602784,0.07714574,0.04586731,291.8256,-3.070196107225618
1419972939062,0.0951265,0.062353425,422.78125,-2.7321590509384883
1438709819070,0.008750885,0.059036512,238.93823,-0.22451705464511196
1433641544558,0.025877014,0.03098422,360.77158,-2.4993146543021725
1663806523470,0.08507813,0.053722106,176.60709,-2.5146281685482306
1573961492570,0.019044643,0.044459727,131.53,1.9684306250453245
1608564873400,0.07664971,0.044777296,555.8257,1.502667172525434
1740663877998,0.039892364,0.048797082,219.85034,-1.4312578239867348
1605719313798,0.09545055,0.043700032,189.51727,-3.1331858932828043
1644776214266,0.090334855,0.048664197,272.4727,-1.8313042778264959
1722569270388,0.011074597,0.05979658,211.30684,-1.9490189730044531
1683844631804,0.012796987,0.026846856,83.01496,1.303448190178587
1825142770616,0.0042684623,0.052298862,109.09212,0.8507217278685018
1691750779514,0.018200599,0.05168001,2713.8486,-2.1848897866050727
1688264888856,0.008864846,0.014063257,89.518036,1.3057612323174563
1532365744830,0.016980585,0.020593494,152.43764,1.1818514679076655
1653023874234,0.05339579,0.021883717,322.28815,-1.323168172341258
1754621958350,0.012359961,0.029992905,213.35432,0.3579457030427575
1828930206376,0.016182406,0.021727433,177.30768,0.5156019852561996
1735274707808,0.015954087,0.012273494,90.50329,3.238587825378519
1537144848788,0.0495932,0.042719513,220.41682,-0.3317328010364542
1640011879046,0.027718922,0.049412012,102.350075,0.1900603589684216
1529844636410,0.03755101,0.026901094,144.10352,2.1771300930362583
1795600357676,0.092072956,0.08940228,284.6575,-2.156594875496829
1867997035284,0.025249802,0.02330661,182.61067,0.5430413835388366
1419676685174,0.011440051,0.031456098,43.491745,2.1124206800172374
1448577582402,0.0419349,0.055210814,167.569,2.8819836927966787
1007882552764,0.0075853877,0.04216484,88.19997,0.5816000118076653
1244742443832,0.016496202,0.040996097,107.570404,0.45420931058178915
1394606969864,0.010723657,0.042326935,111.161736,1.332831747623251
1307302981122,0.049185894,0.061591357,326.94308,-3.3338119273857627
1027222546770,0.032240167,0.044816878,143.62195,2.7791088891797764
1491444195316,0.016123079,0.050295144,156.64694,0.9218638657240947
1084405152130,0.047083296,0.042285826,177.44885,-0.48792262733024194
1037409395310,0.0683374,0.062296502,310.0228,-3.2116908285439543
1414933340864,0.05721778,0.05104259,95.48221,0.36371116948313287
1352074158456,0.057971355,0.03338464,157.28249,-0.5494974806292415
1252996201674,0.056738336,0.17409162,173.68596,-1.2781832438748324
1662263704210,0.01693959,0.040774368,253.37204,0.12800142466637954
1614013465918,0.046880703,0.06982583,225.52605,1.1781034902546046
1654966616150,0.032739736,0.046699353,266.4011,-2.0386876469269497
1933427498028,0.041475702,0.0486233,222.11232,-0.4978399459224733
1862629181526,0.035703447,0.01363264,243.65826,4.719063798588353
1760386633258,0.007909899,0.041562386,132.97644,-0.03709477299190153
1658468332226,0.018319191,0.03604137,157.25172,1.6068384668593794
1978844474732,0.018817091,0.052592658,204.09433,-0.4430303204298122
1824848031216,0.11861934,0.036421157,260.07977,-2.771021312741258
1756595569872,0.009527795,0.028894527,77.899124,2.240064033318931
1612093428304,0.07231814,0.055671632,150.11568,-0.36022622729290615
1765774142078,0.042531546,0.0147501975,247.15857,-1.6171528280216223
1865789464874,0.064377755,0.09672138,429.7213,-4.063828668522094
1575609776228,0.037101842,0.035307046,188.33444,-0.06635879010868695
1680393795480,0.13439852,0.082767636,143.72,-0.6076578948394327
1774693858258,0.18163744,0.07094416,315.1887,-2.1636799452280373
1758493737078,0.012160724,0.014936843,88.257866,1.2007878856351515
1904229267484,0.018944414,0.07941098,310.31445,-0.7492861366753063
1851534681874,0.026725331,0.04891643,106.61305,-0.07002452214185118
92804904134,0.013049386,0.032572106,226.02142,-0.09981514304604244
478589561778,0.046325956,0.04643057,96.90038,1.2161720133640965
144905903654,0.01181089,0.035693467,148.59315,1.813476457442466
11850307064,0.06509804,0.14897749,196.92899,-1.0031701133470814
232216848406,0.022691688,0.03384609,184.4538,1.8996205986446117
33773198952,0.022802899,0.03776234,164.11702,2.1744167603751627
308731481814,0.035171967,0.04630043,98.717476,-0.9038253588528884
495116276340,0.03670148,0.07268514,183.58844,1.896669912944004
438257366610,0.017020619,0.03912177,101.810875,1.2038354333161982
74400387114,0.008892114,0.008007735,52.74146,2.5332040062566734
55038949988,0.03272801,0.044417903,48.62378,2.669416092597072
22339455628,0.048845388,0.020227741,253.6111,1.7568722244864088
711008531868,0.02348928,0.051231664,116.822685,1.4089361514405545
685606352406,0.031645752,0.038388636,194.0862,0.5462950032051344
578299914352,0.019910246,0.039095897,137.55017,0.12894467795717712
791355858356,0.07004947,0.013415956,59.499615,3.7235042513552385
746904721862,0.017023508,0.02146603,75.29355,1.680747259954998
912646936282,0.028111983,0.050988954,158.40892,-0.006228603761585072
876136169210,0.03755176,0.026233507,164.04787,0.5696935685535598
517356158722,0.037873734,0.069819726,134.22285,-2.2663243186881936
890744204590,0.028936587,0.04029649,229.04648,2.4628679291026034
785339081714,0.053548235,0.062351063,213.4266,-0.3557098131216328
866294964520,0.033424735,0.0471716,95.31121,-1.5542893419413661
729117479496,0.009853199,0.040160507,124.76837,1.379815082065432
809449586076,0.018476903,0.03107785,143.47762,1.845760692947363
804370853488,0.025872169,0.032725386,168.9228,0.18064808840718632
832633888734,0.006103753,0.012548897,176.17955,-0.43176411907278894
979646606606,0.019829605,0.050282296,62.372124,2.2638600951634023
706581900842,0.056562927,0.033664253,53.522877,4.6344546784010525
738352977134,0.07062991,0.04565564,307.72766,-1.795244883284056
509091795210,0.0672568,0.07905933,152.38637,0.18679390566722676
706272748540,0.013412453,0.054691665,114.81659,1.9149925767347156
604667204736,0.040171083,0.0654728,125.91371,-0.8900860682557383
762794784742,0.03333156,0.0741553,174.25018,0.6495733148984961
932666019306,0.012234567,0.035613094,150.91199,0.8419294798241643
213191175120,0.034649886,0.020723186,115.6278,0.5347519402075985
35049780460,0.054920904,0.056839585,326.63895,-2.8079423364671725
34414639404,0.041717693,0.024416931,173.485,0.28972638920256055
84916245798,0.049712434,0.047192223,158.92812,-0.012752017699315776
33474326782,0.06858832,0.05254871,363.74353,-1.5792546990484322
259228500904,0.07094002,0.061060052,59.170975,4.139058323318994
291929533166,0.007412264,0.042110164,48.45798,2.587651343080738
344963260826,0.021568988,0.03850777,231.08603,-0.9539634217369282
377025044456,0.013785843,0.01330896,167.3987,1.3322186788954378
130643837244,0.049390215,0.032017887,158.2058,1.7540486770070916
126503580178,0.02476613,0.023684682,86.67228,1.6060248961345285
88711317350,0.039366305,0.057344247,311.62515,-1.2163528195716706
44906510038,0.0053903335,0.025810396,111.45762,1.22756092060673
75715576194,0.06084585,0.05421856,204.96835,0.16818874912316717
190667946700,0.004599027,0.01295284,133.97069,2.951933054032282
371320017444,0.02626708,0.024988143,58.646057,0.6017578097622394
316086077836,0.06623441,0.038951244,234.28462,2.173720710949394
312901076126,0.010617113,0.018522171,46.399075,1.6277575362389642
239877146154,0.029522518,0.03048981,195.06291,0.19384619226584654
336404309308,0.016128786,0.032344703,121.348175,-0.21042389691463304
272907541980,0.029606048,0.02929731,240.50482,-0.3868973725472621
678032291228,0.018682944,0.04180524,267.6534,1.2496064129459608
997787757426,0.013235675,0.02280084,154.38725,0.9000000119723149
555810853458,0.03578017,0.040400818,274.56128,-0.2791442250538003
515797840404,0.08261886,0.1406195,146.3588,-2.9769192330714396
578990040302,0.053432334,0.050845902,282.19644,-0.13339981735524997
759335504220,0.017948955,0.0177417,91.482765,1.2318291530479177
895550046378,0.063048884,0.074451335,265.03818,-0.5751387340190829
922539020122,0.0113924835,0.039715335,114.85854,1.8453448394086673
502757901410,0.011348903,0.04105906,39.93332,3.4439493889856196
650718138352,0.13121355,0.06177558,267.614,-2.82502107386763
846325578062,0.027651567,0.021133633,133.68231,0.2593158945479803
992380997742,0.053655464,0.035591513,214.38976,-0.5182880447312339
964437675432,0.013768921,0.045242243,139.24522,0.8331661800820647
752974396274,0.031916846,0.036509957,158.2675,0.5243334893367734
802823045362,0.022948166,0.01927388,274.50208,-0.8884798582346873
839018435714,0.037537277,0.0639747,115.81224,-1.0687136297576663
543433145136,0.040089138,0.020550115,349.00024,-3.143484777987255
791087380660,0.014167746,0.02535763,178.28226,0.5473768702546389
25799139954,0.048918393,0.060011752,135.61998,1.4312968552032685
171227886148,0.045482382,0.07868253,184.41367,0.009188259956590339
152186690572,0.028235171,0.0750556,125.31564,0.888614361165442
99798890306,0.06515807,0.022318374,131.27415,-0.6155579845391406
307127278214,0.017111354,0.031234983,210.03867,0.10855703493261182
396355665566,0.027025519,0.023375489,193.2682,-0.38846910351824565
28997398578,0.00506451,0.050213896,119.7402,0.8236523656854533
267778661896,0.031466227,0.038136236,41.209114,2.715878737988602
404311809360,0.033119254,0.06592608,117.82591,1.2117802501011739
155349745730,0.025705611,0.056808434,208.80234,-1.4261949453528715
18181862978,0.009337488,0.06555729,112.020424,0.5306826674917844
427469753876,0.043627776,0.017995171,670.43365,-1.6259087205805245
143625949444,0.06748058,0.04407224,131.87473,2.0072273418691835
92831317836,0.0330578,0.009702488,55.749847,0.36127487572093897
171574211542,0.01669207,0.05345748,314.8743,-0.42397857741923706
56945208386,0.021056388,0.04491968,81.49131,0.7664517126400658
238878347028,0.009818873,0.07302191,293.56064,-0.001329309515227084
140143285484,0.0054359217,0.051013682,133.92575,0.5892101214627201
341446100656,0.011732928,0.015439479,26.403267,2.852678871402855
320177678910,0.02657579,0.077365935,194.87166,-0.5929785948895553
373518191878,0.006213768,0.029340222,210.46306,1.0242233821719822
450036353976,0.054340273,0.052991856,331.0249,0.12066797575447197
422735807964,0.009566464,0.0134198265,160.27744,1.1074241863464638
806266828184,0.01906255,0.036011007,123.20123,-0.08088144391273078
529095883056,0.0071627633,0.05993264,231.37503,-0.8915078908999152
604354826404,0.04044296,0.046618935,244.57391,-1.8323594549453925
531326763978,0.03825943,0.038423955,329.92413,-2.776719287338662
639922081334,0.01996882,0.026618948,289.3466,-0.8961852033743581
615448322012,0.014571461,0.04560206,132.5915,0.5359821931908285
722767435660,0.07925,0.03397849,572.49585,-1.524718111336907
554793107116,0.02593283,0.014592629,83.785515,2.6871355362191043
876131107858,0.026024273,0.031485777,294.13358,1.082582142977854
820872372430,0.013207534,0.05178759,210.01501,0.7843238582128602
930421257686,0.048844706,0.050832566,227.99185,-2.177692027389316
556719217786,0.013339881,0.074753076,184.0821,0.05633814384954483
724049184266,0.049056776,0.0200904,257.39902,-2.789488487810836
694849893760,0.012907125,0.034679335,149.73158,1.0464100655241935
937752037770,0.05925455,0.040921215,249.91856,-1.903379961708606
953946464750,0.01641112,0.07441946,166.8099,0.9414057735605854
882815282022,0.021485286,0.047593195,178.72447,0.2022260656745854
870436463030,0.023679355,0.053067267,158.8015,0.6019884488247519
912986360558,0.059448175,0.07978618,116.52075,-2.067778976548534
35374459578,0.035585333,0.019697657,150.43217,-0.32215636860475777
244942347290,0.018628843,0.0745615,201.89975,0.14756067746901835
350354148282,0.014468326,0.018879704,140.62523,0.5068285133708197
283360049798,0.07005538,0.04307933,222.23343,0.7955118740072761
330991804994,0.042451084,0.054251518,215.19775,-1.9799076573928023
46497362136,0.009985786,0.017561303,67.6165,2.43699291092631
44929267280,0.097174615,0.02191326,183.09755,-1.269022073636095
305913746522,0.014801749,0.032619096,232.34445,-0.4880308989457253
266235011394,0.017632954,0.014941474,65.54503,1.1424342452702505
70308213848,0.01522991,0.025594227,132.2141,1.0569872412959038
141426670768,0.054960266,0.054620065,136.929,-0.48784515736750705
203665379172,0.04604431,0.121256165,191.06746,-1.3059932667962273
323373896186,0.08110396,0.030259872,258.3613,0.3515507507278908
192880962478,0.019316863,0.028854862,161.3542,0.21048322074840897
76673732832,0.13101122,0.110192165,54.10323,-0.18229564737084814
598646497366,0.006509724,0.01719891,93.14595,1.8742431170345424
591980467608,0.060662214,0.038378417,212.46512,0.3960023899029549
658357418476,0.022369519,0.038057324,157.39,1.2932960533959978
553882503490,0.072677806,0.12176933,325.80402,-1.7042617394461084
779315301988,0.028562529,0.04008052,192.21614,0.04193278391587474
936814923874,0.02127188,0.0132587375,154.05629,0.5930635006989449
785670238390,0.009339363,0.02403823,162.25175,2.217770931299692
928231326226,0.013592295,0.02356506,162.15688,0.19563704951911817
623121116200,0.05904214,0.0371134,89.036255,-0.3347556873155899
513270914134,0.018651048,0.03685851,163.89844,0.5461370418761496
525651775174,0.029171402,0.020400334,258.58722,-0.8370198144632757
647255484030,0.0064773685,0.016380189,138.71295,0.8727307510841575
828250072720,0.07007525,0.099598706,122.58382,0.08717319453764992
875240437480,0.012796614,0.03292235,109.83857,2.0939895806135564
964143945548,0.03461133,0.080264844,171.74113,-0.9355319135047498
746925416152,0.0123287365,0.028469097,69.38284,1.7349136070439082
663745508738,0.032883804,0.047483355,311.18256,-3.384039843291961
808843101076,0.07206762,0.030451477,80.71798,1.6792744544085898
792662332106,0.021887032,0.057050534,51.353138,2.3444667653496487
822197967150,0.024562588,0.020927373,153.22499,-0.4724503281084975
934594352044,0.06456151,0.052127086,29.823362,3.053179099224432
843135790786,0.03609619,0.05319332,160.184,-0.6946859471644135
803767796510,0.046469335,0.04939912,237.7089,-1.2613294874880345
896486559814,0.033236686,0.023385353,93.66206,2.2351621458385167
658056179024,0.013047771,0.033047747,144.23904,0.7396155485247715
913966438274,0.023987018,0.020574827,114.373566,1.5494718556968166
1072666735350,0.044481922,0.030413099,213.17905,-2.306023539087189
1385747653494,0.10644294,0.053092003,615.713,-2.679695390026853
1470207595836,0.08057738,0.08688675,359.94006,-3.5347620986301926
1467349084332,0.030133836,0.051662832,235.87396,2.2885889889803335
1433683346626,0.041702345,0.12085389,216.61803,-1.4035782232210257
1066976423756,0.02969932,0.029989854,127.1018,2.0696200279737598
1131432781706,0.02363239,0.022224618,159.1491,-1.0278932579794922
1120322555350,0.010387341,0.022827081,105.22183,0.11357512820885685
1183192852138,0.021127734,0.08192851,181.14174,-2.8354988261228713
1278763573422,0.012476793,0.036661256,139.29968,1.2592938970688314
1438482837636,0.016849073,0.03771232,200.73686,-1.259491753227644
978692231734,0.012252265,0.035869252,95.66186,1.316736613731321
1142211226960,0.01473424,0.03720703,156.32423,-0.16020984797262006
1229851257812,0.084058225,0.053520832,189.01398,-2.343033071350889
1045690691422,0.0304967,0.04908068,506.9844,-0.4131786686083907
1152058605874,0.084324606,0.06568655,81.80282,-0.8379487237308507
1432424683082,0.019618202,0.041290104,263.65732,0.4843949055656376
1373370222204,0.05372998,0.047995586,74.08925,0.3351102223630662
1111422573312,0.069255024,0.042878535,258.5729,-1.9608090360225572
1095236889880,0.018959321,0.040390227,192.0943,-0.707591098777594
1371473241648,0.02365752,0.046751548,35.80623,3.239504357590354
1370837194160,0.023980657,0.08706437,119.31833,1.5280234572681652
1305745569086,0.02258698,0.0747114,181.74588,-1.4435951364526316
1492134344936,0.026939001,0.08667258,168.01526,-0.7020636998285853
1395604762276,0.013801873,0.04108823,123.45266,0.09632489127895925
1484202166070,0.0058659255,0.012007867,199.41663,0.20119901275991459
1719769899224,0.009863289,0.040607747,63.257656,1.0853526028228588
1907120458206,0.035765942,0.018190317,271.55737,0.2815304930578797
1994123081270,0.01759947,0.03446312,199.30208,1.4942142797195488
1599137599980,0.024184175,0.034360886,222.10362,0.2077815380574654
1663287198288,0.009371609,0.029288642,59.621235,1.6807665124861855
1603577286744,0.04362773,0.034230925,305.10526,-1.9254860584908688
1813793165474,0.012680674,0.031023486,210.0438,-1.1793041346846314
1640724808958,0.044307183,0.03885624,185.65382,2.6135200752386174
1723582131944,0.06773024,0.049614433,204.3127,-0.8554061760179689
1685816025698,0.02678817,0.012207092,219.63336,0.6611259745298668
1719485266348,0.015668122,0.05956132,242.95683,-1.097653429689677
1943649044636,0.024254026,0.040949196,187.47102,0.1833631673988796
1089545215510,0.042564962,0.050504252,447.18234,-1.2496968420325718
1287663937196,0.009926006,0.026467917,229.86688,0.3167674088698405
1150847644088,0.06662971,0.1372407,81.909805,1.6877737794169647
1267062709790,0.010541174,0.05744869,180.14047,1.2251159300478585
1130191280064,0.034650754,0.07338727,149.03922,1.2627577779575028
1154000870574,0.034478933,0.037191752,173.69104,-0.0688533565329561
1124463396412,0.0200283,0.06765994,64.898834,1.390848880442619
1402923521488,0.005367361,0.0125126345,32.308025,2.5894622260633016
1374987079402,0.06322684,0.056634136,229.79893,-0.500110552149427
1472476203184,0.10680132,0.07090311,158.28381,-2.2395042894255623
1011129596606,0.048053153,0.09946018,274.14746,-3.6401961582096254
1138144223868,0.011792622,0.019596124,146.3944,0.7805027894776738
1089236139920,0.012012435,0.05288249,201.18869,0.16651463136327838
1168950947088,0.09483357,0.059146795,128.99402,-0.3494341636251387
1454071659566,0.034236908,0.055788875,167.77861,-0.03812164574552382
1424231155664,0.0730643,0.09762568,313.84714,-2.675841387351764
1726811157610,0.0089094825,0.045381956,174.3338,2.317179508800886
1853172525270,0.017348165,0.06432468,281.08612,1.0958867410096955
1857618083384,0.02685426,0.06075184,286.49188,-0.12240643239930206
1749352810070,0.046512388,0.023715727,455.07825,-3.201450330861383
1968754140528,0.009597489,0.03699693,172.28075,0.7277581886139974
1681090922982,0.07959373,0.09544021,84.16065,-1.0549390901698312
1595372468070,0.008567253,0.0073002083,144.84662,0.5073351033170259
1667450340504,0.0274328,0.05222851,226.73134,-0.3946527579677479
1672216819830,0.023166409,0.024912756,208.0669,0.8007588386015774
1976402869064,0.01992572,0.03295284,137.29675,0.4337827215488569
1922091149170,0.084736586,0.051641617,256.10263,-2.3640142424868644
1541044571872,0.041061204,0.03387358,163.69373,-1.179714301478539
1717584154478,0.116106264,0.07426928,195.09575,-0.042616978468760836
1692195910046,0.07323634,0.01683518,251.29448,0.5280152536411948
1729029616322,0.001546189,0.029822426,85.71977,1.9250879273448698
1769662599700,0.03358727,0.09346677,169.31654,-1.5407385133590874
1659510905908,0.06575567,0.05175665,93.666176,-0.5678960538160231
1723333055556,0.024044989,0.049027573,446.00446,-2.7331010326111427
1846849871806,0.0049205986,0.040422827,158.39159,0.7922252559478207
1801751171230,0.00613588,0.024065655,95.1718,2.3970254830805007
1092675487656,0.052107286,0.028608544,192.40598,-1.4451530673621047
1037115283890,0.04524318,0.04783665,182.30595,-1.3387833255470263
1467341552840,0.022354322,0.045367084,88.88458,1.0190635205786722
1323830577618,0.14466536,0.10541825,72.451004,-0.4726235233785037
1046970726104,0.09200636,0.045368396,244.9502,-0.010956401449472963
1201927945314,0.0052862726,0.01606074,168.33224,0.4565182500087769
1303521494478,0.018097539,0.061291307,98.63638,1.4540481782965515
1239058559720,0.024570882,0.006962039,117.584206,0.9883058711370609
1450206461278,0.036801457,0.06684174,306.93277,-1.3655302578714141
1494666191472,0.071668975,0.05570957,90.85509,-1.1603276641067806
1352719985020,0.03836141,0.054062814,94.85421,0.01243247141085866
1305418450536,0.03596502,0.060917474,183.72545,-0.1374833539194386
1177160479830,0.006616861,0.01878405,131.6405,1.0946859120989734
1204150965032,0.009043123,0.05938745,171.45227,0.03446963615395894
1035233324462,0.043331373,0.038872413,267.5479,0.9305152609526576
1286073543842,0.052191664,0.07662454,223.39459,-1.1682759787146215
1342905567114,0.040230557,0.06533534,192.28926,-1.1808831757650737
1393695790068,0.06631107,0.0374505,1927.3252,-2.022838843560904
1350847473550,0.0572933,0.068669505,220.86201,-3.25839327805114
1514343408852,0.023868168,0.01793176,64.88255,-0.25520709236426675
1836948616996,0.012609397,0.059788086,119.23227,1.5197768029758274
1991888776784,0.0571802,0.03961377,157.34784,-0.09859330196978178
1545483956286,0.04225066,0.021210456,133.95134,-0.8386322865677986
1744885080022,0.02591735,0.04053092,263.85126,-1.05558357568613
1814733456676,0.026575722,0.023340402,225.4702,0.3514143595076909
1907141831374,0.090602666,0.010230108,285.7776,-1.6299748628772366
1952866677388,0.04517576,0.029038567,229.75233,-0.5966419784866136
1629280862152,0.00447632,0.015323809,50.061333,2.609406185159919
1713429331534,0.010069869,0.026249655,102.78454,1.846119413284044
1650233931500,0.0046890713,0.031071512,77.43836,1.100582597195014
1935376441794,0.07194178,0.123752914,472.12122,-3.9108386037991227
1897897037188,0.012288599,0.048484784,126.39316,0.4237702459793067
1687084445348,0.072697945,0.033785835,215.2343,-2.265663495497739
1575643241446,0.004726507,0.024781441,100.2198,3.0747067359078044
1633434300726,0.012947776,0.020273663,30.753998,1.949712884998308
1702024340796,0.007928192,0.018183129,144.04079,0.7043013367399855
1733134119900,0.021365482,0.035308443,269.65662,0.161000585799004
1827434333366,0.008655328,0.021663269,75.21973,1.6626953203892636
1849659397826,0.09010347,0.03175079,79.22435,-0.9926049761038933
1935718759000,0.004920877,0.039580356,107.99942,0.4541456007365382
1969995346210,0.012208158,0.010847245,136.07166,2.156693795131466
1143202369194,0.008508955,0.011933088,53.15986,2.16137414811179
1192105161826,0.013259789,0.04307757,130.26279,1.4279808969891046
1173996795292,0.029011156,0.017812688,185.53584,0.36718233927255517
1292115998526,0.018330246,0.016718183,101.13367,1.4266460059538557
1332121553416,0.020012578,0.05766036,224.947,-0.5501282380096751
1496926580138,0.024202554,0.09246398,125.43997,-0.12748465538026432
1096228712650,0.010576383,0.008249442,335.6072,0.9848118351559667
1122899409890,0.009891334,0.02207259,159.44258,0.38641689781353483
1420416481142,0.03222896,0.017067092,212.683,-1.1960592118428743
1289917374264,0.043813314,0.10560848,166.88803,-1.0470273921716495
1396610595890,0.016865112,0.032278843,194.77641,0.05102596334657011
1505188626900,0.008625991,0.027786737,72.80922,1.439077578118089
1479783600054,0.03363281,0.043326255,474.5703,-2.8349045959151327
1296901403646,0.040781043,0.055061266,336.04504,-2.2705830940750182
1509641668256,0.022342509,0.011927488,123.6865,0.681916366435397
1431531572394,0.010777909,0.026489308,126.89222,0.6485642120610968
1246070308110,0.023941962,0.016895086,53.881004,3.109951439496843
1254962405434,0.016809981,0.07091017,37.75394,3.3512277404052764
1290532912034,0.008562437,0.01857585,77.344124,2.326043531756588
1373728141048,0.065556906,0.028673805,190.11066,-0.4216142378647034
1384205091672,0.014731074,0.044739585,151.0446,1.0931662797971264
1207673899550,0.03242127,0.04517315,196.7851,1.4464479138015012
1246415649506,0.030927256,0.10243648,181.0822,-1.610784468140788
1499471705578,0.030642008,0.036815148,313.85577,-1.335324805148931
1514059227422,0.047454312,0.02410351,391.93338,-0.1237968477164404
1731880241030,0.023664443,0.030526483,296.451,-2.8786246859174223
1943979493608,0.078820564,0.037381325,225.76733,-0.5743354353422039
1718566602444,0.021326086,0.028454563,70.763145,0.8981516826038493
1812547533436,0.017896647,0.024970803,56.8347,2.3424372356796326
1869080381896,0.075691745,0.071008086,191.16212,-1.3624860449573437
1548682290540,0.022384008,0.0258674,64.911995,1.6431761377321144
1915083487472,0.017399905,0.013773869,158.33585,0.6985263622299736
1857302886314,0.016018525,0.08447002,201.449,-0.9063458099688089
1782057702462,0.033919685,0.018274592,120.81078,0.1959956453576246
1539166544734,0.02592473,0.018297246,177.3513,0.21382662363194915
1650623019458,0.059525713,0.032836955,230.98091,-2.8743342943476957
1650306961848,0.01870408,0.032574948,159.10852,0.13025778302051022
1911307594328,0.06761691,0.078680396,106.3749,-0.028977875074827852
1930674575996,0.018002376,0.015572752,66.594215,1.7972949860222343
1976084068702,0.027583824,0.052668415,179.75224,0.5733251203335483
2084211385538,0.019629437,0.009860896,219.39992,0.6672914492041718
2125497427486,0.021159638,0.073624045,213.63962,-1.3355412815151297
2394429458816,0.02220211,0.05510551,84.04013,1.392010926541876
2067083575854,0.015168245,0.047558848,211.23607,0.05660738878063987
2209658295758,0.0036154962,0.034725264,100.33489,2.639477008332194
2064221108364,0.047953103,0.06710915,327.989,-2.609595410288817
2283005919802,0.044215195,0.059489835,121.10348,2.752777192881577
2497016139364,0.024966458,0.04539542,158.14577,0.8253121405901416
1984506705296,0.053590916,0.057948176,283.72586,-2.0574362811931084
2182651482424,0.012282248,0.048599593,231.04027,-0.505803546327827
2071189918296,0.04548694,0.017979912,224.76158,-1.4811417246555239
2150580174148,0.08378398,0.02392457,359.29004,-0.8882341290952179
2353783953122,0.028864168,0.07657228,122.237076,0.2822766596726468
2361727522278,0.014152786,0.039289314,128.65088,0.48884976520109086
2175687059210,0.076394655,0.033474065,37.78341,1.2155762635835714
2168693632224,0.01746756,0.047494628,51.71671,2.3153345498456086
2430018487896,0.04205458,0.02154495,123.10603,1.840298224086204
2314429818236,0.09919403,0.0644952,185.01724,-0.783843779590172
2355709611222,0.04255072,0.01668913,342.29254,0.013440552652188242
2602081364498,0.031501703,0.025148517,190.63675,-0.5323915212795048
2633526932322,0.110850796,0.01843626,205.17899,-0.5062429773824222
2737992046036,0.0136857815,0.026673235,109.07497,1.0762017056717117
2684330788522,0.036726177,0.07121536,177.90205,-0.11458867126652394
2937382081296,0.07567605,0.0614085,937.20325,-4.42367168566451
2674490843076,0.044091843,0.052166134,149.9358,2.5816135333517916
2699907764348,0.042497557,0.029331071,59.428932,0.939546616328127
2654805007114,0.022024347,0.057908628,106.831085,1.3883730579994376
2643696494296,0.033275947,0.038956843,179.32799,0.14617470540214567
2665917854616,0.021505179,0.05389637,178.63235,-0.18921692448560615
2817387821936,0.039063204,0.06925509,384.82596,0.5995030010979762
2761502689216,0.026834434,0.011406487,146.33685,1.485237262938135
3001867445736,0.06844115,0.040388256,261.31458,-1.9373089004433997
2961859094494,0.06788227,0.03995048,163.36174,-0.21409838913272605
2717973066726,0.075293705,0.0366893,271.66116,-2.499368604025395
2741153135900,0.0076777376,0.027520496,140.08203,0.3397242235516371
2709097425602,0.069212,0.07910671,234.63155,-1.6730653127583728
3003749911986,0.01986897,0.051458664,47.61468,2.377594862502778
2982465564576,0.023980645,0.03874473,109.33056,0.18186214938106554
2606547915328,0.057644058,0.048618957,173.85114,0.23979520727383663
2969469445282,0.016564887,0.029690847,220.48018,2.0060489536080905
2972647972170,0.060540687,0.060370214,247.31462,-0.18149171123699648
2835486564768,0.041594796,0.014634526,164.73097,-1.188564873140173
2078207964120,0.00998179,0.0024802207,283.61636,-0.10686448045332964
2055680524900,0.042781953,0.07622671,351.3325,-2.3703359377840267
2041394393248,0.042697497,0.04592944,289.07156,1.4902484346901888
2193792023666,0.07458895,0.07640093,220.06,-1.705219576311436
2250952453100,0.030600788,0.066083945,188.76846,-0.2705460908149956
2328432953126,0.027878102,0.03852743,56.354004,5.9268511391891066
2048081414596,0.022317244,0.023074307,247.57822,0.056565160376587514
2249065501606,0.019858351,0.007133304,205.84747,0.4948222679640974
2054106130880,0.04920152,0.020604182,554.69867,-3.707442323316883
2162695148132,0.019879011,0.03437671,183.32474,-0.7226177011251091
2123957053096,0.019465044,0.021997534,34.349453,3.9480350555954344
2089352589562,0.020372842,0.03505376,252.23387,0.8000708572627894
2165559934672,0.060604837,0.017184887,269.39005,-1.4221263657549348
2491959002930,0.044069067,0.076847136,355.0134,-2.6880775826447882
2378934558942,0.025082441,0.059171595,186.55293,-0.19954336225909278
2170924512398,0.02637931,0.052946594,229.12875,-0.08309203689121136
2352555023728,0.019240761,0.059869315,169.28687,0.8024893313248108
2287456796590,0.02348412,0.046935644,215.0227,1.6871806769021398
2328109714000,0.01252184,0.039863445,182.92941,0.9879626034982275
2137605852632,0.030457424,0.016867725,118.002686,1.639831980339851
2163970420492,0.05184307,0.056386452,3114.365,-5.587698882777392
2176678200846,0.026478792,0.08076534,105.8058,0.6442427407189374
2023631873532,0.0033660945,0.04454421,42.311523,3.7534416125888748
2137297430708,0.11485874,0.07605951,214.75237,-3.437434034903073
2404642995948,0.0593083,0.06517416,243.39868,-2.1290304426881534
2659906746506,0.015969452,0.048024718,100.050575,2.0831208229620817
2626259001024,0.08895497,0.06571809,218.49922,-1.1695389374560736
2631657018030,0.03821723,0.040270686,190.54355,-0.6073516358893005
2702146785814,0.0049809236,0.043329738,94.281715,1.1214314853431488
2838672245120,0.004178712,0.02196934,40.451565,2.54463860920354
2759942154098,0.008814958,0.02883644,182.83174,2.250967630023713
2632946702562,0.14355378,0.12533285,104.4973,0.4647819831149861
2659306532822,0.035739373,0.050831564,110.92626,0.01816416750502403
2707564961948,0.031817343,0.046888955,170.98402,0.35464297756847185
2733288693700,0.030479511,0.07495472,229.18535,-0.13017910247347197
2832348810256,0.023592021,0.020586772,130.62791,0.5498595229393466
2978089607980,0.026818467,0.019921962,250.17795,-2.209671923540016
2557036063750,0.04023984,0.039706483,237.60588,-1.8654846111123375
2619590099928,0.018383915,0.018373746,108.0318,0.9248835821055412
2849474680300,0.024351982,0.034184143,141.78409,-0.777102481343078
2640239357522,0.018884195,0.027606932,110.27924,0.5840885227589552
2541177401972,0.10518202,0.05955358,151.88213,2.645998490576203
2711696376932,0.014988179,0.039329026,89.28855,1.0328066412241352
2821239768710,0.12777543,0.12583518,297.95618,-3.6088975670428196
2896486793462,0.06003229,0.05661094,170.90912,0.2893422535613347
2013415190256,0.04825608,0.023995034,473.6799,-2.555988046108835
2338859782544,0.10834144,0.009438064,206.69664,1.2168251767112066
2340147578460,0.0804669,0.07467965,353.24423,-3.9833506558833665
2300469271682,0.036696117,0.014819639,193.56676,-0.39831699158512174
2283643509276,0.08532946,0.011825908,82.80735,1.873954145784213
2213764111456,0.07469664,0.054239992,416.84686,-3.011727438624063
2247424885766,0.018742144,0.009421697,42.31382,3.551594030054273
2056584706736,0.026138725,0.03198072,214.94588,0.4865680575718805
2452207444216,0.010185665,0.03140885,144.61165,-0.49137133431952495
2257900223692,0.12769766,0.027195532,200.95645,-2.0517437299187335
2184248939466,0.008937518,0.018798212,197.04497,-1.179721935257126
2336333433886,0.03233098,0.056423426,160.23749,1.358484830932106
2325234648330,0.012969354,0.043124367,65.45261,1.6662181593858296
2414132815538,0.020923007,0.054711644,171.55328,-0.6786798367457325
2544612112814,0.021499608,0.04931889,130.5523,0.477638306821938
2555097908830,0.074543305,0.040907968,105.90925,0.18565310781039124
2789102058750,0.09856888,0.023212517,124.97071,3.20932297501972
2751327511440,0.020572407,0.04969549,157.30815,-0.232393902350013
2950407360694,0.010562258,0.011642492,145.669,1.287452332521112
2878330698780,0.03971285,0.065279365,430.39713,-1.6092886098903136
2750700233600,0.007509112,0.014598053,178.24939,0.5681573718883564
2861834399916,0.03490477,0.054811798,96.71425,1.2220382978132471
2765632619776,0.012984765,0.042387765,384.89777,0.5160992227886726
2711627231182,0.01705205,0.031222539,227.09943,-1.5943795843098267
2654166746586,0.010696817,0.04413625,105.79021,1.4005514547729447
2875785978456,0.016594712,0.02454517,260.39496,-1.1691907926048812
2917390851342,0.1004581,0.063374445,233.18108,-2.1730214767531866
2936122742520,0.05708691,0.08590562,137.83484,1.6453114696532452
2838024206444,0.01768141,0.023823742,158.1836,0.8697471933500485
2886287977334,0.030739969,0.05803439,89.3516,0.2730347094313912
2870093248270,0.03653565,0.044733662,182.53157,-0.7059334384405741
2824995252790,0.041661046,0.023212912,167.35211,-1.722579894168598
2182686790172,0.023728563,0.03921311,180.25763,-0.7696725303674294
2303647444896,0.05170946,0.08161843,153.29294,-0.5860915765439116
2437647360822,0.0109522315,0.019249182,168.11674,0.2070261126246769
2490682928024,0.047170505,0.017184699,92.85024,0.9226403931709486
2330341955712,0.0082383165,0.039207462,103.90891,0.31532951259610575
2315738833770,0.013322692,0.035971195,124.3615,-0.4891369634070134
2496720824116,0.08969906,0.020433677,66.97681,1.1542743577348025
2264927923194,0.01875877,0.053523213,221.47287,2.2363026418439604
2057251775950,0.017736437,0.044173516,175.27477,-1.2984972533496264
2167431064938,0.008862503,0.05071234,298.38687,1.3087404774444567
2006142295420,0.0356055,0.078422725,708.9244,-0.7905971680917636
2225551084786,0.006843111,0.047426607,162.9371,-0.02655974222293428
2490995813084,0.044141967,0.07862154,234.23412,-0.8527338344874036
2468459604192,0.049607936,0.03366558,207.98724,0.6331382882974477
2472897853980,0.010105163,0.035025135,179.59155,-0.8428953665055086
2230954871110,0.01270609,0.02218851,56.29457,2.384943470561341
2157620074094,0.09198809,0.039035,166.00865,-0.8933573578706648
2011870960850,0.011825286,0.044588715,148.29626,0.29162468308241524
2081096116982,0.083685406,0.02538177,107.64232,-1.9634409633890106
2229370976520,0.016731383,0.022602512,67.55089,1.1100414638092588
2366537548742,0.09190634,0.035438742,335.2628,2.2065414188125514
2331622621740,0.030578151,0.07214064,140.7314,-0.34996417319404227
2494498084586,0.05464477,0.013540552,220.5296,-1.3080846556162986
2685638922912,0.023536924,0.014460597,141.74808,0.17489637111847794
2622453350518,0.096291944,0.07982601,186.56339,-0.9777985979207635
2632612328264,0.051288303,0.05108166,218.62369,-0.015158722705240157
2925998085550,0.009148862,0.047788728,295.432,-0.5276865876181256
2905046452772,0.021119907,0.01302787,194.52788,0.260467240584508
3000931747594,0.015959395,0.040555578,192.8249,0.17124518031345798
2521182765280,0.02849513,0.06383127,197.65938,-0.10856236808327811
2540863109272,0.028668184,0.06322883,135.60254,-1.5882688578009785
2654858610632,0.087454095,0.11428234,126.962166,-1.586806254863784
2925701002994,0.008055278,0.057687905,236.97548,0.13071271834573062
2714518930868,0.09742938,0.020369207,166.44794,-3.4819640889141614
2578310260786,0.049823035,0.09844695,118.82473,2.4124863796593266
2560852910450,0.018505901,0.04933522,186.3273,0.22156735780033618
2694210630162,0.00996602,0.038746774,173.02357,1.7251708263056167
2992032949080,0.10347,0.105781764,85.40013,-0.4531246007728411
2760572586928,0.15296419,0.04699421,225.27757,-2.384435316980632
2791055414194,0.034039453,0.07517243,188.7678,-0.20782999509999114
2897111277322,0.03550577,0.03699164,264.48468,2.4889612195838384
2498631009884,0.009912852,0.026369289,73.31783,1.4602963034922183
2705345500850,0.049045775,0.0928009,168.68613,0.13268514837919287
2769789133152,0.038195677,0.01862496,611.96967,1.669633228625222
2879330635900,0.05991336,0.06773316,226.59544,-1.3538841553878354
2921577402104,0.015357756,0.018688288,93.40087,1.3981307018817926
2914907895828,0.07768105,0.020708537,234.45766,0.3218958884853508
2994850530752,0.014586904,0.049735762,147.03815,-0.4163086576472517
3238705915902,0.07187557,0.04040427,199.9116,-1.6510704499428095
3237757640022,0.02332466,0.023912583,227.82425,-0.2625491500930023
3357141707006,0.056157604,0.016443465,187.07431,-0.9205940147625591
3039964907110,0.018714383,0.02496817,43.533108,2.3752960991267393
3069185516060,0.008168883,0.039803214,58.88941,0.8926131782069362
3279385267764,0.016402202,0.035376262,180.75055,0.19130563180088622
3245692012218,0.02998997,0.066215724,257.119,-1.3484900966370592
3159971365052,0.0096977195,0.011561125,66.60579,2.5510638423726837
3309837478284,0.028782813,0.016060641,184.98843,0.05195947201642373
3468909631696,0.034071226,0.046676207,126.88641,1.4384828892290107
3379079695192,0.029098958,0.031897992,122.879814,1.2221193926782203
3371142072922,0.063847326,0.08263036,203.9532,-2.601879811681073
3445130281626,0.022470316,0.036946572,196.64978,-1.177182637718569
3539415146620,0.024255984,0.06978626,59.412907,0.8058080998677415
3663557075078,0.07616398,0.072530344,222.55548,-1.0956285666748329
3661657575172,0.048535444,0.039665442,100.405624,0.4666782501636254
3523218552840,0.01900766,0.034664236,138.69872,-0.6911463189276555
3844849983226,0.07036328,0.011292272,281.1821,-2.435784086240228
3562597256776,0.02128649,0.09287256,376.71658,-2.773836480843162
3587049044088,0.013694562,0.053631272,101.55214,2.0939370488208584
3791535375698,0.15098116,0.0907765,146.71796,-1.4133791336360684
3855047162720,0.025626972,0.060772903,152.6365,1.3870916158431945
3876003432344,0.07478454,0.039420117,308.60376,-4.795917221177637
3916647404670,0.033337872,0.043482445,217.39316,-0.6984213252054412
3535601103236,0.011558567,0.038727045,143.0782,0.2416475985087647
3701975056068,0.017392257,0.03837259,161.40042,-0.9139041117534923
3744843684522,0.016481644,0.03341616,167.28494,-0.5282100513045598
3649590859844,0.006754036,0.020809429,152.8061,2.130641619551045
3949631962190,0.016978763,0.029941741,201.16162,-0.42004432111946177
3831844718030,0.064752676,0.05603282,84.303566,-0.892040400704627
3863275745836,0.07267037,0.028464643,254.77849,-2.558758598261362
3673423103266,0.008697433,0.06392104,156.82889,-0.2421019828998064
3687715435616,0.030927874,0.040686067,131.3496,0.2461650253488765
3956969194366,0.03848326,0.021987831,447.3335,-1.9793212880415016
3808998197316,0.019677626,0.04257514,244.47467,1.0128761564412574
3120312661728,0.011351714,0.022265239,142.82812,-0.1701242477310761
3210502654862,0.02717991,0.024475873,105.984634,3.7825041886939417
3171757278182,0.101235755,0.078089975,449.84442,-4.950955178625562
3332107826428,0.06086155,0.12905505,120.49881,-0.35792520500612024
3009833467366,0.011908296,0.023071213,154.83835,0.6468784649838287
3084133475396,0.022335015,0.03704367,87.92997,-0.40183973056377753
3050485653720,0.023190424,0.022990255,158.3258,1.0554933939670148
3034928485606,0.048324198,0.031689897,138.13364,1.3895630325066615
3116849930624,0.008706056,0.02166152,213.46759,0.9416994072048084
3311477946228,0.052230526,0.023474619,143.01569,-0.853646573598501
3470239660004,0.028850231,0.017721033,66.40783,1.176654123602086
3409925072618,0.0026786784,0.045696475,178.8278,-0.45510103583939543
3474687990124,0.022217518,0.014986644,179.54736,0.9289444201172675
3511816991362,0.10681156,0.05134052,279.71317,-2.128869435582127
3060965730488,0.012694516,0.02771274,77.32508,2.2016473700657033
3242905874696,0.022655843,0.04251299,159.19257,0.7546888699477681
3215269111108,0.021770446,0.047845032,241.00227,-0.49548545061160487
3387998302964,0.024311874,0.03521256,98.39483,2.5105045440268694
3451511249196,0.051510837,0.057867903,214.9964,-2.0250394523006596
3292434888500,0.053008478,0.04203807,233.0904,-1.0315794003375376
3572776115900,0.08849002,0.03915655,475.14856,-3.9959678685142457
3700735820658,0.006679091,0.023844818,142.6708,1.0152527617351228
3718530044368,0.08669719,0.022631578,267.26752,0.7930605628993084
3862992495674,0.0410483,0.046700917,106.47806,2.894698850793785
3864576921556,0.07396864,0.031842344,182.46866,0.5508443957106334
3768689082176,0.027958691,0.059318975,174.99608,-0.8450261745724036
3737255559656,0.012049635,0.041115534,121.96037,1.4567455354888201
3512159886028,0.024023864,0.03347957,323.98972,-1.5537211999199276
3883659293494,0.03127139,0.023576804,200.39474,-0.22920078056408089
3866180825742,0.024660356,0.025462536,204.71312,-0.523428686236032
3756022730116,0.007909293,0.0165714,104.420105,0.7458604933467553
3941772837792,0.019961586,0.028250339,109.58806,1.1421594318082835
3560393569530,0.012201198,0.025560059,150.46805,0.6114563656561126
3861089242076,0.035349134,0.05905457,48.209015,3.886016638541088
3557557284268,0.032870162,0.023759384,278.50067,-0.7797006209026857
3641079131082,0.009835155,0.05895671,284.73755,0.18278632256802207
3184411989182,0.06942776,0.03841902,111.9862,2.531564091420171
2998677027202,0.01402853,0.07149203,156.4327,-0.908719894416576
3132027489678,0.031570625,0.06047734,274.05573,-3.45863951893679
3034546607324,0.01274032,0.01278134,92.97885,2.2821790483155935
3178059977408,0.05125484,0.023902765,134.77388,2.929706010058757
3082813427776,0.03079543,0.029368619,240.38275,0.9431720666421782
3246975954532,0.10797053,0.071675576,328.2616,-3.4673557993343795
3266340617810,0.01570405,0.037471253,157.75858,-1.5448729804926797
3197124357286,0.075200476,0.04735522,109.947105,-0.2445612508478744
3313647669612,0.017974822,0.034158796,190.44,0.05138234656122387
3374641901000,0.0070600184,0.017300116,304.58765,-0.5146975614150681
3320964137800,0.012514528,0.027383031,113.11233,1.0826141066282426
3377180045710,0.018535187,0.035826094,92.8478,1.250875692550435
3064391900928,0.013226887,0.032824807,131.80135,1.3617062449173005
3203157062052,0.032653984,0.097100995,149.02718,-0.7758840583495081
3331421835584,0.023891652,0.07810488,55.234882,1.8047247502310881
3200314350750,0.02246669,0.051900953,149.7675,0.8499222037349671
3467655933808,0.018906277,0.039194837,197.0176,-0.3014361839107258
3259379722614,0.03968647,0.05367609,447.7691,0.5763086536768407
3826760569024,0.024695223,0.008739313,103.05618,1.0315440447441298
3792143607062,0.0205791,0.013429114,68.08147,1.5027900837753028
3789609193106,0.0027325894,0.042670365,202.83978,1.706948013567626
3955668045050,0.04090015,0.057882015,403.53696,-0.8932898738642481
3569917356960,0.084892645,0.057874743,198.09894,-2.4355998080433876
3814719606266,0.027570244,0.038320657,284.3777,0.8018069069964283
3694031389452,0.050971836,0.032891307,283.5842,-0.8965354502923439
3713729800778,0.026602266,0.060967788,390.5398,0.7406120359472433
3607350874666,0.018160123,0.05891564,116.54236,1.4450199769190535
3682280781746,0.02188987,0.037832595,155.63823,1.0229737139486137
3662294737116,0.018023366,0.068558484,164.17136,1.3439898100550234
3707379780310,0.024438411,0.02779875,122.415184,0.33391303118114024
3808662761992,0.033944085,0.058402695,127.068405,0.8708933986413816
3687389098242,0.0073330197,0.03389291,219.27611,1.305412417503486
3750902119780,0.014103075,0.017581793,184.70715,2.1167208100655
3516877960826,0.026929913,0.07432919,211.18832,1.3757647897517513
3776610983066,0.032299403,0.040947326,310.75293,-0.03125064228274932
3872494538838,0.14989688,0.054771733,189.39299,-2.8536375682234905
3954420646104,0.04300987,0.063947864,110.94474,1.473857206048003
3164143553656,0.015137635,0.009141427,170.08914,0.2153913613031172
3282584561532,0.038754046,0.07178447,137.44386,0.5666980780221186
3245447347094,0.023162324,0.08877325,263.65173,-1.0551771931736162
3327677443088,0.022668144,0.013749269,231.88411,0.9879194297855347
2999022571160,0.0074559534,0.039758183,184.84709,1.4337075215255188
3424493878038,0.12942144,0.030660048,-101.0,
3427364737552,0.00668243,0.02960374,67.91147,2.4871593020827563
3488958099896,0.018118067,0.04507113,106.23423,1.582164383421686
3026983659936,0.015571607,0.023799429,217.87762,-0.4584601791034062
3134619563086,0.030147342,0.056221876,120.94153,0.4873003957928366
3223850520542,0.059459884,0.008193806,221.39116,-0.4906691808621987
3120651808942,0.014901511,0.029938312,181.20778,0.8097641334337549
3159386149238,0.016927617,0.0473858,82.93394,2.6784087381931223
3265449319334,0.039920907,0.02325884,210.8036,-1.4793704077354572
3596922784596,0.03499488,0.06495961,197.60579,0.44646075130627877
3592787112664,0.049515974,0.0642954,267.20154,5.582436722912785
3749324472744,0.018598123,0.031811778,88.89781,1.5501375775125203
3961756086918,0.020401286,0.02067089,136.20107,0.899218482604415
3680751491588,0.030778397,0.022361925,181.47533,2.0876074948612775
3627094593474,0.0092811445,0.075890794,224.32332,-0.9050859455451811
3615041584618,0.062337887,0.04311646,188.1112,-0.7633823102391541
3528988801718,0.036714934,0.05771417,254.56422,-0.509097262716928
3995421120900,0.016931342,0.09185595,478.2512,-0.9566122585759309
3794434160730,0.07953842,0.059337266,90.972176,0.22305225406696644
3687403008098,0.06121712,0.046752855,197.02628,-0.3236350034890137
3639156146380,0.026239583,0.02663356,68.77357,0.8435648085193896
3724233640878,0.10904401,0.016162183,214.99905,-1.5965982508586678
3979535116898,0.018012017,0.037322145,69.5809,2.3789739235810314
3973178947272,0.009245174,0.03219672,112.52008,1.0016928777795282
3631226639370,0.0045234626,0.0255572,46.68811,1.7021355161502894
3530577763834,0.027335413,0.014493744,228.94548,2.7986511736570536
3715690033442,0.047894076,0.13629855,190.9476,-1.8061320566989683
3673465115166,0.05728261,0.030571522,272.6163,0.7177938557327019
3602961311446,0.018176159,0.023785718,72.18113,1.3440810993985317
3750604886492,0.06357928,0.07165869,200.95267,-1.4374676231414367
3823962438416,0.055435687,0.0805756,178.02103,-1.5377609068693125
2094445886670,0.0059318016,0.024507035,77.240036,1.9784621599324188
2159547214042,0.023919348,0.043190293,245.72557,-1.282941662855985
2093494638106,0.010733349,0.02316777,225.10002,0.9431316093540852
2214472706298,0.016431024,0.034312118,147.72762,0.3695762396385063
2265905401418,0.012650371,0.021118447,115.82972,1.709666715111076
2242754463678,0.016377954,0.03499726,112.283325,2.191002704626604
2117627494048,0.0067439326,0.040576205,77.87707,2.789379351019158
2005236376532,0.011187194,0.04717678,141.42825,-0.3145686692807383
2067160159592,0.009478747,0.010335274,198.32365,0.06716482023742931
2020802794488,0.061104156,0.045678448,167.2255,0.8150162697173786
2453586989422,0.049846254,0.063868254,327.42267,-2.732282710649065
2543745204204,0.004298638,0.018113885,123.25523,0.11674291546281834
2578992116762,0.024272822,0.033157963,102.48327,0.13754455063637683
2571690744562,0.09166441,0.055967927,198.68555,-3.079348214810335
2737747908302,0.07224535,0.02658104,320.093,-2.9022969488560353
2606291327560,0.03055939,0.030293118,108.05431,0.5483810802652713
2929203749468,0.05961551,0.05030596,121.551445,1.3108259954572885
2861579674918,0.021823112,0.0212849,128.86766,0.876678649382644
2827611183650,0.010372684,0.03790454,212.65965,-0.3975601421003535
2890165119288,0.034389853,0.043502152,187.25893,0.30901242570497456
2612662794334,0.014296807,0.049999613,138.24138,0.5737248224877262
2567572813264,0.02967012,0.023599971,380.53592,-1.7738905029321654
2746969420882,0.015963798,0.064342946,397.91223,-1.6082011724805354
2975899046774,0.037446234,0.025799988,254.40723,0.7577546018826138
2790470719298,0.010077222,0.019756816,170.80771,-0.46148238895448807
2609464059556,0.015478926,0.03367152,105.055046,0.23202051941327873
2675836626578,0.017298263,0.013387836,106.267876,1.034621115290641
2849509532314,0.013088995,0.026634885,156.92844,0.3186083868880446
2832682963478,0.013666321,0.026746195,52.84019,2.8888291183143604
2972085608388,0.020998178,0.046348482,201.80896,-0.5826175606699232
2590428232036,0.035860665,0.03616611,189.2092,-1.6640100257449904
2822220073574,0.018271422,0.025582286,31.714464,2.8929077881150045
2784127274958,0.01219463,0.035352867,58.688564,1.5379697124926723
2819689994870,0.077867344,0.038547754,119.32835,0.38480242120353375
2128791092714,0.1389174,0.077934586,204.10434,-1.7821053324866167
2041145670176,0.048367552,0.037799537,153.21176,2.971620382191137
2021459757792,0.036042225,0.047016006,201.70604,-0.026564552679303646
2164661882760,0.023450512,0.0267009,133.23624,0.5296342276134791
2082433324966,0.01906138,0.03948783,161.43187,0.583151691916382
2278013170382,0.042407364,0.07716462,154.44598,0.08702777120594127
2359931918858,0.056012344,0.035319153,195.5934,-0.9099444212990238
2200887788826,0.015807664,0.021593144,116.24203,0.7750253764729327
2118321401016,0.14825201,0.034181308,327.69153,-3.951895945748885
2056731592634,0.036536753,0.03003719,141.7592,-0.18727589124319774
2007520277010,0.017641334,0.035202637,193.79025,1.0455797469270147
2154843987430,0.0354801,0.024896475,191.18611,-1.1955563650254621
2120236575646,0.030377096,0.025304481,104.03313,-0.9507667158778147
2359313889114,0.07917831,0.04762818,202.34747,0.1917611582306841
2206888162658,0.1063526,0.07353867,100.01523,-0.12760284142732237
2112266497570,0.05945516,0.030721864,175.27277,2.2256667862582358
2369471833612,0.023840915,0.051370848,2334.5632,-2.5512035279914445
2091966007002,0.04948768,0.033796858,73.213005,1.8777186503358623
2155477340004,0.0608968,0.031790063,452.8713,-1.9628479086641866
2115142649578,0.019173607,0.020884253,141.35979,1.0901673886068064
2302166817254,0.023904977,0.04548918,257.86392,1.3688900037262914
2312649261004,0.024834195,0.04579239,182.31529,0.762033639739303
2296142152664,0.014301628,0.017997615,184.67982,0.45628977213685773
2602838700130,0.016857134,0.051806815,191.9657,-1.233072458016487
2593006693620,0.012925122,0.032913134,33.872543,3.3507099089038896
2627599389954,0.058279857,0.058835536,234.30391,1.282154284460251
2695230393808,0.03467033,0.05258914,244.88538,-1.1157279226780024
2818122375756,0.02459896,0.02253968,150.13834,-1.601543830002063
2980375851632,0.042406205,0.008826399,148.25316,-1.1148029884005566
2872117635230,0.019049514,0.035722677,140.17941,0.12369046654784575
2646344082794,0.013909375,0.04668878,123.9477,1.5877729337171735
2915917327816,0.03328051,0.036671657,115.095695,2.3621505027297167
2918136667808,0.04313157,0.07519902,214.60187,-0.011140677179185543
2698754489252,0.021149436,0.016805768,227.37164,-0.7524846409662481
2727653547056,0.0100879045,0.015135809,235.87178,-1.1487500452936434
2858455632654,0.022502383,0.041650407,186.82236,-0.23877967558300753
2882903387410,0.024846582,0.06737972,344.32434,-4.096285179785612
2911815750688,0.015653946,0.063685246,137.4734,0.6297213247874934
2768611333702,0.031621046,0.061471485,166.40994,0.27704394595001497
2087152179362,0.099775836,0.021748649,178.3828,-1.5087649794554407
2151923587874,0.026278477,0.0339241,170.84706,1.4778693226321158
2336081079210,0.025499238,0.017843988,226.6923,-1.245631805040158
2487232872264,0.050872188,0.0232407,218.09465,-2.900500462950421
2293526066964,0.030676154,0.012014785,149.60605,4.442313088402634
2413554019904,0.008044967,0.03992474,157.18607,0.6979469689374507
2498024520380,0.016902415,0.014065658,57.958576,3.183327421797132
2155433241270,0.035134304,0.031040795,246.59991,-1.8811204773242256
2125914465492,0.04416891,0.060242943,156.81789,0.467010764081907
2108120922760,0.026573746,0.068732984,132.93164,1.0311981582610166
2043959833808,0.014632452,0.039031465,121.779785,0.39379142262566064
2217960617054,0.03012362,0.051189855,181.50865,-0.2170232503591668
2215114630384,0.04878969,0.03735792,122.909966,-0.3936392825691012
2187164529748,0.028826578,0.05194172,145.95493,-1.3995013757835082
2308148519090,0.0072182426,0.04353836,95.17092,0.858904622943349
2464355583564,0.08497817,0.074225694,385.56293,-2.8477541405257227
2364657428722,0.043263026,0.020343892,101.58674,0.21957338056276354
2402447045856,0.12894356,0.032522332,442.32126,-2.867218870094196
2255452976012,0.010386709,0.03657032,97.92683,2.488333122832386
2294824497576,0.11063507,0.06518628,207.07938,-1.38167280430155
2308157894286,0.022822015,0.015893454,309.86307,-2.8153575435021088
2576756804110,0.013946083,0.024470907,221.37051,0.2351041278135515
2726642700888,0.08434863,0.039126687,191.62346,-2.5668289698480287
2686956857746,0.017929964,0.027679943,247.97925,0.7215626633641697
2634892926932,0.09792279,0.008477368,229.43137,-1.808657725631505
2705061445904,0.05295946,0.067950286,250.19424,-2.532343176590491
2720628972896,0.022834783,0.029861052,166.60527,-2.7949045531645935
2928913095432,0.024147121,0.04020926,154.30579,1.665821612377604
2763489283024,0.0051086694,0.013725563,203.12296,-0.8356453474263339
2957808398758,0.06978265,0.010530324,88.55017,-0.23619982518956784
2525648055528,0.019046174,0.0522873,144.21509,-0.434416625416901
2764743942278,0.059780594,0.020671511,217.4755,4.171504799884773
2865078675284,0.025692208,0.0227121,272.75278,-2.418284795854946
2624403201670,0.06158078,0.042064037,154.95856,-1.222686487836273
2548204121880,0.016179701,0.015099064,195.83832,-0.8630899476689066
2869847749428,0.014990638,0.006709775,208.06506,-0.2927112274993704
2013520701696,0.06712555,0.08901517,207.55038,-0.8477490545872661
2218949791162,0.08130491,0.040728625,199.24617,-2.0626963171235855
2223406386192,0.05427922,0.09675432,513.8667,-1.9478730947761194
2299289206126,0.022309203,0.029482398,405.97913,-0.6180505510917268
2482824561278,0.022990005,0.018080615,189.9129,-0.37295279913237656
2080532163946,0.012227214,0.030178346,98.326256,0.8785871567803377
2064354117062,0.108089775,0.034757562,261.16083,-3.5888434279043153
2373286662788,0.019648405,0.043344278,187.23361,0.0006887024498325733
2221176918144,0.04199256,0.07241345,185.87297,-1.868397605334025
2241499785914,0.040748052,0.049380027,160.35631,2.2380001681284316
2201817850074,0.027752908,0.02648644,171.23679,4.525467322356479
2060517670796,0.0442323,0.016342558,97.69205,3.8027646093655676
2078619587138,0.08131701,0.051742654,258.58612,0.26279616147868
2450105991318,0.009606728,0.027144894,83.09947,1.3480956693099901
2439634005120,0.041246377,0.102382414,156.69159,-0.9963078784827
2466615444346,0.02642626,0.072085164,114.516075,-0.49268057029589074
2066257978064,0.041903324,0.021946449,90.23684,0.676215690303592
2067514022124,0.016183196,0.058712777,103.05341,0.651352308828982
2304391149746,0.038799427,0.02599911,104.11949,1.613606025459892
2394250292276,0.016135627,0.043784063,69.494,0.6254285911953299
2566327557168,0.00765675,0.085934326,48.304104,2.799441163880564
2715878369974,0.025007876,0.039596666,123.115234,0.8729907419498211
2882274599320,0.019827418,0.019266177,230.66245,0.4057168089563118
2670796200340,0.040689006,0.09842079,95.55305,1.4282008308725311
2566316824976,0.003906223,0.0381148,250.1545,1.3520176005055917
2729206449338,0.015706392,0.040882546,290.5562,-0.5972597427481149
2912413951988,0.01729367,0.03196073,279.71036,0.7853175947167322
2843206260062,0.06486844,0.044093557,167.58751,-1.1316987517004526
2964184302844,0.019469282,0.031517018,105.49305,-0.03191933835133942
2603809207750,0.040912576,0.1313774,182.74004,-0.9591784403306927
2700969470678,0.015216612,0.068622954,76.58637,1.8609931659131982
2947042833478,0.022134379,0.11374205,86.77375,0.5954445502793467
2789565993228,0.061044537,0.079708114,202.7537,-2.809731905847949
2954360537052,0.029165924,0.01675099,270.72546,-0.855689385278883
3070505441062,0.011893026,0.06117923,194.74509,0.2296534963870499
3175612675222,0.012064849,0.03516146,279.0346,-0.1762495091920987
3235942811448,0.005063097,0.04126059,167.90703,-0.2676955894497651
3237200342658,0.021841204,0.041718174,79.62189,1.739127671248125
3090196293492,0.0051922738,0.032401513,78.665215,-0.02212458231798098
3160999927646,0.009949539,0.043858383,64.069695,1.9848492639356552
3410248590360,0.023525136,0.012279964,166.59123,0.6293841903943858
3404212812564,0.017646266,0.028918289,127.40247,1.7104923340725149
3261978444066,0.11926248,0.13340932,106.76808,0.1214727011204757
3045770053766,0.027510535,0.02095389,77.19342,1.3542156013400724
3109896141550,0.065196194,0.029858977,109.336876,2.9529130136666226
3165461360222,0.014735364,0.030932708,136.68285,0.6651222581218468
3288030984492,0.025893938,0.026108915,144.21416,0.5657497004014667
3446461822482,0.09780638,0.03594974,187.59412,0.8121175651161108
3444244247654,0.004284273,0.025296805,118.61233,1.6265389189375583
3436953258082,0.013340554,0.05349541,109.21938,1.0528129522028529
3000330650042,0.08637404,0.09378372,378.3991,-2.3439891111671107
3178458387658,0.046547797,0.11261485,179.83276,-1.166676630022585
3176551024954,0.010189798,0.03512983,371.53064,-1.2748221832309077
3091469222842,0.02012252,0.019375848,37.012585,3.081771990332271
3479158673282,0.053359974,0.017527621,56.08596,2.350940326922376
3239120481954,0.029650545,0.038056638,124.54579,-0.0671083623670735
3178175643458,0.03288271,0.058558173,196.99757,-1.6471054032584456
3337238269688,0.023622103,0.0103326505,148.62828,0.7360177237773786
3341366281894,0.07185073,0.0693962,78.779335,1.7624973336160525
3340730209032,0.07553493,0.03747277,338.78802,-2.610289708435587
3345813251130,0.024349688,0.043630403,119.29597,0.2602085690609557
3444562525226,0.01133567,0.037256707,209.78004,-0.6666963494734691
3445834369940,0.04958976,0.08052399,166.39334,1.3730151764300582
3456004106978,0.06706636,0.02371428,377.6462,-2.753551998350814
3619812067954,0.091850415,0.042723406,171.90929,1.41663680779165
3583296612778,0.05033905,0.08136889,184.15971,-1.1163022512622187
3715395416140,0.06455025,0.050904438,183.72488,-2.695991294589392
3702062449186,0.036943976,0.049483947,231.92252,0.9332195004727641
3927804098684,0.041949846,0.0995917,137.8664,-1.6825713315634951
3871920806274,0.029603394,0.09237942,229.23965,-0.4409201620061576
3893845134180,0.004065145,0.02502399,90.9449,2.4501619824623027
3680167227010,0.011660972,0.042053077,177.60924,1.6091177898393672
3513474418386,0.028747417,0.05902233,1502.6117,-2.8665501052921787
3685569351472,0.02027156,0.02513016,177.16791,-2.3099653529307584
3743041076660,0.02211609,0.038612764,190.0152,1.4965984270456452
3545832932850,0.055218045,0.021157797,180.61775,1.8831336930847584
3515358950922,0.081343226,0.056055978,371.6093,-3.614430807064778
3603950256754,0.093343504,0.10583594,145.60286,-1.6425319904039828
3567423512560,0.019840524,0.05918344,313.95892,-0.8869465455492791
3807144610036,0.026635204,0.031810805,198.47653,0.14367605210554085
3795722836590,0.009243245,0.03616692,150.61774,0.45071110117516033
3850972651886,0.018627586,0.03582677,253.28755,-0.8921652832977098
3905277493160,0.031649716,0.04170469,146.1727,-1.592692781488386
3856365150002,0.11695628,0.051086098,334.88684,-0.7195149846593519
3563954253094,0.0041502193,0.03115908,149.61026,-0.3298181109728186
3662072418624,0.0618602,0.033969615,247.69951,-1.9097938848884726
3742710857258,0.010087299,0.010863484,117.15878,2.064220455945371
3948782092766,0.040234253,0.08189036,155.6408,-0.4197629208518186
3877352162930,0.058692537,0.03502405,238.53334,-1.9467774196923182
3978310999248,0.05973099,0.06523345,186.1739,-1.3437610016526644
3981170972642,0.045239586,0.03715523,184.86484,-1.0085008622905645
3031820518068,0.053840797,0.044030655,198.63086,-1.9137671931307065
3114369645876,0.103531055,0.058356192,240.62355,-1.6984084276454432
3407433877260,0.08688927,0.029172914,202.72485,-1.8256877575066068
3299798856306,0.0385834,0.023576256,170.62161,0.19724729379669975
3432527810704,0.03568349,0.04249349,231.92061,2.1753525411868457
3189319661600,0.012000227,0.06188442,192.67487,0.07151959123211804
3080414811824,0.06347707,0.024630042,146.491,0.34549848501523717
2989601018524,0.027854338,0.047322627,116.76588,1.2388788305893685
3096894026246,0.013855161,0.018494267,97.94452,1.2408897425406562
3086741046600,0.112889886,0.102273695,167.01733,0.6994616098706081
3202009249436,0.0036822662,0.018079182,50.980965,2.5034734216373544
3147709449110,0.013650956,0.026565116,70.63439,1.9681200526367455
3259781937230,0.006210009,0.01695432,69.1387,1.867430378855433
3321700202374,0.054478087,0.022874072,123.47865,2.4622957205431444
3388712143214,0.01916118,0.03221787,112.66929,0.937864633338839
3465865572714,0.032243695,0.02732641,105.43884,1.0472154982082362
3080402566294,0.01338375,0.042240884,165.68062,0.14673081331641397
3076598475388,0.0143135935,0.020488434,65.76191,0.869682097215235
3177248988614,0.045208883,0.09315505,355.94748,0.11186049771096906
3236320384292,0.04270536,0.022334402,195.30925,-0.42154376131728066
3186145522358,0.005480595,0.024203943,142.68451,1.3855731213965026
3406819753944,0.050834406,0.033844713,177.57277,-1.3987440159238178
3664317107142,0.016502107,0.065616734,205.07983,1.8624936402599686
3724641800252,0.015430656,0.031508107,239.63974,-1.4948861557610544
3756713991472,0.021477485,0.034940764,232.53084,-0.7419092119048446
3660817886750,0.041838754,0.018619336,100.95467,-0.47444671960927765
3950069609806,0.024703998,0.047941327,171.7708,-1.0483169791474767
3695449616286,0.037151404,0.03388765,182.49507,1.2153337495139847
3988200888466,0.013922727,0.044071537,56.636032,1.1078647163431328
3815776416110,0.07439997,0.071519725,268.2351,-0.19089162594151915
3896429998688,0.04260113,0.06553844,145.46155,1.7424818837756675
3525232286410,0.019976044,0.005153432,137.88634,2.3835203615397256
3553812614750,0.08046556,0.047950905,160.00713,-2.5186543241690145
3968484410326,0.020914923,0.06792231,109.37599,-0.8137211137061302
3508104552244,0.08689012,0.0133209145,62.871708,0.6742589487752713
3757997000220,0.015318186,0.060066983,170.88718,-0.8023160343298232
3149570796876,0.009363085,0.012449435,74.7511,1.9964520410258493
3088597407162,0.03083183,0.030231208,133.73494,-0.15961827082089952
3385494028654,0.064250015,0.019240813,274.7122,0.6562372750773442
3480103599082,0.019876365,0.043122534,118.986824,1.5194904588921214
3314368466230,0.009418696,0.019310217,59.567757,2.2724392274308185
3260399792124,0.006904725,0.019656774,92.0322,1.2570620168415112
3343911055196,0.13104099,0.020661226,379.81104,-4.573112525071611
3444877123378,0.038442947,0.034428544,74.6617,0.06295309307660935
3470290541672,0.035571918,0.03319333,226.92084,-0.17531094398270258
3279450287270,0.037527803,0.027938133,178.28131,-1.4004118279817004
3346443705952,0.029661957,0.018336015,213.08995,-1.158303877490099
3234975564878,0.0537272,0.042332854,289.49966,-4.816297715031424
3263869960012,0.012080112,0.048184596,154.81615,0.6536024305366381
3448358832418,0.0475636,0.027389824,178.39116,1.1827539742197493
3328325865514,0.055030268,0.034812532,265.97095,3.60889534634623
3443908538750,0.032771308,0.017720595,112.30783,0.5230582261256771
3282934012416,0.034908734,0.037619147,272.77744,-1.243414345814342
3148957607026,0.017387137,0.038164824,387.87067,0.056513082803538006
3076870260822,0.017789712,0.032368943,168.39998,0.41595768068551686
3138472820204,0.020836735,0.014143698,177.32687,1.887613511225901
3038784543220,0.012158522,0.050153743,938.5647,-0.36013725206271546
3422657176200,0.04193271,0.054142144,121.97782,-1.395069108914728
3521381450164,0.06274881,0.039756723,168.42426,-1.345151781872418
3724607607320,0.02022533,0.05863457,82.60998,1.7095626462100855
3975114079090,0.012526155,0.022776617,107.0553,1.5253188415244066
3974178276402,0.030247053,0.03839628,143.6492,0.21607672235301134
3575064229364,0.0069668153,0.013714769,174.67203,0.7479587625623358
3741762079020,0.023862768,0.04420263,63.384716,-0.3071047193126468
3937985053520,0.0142704705,0.019601204,26.398407,5.2425879922634895
3928472154812,0.032416955,0.01763818,131.61351,0.8915291913478134
3532183255388,0.038236618,0.033446476,106.30976,1.8860931578949351
3578535027546,0.01326403,0.045082126,141.84248,0.6131010265813586
3617599714910,0.04281936,0.05244464,226.16322,-2.094418795314722
3733494036146,0.05716669,0.01776385,125.68141,-0.23928419198097323
3755073929546,0.006411107,0.018574342,93.84667,1.089808842778024
3779216890072,0.018463423,0.022810386,118.42316,0.5865873814032048
3884319790604,0.0862389,0.07661584,231.08939,-2.656265735862243
3796995818570,0.03759733,0.026941571,91.54774,1.4759479110172216
3772230291900,0.053923484,0.10102869,60.557186,0.23874391622988078
3618577096146,0.13303941,0.096053496,882.8094,-4.991919629062055
3572216934014,0.027724866,0.08779313,128.75757,0.22610091142287764
3834155107482,0.022354696,0.010587239,285.56668,0.5743350385929864
5829520888,0.03392293,0.032217544,247.74733,-0.8782418426739264
3091504251342,0.049648542,0.032096833,59.26988,7.159039666263299
3108965609384,0.031820785,0.029567482,156.88144,0.5865956819032627
3008632943424,0.029064402,0.09741996,224.39989,0.7089402323141939
3195341810150,0.036356192,0.039427184,183.39609,0.12188402663669909
3297889353198,0.0044225277,0.015233511,58.2213,3.904140481424067
3509994175070,0.039379954,0.072053336,89.36602,-0.6487367145676378
3056592121724,0.026549887,0.0425436,154.50615,0.4547409383107801
3124222319872,0.075805485,0.055663906,158.4801,-2.246107372507041
3226443575364,0.08844973,0.051377382,111.0184,0.03993684285259724
3222955743954,0.02149238,0.011935673,236.2422,-1.0714288334839543
3005132287186,0.0067121056,0.037037224,82.336296,1.7922894708934094
3121360584134,0.014737868,0.026647998,113.5082,0.7918089683393845
3222013289668,0.024250565,0.04212085,150.49965,0.05700792636736468
3047378372498,0.041224938,0.053443033,156.61203,0.15469669093158708
3098190644428,0.10778436,0.08056872,457.42203,-4.350107809414624
3244893351626,0.02792217,0.05105473,403.79785,0.34930549241197895
3015956165772,0.053791087,0.05480646,126.59056,0.22179461527233885
3311557305746,0.08348637,0.08941294,266.1888,-2.1169466967774877
3356975996916,0.022191582,0.04434773,213.42044,1.4332061051772698
3557933319830,0.121864036,0.07857027,88.47089,-0.7778957324679978
3494432344654,0.06386638,0.010936718,181.98631,1.767918412114494
3736379333322,0.017116679,0.04308268,80.571106,2.0853594769919406
3796083475264,0.012750751,0.031684767,258.15326,-0.24902620123096075
3853243576934,0.010906589,0.047945376,286.93918,-0.5962476515153912
3762762926428,0.010864543,0.025464632,207.73157,-0.032274626492875436
3809759238496,0.027977897,0.033261057,99.93496,-0.3662396271312569
3506498382140,0.042671096,0.10086504,125.29209,-0.6425075918278598
3522065657126,0.025097862,0.09324857,133.44138,3.2846639948181067
3593185248660,0.06704438,0.06058,167.55974,-0.1645599881155937
3842127808074,0.024764773,0.009541677,296.0212,5.368557589186638
3819886666964,0.03416585,0.07665687,70.226326,0.7094823890952997
3539859452970,0.007052346,0.005505045,32.326805,3.007264371332364
3503337547120,0.038005576,0.04591796,48.148396,2.6619078139557266
2086108044606,0.12066166,0.064812146,197.07709,0.7371798398731846
2096918038430,0.012825329,0.024485962,221.54543,-0.946866904264744
2352508510086,0.0037794225,0.02678781,157.773,0.7678755079907833
2224582120008,0.009621652,0.035056382,264.91263,-0.08347557033355435
2112815433758,0.06296968,0.041778885,121.91967,0.028841265254989177
2003581447762,0.038451012,0.027657779,86.03662,1.3831693784355588
2282355363704,0.01975492,0.046838235,130.4526,1.882871067971938
2463029586556,0.014644264,0.05346904,52.650284,1.8829192752698125
2017847042324,0.012928402,0.021438414,89.65343,1.5580825510223166
2146440374370,0.018985363,0.028919877,279.8254,-0.07487737721737253
2010238028334,0.03071274,0.083961196,179.2737,-0.33064316836489166
2218206421144,0.029091645,0.030016722,129.86633,0.29236913408074167
2064836273344,0.021625606,0.06364729,85.42307,-0.2252476888842142
2133740204678,0.03797519,0.02944734,253.12839,-0.3813823513318546
2157235022192,0.06502175,0.046835877,158.02393,-0.0666979410940487
2489375683522,0.0028801288,0.025079757,224.26077,0.0827564209912629
2013098026276,0.009538267,0.0516169,201.2537,0.17801878202626564
2024861285756,0.04895852,0.07333455,102.62721,0.8661951378564092
2163926302180,0.07353658,0.074310794,176.45882,-1.0627416627153503
2223300878916,0.050769046,0.03997027,297.29745,-1.299959306869162
2182020608108,0.013291688,0.040727522,93.67761,2.1907995860591813
2513495585204,0.016901117,0.037121948,182.36826,-0.5310374504231619
2777995741910,0.019894183,0.046529796,135.84006,1.1965739878076624
2964695511142,0.006029678,0.020443864,56.581493,4.660818776260976
2913265108512,0.015417117,0.022779932,111.67288,1.2589270349927884
2854508133550,0.032365073,0.015189464,383.83798,-1.2409854350810101
2756407784812,0.039671436,0.06314296,57.521458,0.5002768912117281
2492565245142,0.026097922,0.037927005,164.54362,0.2719455583605992
2561776239920,0.020493062,0.027500423,176.54254,-0.9217282609953065
2957407999804,0.018960174,0.032873105,264.59552,0.852277989041788
2951061631178,0.012510631,0.016049137,169.2345,1.4648382524157901
2643993055266,0.04325089,0.03221824,240.73436,0.3888034192831866
2695755265908,0.040668864,0.05337692,486.65433,0.5514673918492865
2683062454440,0.02669038,0.013751346,260.8085,0.46795866706244377
2578913804028,0.053319383,0.100011855,294.89084,-1.6682523557383282
2747194741604,0.049637113,0.019652551,221.30957,-1.0814332943566436
2809107184368,0.044436406,0.05861569,106.3585,-0.6607961780457315
2957705915334,0.044004653,0.021509344,203.46625,3.590218849285979
2611312636320,0.06269631,0.034813058,275.6472,-0.651273839731523
2816107039052,0.07680697,0.054916285,235.93791,-2.051066633598563
2871992600332,0.019094478,0.07377992,247.3082,1.2376289538125371
2901215831834,0.020759756,0.029542072,49.719074,1.7816868005293012
2195690874766,0.021323344,0.024721067,350.1921,-0.81460445969744
2374783923330,0.032733742,0.01378449,188.91142,3.563815011759085
2231598455546,0.009534012,0.05792462,188.66843,-0.972795387444193
2430047674182,0.006803867,0.014730134,30.810823,2.126077415391183
2297019192654,0.06604753,0.038718574,70.63574,2.9399468553049153
2414810368066,0.08199846,0.10790312,124.6817,-0.8530018334087393
2403381538220,0.014412688,0.02251569,137.15285,0.12186256175858756
2407819964658,0.013389831,0.021885993,134.41959,0.971946492719626
2281777578520,0.015537691,0.10923663,136.22632,-1.6245696485039371
2103309011826,0.09304144,0.07495204,172.71709,0.1719682223642226
2069970344446,0.015176757,0.032478523,199.84882,-0.4527491855994383
2132517273782,0.021446986,0.027212517,161.48949,-0.12982522553717207
2075992288196,0.08163506,0.061998673,170.8878,-0.5685378930892836
2058857498006,0.03335347,0.065638594,427.2467,-0.5058875500601405
2186179666564,0.018565644,0.026172956,29.784836,3.1780615054244983
2271594359674,0.03798228,0.009785569,228.8115,-0.9077029483881973
2378901958618,0.027601968,0.1685528,144.99187,-0.9018174151328711
2436058708540,0.012237565,0.016697077,129.80681,1.0468737156406915
2273180045864,0.09900338,0.041801915,214.0567,0.24014956963748124
2179532585696,0.122760646,0.075303696,107.89818,-1.3314972925645534
2255724861812,0.0031094416,0.01946152,191.22585,0.6113513286820526
2299235634848,0.013408207,0.028824972,355.47797,0.9209430605994671
2346545712598,0.11600272,0.046612624,148.06516,-1.2058259944182097
2347182315212,0.019788356,0.013696427,69.87969,1.5402087718768525
2502763209158,0.019777454,0.06838801,184.2652,-0.6760913909684719
2611330955496,0.0287599,0.050996132,235.5697,0.25472677343841743
2656746269898,0.020344311,0.04174391,77.3899,0.1571063890161979
2802472275368,0.0762936,0.030871065,338.80258,-2.1535236914911904
2954572595292,0.0130846845,0.07121285,364.08875,-0.8703557916333187
2780574054486,0.04605352,0.067462996,4163.4185,-0.19439649409822035
2538953455532,0.026506426,0.07841607,108.346214,-0.17525336730162788
2552294487320,0.0067956834,0.02072697,190.0018,0.21336530433666953
2689776917442,0.06776048,0.121728174,126.768326,0.1649929263111592
2511341539042,0.008438331,0.019903839,120.466156,1.754611839105992
2618340210030,0.030215168,0.07386945,162.77577,0.6262192006251892
2598979982990,0.042096414,0.056414127,115.154106,-0.1082267476996231
2637996059842,0.027397867,0.053075083,93.032555,0.35898138988073514
2736111050240,0.011361396,0.024244167,48.47299,2.099623481753695
2591014037346,0.04197752,0.049432013,170.3562,-0.36329577206728264
2530690176360,0.055409987,0.0586263,304.4747,1.1662074153393727
2824063585864,0.014721008,0.04043218,109.18117,0.40532915833266425
2978712560010,0.07720776,0.031664833,270.24152,-2.1392366500084226
2596740989270,0.009296732,0.036690217,84.70162,1.9099223134756804
2786300454890,0.02567753,0.08393401,144.60092,3.6381751054189015
2917118846264,0.027151877,0.04203354,176.62595,1.2728893509915282
2212484712968,0.06289826,0.044968423,187.50587,-1.7789135888032699
2142956275292,0.015352296,0.047280792,128.75957,0.48302491831733685
2362675074626,0.11476197,0.06222496,373.79147,-4.721629398813385
2285519050558,0.031195374,0.05388814,99.26731,-0.04461335703894609
2484279842144,0.023599789,0.046783045,59.17575,1.4367788663888328
2317592804488,0.026992256,0.06527652,212.70993,0.39327360697879266
2467161481828,0.022891277,0.040541366,230.86046,3.107413265531047
2392220764806,0.044454437,0.031520702,153.32558,2.255107358310931
2336977501006,0.016892469,0.08496721,130.10477,1.0614022840814166
2122638044970,0.024595499,0.0536534,92.92262,1.0875549442990597
2418553505814,0.02778442,0.027359592,36.701515,2.974284125054974
2438245541966,0.06602214,0.08087992,89.84318,1.8470000543219924
2376019081390,0.120873384,0.023976097,239.519,-2.912943425775474
2103278119854,0.011790572,0.03665497,204.51256,1.331446787884048
2042629860376,0.029685387,0.01769316,138.38266,-0.013148208870652892
2152499466354,0.07619536,0.05733677,115.73631,0.5478721467239684
2369362752616,0.01790593,0.03136565,225.04884,2.0948949006639768
2489703638706,0.05985775,0.03386324,325.38083,-1.5743450943654214
2287133590952,0.015941402,0.02899469,100.22248,0.33012371247788486
2670668265718,0.031480886,0.038455773,205.42949,-0.35439943996355006
2790692966702,0.017306594,0.03898421,86.9763,1.9372276757946068
2920250300144,0.037754163,0.031512063,43.296932,0.6688059151601307
2940568657040,0.012666057,0.035931826,89.81796,2.148507692164689
2682112946498,0.032469932,0.03572466,133.06833,0.9841639503929274
2579571374190,0.009510481,0.07446971,175.88406,0.328673095391629
2765946541550,0.039377555,0.046840902,205.23851,3.8583692468393607
2902166930530,0.031835116,0.08680943,163.41008,-0.02910384718501216
2996784412642,0.020042824,0.055314813,152.12833,0.82731933164537
2808809449440,0.06515061,0.055118363,151.93047,-1.9652701532421322
2744647427870,0.07169843,0.05101554,130.11287,-0.9338723372455722
2734178239396,0.1124315,0.04500933,156.4222,-3.8471940475243436
2564958449374,0.024791172,0.033131726,181.42302,0.368156116426459
2578934924882,0.015646752,0.027291035,152.99083,1.583099035163463
2778957000224,0.06610929,0.056647968,132.92984,-1.1005266255966577
2202048939644,0.008966217,0.06188826,398.3863,-3.2506902783024865
2315410029672,0.05830315,0.05103775,376.18613,-1.402179404416169
2149041116924,0.10179276,0.0527174,174.25453,-1.783126141218904
2160476196252,0.019744737,0.039444726,172.61253,0.7123470437130524
2210647834158,0.026413165,0.033486556,107.38542,1.753435866011541
2045854702322,0.048290256,0.02505333,190.3802,1.2760343252330524
2400832284154,0.05134366,0.025541347,146.37988,0.0615432654600207
2449735278482,0.02619336,0.03087117,122.07154,2.939923301421696
2308441221410,0.021533187,0.056735262,87.95599,1.1293754585832998
2324324025682,0.08898545,0.014824144,254.29979,-0.9436241900560696
2343375831100,0.01931196,0.016896747,108.10278,1.3672522116971142
2008679612876,0.028890366,0.01877366,208.54442,-0.39499975023074924
2134420052986,0.09824328,0.10371253,205.75475,-2.395400214717271
2126477215722,0.004798511,0.008042489,53.173576,2.603186602966281
2190622883380,0.022863984,0.05031641,385.45642,-0.6962102110489682
2241758622298,0.020221498,0.03757763,100.88717,1.1365586765399134
2294781311506,0.063445635,0.088505685,199.14171,-0.28667021132860016
2264621976642,0.030068845,0.029038234,112.76103,0.9683422289939888
2264618071378,0.0079463115,0.03291586,124.986015,1.1973293006280694
2429729479222,0.044735227,0.041884735,223.39894,-1.4698034641147522
2370038138604,0.016024685,0.032001182,72.00277,1.1243372128583815
2691987061200,0.022981815,0.024726443,223.69969,-1.2346376671181196
2661819083118,0.0554144,0.061837703,262.33838,0.7076467745305356
2671984083006,0.01792571,0.061373565,194.6969,-2.357344520012064
2684363835836,0.0143825235,0.034282625,135.55942,1.1044759882514599
2933298406670,0.035529252,0.042059157,255.14822,-1.4274662136293772
2715821447952,0.007874875,0.07952812,361.91525,0.22349317051437523
2698664810090,0.029853247,0.038620237,200.15079,-1.145644592110997
2692002308628,0.024347596,0.035380542,116.6006,1.0800172324360529
2636439937366,0.011551326,0.020851541,50.416405,2.3300339955282983
2705984427502,0.026668422,0.037201405,190.67815,0.33644639441958635
2812983979454,0.0032992538,0.009303431,28.152481,5.935424325099672
2879659500572,0.089857005,0.075223364,321.54626,-3.2169448202886883
2766303575538,0.02599115,0.04573891,121.75479,-0.264190727502037
2716754731678,0.06311626,0.013344204,278.92288,-2.8303645271468083
2815175700930,0.009347209,0.055304393,166.23166,0.231154281489246
2923138094766,0.020793369,0.011003199,46.02163,1.888453788192805
2751988440002,0.07535123,0.025292337,359.63678,0.01839685570404348
2781838646736,0.012117974,0.026560562,197.09915,-0.564285951702642
2594205771150,0.052026343,0.06833312,189.85788,-1.1139191879607675
2811705080972,0.017315635,0.030446276,177.07043,-0.2979371956497077
2957773881844,0.04894203,0.056550242,424.12338,-0.8365116865189925
2782179098122,0.05192737,0.031386916,149.58124,3.6300793525676562
3108857932002,0.014011238,0.061432883,167.76031,0.5666685470854445
3144098620352,0.09194212,0.02243672,177.95427,-1.3771147984349996
3240619359040,0.03725329,0.014430812,162.9561,2.834091756985177
3301263082220,0.015048966,0.033466384,194.07196,-0.12526478034058272
3346990044368,0.011708697,0.036366567,770.376,3.0803455681880667
3399065694188,0.0341596,0.045276567,202.6809,1.3494016746740058
3004077138392,0.035197474,0.06459029,207.3014,-0.836551618824015
3035199012390,0.05450587,0.05735059,411.43402,-0.1530475826986452
3068224721858,0.02198035,0.032697603,150.39742,1.4128239608629423
3082830364692,0.11083774,0.0554603,272.7465,-3.7556198558589164
3467345345300,0.06753827,0.018820269,124.50217,0.9885416831781344
3288584710604,0.04775136,0.04007471,79.265915,1.2577095445579805
3408922547894,0.037981845,0.05295605,236.14832,-0.6941900373127932
3308908712376,0.07743317,0.043526024,287.41562,-2.6073953228808002
3057735399696,0.0037017514,0.029052822,144.53688,0.5903068912122214
3270786757990,0.012760776,0.03150638,70.180336,3.5869113279991667
3384129655858,0.0056132693,0.025311252,109.79142,0.150188818017029
3352070518188,0.113105565,0.042337082,115.49337,-0.056864165527730104
3386362350290,0.10782495,0.077856615,114.021034,-0.4659374476914603
3319372887614,0.012240113,0.06466075,117.11208,-0.822129855576351
3407978783570,0.06864219,0.043312903,204.11029,-1.5000202898997697
3517814570236,0.008323068,0.09740409,267.15256,-1.0486211861621277
3618780462524,0.03513891,0.046630282,194.573,-0.5182657078479036
3554988124020,0.031133447,0.02429631,91.260254,1.2528765257130843
3626109529662,0.0124483965,0.0493,183.00038,0.3193969550462912
3790588643740,0.015710348,0.007095878,270.13675,-0.22171207827812114
3920134888576,0.051482838,0.047741678,271.26804,-1.0089718596962132
3873455845774,0.08689602,0.056911938,102.0543,-0.17626277420261152
3933457498966,0.030305061,0.073173665,50.315514,2.1527988417887096
3756299961598,0.024385465,0.04351625,115.627335,2.493293636811498
3933474660382,0.009642288,0.031002026,81.144714,1.6139869525928547
3653087365280,0.010546824,0.021819344,123.70545,2.8707637139087807
3642926548918,0.022042025,0.069754794,125.738884,0.29273222457836645
3661661312970,0.0852984,0.088492714,216.65503,-2.033154439793612
3989321464688,0.01994505,0.028431892,48.849728,2.715319515542645
3939158117694,0.013681425,0.03155752,100.95776,1.1753157742722542
3813435469426,0.09160288,0.05216604,53.419632,1.5473823040258383
3549902538576,0.01082777,0.03626494,160.38362,0.9213218011909176
3841386376924,0.17916147,0.1521621,147.46239,0.9526042554389047
3946797623868,0.007894478,0.02231858,94.95144,0.2787365690318879
3962989430694,0.018684575,0.034579627,63.433136,2.1292642558834816
3050775889126,0.11022357,0.06860827,175.69177,-3.884999332689317
3293693481958,0.094050534,0.029371161,253.11511,-3.8984359042685517
3193358068482,0.025281528,0.0663015,247.24696,-0.4112438096116161
3183516360130,0.0034404001,0.031037506,178.1114,-0.2242707279124893
3238450722294,0.022166446,0.03902744,234.47946,0.11082246472576984
3201948345764,0.005651435,0.019386275,113.35808,1.4361186226106024
3477233951316,0.020647055,0.065478034,164.15453,0.2565699942043785
3268929669080,0.0027859877,0.019649202,77.64215,1.972981112573017
3368633494200,0.067949146,0.045557134,477.8015,-0.5955896470537296
3054584619082,0.006311653,0.04463182,131.77261,1.1459458674044423
3156837600730,0.041370723,0.08824707,305.00607,0.06741332925377141
3198456256958,0.011270818,0.06900947,167.26096,1.278852993896202
3051430158414,0.0075647687,0.005611339,96.9504,1.146409017600169
3341653518058,0.03743444,0.034786776,226.83432,-1.993016263662254
3377532975390,0.034595136,0.019666474,1010.7327,-1.3137048927327595
3245127715506,0.01061349,0.020162513,189.52966,0.1217977007422883
3321010988828,0.07555169,0.04118672,138.84375,2.6529637839301214
3670894514756,0.004791287,0.01405361,103.03815,0.7369481233574184
3652486695990,0.053185508,0.060202815,228.85097,-2.989823254226179
3889350593334,0.06597121,0.031291403,317.73358,-4.0225554372374885
3935382929666,0.01071866,0.02798632,101.97958,0.749313030395604
3860784504048,0.016058674,0.03452404,163.13965,1.2676425662717272
3564230980258,0.027529247,0.008296615,114.48253,0.2558350391416997
3891585052022,0.021974763,0.031014606,123.11304,-0.9167515022530055
3957322351762,0.012235486,0.01628537,131.21004,0.5411127791404546
3596603858454,0.048811205,0.05451349,201.56618,-0.05213394768185342
3783302569978,0.0204801,0.041289464,99.04364,0.9297561868813072
3709967570304,0.09051215,0.07372149,457.41272,-5.369720621948108
3762353860174,0.030180108,0.025987986,110.541214,1.302133211142507
3018668571382,0.0065137455,0.03869929,149.91699,1.156393071537309
3430486845660,0.12312661,0.021066995,232.23059,-2.522428890101013
3344773304448,0.06874184,0.021896003,251.66296,-3.181745905973126
3265383199770,0.1091492,0.060313582,505.91946,0.045716221428210746
3310477239442,0.0153595405,0.04043085,157.25735,0.6080247840142824
3207299366568,0.015111903,0.07895282,196.35043,1.1253197924463612
3247626146502,0.060663063,0.07599403,205.88698,-1.420065195370294
3280008674456,0.09524237,0.053938832,432.58258,1.6556181347495367
3268901775538,0.054231,0.04107625,563.1214,-1.856228083770802
3266657640512,0.044714294,0.04859182,183.5317,1.1517185456404082
3491767452184,0.018468145,0.04513218,256.39767,-0.3194320244557496
3016461632762,0.027253672,0.022057079,262.47275,0.8851564791535829
3110130789354,0.1369736,0.06708522,148.34622,-1.3466775327672744
3154275166342,0.039854627,0.015524432,272.9074,-1.2947385315000677
3221909674044,0.013928845,0.036499865,123.80632,0.33940374536046847
3358762733422,0.015713388,0.028037023,253.96039,0.0643850894998803
3359700148916,0.0025743546,0.009097172,45.493515,3.090585364638481
3706098465776,0.046066556,0.036464565,148.37608,0.4906990292840475
3966777243918,0.03811846,0.021105763,133.94965,0.941009345168084
3973139161294,0.024778092,0.04242348,274.76282,2.313954117506157
3592451554982,0.008113064,0.010465773,36.25512,3.4023804192321703
3565149497410,0.015164314,0.017808802,150.63423,1.0704347430066325
3610545861312,0.053628817,0.08160791,172.19629,-2.2393750218311514
3788366031416,0.064913385,0.06116272,150.67696,1.349238332353476
3738802522186,0.05090357,0.04233205,113.76399,0.26288777629345583
3852473346752,0.062591046,0.025842668,44.531967,2.249900158176634
3913442453590,0.0149862375,0.030994497,83.08842,1.5812008562882667
3913439303642,0.0053397673,0.016404705,114.05995,-1.01002038539977
3843596269682,0.020287974,0.038699776,222.55602,0.3213870386701545
3910904889552,0.07565015,0.065888606,53.980537,-0.7569111770335564
3951865726250,0.01835332,0.020844558,303.83173,-1.4326498609522893
3924561072554,0.018278368,0.013185187,19.040396,5.151397727021483
3581659783118,0.09862047,0.10886247,466.92795,-4.116743189704837
3816945202248,0.02887001,0.046731144,236.79445,-0.8510431987795168
3165404693956,0.052672517,0.09534119,131.63142,0.9436755435719867
3198421608402,0.025673015,0.03076686,147.75237,2.992052402779779
3401317165344,0.015633965,0.021919651,60.132637,3.1411855861424036
3487682706226,0.03810955,0.02148033,133.32013,-1.0088447279520218
3416558731114,0.031347044,0.079508245,300.61487,-0.6212785683237149
3453723489754,0.021716088,0.031267382,112.05528,1.5603312331394097
3093339674680,0.055670355,0.08918294,93.458595,0.8415305048553693
3107965074466,0.013589384,0.03407545,77.354164,2.770847778227911
3249896161458,0.020757165,0.03220731,108.27441,0.17576656209917013
3486746854106,0.061409686,0.02235045,264.2789,-2.916779664102058
3278149141276,0.012743722,0.028333409,193.65671,0.4486075636874692
3083166738916,0.011147506,0.076579735,284.68744,-0.7119407652881333
3136186807774,0.034376852,0.06709934,149.14972,-0.32372808146233334
3183813522386,0.018277884,0.052819427,64.193535,1.1519341471804638
3259703448800,0.06957435,0.05964719,182.08487,2.2217638389362206
3345131524404,0.010052502,0.09938637,148.28178,-0.22381063718305028
3451492281990,0.002006142,0.02753445,42.518414,3.230648757626888
3333684475178,0.03971718,0.047146235,133.68929,0.47109481546155935
3242892805598,0.019065462,0.013391122,105.69859,0.29496148606228245
3065734286070,0.051463354,0.06713338,175.8657,-0.5970088044930479
3020945923302,0.061473206,0.0647622,279.8212,-1.6594660361821696
3051434924136,0.026821366,0.026167722,88.218704,4.2285050055650615
3107628455352,0.021174546,0.06929537,219.64159,0.0729849138065255
3247974160002,0.08376669,0.05624695,74.92143,-0.48936969260510177
3302277991768,0.038448546,0.030002031,439.61862,0.27530568541703865
3424198944586,0.033115964,0.02823291,294.68066,2.43921238373629
3420711944988,0.0128580425,0.013070634,312.04187,0.7116142411134513
3528019314128,0.07105575,0.03068288,295.6109,-0.9599887105195084
3782019992326,0.014121741,0.009114646,74.00628,2.115308957933752
3785215276438,0.013722368,0.02359384,63.7934,2.1116338270259276
3625823587292,0.02494615,0.06785231,213.4618,-0.7166063828336934
3522952852982,0.069862045,0.046712723,251.04372,-0.4842062577052265
3726162704432,0.1211095,0.047712937,161.32745,-2.441886672591208
3525821041490,0.05533148,0.07126366,279.85474,-2.7825614505561242
3681721043500,0.04088158,0.03559776,153.08438,0.1737088161975892
3754419314280,0.0077607874,0.038291425,43.258324,2.11270007367325
3989715343098,0.021013014,0.09449804,148.95883,0.5118487032286038
3566759097988,0.007672103,0.013407002,45.173916,1.7567976941890686
3628040358004,0.01040667,0.038451225,130.06357,-0.3382095045892294
3918239526244,0.048072092,0.13608216,273.97366,-3.023832519564161
3582004165858,0.087894514,0.045770388,253.42856,-0.7800092243415475
3534067542324,0.040745053,0.026932416,342.077,-4.415704152666757
3876044040478,0.03716195,0.044014547,147.19258,0.2318752049822836
3963988059566,0.066541456,0.051563893,177.12686,1.7314824140316563
2036340640142,0.09811857,0.074358545,182.13635,-1.5169561077696176
2003330984064,0.07793405,0.06699905,68.9512,-0.5190268336918131
2171932138288,0.06846417,0.025143204,256.75772,-2.874645296393893
2201131731654,0.019356297,0.059484724,94.54596,1.1104331889886745
2438637623254,0.023314688,0.07345744,102.143105,1.5280680999836562
2484991285046,0.015294019,0.025394745,185.23769,0.8293477754440296
2486588510896,0.036513094,0.052532397,95.67022,0.8279134083525093
2070665963874,0.09044797,0.049102854,295.83694,-2.665583876800552
2104944188316,0.017729476,0.025368871,163.26,0.9307630191315988
2031595809050,0.0633687,0.049924772,207.0411,-0.3948393708144947
2304662302180,0.089118205,0.03020468,412.48413,-1.635883154318753
2437075123594,0.021600788,0.028391264,79.35612,2.257087877170012
2411364243858,0.02961944,0.061576616,164.14854,1.0931949786890656
2208446738038,0.03517425,0.05838582,276.2193,-1.6147069495325566
2306228433884,0.026404396,0.035451844,202.83481,1.5683047298145092
2406884844574,0.040908333,0.08173433,55.431515,3.437232209422553
2464988182488,0.06878343,0.10964527,127.78632,-0.9586563727797841
2221480657932,0.044780478,0.029706368,87.77665,1.960842209731676
2464705613912,0.06446064,0.058328714,233.8843,-3.3921780154030037
2472643210864,0.034063477,0.07551292,267.93607,0.1324263501800711
2485020443018,0.013654587,0.019596057,174.51668,0.5303612109922932
2601211190292,0.026562175,0.071512416,203.18115,0.42538648193784345
2520555239250,0.045617912,0.043264635,617.8011,-1.1536710417908838
2645039887422,0.103941426,0.07544819,82.53566,-0.9766852164988753
2878093266782,0.042386703,0.041476488,742.6321,-2.712552868837701
2911746833466,0.023441333,0.024520952,30.131645,4.037469524423826
2846332926104,0.0038829227,0.038739976,219.36119,0.4730590794155669
2839982350024,0.013193804,0.057731837,206.1083,-1.9803212218985904
2883170286434,0.050547305,0.040666454,174.63643,0.17381593465470468
2717752874504,0.019773481,0.02471208,162.36856,1.3096984810440453
2612667412900,0.07515473,0.15340741,165.44539,-2.4531371381036666
2856509341794,0.023540812,0.07652699,337.72513,-1.4777949953906433
2910804934146,0.020481171,0.037673905,94.71003,-0.7809612723624348
2615501482202,0.015223004,0.01828927,106.9277,0.740711510147595
2802828554128,0.03587137,0.027731387,149.42406,-0.06985556047684671
2890150661740,0.0153097855,0.082425356,153.04126,0.6959981509605365
2925395155228,0.044765335,0.048399426,242.19714,-0.5611069994666755
2954617226610,0.01074549,0.050071012,1725.9833,1.3938068596472735
2852043852490,0.056262724,0.040880665,140.70166,3.0331726980780376
2539002370448,0.017014446,0.06816022,271.7572,-1.2459146922571351
2625038926212,0.015148843,0.028848847,152.75642,0.5718588058660146
2837149669308,0.039648816,0.078967735,258.94934,-3.9565910467799332
2920347469096,0.022232711,0.030923491,142.12103,0.32395952409394707
2961301577040,0.012887536,0.08510744,262.2018,-1.8618600364775908
2950830876044,0.003849819,0.030735057,46.70074,2.835974893929228
2934304868330,0.02264779,0.035077497,137.84471,1.1334900753278965
2096401110760,0.110164024,0.08112295,119.35173,-0.5008019782996487
2068764624408,0.017929096,0.039025806,255.90112,1.2642418664601167
2030993805620,0.012758438,0.02377715,79.66028,2.650163100309745
2185623601352,0.018248715,0.03839104,116.67506,-0.01874522670709078
2309768628898,0.006222965,0.07041431,398.2224,-0.38281991871988813
2458361387420,0.009326908,0.047458302,93.311935,0.9177586688060242
2438363902026,0.0893185,0.07279112,255.88293,-2.8787741961929316
2180236218792,0.011397658,0.035291597,187.9324,1.6543606251546534
2265013756416,0.011065017,0.065736815,45.952198,2.0046749079398207
2477753164512,0.11260122,0.059485555,228.41594,-1.6703202334687521
2346949137200,0.0831336,0.04740644,381.4061,-0.13236895266357274
2385369007194,0.10593814,0.04423406,249.3866,1.3898052242147294
2107198354638,0.06146755,0.06821383,147.66727,-2.517090769057891
2028453244090,0.04734796,0.04446091,124.83857,-1.5106312569830012
2210072920244,0.07097134,0.04111585,206.24217,-0.5636537732897294
2314541258060,0.02781975,0.029948983,29.568748,6.546837537777275
2264686208554,0.040293172,0.03598854,126.91795,-0.7511769979132202
2460903589500,0.024178287,0.03927121,303.00134,-2.679399874511278
2051320932932,0.006879019,0.020330269,68.54938,2.0667213593374383
2064022086038,0.036563743,0.109737314,258.81247,0.4509988321474159
2287559996708,0.028962668,0.049729794,135.31583,-0.4289570659648321
2715566800028,0.015711538,0.042705856,120.813736,1.2115965964473117
2912740242516,0.015050507,0.052921426,270.19858,-0.7587094826181124
2757470191676,0.04356233,0.07269199,332.6369,-2.831577063045649
2789558635952,0.0053867665,0.02343656,241.04109,-0.5429913067000405
2947999049698,0.009274229,0.016176334,87.3604,2.6363505949839485
2834657362304,0.00984192,0.035154656,65.19436,1.0998947632461247
2963888783180,0.015803954,0.027291605,159.56555,-0.7603497548164997
2812110998490,0.012261644,0.018390806,90.56737,0.5342974323278487
2599988009666,0.020697698,0.043446988,142.22072,0.22631829110417928
2623806394048,0.010908051,0.045192577,90.4423,1.7403003665735612
2905753544016,0.007958476,0.0073915375,126.07738,1.0284970415496
2987033070034,0.02750344,0.023375895,328.55396,0.9074156927616426
2849872972508,0.049603034,0.029010328,336.29437,-2.531716349486912
2587935806166,0.03214283,0.035629593,278.2715,-1.2772398646585505
2691764115164,0.0410349,0.0695105,194.61859,0.35290834021239953
2698750866434,0.009374654,0.011515677,43.729984,1.9133934260394072
2674930894524,0.13335036,0.06385573,313.71127,-1.6467550083940665
2852117586740,0.049008045,0.027926581,115.25653,-0.08226226169061879
2779393160046,0.075645275,0.056848418,321.06204,-0.9133622737131089
2789246233514,0.098132305,0.06597734,383.70105,-3.602087343005393
2863544553318,0.039238874,0.05805688,118.05554,0.6080035578198209
2221148043818,0.068075895,0.028881075,400.59332,-3.5523582541638774
2457698453120,0.0677814,0.037487548,154.4949,-1.718791232616222
2213545808420,0.08032965,0.04295727,166.32394,-2.4642756651227424
2249730413644,0.07070698,0.054237958,298.51462,-3.310668368443242
2130349849164,0.029168237,0.030437866,280.88828,0.8817964624300882
2192900432474,0.06938853,0.09150848,230.69894,-0.6393231883487522
2226251271586,0.06318871,0.051176175,140.4201,-0.9991935546621333
2314830605984,0.009477482,0.052801736,218.28595,1.2229984128445954
2471994639780,0.030511161,0.04349083,257.0956,-0.8725455008208128
2331977770012,0.024326378,0.06285564,218.65723,-0.3262858026106393
2282116799062,0.026031973,0.018012498,333.1044,-0.754975927510193
2294517743898,0.014358871,0.026665933,245.85724,-2.8820006028506073
2307192764808,0.020376772,0.055356026,244.60164,-1.1177582642514612
2032558906152,0.0039423187,0.027037967,151.75711,0.41298698029967607
2051281020336,0.007556831,0.014074075,147.08046,1.4717120948890616
2235445291494,0.061487097,0.14123352,314.7337,-1.6669512019102966
2341183810196,0.10164763,0.101247266,83.91452,-1.0424012422459497
2405320254396,0.010067316,0.034099005,270.01782,1.0970344713343434
2270696512514,0.016487587,0.0847206,232.70514,1.4653510474593414
2305933194288,0.017868446,0.018737486,170.1357,-0.5171659827296408
2316091894102,0.0196815,0.038863286,94.26699,2.3971232068944914
2423729107730,0.08576823,0.027867896,131.70052,0.904318432799533
2360241311470,0.036110442,0.032302562,157.68697,1.2101267288703699
2527859235108,0.040478855,0.036850188,432.30078,-1.4140437207951069
2575168580946,0.0205298,0.060114853,268.33884,-0.5624618153085164
2589157202188,0.011765185,0.026214987,90.197556,1.1428408208938656
2925715978878,0.012876045,0.0240995,211.0762,-0.9864356524202974
2720622023018,0.01678823,0.008848151,58.28231,3.4714449523598567
2507891284732,0.059049945,0.057870626,75.573875,-1.497274656173146
2935575049718,0.041296247,0.06566776,54.084114,1.4489728057659366
2739995077280,0.029863516,0.065364465,250.23074,-2.228327669102378
2774605992750,0.0054786624,0.039292857,237.7909,-0.5903026119768868
2804139359792,0.028536594,0.08720464,156.59254,0.03527060295006201
2528181317030,0.022353157,0.037747808,186.57298,-0.6770456132316244
2689162647344,0.08808096,0.05784125,161.33044,-1.4538177552668237
2668840209086,0.11877815,0.032787073,112.59097,-2.184328664534237
2734254595630,0.06856068,0.03504273,74.43428,-1.0077325345847201
2695851659032,0.027604505,0.04372905,159.62497,1.4196521416039052
2741582754262,0.0668303,0.053005554,84.0074,0.18808072980949908
2541546188306,0.0112616625,0.049585987,214.60231,0.2308565308534741
2549164980334,0.063673966,0.059831325,153.82076,-1.4821498715009649
2950816993694,0.027679514,0.031913865,265.1341,0.6943679617869397
2823506341654,0.023437232,0.04778828,279.1018,-1.1410941708418705
2165940261694,0.04895423,0.03115897,143.30959,-2.4922246319408035
2224993060102,0.09591871,0.036641933,498.92517,-2.853448574573375
2321203837388,0.039849617,0.08299154,349.72937,-1.3424328211460004
2480912618540,0.035097454,0.07697562,279.3151,2.0512489967482304
2293893716016,0.025399067,0.050808005,226.77782,0.6815330000592661
2238658566090,0.018551894,0.030943783,315.39252,-1.49013804942926
2347571984350,0.05232619,0.03457987,149.2995,-0.7430519415439624
2367262911650,0.030537168,0.023160676,150.80101,0.44114100743538476
2363124794888,0.011425469,0.014191616,153.56317,-0.48053503643475054
2842877227500,0.018532915,0.014710762,319.5158,0.8167579099029104
2955287322132,0.00800475,0.01598104,248.94705,0.163966204117279
2575545598378,0.015668917,0.01744902,50.93673,2.245095194921375
2692085493284,0.0069996538,0.012761461,88.93106,1.5851406403884671
2691429992328,0.020889305,0.033768605,68.38565,1.1880442782926546
2731445703024,0.06039783,0.03256452,190.09065,-1.047764154397392
2840020783910,0.010311584,0.02412832,261.79062,1.8080047883101114
2993708804958,0.04853493,0.053140078,212.02643,-0.6183966414650339
2657479947120,0.036206324,0.06968653,217.08879,-0.35716211752552907
2574602389308,0.008118709,0.058619663,147.98299,2.3104996005366925
2563810312710,0.05008823,0.08080547,234.87732,-1.9905791122834242
2861320504928,0.031113373,0.030050341,107.34111,0.13947866690008853
2993673873796,0.0077219335,0.03853787,53.21672,3.134146507901705
3381352362256,0.023867538,0.04682062,119.62621,1.4304211274563805
3458831475726,0.032194313,0.041809373,154.58429,-0.29230053967355063
3364540711340,0.059513614,0.04857851,229.05284,2.0454487506106833
3302305531674,0.00945863,0.022062827,198.23364,0.6105451239782357
3090223036942,0.03585044,0.028851254,208.57545,-0.25371258703052174
3197539908654,0.03466853,0.026779914,204.62482,1.0525818838475554
3344224949682,0.04560253,0.06945118,215.22885,0.9572429840951839
3369958762050,0.0120857535,0.05632887,31.596771,3.529270637638308
3447748717514,0.155779,0.098483175,443.98157,-5.225708122253501
3150840856718,0.013683514,0.04966895,157.83806,1.0182491158992804
3151160393326,0.05943012,0.023401015,352.96753,1.6964055436885488
3397864813868,0.10643977,0.07923196,118.24281,0.9482341928819719
3114981382464,0.0378067,0.09023414,358.49014,-2.1283868211558716
3148950807028,0.12897411,0.059228707,132.65593,-0.6326234126209413
3074663323674,0.016025815,0.03155973,200.70908,-0.11961836005351972
3232152109588,0.0318363,0.060847033,210.44095,0.03641604667658982
3166426074812,0.015925953,0.041188072,340.5387,-0.05537531000631524
3253417456320,0.05000496,0.09676024,320.04938,0.37250694454699657
3282002320616,0.023683334,0.027758712,210.00888,-0.7856389429412989
3435995034674,0.0574567,0.049048312,98.88524,-1.576235692633953
3499497346760,0.008635799,0.019925283,114.776825,1.1076082666971585
3317548383262,0.006068402,0.026937146,45.407463,2.2093089112727147
3287396431916,0.015116167,0.038035005,290.75302,1.057646642799666
3696020855676,0.04524189,0.07405062,289.19894,-1.4237866035810753
3524569732186,0.14081821,0.049637172,553.7374,-2.0875153918438594
3507733839312,0.06443254,0.04195691,103.9989,0.35841437270113613
3539479010390,0.03880721,0.0212514,70.8505,2.4850990507940844
3553134537788,0.06046059,0.05476163,143.10196,-0.5245568796838519
3572502552086,0.09990214,0.06794547,123.46609,-2.887298049555456
3572824784510,0.029992705,0.05587649,252.55504,-0.14856028758311504
3988146917356,0.08441566,0.037942003,246.86002,-2.682634701933448
3503627372794,0.029812953,0.04003394,146.66856,0.04596015901756381
3746847970394,0.10375824,0.061130684,137.8231,-1.9731991864601004
3849080590526,0.013716392,0.015864318,130.25233,1.2611101626394188
3897664578106,0.008300013,0.029457621,336.7587,-0.3187955696673143
3776692356274,0.06789157,0.063843854,306.35266,-1.9974171422263494
3575688740260,0.015804466,0.044826776,242.93665,-0.5383227905421809
3676651608422,0.065961756,0.034622263,103.21788,-1.8270076360249012
3628079616780,0.09776284,0.07637432,191.42937,1.4216710833598005
3984642353462,0.017910514,0.029183839,173.87767,1.62736426435881
3935119767122,0.11627495,0.047986224,382.74088,-3.898035511508528
3867475181362,0.015722396,0.02197813,42.45891,3.230427010511113
3980832240326,0.02770619,0.025117794,1366.7957,-0.05611058114073808
3945910458558,0.051867027,0.052243758,244.49655,-0.17490066649601796
3528713470340,0.0127438065,0.06998592,211.2091,-0.5188140407213381
3911318014600,0.014513676,0.05411738,85.9416,3.3707459346850355
3805913597450,0.012427853,0.013973093,77.64721,1.5413133660757934
3803056245386,0.054315414,0.05182021,179.17886,-0.7177966408566048
3005458426424,0.02077916,0.013164434,60.776917,2.0276816290465693
3236294080588,0.021692919,0.044454075,129.87402,0.11006107761334694
3220093026318,0.049248695,0.053873308,185.72612,0.7253353806177578
3217885556732,0.08528276,0.06504725,414.1646,-1.6523588669581286
3356319991602,0.10445576,0.060767576,117.526764,-1.8019091071714086
3420780609692,0.05302793,0.014760543,110.97787,0.8037643155243597
3407440183552,0.040756285,0.060765572,86.68306,-0.04246520636407014
3003249621298,0.014168773,0.04686679,154.1408,0.2783494108856908
3199168356658,0.004339213,0.028303519,80.96897,1.1479867868119242
3239777554496,0.008390437,0.012437459,91.866974,1.4402805479340974
3450938307916,0.005315048,0.033135053,273.7109,0.6719616035667951
3397914937410,0.00410544,0.020839505,149.0255,-0.20711257361403534
3034053295948,0.098463506,0.032977328,180.10631,-2.407420743256824
3020398852756,0.053732906,0.1190334,215.82452,-2.707071578167567
3115976732564,0.018568447,0.024779677,199.58803,-0.7361393647496521
3172487556336,0.011287338,0.024386179,126.21901,2.468600014182936
3106137166330,0.029404039,0.0211561,165.8897,4.905575775833869
3264880281494,0.056957677,0.06902739,123.51088,1.4184705460016056
3635419693682,0.007419255,0.0046082344,101.85768,1.7248994226032726
3548731215548,0.017001646,0.017242104,98.55355,1.030751618591124
3606526432726,0.01596899,0.023853468,152.76294,0.34358524862046347
3845605560368,0.0049404283,0.027308337,103.84434,0.5531189770578273
3858949213876,0.02482901,0.08579968,176.30873,-0.6457817303146327
3565586612830,0.016878294,0.08410843,159.16788,-0.8915134408790162
3594796638646,0.039575085,0.012542661,176.24951,2.4810534421415125
3595111211184,0.06859878,0.03610952,151.8511,0.24635526407921549
3952960232320,0.045100007,0.021592049,131.60837,1.3666671268490793
3878341470060,0.09988409,0.03907391,109.06715,0.0868900113735333
3898031489936,0.004777141,0.028884407,169.00504,0.9305981195989343
3612236199776,0.0349793,0.103831165,179.63165,-0.6168199438745564
3626212623572,0.01429696,0.02617511,117.77708,1.593864689056039
3662722207892,0.014676304,0.024603883,173.32935,1.399512221964527
3576685602628,0.071205914,0.065565266,288.75116,-0.9178217994562764
3755765496072,0.012676524,0.013791401,110.697556,4.48196739329557
3679887666382,0.058351856,0.09788395,247.70166,-2.7183385940880767
3749429839002,0.1153703,0.09894669,253.10304,-4.27179733579132
3967882640580,0.016075417,0.04698134,245.01132,-0.2859500776557462
3999624686978,0.065721884,0.077306755,362.6755,-1.0273877035093224
3903098582152,0.026766887,0.034743592,85.830124,1.5878787341034206
3949135781774,0.011048897,0.039224904,220.88432,1.072992901650353
3978043986294,0.010697732,0.03633601,56.010624,1.5902004351721581
3182267627620,0.0419932,0.03626082,130.85432,1.6737188556077083
3307062235272,0.033973325,0.022573847,109.04765,1.662654324559822
3361995135652,0.014867438,0.042956397,207.68695,-0.8170254815202468
3340391251982,0.12087892,0.12542947,608.31976,-5.499073705873888
3271496165810,0.012790389,0.05620523,166.94237,0.6511217483755911
3162614349722,0.029417392,0.040189523,101.05764,0.17450194501995323
3417576029922,0.050318457,0.030804606,45.68407,3.6825046941881237
3229259354802,0.038309574,0.04163179,157.41206,1.0637832623054246
3415016642602,0.014782442,0.070266515,180.9194,1.4872563246693504
3100369316600,0.020271385,0.04961346,140.01721,2.098063046606528
3103867203364,0.034083962,0.14147355,323.02646,-2.4532569446855446
3160704543298,0.071935914,0.0474227,243.7196,-0.2726244844588923
3143230208464,0.017884169,0.034101557,110.68458,1.0957089787876262
3209593123338,0.044471964,0.047299493,171.02126,0.5325448308047718
3069255885956,0.06986523,0.029433511,367.28027,-2.9329463872004755
3150860088014,0.04949463,0.04667517,217.60165,-0.5506629861963914
3485207665206,0.02179091,0.051054083,328.64615,-1.2799815401416779
3392801080144,0.029493142,0.04415687,186.2451,-1.2878743994833128
3302635757188,0.04758691,0.04868386,129.85442,-0.07002873983679991
3696346392230,0.023367777,0.010842159,258.8985,-1.0454946332949524
3897652459148,0.004622785,0.028621031,132.1646,-1.3631268360463151
1033790056,0.019957483,0.030825213,79.76009,2.1999032995155345
3549352600622,0.07264336,0.09073658,552.69946,-2.570410194523264
3764625364770,0.005741413,0.038205642,163.61331,1.486280999724841
3540753152226,0.010907797,0.018628825,116.34901,2.0038419714150875
3603302047176,0.02115752,0.047179677,244.85248,0.5021542583600641
3651258378602,0.077845365,0.07553606,73.35053,0.35753563963144175
3749995202884,0.07878654,0.04005267,291.35446,-1.8809506063183248
3892241643290,0.11033922,0.04802809,454.94574,-4.013122699763175
3850025418808,0.0060070474,0.040364478,99.14546,1.7984097816421694
3700174677108,0.031689666,0.1061553,249.12126,-3.2371943685242472
3904341801454,0.016320437,0.0141235255,134.42352,0.6846631267879442
3062921309108,0.04726388,0.05730952,78.2026,0.7228076290278193
3013067393546,0.042581387,0.063976996,91.208626,-0.21141895934056598
3130548835878,0.07742623,0.04937238,511.6721,-2.3401656325468903
3021654823130,0.014900022,0.025173876,107.747116,1.2301976630499367
3178509073284,0.017811574,0.03384817,283.13544,-2.751780582131319
3392838700812,0.030438747,0.08973375,187.45851,-0.828717717867536
3461413798780,0.038568106,0.04426985,172.63452,-0.521704252170444
3040402110888,0.010004493,0.039236654,154.18031,1.4988170484678718
3163917567412,0.05500629,0.028703423,116.14246,1.285638483211423
3157892247800,0.009704771,0.022087464,45.316837,1.8248374691216454
3356023164740,0.01959291,0.016899016,197.89087,-1.8905442904780143
3335388750098,0.028385887,0.04415658,186.52057,-1.2727033232910028
3048950179472,0.07793531,0.0915736,173.803,-1.1504478885552163
3111181100912,0.050001852,0.0809945,500.22217,-2.9611762156157546
3236925446872,0.06603537,0.02216679,135.98886,1.3816843207343161
3257243903258,0.06662238,0.012450118,284.94156,-0.49628226678151205
3339482515700,0.030457646,0.06333945,160.01173,-0.09251895839299042
3261367782650,0.14826046,0.06454528,404.00525,-4.139976894146883
3432517841228,0.022860233,0.033003155,157.06473,0.741373932991982
3377266741556,0.053309307,0.108667664,160.77856,-0.8997281433788791
3067082486080,0.026454007,0.09391547,306.67358,-0.743507111783999
3061683159974,0.028916085,0.042060684,216.9372,-0.4635265014691934
3242669509776,0.040973805,0.04682677,185.66469,-3.023617375570706
3297270298964,0.0066397362,0.028161962,33.605335,4.1599343309226064
3630646438834,0.048486046,0.06559295,103.42394,0.6113920016713978
3539527573718,0.019086754,0.018952584,457.27655,-0.015571478506545944
3612558534532,0.009525085,0.03002885,313.84985,2.664229717477241
3861176191110,0.0074031255,0.019485557,194.46692,-0.25409268177864586
3532878578426,0.02288422,0.028579934,109.83382,0.18816524395265444
3562412475668,0.009516964,0.057851087,88.71918,1.8857823748374392
3690338184764,0.020816185,0.012211362,50.616352,2.7070842313340036
3726227042054,0.10990793,0.028924339,138.50488,-5.333856948096479
3599219067420,0.012951285,0.04534416,241.95224,-0.5816858360479962
3521124620028,0.037278682,0.042162694,139.06543,0.032278842846021116
3571934447916,0.13166364,0.040059566,248.13185,-3.7624861045695654
3696405161150,0.011383666,0.026610369,214.43958,0.5057723649310963
3766891248600,0.06455283,0.04928871,126.74146,0.3028137307888763
3743717605856,0.11900728,0.22876693,166.8778,-1.434100091766757
385630988872,0.11234231,0.12742892,90.69951,-0.4930118192220918
440893531614,0.061295882,0.06591148,173.41974,-1.592613744227927
110674922888,0.09895354,0.045603015,243.5694,-0.9352192917005168
136401804330,0.012394065,0.046943925,130.49411,1.852067333056246
190062507876,0.06575476,0.055961367,156.29964,-0.867299815924372
18290765008,0.1001021,0.037408985,116.141716,-1.8604365806501795
28133859902,0.044960566,0.043689474,227.85669,1.2063912845374005
221183676214,0.08183698,0.061875287,182.86913,0.1215958179135305
355490654750,0.018510757,0.02573738,233.04796,2.3223790636590587
387253743076,0.020113127,0.016021276,216.46619,-0.2721239770478573
340257809844,0.048430543,0.053478394,184.06262,4.457211048285403
222743709714,0.024048511,0.017944189,85.583786,3.336112796406473
121784723224,0.005442261,0.050515886,188.9431,-1.5267372229915113
446607934410,0.008535068,0.043502975,166.45164,-0.09423009256498963
97976821108,0.13732909,0.06675381,185.7108,0.29121997501417635
141803779576,0.0056422898,0.046910856,612.16504,-2.162976355882678
267543311844,0.00806103,0.06949847,146.26012,1.5889675457497687
271977302492,0.012357031,0.049136292,143.40758,1.1979427341367057
719984462724,0.02505959,0.06602182,380.0279,-2.025392591926982
687283506124,0.034600276,0.02788628,82.89711,1.535669325818588
622191630120,0.025573444,0.07046712,177.9863,-0.29247044185236515
641877970584,0.031995818,0.031015163,125.42506,1.2397657811808473
788245744624,0.009713867,0.028693585,119.60505,0.7963498905614437
867630910696,0.014123773,0.050483115,164.61055,0.3789646858358174
902241774974,0.019168153,0.032728195,141.25467,3.1816980648154587
793337732288,0.015339172,0.024488883,126.00592,1.5179403521829573
860340500428,0.057377297,0.040964037,60.365177,3.4468441455597776
617444528530,0.0095836865,0.06094869,187.53941,0.6106226717728277
534886154352,0.11151124,0.02997269,254.65697,-2.3839707731710673
650779795436,0.020433977,0.028633362,147.89897,0.5223148672299678
555214515430,0.0036775426,0.022394765,158.74591,-0.14218261164047274
551092576558,0.017125536,0.03454543,198.87532,-0.08456017521838788
646664131422,0.049021203,0.039480783,115.52267,3.266047487443508
980062675556,0.017559536,0.04863557,205.59827,-0.07276597627634473
792726455942,0.011529148,0.011863174,219.02116,-0.7231174257009892
940372323462,0.0668047,0.07078282,263.75507,-1.3847765480904113
892746516320,0.023853641,0.012590106,217.78867,-0.8995551650096958
968945696454,0.034271173,0.018405838,25.6109,2.5322316000777825
607276279862,0.049258213,0.016032489,143.0442,1.000135272783732
708877287868,0.0053923116,0.060149886,161.55763,-0.25200754313987217
775867430978,0.01583281,0.0176,83.44398,1.3840602085482026
1002578046114,0.029948754,0.05986716,123.78064,-0.22085568463002478
544093000166,0.118033014,0.040703915,327.94012,-2.8768140787696206
674916381186,0.030588286,0.03351476,125.44139,-0.12509473757862216
620944407456,0.116511144,0.03348405,308.29388,-3.508829836434014
697144470424,0.10846082,0.11552011,113.365746,-2.6092162233113627
850185380014,0.09652949,0.038786266,204.93681,-2.1212962877275277
974031561376,0.112198204,0.03786931,136.30167,-2.15185759554091
981632763540,0.047052607,0.023630684,185.65503,-1.5675345361849002
83075152506,0.009887355,0.0490761,418.5273,1.3887271838311026
346307599164,0.04782385,0.050004836,214.70833,0.47963779399162365
424424499884,0.08997971,0.044031903,450.5312,-2.613369510278929
294886243240,0.115658656,0.056715302,393.86966,-2.2192066408073683
459042193370,0.07217504,0.058767725,238.0667,-1.4338651445164339
140862281340,0.023847127,0.055946756,111.21569,-0.03371522098207629
36412793072,0.014239134,0.05200324,164.53687,0.42801319527447645
296453155470,0.017148739,0.056555558,131.45866,0.1927715276745133
305660933328,0.009063329,0.07819244,204.3772,-1.071559961276688
190733132258,0.003218502,0.022463372,73.94906,2.2464133054911324
40872914898,0.044092845,0.018709818,160.97806,-1.7874011311426743
32294256544,0.013403032,0.04846513,102.56689,0.26996384405823304
45640327194,0.05802144,0.049382865,193.49544,-1.4861422950451124
282830614124,0.076924756,0.07364069,251.1402,-0.32003578206767147
304737629180,0.0016499964,0.07318539,224.18095,0.05998406525651029
416823626054,0.01562254,0.017150478,75.03242,0.5314127146887411
426014116958,0.018101018,0.022820374,84.9907,1.4198801499065654
367595628546,0.026689595,0.08810914,130.77507,-1.208053718248482
627319022630,0.025927896,0.06573744,328.90964,-0.7293014485018977
933397266164,0.09165967,0.06783161,417.39136,-3.886058545397945
538427762822,0.03790335,0.06510617,468.04544,-4.058509453512852
886109440918,0.056447662,0.048642065,74.25211,4.034205637701078
692088921418,0.017963719,0.025047667,106.63792,1.4552455552133532
593967883458,0.020090038,0.04140797,131.99492,1.0061922156747447
521250763684,0.040820375,0.06435443,187.55104,-0.981905672743342
711446528920,0.040056564,0.018731004,229.74556,0.2846207516519848
678112170564,0.09560034,0.075853616,140.7641,-3.768677504509763
780033645248,0.03225496,0.09445904,172.89574,-0.642496212342153
941338795244,0.00089025917,0.04190553,204.54059,0.6210202496568665
611772438986,0.011436383,0.012975678,69.1934,2.655488565010658
636224175348,0.034783147,0.0509738,152.93802,3.070736299874209
712423255908,0.025268912,0.052855164,285.39505,-0.2818832619166569
917854158818,0.04547049,0.041256066,158.92273,-1.3096422415502893
962625889972,0.05287406,0.03013803,175.63559,-0.7333004358458906
1006126734988,0.05523403,0.03611366,251.1674,-0.731665986430757
815942108258,0.011789836,0.045408785,122.81415,1.575544921427884
781013724382,0.025546107,0.035829417,169.15825,0.20557103385379483
18585558422,0.0527969,0.03605831,302.1852,-3.4231135998070887
79223990896,0.013235054,0.04744759,182.71547,-0.692568359706501
34141015010,0.032165352,0.039867014,303.68326,-3.245848601317645
218940905336,0.014886556,0.055250593,381.43314,-0.6830303153915169
448817144478,0.047809776,0.059260022,220.59479,-1.3748959989520948
265298925726,0.03001788,0.03277873,206.6143,0.5988402021145351
351656857052,0.050371304,0.03777461,217.21326,-0.005641206831595413
125921984066,0.02143872,0.02613858,146.2747,1.29349977279202
14485644276,0.0021739907,0.030193003,70.34102,0.968172281942137
94169229114,0.008946027,0.09891143,379.58682,-1.9283041422993263
96395271416,0.045790702,0.045064736,147.6762,-0.8643867377420574
129427808770,0.06623404,0.02687316,177.281,-1.7207649902779867
407250702322,0.016187565,0.029346978,131.74748,1.074685830062254
400580766632,0.012903877,0.020307373,147.10266,1.4723980845195324
228470060388,0.020974647,0.053001333,160.97218,-1.2528848693515937
336416553134,0.034339704,0.07394464,157.50815,-0.9679005708647064
231026524428,0.009554527,0.045576423,80.99834,1.7867089049138802
288807830878,0.012427055,0.1007563,134.26787,1.0142237937183511
523446263668,0.05753266,0.03773348,85.799835,0.4637813871758638
695547068394,0.10122757,0.0174791,200.67165,0.554235316611012
715218819312,0.01457614,0.017338935,216.84393,0.5987622273494576
943512750044,0.037905987,0.03479415,187.0088,-1.322610904845113
545999030220,0.019744396,0.10209766,244.58772,-0.41755997850503446
522821834040,0.01130967,0.061911657,165.08893,-0.6835504836839674
861629583550,0.02382697,0.03601152,168.03583,0.6530224142923825
924168802524,0.06215037,0.0657137,63.1977,2.158507676171001
553930881598,0.03217444,0.03490187,258.17685,-1.8233300185305554
633938967658,0.0036080435,0.031094795,206.39911,-0.715804304704224
952722697360,0.07301144,0.060084708,215.54567,-2.62660875416106
919704901208,0.0801006,0.12795988,236.13582,-1.6326157111750421
749216568870,0.042209353,0.026749097,155.57532,0.38457452316697976
869237666302,0.01767038,0.03943527,184.86072,0.6994505691969255
921949338168,0.02591056,0.040817767,138.52722,-0.5645295005698955
937508221240,0.0043495544,0.019904163,78.2544,1.9917499584807454
974651157060,0.10769913,0.10670111,293.29062,-3.6518239944029216
964179272506,0.015015375,0.049483392,198.59969,0.15645733616322643
62446258708,0.10660831,0.03241167,284.7178,-2.2598974371794904
426007792396,0.073156945,0.035627797,155.26353,1.4986349090098885
486645444608,0.006332735,0.039066054,187.2243,0.9364062856646889
498086497116,0.04242873,0.041184258,184.54291,-1.8757880052234643
67231889780,0.11231484,0.05127823,173.83664,0.009485656096993034
328227080588,0.037683435,0.03179805,95.2024,-1.3668726604842054
338068411910,0.020353772,0.03996435,194.14401,0.028785735696659376
460631887694,0.020913802,0.043425128,123.63015,0.8709466661945435
419653111554,0.023631012,0.021602739,236.27168,0.3822682369187375
462526879324,0.01646711,0.06448841,141.75467,0.7550401963841196
38955576218,0.039890587,0.03731904,268.60974,-1.1477703025430188
186612254860,0.053443175,0.05651019,213.00769,-1.248473790944304
129786255824,0.009962825,0.03345667,261.0799,0.6878401484275222
453330945010,0.033373296,0.024863329,117.06486,1.3765551234017417
347594567680,0.015192101,0.02834973,76.281075,1.2078688634066341
323146082126,0.013967578,0.009073297,134.73784,0.15896908924607045
641588173396,0.114862725,0.059158944,98.74769,-1.1814796150411693
647627731918,0.023245536,0.06512935,97.774,0.059390933915336674
801938948684,0.012087056,0.017624822,107.476234,1.1997636436013184
776553778360,0.02710833,0.04269673,248.47002,-0.7308942752622978
720683286808,0.033103272,0.045732517,98.29234,0.6980082678666152
636846491604,0.018665833,0.06922401,135.1048,-0.2036378151126139
516206859224,0.01859134,0.026458511,143.33864,-0.81579590372609
602887122890,0.01431028,0.033945,29.01139,3.1427403191232
798152068954,0.023016453,0.010170537,135.34746,1.1810695278333945
890869899330,0.020157963,0.008157384,134.04018,1.1659845953198327
778777881338,0.007861482,0.040520925,35.993916,1.9620585274001021
658106623876,0.0134313535,0.04394469,134.90187,0.8385287373468258
808609743798,0.02009036,0.048038896,215.26071,-1.2239516260462753
842272836240,0.024847569,0.040106498,194.52213,0.4377775501851087
610822125860,0.015008113,0.046557236,224.33894,0.517743806495178
752441941308,0.016773121,0.042660438,242.70818,0.479036952134173
1360739293934,0.02240439,0.021550136,121.19837,1.277776656476769
1381387115832,0.015455617,0.04323434,288.26013,1.4159949998678651
1013385139130,0.10543275,0.07240267,301.12045,-3.4105558983973125
1032129605592,0.004423897,0.03077232,162.00447,2.235877275447427
1213113007156,0.061654545,0.03758572,76.6334,3.1952418649984056
1064842834580,0.015738828,0.025470823,291.78143,0.23214984126809957
1196605847998,0.043370616,0.06352781,136.451,-0.3863850304681423
1268036960466,0.0904737,0.05769098,122.41308,-0.6402177025711764
1415369012470,0.11983975,0.04613135,307.32736,-3.7552403959374905
1420453012186,0.049546678,0.086655825,162.29437,-0.9751419727352046
1324567566404,0.038629618,0.061553884,235.23325,-0.5178407202759838
1408704167866,0.009914046,0.012343545,146.4705,0.9420135318238521
1397282822684,0.08368109,0.055693764,167.52856,-2.8474969779825394
1135297525416,0.01851704,0.050184663,163.0178,-0.8713230187569722
1042285837132,0.022894017,0.03160002,206.27303,-0.9284516620538446
1187400188276,0.04812311,0.0636918,210.006,-0.477395623432396
1108008470930,0.0193983,0.026046284,133.57304,1.2743771115524345
1376315214514,0.04611165,0.01878076,179.78792,-0.17827302058182423
1422672453578,0.04602168,0.022020556,275.11374,-2.6417165216181386
1567124622902,0.053223994,0.06030804,135.74301,-0.36627318847663404
1696676462544,0.02911783,0.039019622,149.83698,-0.8574882032154557
1844331174484,0.03513741,0.053048708,111.79846,0.16732812599706282
1926243926272,0.017265964,0.02378352,177.92032,1.378999908057548
1984029365982,0.044781495,0.030637817,100.22241,0.6270101587368596
1707804707102,0.030018989,0.04500419,183.25346,0.06538112433073845
1895784761342,0.048207074,0.062409475,138.32246,1.5094777242091026
1769413692266,0.0127387205,0.0479604,111.045074,2.0302192640543497
1930717103172,0.025424566,0.09103684,172.17525,-0.7601028723569571
1572848224014,0.07951118,0.029035581,184.40543,1.222824145949556
1734782039332,0.059226144,0.039645113,233.26099,0.6827161913989559
1825898938954,0.013056126,0.027551418,54.29685,1.6823055474535673
1921473920768,0.033278383,0.04574657,163.06538,-0.30849701818476294
1595719089272,0.050414875,0.019130772,257.4745,-1.2066392310250693
1678910186778,0.055348676,0.018435745,342.2474,-0.959123949961566
1947848921006,0.03708295,0.03548448,350.17172,-1.2925455289819348
1068020629970,0.0126480535,0.013653539,185.0731,0.10860928849077167
1009605467372,0.008245952,0.04849989,101.014626,1.7604004639435293
1012147896228,0.055237606,0.032991976,551.33856,-2.376908757986964
1201708872768,0.008187018,0.07487688,267.00342,-0.7802651494879621
1462709154194,0.011431839,0.14490642,301.20853,0.023467888087485123
1187440027606,0.07400135,0.08584775,325.65643,-3.6060739281783536
1027713557850,0.01498636,0.053519756,139.44438,-0.5390229919818028
1054068877348,0.0072435807,0.03498664,283.36893,-0.27006870096012303
1059791696698,0.02696757,0.0410464,203.09485,-0.4103954523128567
1057891969436,0.024976134,0.037343286,167.80696,0.589462807106217
1015643186834,0.09018136,0.0212978,179.81801,-2.7164970903959498
1129317438652,0.011421443,0.06131961,126.61226,-0.0813906823073669
1102960103796,0.023632694,0.04365757,198.77782,-0.5185739722987418
1016913721384,0.010061571,0.024124674,96.4119,1.1388748703014409
1132173859428,0.030376147,0.042998344,173.62193,-0.1588615089225714
1284257118488,0.023811389,0.022206232,87.82404,2.003390910730862
1263626232354,0.011845055,0.026837112,122.3373,-0.17702435180540987
1499865421878,0.016273838,0.041888487,203.04944,1.5463606562107124
1049309278580,0.04707684,0.04984218,267.0919,-2.290157725685713
1048046758560,0.02593319,0.033951424,148.34209,-0.4353999065695401
1232519856658,0.023163516,0.04255241,267.45572,0.4937801968457838
1329052688750,0.023642333,0.062397648,168.90352,2.1231006411336653
1276975982412,0.0032736645,0.021612141,67.26843,3.0330421625882327
1347473915630,0.009635479,0.06278886,210.74039,0.3622522455899778
1430977769598,0.07098039,0.025501834,54.247616,-1.371786466812443
1549714900102,0.046466514,0.05080217,249.3495,1.3185200227455933
1793874348058,0.02847468,0.0444705,179.11024,-0.9302104110321355
1794187760676,0.036160283,0.06423728,189.66626,-1.6944222171884125
1806579054512,0.062224712,0.020086028,108.72546,-0.6688295229736185
1982478583098,0.0665692,0.028350823,201.05515,-2.2943637275040927
2004719573922,0.015972687,0.03875882,108.897896,0.7701774569565112
1984077220892,0.03334246,0.035049126,129.0425,1.1637539201949916
1577663994366,0.056630008,0.03702249,167.55864,-3.6366448629073527
1748486326652,0.039333086,0.096743494,231.5142,-0.9406279472260526
1767225550250,0.11010174,0.061298307,550.33636,-5.411722319058611
1761838016718,0.018220067,0.040151134,183.18051,-0.12295914490597427
1830420270652,0.0104411775,0.03733294,195.42278,0.3292490090575749
1878359012076,0.0105909975,0.024944136,126.585526,0.9764988443567539
1694811940252,0.017678656,0.023739116,177.23506,-1.0562915753299629
1885955805620,0.023293193,0.05117203,113.12979,1.8368117114875688
1862139588216,0.010254156,0.041135576,127.32468,1.953412262765556
1772601241892,0.020028362,0.038310446,218.75682,-0.8278567314812787
1905319889188,0.051648464,0.028091291,138.43552,-0.012462088354456613
1728797441984,0.008701835,0.0045823506,44.875687,3.5742944917257384
1519887753126,0.014630648,0.013924922,89.16039,2.3410101173142825
1844377014648,0.036138818,0.015104376,266.10107,-0.3275445134771878
1915504039840,0.019917822,0.03642587,137.11063,0.6182601024245379
1801518189990,0.031673145,0.063385576,139.52478,-0.8039218559360451
1870097143318,0.031203011,0.07298936,247.94965,2.203753609667099
1256586940462,0.008258128,0.021034867,489.26874,0.9570996805399601
1199444605594,0.014960478,0.036169186,99.29966,2.0095497513533433
1285800117098,0.013026828,0.027905548,147.2758,0.8772693490896426
1363906710628,0.0631096,0.10208014,179.3924,-1.4687694612889275
1260089918294,0.02187569,0.033280324,188.53891,0.9987116010509054
1184214305718,0.033603538,0.05483589,138.77821,0.7659196688913368
1425537090276,0.024012376,0.043101165,92.33295,2.3135741117918176
1297887573932,0.10003237,0.05105094,169.9004,-0.4856867675001536
1428717809364,0.0171777,0.051013548,154.14342,0.530278833746164
1030845518886,0.03415458,0.061577413,285.33755,2.2886236434128193
1251831601394,0.050743118,0.040039238,137.53368,-0.03754224085055911
1305815067652,0.012009477,0.032779884,82.94134,2.320888595759063
1478543831056,0.076960966,0.055816453,339.9263,-1.2337426186407061
1455054936244,0.013312393,0.03868448,176.60849,-0.9613814274850558
1042923752380,0.024915364,0.10489843,316.75858,-2.410941947375081
1003867482474,0.06676165,0.090947516,174.1859,-1.6732171452704963
1414413912596,0.03365858,0.0110381665,136.24692,0.20613872977204917
1394738760682,0.07410735,0.03040682,485.99054,-1.6229506265897908
1502687345686,0.039936136,0.08586001,239.43127,0.10801564782769213
1703337000850,0.042526286,0.07519214,209.12448,-0.5899089848159735
1663657686586,0.05052438,0.022865586,536.75476,-2.3297058804015305
1586831857196,0.060734596,0.046432957,255.58174,-0.4223525974924145
1668751890870,0.12192538,0.053641576,534.35114,-2.8165942240115345
1666527563534,0.040841393,0.043487377,104.16198,-0.6045315971500504
1688451664558,0.02092342,0.03954635,165.71376,-1.704223296660015
1913873904214,0.030435026,0.026387954,71.69299,3.936943500820652
1948495528964,0.055731434,0.083882764,194.78156,-2.0880465037279228
1955159568366,0.014651208,0.03434787,102.522415,2.189424942601977
1774815314952,0.07019721,0.121552,404.1329,-1.6922090973168231
1523956649456,0.07004446,0.07282096,190.3284,-1.1116720994785572
1527443271988,0.015148845,0.016575577,113.43174,1.5287390401780692
1660804469002,0.016875936,0.05541547,206.44037,-1.3891177536260728
1862744919838,0.12881182,0.05126709,193.71216,-2.7788730091241294
1788433447234,0.019186828,0.008039193,189.5442,0.41404336256365576
1648425371678,0.07983401,0.04062413,548.84875,-3.13742199005321
1530004750424,0.015606645,0.019647116,147.44637,-0.39097084662185233
1918961482916,0.030129073,0.046422385,150.1626,-0.1378481764390337
1770684103366,0.041406892,0.06382721,165.78667,-0.26629912164427494
1975485511580,0.062489033,0.058495272,292.5203,-2.1164493395009467
1770676065858,0.009844743,0.034475956,159.33887,1.7990555404208015
1801805776894,0.121160224,0.056490988,143.38353,-1.8874461330034071
1946912769370,0.026155813,0.04605557,195.18599,-0.3889546890704346
1964050559048,0.012291944,0.06844078,141.71458,-0.7422469826142906
1258854059046,0.012124642,0.032747522,212.55907,-0.833605802745516
1197893192912,0.01746791,0.052812867,134.09872,-0.678536778506091
1081688407776,0.16797143,0.06431842,315.95175,-2.2958464726250707
1133438825334,0.05704545,0.039777968,203.46248,-0.6995830715737541
1159798882524,0.013792479,0.025045602,410.8061,0.9613009690049059
1296953460074,0.024196893,0.035748012,119.32999,2.8285332987267893
1316004181278,0.020627318,0.03480452,132.9977,1.6904739054662365
1483027236878,0.015698655,0.053699374,249.73325,0.44208868506750376
1121382011856,0.027618766,0.058389083,337.73584,-0.2776624869109001
1183953082342,0.022576623,0.05944874,221.54149,0.1513412195947158
1438591144444,0.07700312,0.091521695,108.73069,0.12938410045382537
1324931987776,0.01537015,0.034105644,40.50272,1.8214756310316105
1134701926706,0.048406888,0.034594197,100.58943,0.9296275879714945
1214401764800,0.053019755,0.05937553,218.90916,0.16864462234483935
1002304579266,0.049826957,0.037603747,281.88922,-2.702512751045881
1335382277020,0.0080231875,0.028585365,47.933037,3.8713106855973693
1072184556022,0.0112522775,0.08559148,180.0242,0.04700633975573021
1436690007050,0.045888975,0.03438499,137.56015,0.9433908620207239
1553517432752,0.009383205,0.010214197,38.63888,3.01743740201163
1678941486428,0.0118448455,0.055331722,104.7827,1.6813750192602244
1894847525866,0.025932776,0.06574429,53.550304,2.1165069657909377
1887858079502,0.015958222,0.04541725,175.67842,0.5417339158953889
1572582013008,0.06215795,0.09231844,179.71585,-0.9180843621774226
1734214310148,0.03908424,0.013573982,161.51468,2.9233413369566685
1521452096838,0.067875884,0.070496574,162.24898,-0.537070529323561
1635118008116,0.014969963,0.046985865,336.0491,7.7367996588535615
1578283288860,0.041409995,0.058832392,166.7095,-0.31675441926119596
1648462920236,0.064112954,0.021510862,168.60854,-0.8853295863593029
1601801062944,0.08064285,0.07406009,370.019,-2.134986580191574
1814857007740,0.03643579,0.0423479,88.849014,3.1034502176848875
1972667597668,0.1224524,0.052910555,277.13983,-3.1631779665959234
49783356198,0.0115491925,0.024902351,249.15231,-0.6425238945783228
4376459830,0.016179949,0.008431439,29.85097,2.77426367874606
378105110494,0.02723018,0.037747312,186.3682,-0.8254126439990052
57425181610,0.051762022,0.038417928,333.15817,-3.0650907690223246
92356716136,0.023542015,0.037956964,213.7345,-0.6703204812549691
240633642112,0.017697759,0.035209473,163.82498,0.8611778545474398
488924352346,0.017205574,0.040171623,263.44803,-0.6266623544671959
273021589496,0.026095739,0.033059616,130.66223,0.7448790861233152
223777059972,0.018613085,0.025393134,108.632614,2.071554854089548
205687870738,0.06578806,0.03658859,120.736984,1.9015339262363757
26286727598,0.028535727,0.062919036,242.4391,2.200168504039226
14857746640,0.04443633,0.024826072,267.20538,-0.1606015159278651
166317911522,0.021321356,0.03216381,257.26697,1.1853992936470945
273307409002,0.02925157,0.03857539,261.27338,0.06271705568328723
175219054722,0.015382771,0.034901492,215.56424,1.952867484208227
75841367508,0.025697328,0.065627635,183.29324,-0.4633478643150302
77748957202,0.03274854,0.041376665,105.975815,1.5826912987253539
243494347558,0.034192506,0.041382834,50.721504,2.0800184580449135
365419708824,0.019225784,0.039282504,200.95706,-0.5952590807978975
570835995182,0.008710499,0.020505074,93.92904,-0.006638477341796678
711495188550,0.02109096,0.07134292,116.60458,-0.8341655120261864
795955557974,0.06618941,0.06972722,154.68924,-2.632031653432533
875649198126,0.03354829,0.04886934,156.70853,0.44651221210556863
690247732056,0.016661728,0.043079212,300.68884,-0.19140070176920898
528303057290,0.027245132,0.12983663,162.72095,-0.7062813067852528
738815693230,0.09470979,0.08169033,321.59512,-3.045639928011771
639120234386,0.07323776,0.03679518,207.47101,1.3819382703068364
895355672526,0.05836608,0.043452553,60.587673,2.06116466482626
784538774544,0.01708644,0.026743453,159.02527,0.40674230411040774
763878227758,0.0009378264,0.0418825,205.88,0.9805966554954004
960421872654,0.09803321,0.033976775,108.02839,1.1286957952256185
983294652638,0.0144378925,0.029895434,147.34135,0.7781399391041574
894074129146,0.04071757,0.023270406,293.69012,-0.6911390346435439
565130616718,0.03349225,0.03489851,237.99185,-0.7567772032582148
532434598860,0.027703524,0.014047172,81.62816,-0.15165198719502282
557202973232,0.024922637,0.076688275,328.65628,-0.012653296481904608
702944073550,0.0028298323,0.02938969,112.39467,1.139507501769005
645468997950,0.050118882,0.053875774,154.45705,-2.4185248982499505
995061792640,0.028790213,0.042285517,227.0806,-0.09790709107032525
975696727762,0.036462933,0.024112787,164.60872,0.6265784845777748
123811229522,0.0693792,0.06838629,131.96873,-1.2774218088242184
243503216082,0.030603515,0.079291,87.36542,0.17936170510716076
272741692150,0.057359863,0.06513959,150.91609,-2.01375342349165
271794576250,0.06378623,0.041051842,101.639595,-1.202641251149911
162859512972,0.026721645,0.028166594,179.35326,1.1462150049578392
82206535656,0.029661138,0.037742574,161.50197,-0.8964884080773178
270817169902,0.011858417,0.038439978,189.62396,-0.640581331744441
378452846880,0.0824021,0.034224864,195.80067,-1.836556049784971
183197223286,0.026529001,0.035097536,309.2911,-2.473549217941789
244480625018,0.062059212,0.06803735,162.52335,-1.0955575301696532
401026527276,0.07610996,0.04066558,148.80171,-0.3884446434547056
290837688306,0.013412974,0.0599528,63.378506,1.9501362224825765
325131965340,0.048315957,0.02607009,38.039925,2.589911779959161
689629802808,0.0909274,0.0628836,269.47293,-2.6076843015682547
555638279126,0.010684364,0.049828723,176.67288,0.5084790106310344
854733701164,0.020370347,0.019964708,121.276886,1.4946506086898022
809335951804,0.07975898,0.025682973,93.27554,-0.668715383724336
947453623296,0.0041770893,0.008760114,37.988174,3.621643082907857
976350690506,0.01945946,0.071228474,239.34671,-0.8731461511529608
537543166658,0.060771566,0.08279798,186.52577,0.10343861926660725
703940581098,0.06018813,0.06485397,336.95987,-3.2836690645416806
871260567652,0.03465498,0.05467334,265.55276,-0.761793787469935
588014281656,0.023675496,0.039736196,142.19221,2.444494904038611
709618015854,0.018091898,0.04555577,453.05594,1.5386254122388612
505468154170,0.030865343,0.03630716,119.287384,3.7019482572250353
909977293648,0.040505752,0.06100309,166.39796,0.6018018978186864
549930454270,0.0613227,0.03388213,428.34335,-5.024672427857894
516916740638,0.015414917,0.024933493,160.18085,1.2375824874059607
790291809684,0.023682574,0.054553747,189.76833,0.12718582102910725
24704950206,0.00953081,0.012584468,42.44361,3.580236464193873
336503944750,0.032685135,0.013899655,66.45966,1.2790132686880336
454303839810,0.026944779,0.033499792,277.7497,-1.09545477161693
315549212790,0.07914356,0.04646332,133.97974,-1.5929911931432243
227617366360,0.059069846,0.09717857,145.20528,0.7133131774826184
306357487356,0.017575508,0.039580178,195.80351,-0.7371190291427208
293655830848,0.008677632,0.07148711,203.79591,-0.7140671582750308
161870037826,0.037391193,0.04153001,265.74857,-0.20677244620065016
226960403958,0.025667064,0.037271056,117.89841,1.2159148140089862
298725341508,0.028198637,0.024557043,42.53842,1.162594103076909
425094621976,0.026713494,0.04599912,264.75568,1.1586215293684348
19631787738,0.029048849,0.03516842,204.24858,-0.5216174497640995
100604251514,0.021663625,0.049655862,261.89926,-0.6278040634233314
138398103328,0.11724487,0.05702307,191.93407,-2.8808504016746275
316521657030,0.047876358,0.026606994,171.7751,-2.4146019855892007
269201601594,0.008679996,0.014358085,83.4361,-0.10391077999167364
516536827446,0.040133663,0.029417051,92.07994,-0.2788502056090631
563536365504,0.00928515,0.022153296,207.94441,1.0258796676718092
859133826278,0.06401431,0.038962826,86.22701,-0.31505035972983764
942013703090,0.04548473,0.021169528,140.73938,0.5628032818322567
804848011568,0.09935406,0.03739612,166.27303,-1.7908146553302426
791196768738,0.052532353,0.02369121,150.49072,0.4015153362741692
711820472440,0.034765016,0.041331254,191.56232,-0.2660568609076485
754687159918,0.019105017,0.056493096,119.94881,4.58264892403896
628960504738,0.08107069,0.055740833,227.68542,-3.0746799794970814
989650749448,0.07335464,0.04168051,282.67923,-3.156056119384687
922022189862,0.02280352,0.057074767,198.3074,-0.631563036418727
972520470152,0.062222295,0.050515704,120.27783,2.299526184431476
942983777592,0.012264973,0.031823277,158.3398,1.0582321511501536
561308509456,0.016542286,0.019365765,213.09624,-1.4085879613921652
517493572198,0.023159245,0.023750158,177.8113,-0.16244462057674808
485743814882,0.011467851,0.06460294,161.97878,-0.12575804033544583
681328297950,0.024648344,0.056083325,183.8809,0.2858594925126384
725150015044,0.025862997,0.02344146,113.3441,0.8757229706784251
798489523808,0.0065305037,0.030295262,138.58354,-0.19288312764526083
773102640346,0.01117578,0.07644312,315.8926,-2.3717231373559797
790554648964,0.08593053,0.05524276,192.03023,-3.016226763194227
712467005458,0.037772745,0.05111426,185.72678,1.91046100418517
720726103902,0.02513256,0.025208965,220.95613,-0.5574905809574577
785815864000,0.015316546,0.053982716,121.133446,0.8914731761214894
820423855856,0.009906082,0.019704366,137.7221,0.5321228444533057
886788130974,0.011181932,0.02875772,154.01576,0.528297243240744
203509987240,0.013310809,0.056756377,87.54146,1.3174110307808427
118088993192,0.03884785,0.054605395,198.24472,-0.5193885758342862
149207717438,0.020029021,0.020960087,76.63088,2.164233568860034
404164407936,0.0048820577,0.015681474,21.558777,5.436488631480226
384813529502,0.11018132,0.05508941,252.49649,-0.6426973999546477
427344149560,0.04231098,0.027957164,133.40646,-0.08556774558288643
447663993066,0.010470465,0.028899774,106.10246,1.3480545760795104
457837535630,0.014100453,0.05298642,143.50734,-1.6566879657995823
56186478318,0.04504588,0.054819383,262.2238,-0.2446021359045091
149218325960,0.06983498,0.070797116,282.88776,-0.6759316412094196
243202431270,0.019429145,0.054207046,239.87718,1.285543485369499
146673630426,0.06105165,0.038758297,183.71738,-0.07069022211083464
260355341720,0.031928323,0.049039293,254.63193,-2.010939896651718
246709843606,0.0642014,0.065291,132.64288,-0.8588082679121587
355928710174,0.0345028,0.03484403,180.08517,-0.08861811497674377
292431262042,0.01657893,0.021517107,147.74739,0.630357920657663
328951102128,0.004045205,0.00863517,121.86817,1.0049644315962305
109838086720,0.0082049845,0.02344159,52.83513,1.3587204345193948
123814913244,0.021722194,0.05326137,219.89006,1.4275339510926575
407051674582,0.027485033,0.02936561,366.40408,-0.8795100455157445
512454628534,0.03120139,0.023777576,41.601257,1.593123616997678
574681518084,0.09262888,0.032195207,255.56201,-2.7247853839818132
519126178170,0.009471324,0.014653562,341.97733,-0.32035315544755427
725191215152,0.014048418,0.039458755,89.75416,1.545753507652877
766464177626,0.059996806,0.07105627,300.1003,-3.4677838602535314
888386213906,0.040127993,0.046796918,46.22696,3.753216295232674
781071685694,0.024533084,0.0462211,187.52481,1.223964778211342
594384768176,0.01226076,0.042459466,179.09218,0.8992860905652531
555333537572,0.03211757,0.025439987,101.53892,-0.3358627177878981
596929590394,0.00582994,0.07584657,78.01157,-0.9299234200432622
910635141492,0.059805635,0.047819335,99.40709,-1.1307428791276828
765536439490,0.014980929,0.0925505,305.56567,0.24424283009371633
909979388552,0.030609181,0.06700338,92.45532,-1.2046563583740442
922677140484,0.013565746,0.04210617,150.63348,1.3387241709202995
981104121892,0.007403648,0.032716326,149.88216,1.5012100425036259
817930089080,0.1036298,0.07982822,277.58102,-0.6848341843710084
1130935328752,0.14690745,0.061881293,149.2881,-0.7677794864597465
1225246228008,0.06632291,0.12397049,319.13367,-1.4874524591934675
1400827277752,0.019956622,0.02836392,97.8523,1.5507634867618432
1404947528782,0.016516993,0.04623997,221.41795,-0.9029108706834721
1437658111646,0.0141847255,0.022383207,141.25766,1.543099928920031
1474173642326,0.021046417,0.026620943,260.23355,-0.022367691473752727
1248750165656,0.12792198,0.10250805,131.02913,-2.703073517162168
1378615266068,0.041491095,0.06349015,238.30203,-1.605562106576266
1441164186366,0.06717455,0.101156734,337.20148,-1.3094469213662832
1324957940300,0.03257763,0.04064707,215.54997,-0.32475602367739875
1391322114982,0.019683136,0.050018415,150.38235,0.250184163225241
1099811691132,0.047192045,0.061,208.84729,-1.712620219416411
1187772392632,0.034732614,0.043962386,131.03386,-0.3831906813276965
1505606459370,0.018085392,0.065048754,127.2323,-1.3896534787585921
1450681723698,0.07300164,0.070233725,222.16325,-1.939445413511606
1034738865026,0.04955522,0.026034152,154.8865,-0.618323715572096
1426241856714,0.011314876,0.038178742,107.40595,0.4821102554458384
1669142060716,0.059638616,0.034355626,202.64523,1.0853549762873596
1830109756406,0.02988462,0.060175028,137.61972,1.150817639803157
1520240626794,0.0098053105,0.01714646,82.84904,3.0332639789994946
1649152965570,0.0765063,0.024951069,133.40236,2.002107218519934
1674229335750,0.09753637,0.04666634,266.88785,-0.933385375153146
1611052658330,0.013766872,0.07888338,105.584755,0.605177440028132
1717107639366,0.015365063,0.034399588,193.74359,-0.9583254333209932
1820611598636,0.017120376,0.03128686,260.13535,-0.1198043059401542
1807273440846,0.101118654,0.02361135,222.57935,-0.8366836797679291
1936820290486,0.042226173,0.01695286,137.45445,-0.5117031986208324
1524969862204,0.038606543,0.04778976,217.51663,-0.014516169792373523
1707863473826,0.044801425,0.03606249,126.31378,-0.06999550044556024
1571010263230,0.01285597,0.034384448,183.16005,0.5736621743307007
1629763029692,0.025138684,0.04940749,140.93327,-0.34859958378929984
1810116077250,0.027408017,0.054422364,134.08795,1.7888180954653627
1739319247988,0.028231597,0.038960915,140.69756,-0.3051633715756619
1493872937526,0.033285387,0.021660827,189.87793,2.0502853274530684
1761226212372,0.02895866,0.06911049,71.93892,2.0538855451597833
2001587390904,0.0072933463,0.01570736,34.330334,4.368674803453676
1789499277282,0.014503908,0.03595281,217.34497,1.125616797227475
1957148047790,0.056913,0.06541,222.14134,-1.2865263250970282
1796804531204,0.019158669,0.048245367,293.3257,-0.8648691786331505
1150341721246,0.02778052,0.034664545,167.41866,0.5840969688342008
1180183990148,0.02112848,0.032310784,149.92332,-0.7240873236207808
1077314239166,0.01458959,0.017522974,83.299126,0.4077156646955672
1084300611766,0.013666887,0.05464599,125.280396,0.25087398610582545
1090972689808,0.028723277,0.05699231,198.16917,-0.6406243370874916
1264658649194,0.027533695,0.04253218,315.50378,1.612322326015844
1240224704560,0.0134292105,0.025808308,57.9318,1.6975027310989352
1285623738738,0.015599496,0.08919393,150.62648,0.07045050993926966
1492657337760,0.040128153,0.04899637,90.72449,2.8790165410365978
1105564926670,0.044002686,0.05612621,131.94746,-0.3040286676715706
1149716536212,0.05304574,0.04515048,104.27445,1.1576898808881817
1047153141994,0.0139805265,0.02668616,189.01485,-0.09878400437401602
1271631817666,0.05021163,0.033770382,155.91283,-1.0539195870291722
1447863557534,0.026655335,0.10450883,346.3851,-0.4748912355780265
1418324924678,0.1188768,0.06276785,368.50253,-3.842557550548878
1490717569470,0.005213888,0.0075230934,46.659187,3.0639995302925493
1117650494958,0.0049017468,0.030040585,176.36534,1.1574376038750602
1346599121422,0.022561679,0.028767284,108.33843,1.7331264920503333
1322464956062,0.050464235,0.02351037,76.837425,0.9638542516399473
1466938799126,0.015226501,0.03748141,107.98916,2.293786047466592
1408833470888,0.011693962,0.041825645,133.35281,1.1265692706500035
1672983093522,0.040015753,0.043307588,180.62666,0.30294888966047884
1651707792622,0.005672099,0.008785379,98.785255,1.922081709381791
1549786795642,0.020556435,0.02327212,223.99098,0.3101566708191137
1521524794614,0.08964819,0.03264862,260.98477,-3.698629033716265
1840323316084,0.0091673145,0.023312872,169.35324,-3.224081844684134
1916846089406,0.044124447,0.043971322,125.40258,2.590417932060247
1985095905268,0.0106268795,0.020992141,172.82161,-0.4866855355708314
1499317169088,0.04494745,0.018716812,179.77509,-0.5129404465917181
1783491973568,0.018199615,0.05994377,151.18279,0.7675723216779728
1775235194228,0.03516608,0.03860619,230.31445,-1.4465959508908475
1665685477814,0.007346404,0.024754995,73.580925,2.1692018882783497
1639325799228,0.076112606,0.07859622,578.75366,-2.9664622402411207
1582497128718,0.030959142,0.036758956,204.25063,-0.9618585924897766
1786014395206,0.016644575,0.033594385,54.412724,1.8244803140187478
1817139998338,0.023461016,0.017221397,58.001656,2.4276105285135845
1526302034794,0.010338983,0.04325934,103.50911,1.8468426328367396
1723483895088,0.03782186,0.03004874,178.19691,1.9285741163335932
1866379437300,0.010765419,0.037261654,70.22755,1.0488966058900286
1872409948108,0.106363505,0.112884335,375.17654,-3.5501771874386567
1753979802450,0.0071946424,0.021887528,100.3527,0.11964095474846137
1030274384518,0.045564234,0.031402238,235.14073,-1.0287777892552217
1128394792928,0.014761421,0.015407584,107.081505,1.2283192053066432
1110937290970,0.017546698,0.042620845,154.27997,0.9246357673340495
1209049031480,0.03247833,0.010593825,91.763275,1.8231366136564193
1323041634102,0.00918291,0.029505828,120.73303,0.5965136698566615
1514817868568,0.009746173,0.04978993,253.94888,-0.4593955231710282
1321450254610,0.015798504,0.024355613,135.01276,1.217492247029067
1053483736306,0.04075102,0.041334815,251.86615,1.5609176914714475
1401489763296,0.020670865,0.03059499,137.37909,-0.05345194073627736
1410067491144,0.022198506,0.032947294,152.39334,1.0609960216718561
1055052361510,0.07004736,0.039356403,425.5956,-2.0901448839800505
1100779299770,0.020464137,0.025726715,184.24696,-0.7846162217443526
1151577685982,0.019537302,0.056634896,374.50827,-1.0864373915322423
1218259657994,0.045240667,0.04246015,321.2406,-0.7721968646098403
1394158227980,0.030168777,0.09356847,173.52408,-0.059853879476989114
1485929446092,0.04548645,0.09929669,101.09321,0.15552362167498046
1243676302198,0.012161383,0.061796278,120.512024,-0.8210808485841368
1282424200068,0.0036925832,0.038773466,253.65854,-0.9587737609158918
1362753811902,0.027137367,0.03842273,172.38512,0.027992208653862184
1307811360914,0.022455815,0.07728368,859.9105,-0.7719985123082707
1269723073356,0.020816322,0.06301578,230.67334,0.5608417729504871
1688181520134,0.06337946,0.093525566,99.49423,-2.630215725346544
1955845410956,0.01615618,0.035319433,72.10133,1.3432222966086302
1891387112504,0.0526787,0.04852373,192.46516,-0.15445067773227467
1708204154068,0.0173009,0.044112105,196.29977,0.07805051018376347
1565324262082,0.027718162,0.025447544,350.25174,-2.354171022457096
1699642329142,0.015721738,0.031435277,147.84773,1.2205008679884646
1797757520584,0.07869434,0.069449045,211.26956,-2.7059229609008044
1986667859204,0.04121433,0.08619396,230.82402,-2.4980798376091196
1574839355222,0.030739859,0.041464638,223.15259,-1.2676477802883124
1651043324572,0.013570864,0.056522023,148.14459,1.3247958779125073
1967277241636,0.033872467,0.049030304,286.2281,1.2657494291525069
1859647361352,0.028172018,0.04722693,205.85739,-0.12744895588984967
1934264913720,0.008811489,0.015554299,193.50449,-0.032309249708735666
1997132136032,0.013708611,0.015014704,121.85283,1.6145036131644679
1987607089940,0.011422193,0.027539823,114.87352,0.36212655652165715
1637709903540,0.057031456,0.027793234,195.07599,-1.1613935059670775
1871087858534,0.033111125,0.07332216,184.43538,-1.7954154868666201
1916502115390,0.070637725,0.02005724,347.5551,-2.9530027617268813
1118905984798,0.008879155,0.023892578,191.05334,-0.8312295724752854
1082087197308,0.038011685,0.089465976,280.22824,-1.7362367169440538
1003963745274,0.05056221,0.076069735,1232.0763,-1.4743742329472522
1074779072184,0.0894319,0.067935824,205.89417,-3.270667077076673
1073513074450,0.014386234,0.037696723,148.48677,0.14798583157289036
1231634153362,0.100253336,0.032923087,385.9043,-3.4293259497765405
1484052044416,0.05887364,0.017341588,176.18912,-0.5370216683370246
1385953685596,0.010430634,0.019275388,41.787083,2.1509512444355803
1198626210512,0.004548247,0.03096067,166.41376,-0.4262249101152756
1294842102878,0.07989541,0.042877898,145.80176,-0.9013421366355798
1480596141362,0.017571542,0.040558398,162.0138,2.532271664123825
1481535976382,0.029848354,0.07147894,347.1453,0.5194851957407549
1016351084246,0.022894053,0.06436363,165.98796,0.052121053033068354
1226860040336,0.025321946,0.027739702,318.06006,-2.3814384060278178
1079857024402,0.0741558,0.08369703,175.5033,-2.076388411912246
1343708331568,0.023157751,0.04928346,196.61435,0.5100298320601425
1482474072126,0.014149736,0.05896313,153.9412,3.0482776406779077
1146867503378,0.13703492,0.09866501,214.60867,-3.1831668960171156
1088449643924,0.005865703,0.031013813,143.79025,1.3120643524036635
1058609643976,0.019006794,0.054315407,155.37997,1.0082032337629037
1085598717754,0.011242502,0.03290525,76.456535,0.855882046804032
1202437914220,0.04893175,0.062507,263.38702,-1.0691391338410272
1205296375414,0.024763549,0.06411704,177.82344,-0.6243228874760436
1099882128982,0.07784322,0.121818505,163.1553,-1.5997415845855607
1084640589836,0.026208943,0.031621587,276.4524,-0.3681509670204638
1179584966634,0.017513953,0.02987323,209.00258,-0.7308963156812954
1416769659890,0.052468974,0.10610366,276.67303,1.1193111571972083
1662814268204,0.013888233,0.035137698,181.46774,0.16952435610298897
1794592678108,0.06768632,0.045043696,368.9028,-2.865534449437355
1915245489542,0.12530418,0.03181606,1992.2526,-4.362772272628682
1900326081910,0.0052943463,0.016665602,41.332855,1.8728785795275336
1954933776458,0.05435713,0.08025726,266.71942,-2.0921700210743612
1962872658878,0.017385656,0.05822479,174.57806,0.45596972055488894
1651087070056,0.037585285,0.075604126,177.85191,-1.1024022200256598
1942900221286,0.017519224,0.024241049,225.59491,4.665260637083941
1780001222958,0.024762703,0.032481775,114.69009,2.4614171393270685
1583121889482,0.05512896,0.024891404,90.70477,-0.5494097542064466
1547880798766,0.005348833,0.03669425,143.89464,1.573532366821488
1539298989202,0.035633147,0.054713406,165.15479,-0.3422834630198367
1900642293024,0.018488629,0.037323553,126.64976,0.3468011028923586
1917467426020,0.0052349344,0.037398703,54.439095,1.6138289493385678
1599648124756,0.016272483,0.023776537,143.41025,1.1720895633874728
1710152545494,0.008976787,0.032720678,37.12637,2.914828182171565
1693648308820,0.017575333,0.03066249,105.3717,0.04013776003967734
1786677712196,0.07460731,0.043976545,88.73231,1.2910904005714903
1776201216196,0.024189692,0.055445243,115.56243,0.7870298819179733
163700669068,0.07908855,0.057313398,392.6507,-1.4870053116767739
435179260986,0.065896496,0.060885288,103.26694,0.7288245411606633
235792627124,0.007904963,0.034647625,182.80466,0.5077051015727508
348181375982,0.035663802,0.05771571,371.56277,-0.22057957607797163
308815625422,0.023423694,0.07668191,36.73333,2.5954758896189736
449470609234,0.01588561,0.025128588,60.506786,3.2100901829708026
135745579282,0.069752775,0.0434297,190.45734,-1.8251382190775445
225291436362,0.13755104,0.09324277,327.85468,-4.316226274469847
284354010824,0.04326556,0.045382597,795.40533,-0.777966165903603
501859923190,0.04141859,0.0523747,92.8963,-0.2311215044589108
409139321262,0.0047922144,0.060300045,150.16331,0.35763210620858793
497725990696,0.038867466,0.06239137,173.4553,0.6938466075221337
55118909830,0.057882726,0.03217604,100.04105,-1.2720416868208413
222776727578,0.029068736,0.06319738,152.91347,1.1082833175804603
106229777718,0.11211043,0.047123995,225.05347,-3.0274976343129625
77665451546,0.044136155,0.04789057,127.05648,1.421239091273737
366917804004,0.007969946,0.06611716,174.86813,0.2526647818342742
427577732614,0.08439949,0.13284451,155.20172,-2.885217987627604
560907427884,0.080129355,0.07663398,232.46834,-1.7450692232213725
558995504534,0.057104077,0.025293823,98.844246,0.05907606071903149
649503471698,0.007974005,0.041393522,136.08629,-0.3385270366590738
676491261044,0.058206026,0.02350661,370.08212,-1.1013255053672488
1000347472642,0.16139944,0.05485586,301.6907,-1.0783919189798783
861605949656,0.05310516,0.030265458,123.7525,0.9696581827056596
880339327732,0.1483293,0.10352899,328.2805,-3.758486942473408
667924519958,0.0100724455,0.039226394,90.33501,0.401560282725242
736514384590,0.021359673,0.019833053,156.2425,-0.24617849016250848
969893927394,0.041128203,0.06783855,218.9815,-0.964088807592482
797481601346,0.008519722,0.012413472,68.980125,1.8183300369947133
953701214684,0.012707436,0.026399141,49.07362,1.6719190773394232
608217883892,0.105178654,0.032985527,186.81429,-0.8651037066153293
695542008174,0.05401488,0.042824768,175.78032,-0.4763819379310727
565691875988,0.07440705,0.037681416,237.49294,-2.845190059226884
503138445594,0.037390653,0.03743878,184.38785,-0.3503770095573767
708577690708,0.0142727215,0.025323806,177.2323,1.8421414309687862
493303843598,0.01559438,0.10079933,176.39647,-0.9268490582700033
579672937618,0.08826555,0.064090386,111.48959,-0.99360675449681
688573477632,0.028669821,0.016965719,192.8544,4.684567334598964
753981867304,0.0252517,0.031258356,135.4289,-1.0699999093995318
850507769538,0.042414144,0.052140113,232.42874,-0.35629492532144025
4973982424,0.038646724,0.0498792,131.99254,0.7345750033650112
219934871584,0.07002539,0.100680575,131.09354,0.8834879169608689
377415946350,0.050197408,0.043842353,161.96135,4.360576283355631
294870575446,0.021878123,0.03628421,238.04254,-0.4185125710657859
88491369068,0.044827208,0.012671943,119.99498,-0.420445785342202
369510126996,0.01788932,0.014826047,45.042744,1.6917446456485719
393002096868,0.0058875354,0.024764912,39.39921,2.9264626740285955
417133364906,0.02451204,0.053731233,149.54169,1.6659580680452375
429521306738,0.010640892,0.024000015,85.24665,0.1639997733713754
1482549422,0.056593247,0.055991955,214.33858,0.5523265590826278
36715375988,0.035892595,0.03691918,327.23532,-0.7311268838997445
140243805212,0.0436681,0.0637547,209.96042,-2.047936050707595
421230382032,0.018182449,0.025087383,170.42758,0.9127225747759169
71030996536,0.007995165,0.08247769,420.1897,-2.2630032732757845
18648587470,0.01658416,0.02870675,379.07697,1.5577065329951798
363783302172,0.019843068,0.024679316,42.1714,2.63154692291301
318702720158,0.007583484,0.020365547,68.0556,2.819507014403067
241232351132,0.06997093,0.032863397,199.6671,-2.139482943206124
381259099978,0.019141745,0.053796202,160.67352,0.21363619097700393
733047494196,0.017450474,0.015983948,241.14133,-0.19638120296541065
684462826686,0.014092705,0.04152725,153.47324,1.193668734316204
528564135826,0.014772918,0.023252398,200.27094,0.39080066132716534
875289246354,0.038631387,0.058142014,267.10394,-0.7064928476887252
796546228202,0.0344631,0.03118442,50.871365,2.918705801426994
640989323896,0.073407836,0.028693255,493.08264,-1.7260797351261985
719092364742,0.0088397665,0.01163559,75.30034,2.509166463791071
763539772114,0.021685882,0.04396759,210.22168,-0.584474458769135
908340382868,0.04074321,0.03440282,125.92526,0.3497729310310769
954382169060,0.029137673,0.009499003,203.86748,1.124357660323399
571111186706,0.12609111,0.05148349,228.49188,-0.9191565472738967
753678912612,0.049026717,0.049539786,175.89876,-0.08244245857017288
543492794100,0.08320958,0.029896861,107.36608,-0.5834059737659674
947705127748,0.032279786,0.031616166,212.27698,1.210067066808278
811820251838,0.06507201,0.06516784,294.9151,-1.5619475230499984
366271551718,0.022676066,0.06193803,48.385517,2.5222942102575874
457086404746,0.052022632,0.025722774,210.51352,-0.6480450189588073
395485433430,0.036012556,0.061241996,230.96071,-1.787142855643944
227525290764,0.011264925,0.026296215,85.79192,1.2544460694893553
85258642304,0.063890494,0.023485428,153.49721,-1.1499947679587605
12227077494,0.0891468,0.055044457,218.77795,-1.5147880738220605
225289725484,0.08992654,0.066737436,249.09186,-4.5038667244257935
276725167864,0.009100225,0.026203057,199.71135,0.5927122462606867
443425763404,0.025922943,0.032156833,257.79456,0.3220805372596449
409137408588,0.018993475,0.05263714,66.27789,-0.08177706453526312
451055869556,0.028892908,0.06840443,156.93933,-0.7428293089116357
339275197084,0.016890833,0.027593853,117.939026,1.3650381355181869
308154810316,0.017258639,0.030068511,164.66216,-0.5442924147537063
115447436376,0.012299193,0.03824757,22.12675,3.3250495507517384
424712343912,0.016875139,0.03671082,223.77072,1.3644145526827365
391050915342,0.055280235,0.03355239,461.2475,-0.8513366666383789
366603413290,0.04227712,0.005874963,140.87183,1.1448298206092105
637421838470,0.07716792,0.020677315,265.65817,-2.4534126396572304
614880489406,0.04008315,0.051814053,75.51663,-0.3952227255661598
618387749682,0.04329532,0.11358438,236.87415,-0.6778077200701687
586331988074,0.018934617,0.08599624,130.61087,1.5725170832232553
654597805858,0.03213328,0.028239995,90.056885,2.05359072462622
639029825568,0.002064952,0.12726831,159.13403,0.3140018785722608
727622618108,0.017991832,0.03961364,116.19419,1.9634868373465535
639033101998,0.042486027,0.0438045,175.18373,-0.49774605189624577
663171576744,0.11424947,0.07413936,124.57774,0.15735728876638644
945446554992,0.058910515,0.045485087,608.68854,0.5679983497745567
921954636136,0.028177,0.038290195,531.02356,0.13566930108235553
756496174610,0.06559142,0.034419455,504.8658,-2.208776284501333
630123114462,0.024476657,0.02186144,166.15298,0.7461011773704965
626326432144,0.017707968,0.044817474,126.67873,1.5839459900328696
899692150836,0.01594902,0.028409272,255.42697,0.6039219195331588
622850695490,0.039920684,0.06956015,270.6224,-1.3175474369891456
539977849938,0.010207482,0.0131621985,107.02482,3.3837069540343374
841935111736,0.025710935,0.03328568,63.502754,1.663677162849037
778438974304,0.009278669,0.04388911,331.3398,-1.1652437423653
174204862686,0.03152844,0.040232297,226.47887,-0.8387380104032098
225335461554,0.016315626,0.037202463,218.79588,-0.7608230003517706
203741582556,0.013006552,0.03505564,186.15683,-1.9710427410181657
309155097270,0.105504334,0.06664823,131.8,-0.755421911540687
374573516310,0.0039233486,0.019558959,159.62497,0.7607327740846157
7217188806,0.073477,0.03634708,546.6087,-3.484216622639882
12620347386,0.027175581,0.03849309,165.19383,-0.7719980447476485
216462769302,0.006455717,0.02334379,145.37225,0.9614521271816789
356169376828,0.06369395,0.03341281,155.13194,-1.7010063428557665
287565200130,0.041638482,0.03770506,98.30779,-0.41721920966909876
468861484830,0.010917567,0.060248792,129.17184,0.645063331700866
64047877540,0.11002347,0.037453607,198.2216,-0.3930947922086687
234557554330,0.008100819,0.017768987,27.971088,3.466917671219308
230754118498,0.045906886,0.032142837,264.10315,4.052237221819413
220912560884,0.059355784,0.029446166,237.59161,1.414442066961573
208196943826,0.0877882,0.051229462,240.62987,-1.8891908513899216
163441340936,0.029406155,0.17180136,554.00574,-3.7827048215926036
350141587598,0.04587295,0.030049331,151.73335,-1.5466190493296117
289815509948,0.028980428,0.10356676,173.00049,-0.6671170940118767
534603167298,0.09001462,0.036725163,195.25201,-1.6038674518651654
627633402966,0.10594135,0.027756333,307.25418,-0.4587369112284275
644469270892,0.014320458,0.045996547,123.030594,-0.6507933617911164
764498331622,0.016874334,0.036804724,108.20191,2.4784893645631385
597141026118,0.1230675,0.02372016,286.04666,-2.9167250114074648
796547114722,0.014241692,0.02407014,296.60156,-0.7130385876745071
868937465842,0.014923787,0.082617305,335.9849,-0.9557946168056431
879098005148,0.10768497,0.11319162,229.4665,-2.2991640948007106
712102568618,0.10096434,0.059017573,157.55107,2.8043252277686896
550806240506,0.018997408,0.03503554,265.4449,0.17224861593779053
604155900000,0.1509001,0.061553676,568.92145,-4.06454905019462
856584903886,0.041690063,0.029718442,201.4989,2.079991435479773
865479496018,0.012611419,0.033519175,89.15764,1.8303692446456972
1364237941488,0.020798903,0.029819472,237.09508,-1.4226172321548083
1506170616610,0.056348428,0.087590866,294.78766,-3.548432698969986
1429013559498,0.030209998,0.0271259,114.61143,0.8462012164915789
1327394736122,0.025981037,0.039732892,18.244736,5.280638309966402
1399480696736,0.014533171,0.051643267,154.38518,0.23940769087074754
1127700989298,0.02418565,0.02334642,213.21849,-0.6585021447106358
1055621883540,0.0586806,0.039970953,137.14748,-0.5078298825355121
1192470659458,0.05292704,0.03971665,70.12007,-0.27399162568615587
1104530849884,0.022793984,0.043648876,247.65018,-1.945225975931036
1061333715694,0.0224524,0.05882506,263.86298,0.1730182839698509
1068959337132,0.009429694,0.014489375,127.884605,1.8007003994743456
1403312280932,0.085509226,0.033369992,187.75053,-1.3415134441595424
1210865123848,0.054464027,0.007321962,176.24876,1.0110373678061548
1050519893706,0.11351138,0.0677324,217.23006,-1.6974317621177664
1241987905906,0.02009465,0.054781944,140.97469,1.3324558427050872
1160390809806,0.02518477,0.025200507,181.26003,-0.26473205058283
1258174722242,0.015710447,0.013600613,289.908,0.652785240692276
1438528702526,0.13292877,0.112777635,209.8779,-2.287218045666776
1400757506640,0.0061059883,0.04566132,80.13281,0.5032512863327112
1403920409510,0.03667905,0.036066413,143.53522,-0.35100205842241505
1138171036582,0.043589693,0.052694917,272.82605,-0.17102713715859363
1244541900414,0.12316455,0.08245925,231.96335,-2.1802632103103035
1282328417896,0.008659571,0.045289323,218.25438,0.7539364858433756
1463947614788,0.015387304,0.046124347,267.10306,0.667060965881473
1435695164054,0.024252784,0.023881532,119.55275,1.6673896527388623
1338848717266,0.05390355,0.051494922,223.18501,-1.2057010677060933
1845907566610,0.039703008,0.029130545,358.31204,-4.853222707585676
1992295954036,0.02168039,0.041251443,172.6705,0.8301649380658882
1932600279122,0.06572333,0.025224527,50.368195,1.4669929362077618
1942752578824,0.035263922,0.041021414,178.19543,0.04239656612469511
1991970195028,0.055850238,0.10431599,151.49794,-0.9038800420200459
1536664632800,0.067535274,0.03526189,112.91297,-0.8683564520078726
1543650577234,0.075487494,0.0668899,66.782135,0.5056792245965502
1596675484862,0.014835033,0.051411465,154.87727,0.02752294895952101
1567788523478,0.010056278,0.02213314,56.827686,1.611620682781893
1932942469658,0.06327615,0.040801145,61.382236,0.927502265896905
1953896723820,0.0026989654,0.017409438,155.07419,-0.15651354608532286
1935160473768,0.019070638,0.03632513,178.36708,-0.22656133992432276
1650640555370,0.008636677,0.02663417,161.43651,0.955791701430344
1719869919486,0.021032771,0.051789172,124.86441,-0.411520902052565
1690666420354,0.042649068,0.042784415,146.21736,-0.07430800906844703
1551275922360,0.010585773,0.03397347,273.8773,0.21570677592841497
1745599196270,0.013160303,0.03498393,137.76865,1.4373156762383292
1976110373742,0.005294128,0.033783115,94.74769,-0.09304772385686166
1118510423534,0.005528854,0.016903268,120.34954,1.1215889425694663
1207428145006,0.02558178,0.03224139,126.72627,-0.010194521273092949
1062307418490,0.019688522,0.02772326,61.026283,2.5721614621583315
1022312070346,0.024593264,0.052659888,232.32236,-1.7981280765454808
1215380130666,0.026002137,0.029505534,106.220116,1.6684702559183064
1116945075952,0.037924804,0.023002572,265.0432,2.1944624358406863
1479562289508,0.03957456,0.067963906,113.14775,2.1051137927450183
1470034270602,0.019824585,0.037964646,40.97846,1.6914872815583828
1435742816864,0.073011875,0.030378316,153.09697,-1.2864106182518276
1051840322320,0.010551331,0.06735274,401.21472,-0.1307577249725438
1223293436804,0.08281388,0.058528334,205.47984,-2.924272089912889
1464606645304,0.021764698,0.03731221,132.02733,0.693294720831177
1269016795620,0.01718864,0.02432923,141.57117,0.5619089622452883
1253140821258,0.04060087,0.048935503,303.10443,-1.623412334922047
1492241873494,0.066545196,0.05183004,223.02042,-1.4053243696422646
1048679385694,0.080309354,0.046558563,402.90588,0.3594794003957339
1011204164272,0.015418622,0.023358976,114.03909,1.6558224777784596
1002001149144,0.058836024,0.045162246,66.408516,-0.25446468154997204
1132508471260,0.053473677,0.05469549,367.63553,-1.9343530773673008
1346189552462,0.024717225,0.054686293,432.9117,0.88733301084893
1735454933932,0.029012874,0.05991085,96.39005,1.3042626699764734
1865952327138,0.036763903,0.013962871,158.97002,1.804493660428718
1545593270876,0.11773743,0.03673887,194.9613,-0.9141324715532277
1539571050290,0.11805651,0.03377151,221.61414,-2.6450412805852794
1588785768674,0.023482896,0.01989535,39.56966,3.778334888514489
1638640288832,0.017232902,0.023701575,180.09512,2.659800377809266
1851044284492,0.022849351,0.031437673,114.54517,0.897807107341714
1808196900586,0.07954862,0.05803541,177.67903,-1.0399514356659254
1718303739750,0.028036162,0.04971037,80.09289,0.6982361737791922
1624000577150,0.07573052,0.036569048,201.78964,-2.682166004612207
1593837664452,0.02504358,0.040959314,117.27523,1.7888787481321367
1618920786684,0.033759624,0.029581698,178.8249,3.3262531999764273
1869447619218,0.027245391,0.039879527,201.43813,-0.5608184345973364
1945009467380,0.031142037,0.03392361,230.349,-1.2861501657857204
1706263885268,0.016752178,0.021130225,241.4304,-1.9606212436809138
1517657257314,0.0384453,0.050385866,154.72432,3.210312060575553
1882174627368,0.13734083,0.02316559,437.77917,-2.976984278009806
1105781453146,0.053489216,0.04009631,168.60172,0.4078164666006036
1231837144880,0.015703997,0.042350993,221.8514,-0.8156168843743344
1331846998810,0.01602366,0.023049874,252.3156,-1.1753841331860029
1214699355584,0.018945709,0.0423293,334.34106,2.567602102401805
1057219289234,0.008542382,0.009378572,186.00352,0.44085779530625363
1181689271572,0.004169577,0.020294871,70.353966,2.693267499187135
1379808974962,0.06949679,0.038430855,186.32518,0.6377576511986238
1327738744952,0.018772949,0.013381532,161.42108,0.40986291605555997
1396003629036,0.1009173,0.062824905,99.22198,-1.3675644120853723
1318858818716,0.0665786,0.027775252,197.5682,-0.9828708017345602
1158808253152,0.019538533,0.08769997,137.75804,-0.15392725947506958
1477899195004,0.03477507,0.070967965,224.77438,2.4983651406484584
1373757121170,0.03368011,0.01942115,211.37286,4.5539023271342085
1344864363990,0.033909902,0.047041003,102.78296,-0.5234342945462291
1442019108536,0.008202407,0.020266386,159.0373,0.7717608456029252
1075310093568,0.048462015,0.0976452,360.82083,-1.0876374673625753
1012444333582,0.028968073,0.017509636,104.503654,1.5852114111329723
1188040781760,0.008229035,0.040788457,176.13345,0.18279954822572864
1195648838796,0.031076634,0.056562502,210.94638,-0.789142101777
1496987061018,0.007758008,0.041119944,295.43454,-0.537587766039209
1414426595210,0.016634237,0.020691514,79.586555,1.159409230071842
1614432717496,0.012978464,0.034221843,78.77364,1.9636435765836526
1740175148338,0.023421947,0.03750799,246.52055,-0.628416131232753
1706201591956,0.05511667,0.035122037,388.88174,-2.3553069659185044
1634124780126,0.0180357,0.022714993,92.536766,1.2058684208490449
1801770954850,0.010771697,0.031370543,129.18771,1.7920806410803727
1610966835726,0.01580161,0.02945446,171.03743,-1.2559438906468947
1558581051336,0.01995577,0.037088923,152.84898,0.5046914057193805
1704643527132,0.010645544,0.03290502,80.48491,1.3180714120040644
1918653216370,0.03439977,0.023218019,209.21996,-1.3538049671524575
1771948166626,0.02713491,0.024200661,431.47467,3.2929828218743125
1648726467432,0.02302984,0.062243555,163.98117,-0.025742560542380416
1678893739930,0.023497194,0.01930881,102.931145,0.891453767392127
1641743370936,0.07105846,0.037041344,390.27927,-0.8428679891029993
1518873236074,0.02059463,0.04905367,224.13916,-0.4496673572372001
1579838966770,0.04930373,0.049335897,785.86786,-1.5542239158160083
1785581467844,0.00401259,0.033612452,64.36928,0.7485948239697202
1909103526412,0.06412496,0.06320634,130.79103,-2.4244203751591478
1962433581572,0.050915822,0.06687814,204.52785,-0.14030750429042274
1893867657788,0.0148994215,0.045021147,117.3094,0.19965115528558586
1539840240320,0.029878302,0.04901144,233.55286,-1.8857502551132412
1925956556158,0.0039178217,0.04065971,161.114,0.6046493977348012
1885618513690,0.041691396,0.057628006,171.45682,-0.22145423065503572
1125174491266,0.056349907,0.13710763,149.1103,-1.1954094406715083
1018186933072,0.0146561945,0.05010776,176.22247,0.7723793420875312
1016598753622,0.021012727,0.0693281,126.8292,0.8354048072314119
1193132516356,0.032406803,0.02199532,172.21188,0.5088761020308149
1311571230248,0.020016009,0.030672336,101.702354,2.5383685954520336
1306165528992,0.011421446,0.023233308,149.01855,1.365616630802777
1196960622184,0.019086711,0.0601133,112.03352,-0.005784030357537273
1026776933536,0.0595241,0.020730965,282.141,-2.159992128240863
1306826069970,0.044230632,0.0072543584,342.31238,-2.57712439147394
1079770166166,0.008801298,0.06181281,175.36711,0.2645059553955945
1069296390890,0.026233705,0.06696536,159.28226,0.7083412714839108
1173437280718,0.027478438,0.040462036,446.29465,-2.485203050819752
1294745898426,0.005973363,0.015956962,153.5805,0.9656106831407578
1064235625564,0.023554334,0.006670927,245.68102,-0.43537672505663233
1167741475730,0.15028733,0.076715365,248.09373,1.150200432945765
1212202214334,0.056701582,0.05153685,200.43015,-1.251770033554247
1367146026432,0.11674435,0.0076214676,320.73853,-3.081417321113431
1496694715530,0.03942411,0.027757345,221.99596,2.1529152965171408
1477962975962,0.007359989,0.00948812,35.444286,2.4469131538378734
1268090042822,0.05301845,0.037544686,199.93633,-0.5811027548315918
1476706252062,0.100568816,0.016273873,516.30707,0.2823314480521372
1364293160598,0.036153797,0.044658795,201.16194,0.13271679976683434
1425885765474,0.025575167,0.028163496,208.44795,0.8448949273575196
1404608523984,0.117829874,0.09187214,213.10106,-0.45882612711685544
1333502767290,0.013948738,0.09617312,181.49246,-0.9783111526019979
1430659930964,0.045302402,0.088121474,543.384,-7.783134251264769
1373827328640,0.027612332,0.023561249,92.48679,0.3899578866105238
1748799471350,0.02539276,0.024993928,121.319725,0.9830944536033368
1776733620882,0.03281358,0.06817718,342.19446,-0.7327845779889302
2008212404260,0.04257418,0.08002165,141.4766,-0.4284333677100255
1535124487644,0.019510202,0.051536217,320.34955,4.319771542494236
1733256992694,0.05161021,0.048518017,105.38188,-1.033216772354804
1739594641912,0.03445649,0.039702207,264.84113,-0.025189309439667462
1581485431954,0.008956203,0.060064685,181.04329,0.6991770629696344
1569736940444,0.02439557,0.024104513,115.92281,0.875093017453772
1745638358094,0.06253244,0.050189164,322.8819,1.3146576999036663
1664044008792,0.012685785,0.0414024,161.3567,-0.003418783271253001
1910423929728,0.0069092917,0.070366554,147.85408,-0.02639693115840236
1912023549732,0.02250901,0.05958971,105.992195,0.8462165917912094
1856137813160,0.023033855,0.037443172,135.30617,1.1942650211454982
1576381928866,0.044776805,0.03105777,206.47014,-1.3823435020512318
1537637030458,0.034792777,0.04858829,153.24731,1.4424700467710518
1771328222670,0.09212696,0.07722471,150.98112,-2.5902338189566123
1925007172006,0.06320592,0.03536904,187.36754,-0.2706123575490561
1727534024586,0.050414603,0.062201865,102.54076,0.09226580660171707
1923132619022,0.053054072,0.02568336,137.9022,-1.8095611393421123
372068380342,0.034841485,0.015978083,119.91705,-0.2530294747476478
38062338312,0.107444994,0.035509482,106.97206,-0.6913979822442877
20590070296,0.008412111,0.03318721,212.11566,1.332038539314647
261275824686,0.024801942,0.05139339,158.07054,-0.27245190501100075
348896779438,0.023463873,0.04245521,292.54,0.8676473977379081
434319941062,0.05033069,0.028519453,229.30405,-1.1346848512174401
75809092414,0.024560725,0.04679033,172.27594,-0.3316698474534631
83434436164,0.029663626,0.05270981,210.63847,-0.25275051750428296
159643218788,0.04355027,0.037510827,194.61504,-0.4915397304384469
306022131278,0.007245352,0.028793674,139.7204,0.6674585340857594
407635511394,0.02240866,0.06379285,325.2102,-1.2601436770526906
77422825156,0.07855629,0.043569945,127.695564,7.412416855044153
454315461046,0.024784587,0.025856469,30.505,2.9044280821098303
455906967136,0.05361815,0.036355387,89.69687,2.451631973667994
472421711454,0.005637965,0.027711712,185.98589,0.6433766035308085
408926431756,0.012609608,0.053136483,273.60675,-0.8985441770659517
401622338016,0.017723002,0.056007933,190.83493,-0.7797164230094832
593683076956,0.086320914,0.015311859,324.02463,0.978234963657922
669254929884,0.10215636,0.077009626,663.08435,-3.031321505173343
637828261724,0.045775235,0.06694483,278.6427,-0.7915419332828896
630210351482,0.027459845,0.036830164,122.86612,0.6932870780298444
864845988696,0.014377442,0.03518162,35.649044,4.265296268485691
916603638954,0.055849385,0.05895161,414.5229,-2.983952057377948
895962546184,0.1268993,0.02559385,114.4903,-1.5832539112549917
814052894858,0.032927334,0.03802269,119.2788,3.420057647331245
722313604786,0.0075968252,0.044623617,122.89792,1.6372889107365531
819783702666,0.014372875,0.047979634,200.48384,0.014718335654286208
614335461342,0.035232354,0.0500083,369.55154,-3.539328258728892
563527726436,0.017854212,0.05471299,92.74853,2.208691211584709
773736071778,0.028401734,0.02843524,49.982887,3.1828215713944688
891529792060,0.024932142,0.020683084,156.32756,0.33389680079901396
962651575566,0.0054003927,0.017822888,89.1465,2.150233819025093
602913662338,0.008264881,0.026008263,123.762825,1.4186171130272238
718186375368,0.009391058,0.016943844,136.56352,0.9644555668178569
553381424826,0.013049028,0.04260978,59.106262,1.307064048359086
763903610202,0.020356521,0.058514155,132.06444,0.7541025605821687
168893481918,0.012734011,0.03456031,168.5031,1.0304251480114566
67302756502,0.006046954,0.02767031,199.90712,0.8439518502886713
325131364376,0.0725915,0.01702037,299.59732,1.045206792924256
325754989826,0.061353505,0.04601076,276.87723,-2.3476277228539333
486120909568,0.0065510073,0.029545845,187.64552,-0.15841825213550564
186671982234,0.1218594,0.04930594,180.55922,-1.1998953487933222
108557173704,0.009276066,0.019914404,110.72905,2.0291042647323776
255883277564,0.045905244,0.07127266,167.5112,-0.8261266448528628
256848237114,0.030491639,0.025879392,113.32289,2.8067035262449607
166367031546,0.017776242,0.026692105,205.81674,-0.006015385187370249
66671421260,0.0037373982,0.028564164,56.75956,2.5161580813504014
447067539112,0.05735491,0.072603196,198.35887,-2.577635902046984
515620936290,0.043640345,0.060653783,179.36217,0.9566233025161405
595311123404,0.012209402,0.039970115,248.07544,-0.4597567726687484
524512378154,0.031874698,0.019568486,299.34198,-0.04121927590369162
517213904544,0.006608441,0.019699095,177.59885,0.47444328193586127
999207651258,0.038077805,0.037619468,208.91241,-0.4927382811692499
994762120250,0.033879094,0.0415377,131.52995,-0.19052735418792474
677896588554,0.0044554276,0.036457516,93.81926,0.9474796000148024
662327625594,0.003745549,0.052882608,164.35762,1.1794126544961587
735048223706,0.08116225,0.06776516,226.77005,-2.831632408685185
525173803306,0.015129957,0.011232237,222.83849,-0.06423745031893299
588363357946,0.106876306,0.04861879,259.26733,-1.4908006886366207
645831781564,0.09102912,0.04702592,150.3183,0.4160120817883446
756000763234,0.019199643,0.017323518,98.81175,2.44419679049836
580396907888,0.046800148,0.024525693,156.49094,-1.758184116789296
554050786668,0.046887893,0.03177079,65.405594,0.04180153583139168
732495893822,0.014027995,0.022394028,95.15347,1.2233640544733122
774712142160,0.0040669255,0.021658354,455.27496,0.1930005422047678
778203022648,0.038105972,0.11504092,341.52075,-1.3223662527160207
890928822092,0.034237783,0.056819677,139.95627,0.021935802513478708
789326101618,0.054335438,0.013125196,561.6194,0.5925496598630093
904584450686,0.0464785,0.031046228,149.63306,-0.4697814086188079
513098972796,0.035027884,0.024846947,151.81055,-0.05972398390828071
558818653012,0.09260228,0.043634266,237.16873,-0.006912711978715125
628361303762,0.016513838,0.031586986,118.71495,-0.4659624114214187
692510448870,0.06709361,0.0668446,98.42373,-0.2513652587273616
961114551208,0.050112974,0.017487679,262.11197,0.022778404543873865
908087854710,0.020265754,0.010602963,42.50016,2.201544100236611
798241887126,0.011896423,0.05843266,99.98663,1.9936340250671964
275211150348,0.046051,0.05835059,293.33987,6.708157975064432
247908312188,0.03565712,0.067444526,231.71884,-1.8789048955043477
203793091406,0.018008176,0.0505183,142.05814,-0.2929319770503233
72033580716,0.024264522,0.024391014,63.470047,1.217583140327134
328271641068,0.024216024,0.041542593,151.95323,0.4128449863525813
55176192738,0.012630912,0.09034149,121.23123,0.6825155366767779
150750342704,0.03052347,0.07827881,119.694145,0.21060999538149783
71368100896,0.01712515,0.026734762,248.43755,-1.7754525329065447
172669379056,0.027510658,0.024557538,114.92463,0.5543213165942888
412384554956,0.018199248,0.05521557,162.35219,-0.14431969914634799
374286791232,0.029044116,0.05581505,152.47923,0.5997393502171122
373657749580,0.08837572,0.02792426,856.42664,-3.1150093763502764
22179816480,0.0209474,0.037245918,306.79413,-0.3652335414039203
84414140262,0.10724658,0.032977365,224.87753,-1.6122818125546838
152996822542,0.03407275,0.06242963,179.5461,-1.7336748295810809
262214301948,0.01625572,0.013526708,190.66864,-0.1621720717430608
375571941184,0.020420365,0.042308375,232.09674,1.8362339015581621
563523367088,0.012784175,0.030256037,114.506905,1.5928497226465081
677827467464,0.038026445,0.024931546,183.46584,-0.20713144341142203
759747955672,0.0492841,0.04239437,333.73758,-1.773787633468351
526387185662,0.01696889,0.00982224,212.84824,-0.9040651568377972
863265926778,0.009569125,0.021504795,160.19264,0.22854811378102444
960741542702,0.043385603,0.05821159,230.35454,-0.13630327195885383
607997486482,0.07765214,0.027156059,323.90594,-3.0693349774171335
748337748328,0.05469625,0.097057365,312.32944,-1.7701017970917645
762312056248,0.07644581,0.03688096,495.80453,0.05145257280707877
753423688880,0.07408133,0.121655785,194.99799,-1.3677384441186402
581020585404,0.041219525,0.035812974,53.93506,1.0417308338633848
935998544240,0.010265738,0.05700329,240.81422,-1.8807029954566339
893132438258,0.018013034,0.057826422,130.1727,-0.16666638774293902
654970893362,0.040966976,0.018592685,243.62064,-1.3989562119102412
687046386040,0.02320858,0.049297307,126.02021,0.4313613086589233
602592995364,0.021121671,0.043926176,204.9408,-0.8484525074489864
609264065270,0.108340636,0.03435664,212.74365,-1.520375454435685
724529243254,0.066371895,0.011727566,100.57286,1.5768687391971383
554980417742,0.018496778,0.02262086,267.54324,0.3015078885523578
780405556932,0.033649385,0.02288859,99.43301,0.5378948939654358
976951948872,0.020935887,0.03568317,646.6875,0.7626488605593301
903295725668,0.041959975,0.028813675,177.97427,1.7194533054617633
887109059986,0.02482176,0.05637222,142.40514,1.0068095908199954
215256192534,0.09363879,0.040148474,414.72314,-2.9555834853968257
198099377968,0.016701117,0.04623802,79.58864,1.4294731043973907
28233409906,0.028837396,0.054672662,261.69717,0.3206223332716456
177468289228,0.011112457,0.013918843,55.386948,2.0024450224124597
383861706254,0.0071900426,0.034990527,162.57144,0.31102097185061167
504201004720,0.04146359,0.06390606,276.4919,-0.8291753072745189
341295278032,0.06904347,0.014284065,236.09944,-1.111484554984747
358764926472,0.04991704,0.23044182,321.99622,-3.475440829618278
417190647424,0.02308808,0.044517655,257.37274,0.12645158683756152
184793524664,0.021903398,0.042922564,143.0852,0.8136892789316227
35863516554,0.04270687,0.045703646,157.66971,1.0782156907948532
368941492670,0.045970004,0.054787893,163.4779,-2.2840566509472517
388289600394,0.060473435,0.041219316,132.45818,-0.9522246911234604
77779307648,0.026103608,0.0408265,191.95679,1.2012730197388883
159074154880,0.052484244,0.066278145,274.7573,-1.9717708096742224
206380502504,0.114143156,0.021361854,583.6124,-1.0307151246602526
169229024818,0.00765421,0.045110554,219.62592,0.6743491414893611
358468525266,0.028317496,0.008926518,118.20924,3.029610637642545
528963910920,0.040651374,0.033919927,170.74522,-0.9524280629270907
646758010930,0.034298923,0.019152105,189.36742,0.5029915679535659
831234307590,0.026722409,0.029595202,177.27365,1.2153865819349254
817904288326,0.11733953,0.07041596,229.50711,-2.514284370215072
908072510630,0.03307374,0.047118735,182.36441,-0.9446541248744257
735997232354,0.016366493,0.030554889,137.94629,-0.7316191140022584
649627660564,0.042493198,0.021389827,286.08945,-2.3745641180308423
862690636470,0.013269366,0.051802326,179.45552,0.32100035467991167
843302589812,0.008567023,0.048597395,126.544945,-0.5125784430684172
789642490784,0.0063956543,0.029303513,186.2697,0.7385741731148082
823307448246,0.006475656,0.03754111,102.0482,0.7292480373854007
920150090686,0.017178617,0.01289605,81.84176,1.4147844629465054
542306128606,0.036825724,0.04177218,119.064705,0.24459337411084947
698531538588,0.095689915,0.058242526,186.03203,-0.766544311314378
965878918120,0.010837043,0.020066515,236.97296,-1.130804782193438
782994680348,0.055071358,0.030447392,54.749107,0.12473275802535166
905875877744,0.008787337,0.02434189,113.59597,1.226878825406411
1242072021544,0.09567442,0.009657596,313.32614,-2.916530356503362
1325257498934,0.051896363,0.06603047,78.50173,2.0529445624181784
1383052514870,0.03058347,0.07803075,168.69359,-0.703684692037659
1214147573130,0.01436817,0.03323883,145.09166,1.9603178791755433
1017604734636,0.07826925,0.09696353,116.60997,-1.3340289831961363
1018867809658,0.015944803,0.040708706,141.63622,0.06637359730765774
1224628380524,0.008908656,0.023994893,94.613205,2.4372419771721088
1274801604992,0.0731523,0.0391476,92.26552,-1.3463179220975339
1405934240146,0.03270886,0.013714355,124.006676,-0.05599263967631107
1363703576922,0.045344662,0.03731504,219.329,-3.148713850676026
1206501919888,0.04971833,0.055839177,135.49629,2.9977644870993263
1198881969414,0.020641822,0.031952042,201.21588,0.11077651501541674
1216030670206,0.0041844994,0.04126543,109.82258,0.06996305220616983
1061403848686,0.02575111,0.035178076,345.1197,-0.6027468412181747
1309377996650,0.057486434,0.034716155,170.78342,-0.07291271158591245
1477665159498,0.01668185,0.03697293,73.70152,2.2359731775467337
1318901455824,0.03065191,0.037534304,180.7951,5.729223893909713
1349068753884,0.06908476,0.025094757,292.593,-1.606653014181171
1464964915028,0.049892064,0.036808003,223.81892,0.21378207107320657
1104921602366,0.10612198,0.036117204,222.56653,-3.064896706793183
1262101764544,0.008358728,0.011481022,77.221054,2.8817985766644014
1703735869942,0.016168498,0.021814093,202.87021,-0.3851334649431031
1911401232384,0.09395658,0.018507745,163.05606,-0.050400305188798455
1587862918250,0.048577942,0.030784095,150.46841,2.921842154656226
1684703444936,0.0068639126,0.02664122,131.47543,0.931975036912074
1492300260076,0.020027304,0.0077368473,142.45958,-0.1758140423318314
1519574069886,0.025823846,0.045566965,133.22652,0.7082754986754193
1524976017952,0.032199107,0.07861822,242.42186,-1.4926223108236272
1587219564336,0.02093501,0.050975654,214.32874,1.550371249525314
1944734156342,0.00486864,0.024205556,168.40022,0.8507800807552983
1560874072502,0.021161174,0.05645179,256.75488,-0.13569963757534131
1599298150534,0.08090212,0.053812623,116.52373,-0.9601793128938081
1509749850304,0.0023590412,0.013603212,56.901913,2.2924194483190234
1723764957158,0.026357379,0.033139493,247.55574,2.1695450488768953
1641837238228,0.118964985,0.1715993,102.99932,-0.7874868982632103
1842528021212,0.028851202,0.059844125,143.20227,-0.9419704783469713
1812990017832,0.11142264,0.05946749,258.64642,-2.693312977500393
1915230249158,0.022479272,0.0586028,131.16234,1.5591931805243058
987779426136,0.038999014,0.046011653,163.44473,1.9439222406248022
1210362130562,0.016726855,0.078202255,99.644585,1.8340404767337732
1117636236238,0.028319996,0.033983786,219.69182,0.1688422220174444
1406576083928,0.015480213,0.04503404,94.13114,1.2443182182886237
1460248177544,0.01851921,0.012417326,148.19394,0.1596690642946047
1143375238530,0.073954776,0.26688823,184.30026,-2.8939030577000695
1057325907808,0.02062513,0.024843547,49.229073,1.6963742660371537
1246567701264,0.010270323,0.020082746,61.158016,1.8876168826997042
1366594973942,0.015501215,0.049224947,157.27116,1.4671127176885757
1312624739240,0.026988057,0.019125395,132.27383,1.4047970408584878
1239559481818,0.10603215,0.02392788,387.02686,-4.982883194687737
1156378641324,0.0044943164,0.028699152,34.833115,2.270707180610816
1226870400020,0.0071294694,0.034091163,55.38246,2.237109130982078
1097308708310,0.0044148853,0.0026853667,86.45316,2.3724649329059946
1449757620930,0.04558197,0.018754909,132.2042,-1.4524870651134576
1412935708976,0.018662395,0.035471097,64.86942,1.627674950494792
1227835257830,0.016723726,0.018146921,169.55591,-0.5153355168671043
1196402314766,0.024980823,0.046157345,160.41867,0.007951834688111226
1085910696962,0.053314872,0.06876228,247.527,-2.0143740566947868
1092582018868,0.066146925,0.059852384,191.05972,-2.6235046476107238
1034477849928,0.0117085045,0.029624823,69.74149,1.2311221419869782
1041464298012,0.057704948,0.07938997,420.436,-2.3377201846469857
1455175242778,0.007177642,0.024896286,132.67726,1.3284269684256824
1348180654356,0.05093337,0.048756115,321.30164,0.16189443771858214
1473606322012,0.012987809,0.03205741,179.88506,0.8440969018304498
1571049705212,0.018484011,0.017227175,51.682972,2.3644848091093245
1564071397246,0.058840856,0.02309661,248.54851,-0.8916358541528346
1875550679606,0.14031649,0.039707806,396.89914,-0.8141440416006333
1793014833254,0.0804367,0.01084062,118.9679,0.8725856428509977
1996851636136,0.017159453,0.048599552,143.99075,-0.8647411630292594
1911766809912,0.02671773,0.07345329,442.48752,-0.9441325712510499
1563132268302,0.0173856,0.047712017,218.39212,0.5060269024956322
1726340093830,0.018002408,0.026451282,122.28816,-0.7491962324791985
1542188044010,0.046098225,0.055976085,251.79944,0.7322998926171814
1846686523856,0.020922957,0.0252919,141.79675,1.0720111312267384
2004818741774,0.013094654,0.023813874,193.64859,1.5242501620308042
1601536338862,0.037502263,0.014638559,177.25684,-0.20425209714641734
1722840570938,0.06953948,0.03801386,259.89478,-1.192446074191919
1688863714150,0.029593525,0.038068894,151.48196,0.32714371285656507
1869219333134,0.009324928,0.004417802,92.061134,2.4312623479003053
1583137012352,0.06278376,0.031575788,166.22401,-0.23204645028237159
1675228950704,0.057733815,0.046410203,89.43699,0.34998111194726994
1748574861210,0.017957361,0.063534915,173.60124,0.769938476859069
1981951230160,0.011873236,0.021668542,170.58276,-1.0853735208457609
1862569758636,0.035082307,0.019166335,145.87463,-1.071824873520249
1813668528848,0.011645386,0.0352441,135.0819,0.4129484362418411
1109657515576,0.013966091,0.019812271,113.63664,1.0357350641456584
1308423699840,0.012861012,0.029860934,210.58813,0.09348468834986068
1280493128726,0.04264554,0.045588437,148.96835,0.05267960679979003
1297652161602,0.022427129,0.046502102,139.17259,-1.464131578341649
1429420114030,0.031563293,0.0754631,424.96097,1.2432780183373364
1097905647828,0.047134526,0.04962813,311.51257,1.9899247115613972
1140471926450,0.04482624,0.021503048,243.81625,0.25263485207726066
1398921412078,0.0682593,0.059581894,165.82938,1.0168795766350285
1277313521142,0.0060289884,0.086607456,222.96773,-0.38338193001867404
1454816928000,0.03054016,0.06594769,456.11307,-2.0990289182708506
1427208084894,0.018563723,0.020208936,95.48828,1.9623770225078507
1324326741348,0.011727085,0.036614776,135.37338,0.7594135530798929
1745663910474,0.024587955,0.035147853,181.53459,0.5022310277112337
1784702414398,0.05022265,0.06460096,193.67285,-0.14084372657932848
1794868421918,0.04098704,0.07751755,135.52821,-0.7144595539169064
1744694214328,0.02156377,0.05221689,49.960953,1.7592097079532907
1861876734162,0.018228883,0.031571016,143.90277,0.5442988682643191
1866636913984,0.08573577,0.08627745,75.130424,-0.3031094132729024
1806309222954,0.04158471,0.07218139,159.50424,0.10268334125300714
1523099853818,0.033088155,0.064873226,206.83635,-0.3941020648392698
1699008857642,0.07796403,0.047611732,111.79292,-0.8085092033562554
1793627549180,0.04178958,0.045409184,258.09375,0.5149236137860647
1948261351390,0.01895179,0.04015002,266.5775,-0.777338671398939
2008892728420,0.16593097,0.045016486,169.58513,-2.3827369228940016
2013661551412,0.07988483,0.055837,184.24782,1.9918102601451884
1622771626590,0.038593534,0.03792424,219.89441,2.1544401048838697
1785021372630,0.012194744,0.052100442,102.02656,1.6148376427404374
1918063713898,0.029783381,0.023811668,107.26602,0.699387364944341
1912359164924,0.022224165,0.018934231,101.27518,0.7788558161428341
1840585760376,0.02162286,0.0427886,138.60242,-0.7588149661325745
1897111451938,0.024729142,0.022247495,134.06046,0.1320215280882525
1682799134616,0.00951069,0.015369047,213.85776,0.6041038516463991
1564689532364,0.121943176,0.07151901,271.81836,-3.3591401955368516
1628511254266,0.031622116,0.017970147,167.44342,1.2180326734249234
1546261806380,0.0446949,0.0486929,129.93279,0.5575796269345081
1547868760164,0.06569684,0.011306312,191.73416,-0.7798382105013147
1818066686916,0.013180665,0.023095137,179.22162,0.8752592107999366
1986988687372,0.02297324,0.01932922,267.1346,0.1891969348568796
1989844503148,0.05764334,0.07665309,261.53976,-0.29000483754256934
1747898420726,0.04293738,0.04032776,100.355804,1.310286029369273
1807911893406,0.023641976,0.027108036,75.03595,-0.806003431882802
1859981721658,0.068257354,0.13465561,307.81183,-1.7359634925321807
1838067449088,0.012982965,0.044513356,141.20842,1.2967865637442288
1841570500648,0.05541765,0.05305803,298.3065,0.295449309790796
1013807122876,0.018267712,0.023960967,54.570175,1.978213714002569
1216061895036,0.0106878625,0.028970486,47.126446,4.042682946408105
1326558099204,0.0569479,0.07443195,130.61415,0.3367294809623252
1027483717844,0.015544987,0.036626775,182.28108,0.4111967753352145
1129404035022,0.014478783,0.023872102,150.66971,-0.03309469315744605
1276737219874,0.039294433,0.027446926,164.89177,-0.9050279049712042
1368491730538,0.005093297,0.015133253,40.280586,2.853078501273753
1245936520962,0.048230905,0.05290706,131.2887,0.3644013994721934
1503755981572,0.0072423466,0.026293866,174.68349,0.5844905664250347
1070005871910,0.019668669,0.036741,105.81875,0.6339059007198204
1241472821110,0.023623118,0.07552897,315.05487,-0.27600112921752185
1297358079334,0.023517579,0.04942825,202.31682,-0.6449727341973119
1090360290512,0.03784899,0.0531129,153.94884,0.590373920817436
1375168799674,0.020908592,0.030806515,192.29956,0.22977044854759932
1393900891454,0.02318026,0.047982804,143.6699,0.8085502284708594
1308496075916,0.020450102,0.015353669,137.33522,0.5041315928640802
1317057852230,0.07596614,0.052310713,196.04944,-2.14073846179348
1704724771732,0.02767271,0.03634931,113.06427,1.5388365445390497
1600901099684,0.019225592,0.0661568,201.63467,-0.1380594923595922
1832691001836,0.09173777,0.02085833,216.07982,-2.451251172100693
1766017875322,0.01230036,0.035211314,94.12934,0.551396305351203
1892393884576,0.010642578,0.012019857,66.01823,2.4573606860982373
1595203555008,0.031648707,0.020133669,213.97833,0.8848316411696882
1607594622082,0.024741458,0.027793938,122.29861,0.7936381228830648
1896859147860,0.025550209,0.018245861,72.49448,0.94957725803943
1769529193462,0.008735503,0.04621225,240.3757,0.6432175641872765
1654561048632,0.011792461,0.03304705,122.53711,-0.406862465968282
1806971178134,0.018843835,0.037872817,186.55597,-0.31681740715223644
1550755217560,0.016412757,0.03060175,78.44088,0.8456058140628624
1536476166262,0.05420139,0.0336724,165.27797,-0.9338084908348364
1532013071064,0.09480312,0.07059595,278.62704,-2.946971598794355
1957818276542,0.02242354,0.025305662,165.07483,1.8263672481462296
1909553725226,0.1126319,0.09757746,125.40377,-2.8536106080125743
2219951034078,0.026038611,0.048206024,108.801834,0.558206444264897
2286624514234,0.025990186,0.017507177,209.54842,0.2583685188293135
2350128539396,0.085728824,0.052159548,174.32262,-2.0804961872874426
2367915934032,0.020163933,0.013496817,223.0207,0.2469824959294863
2392683149002,0.074995324,0.04085402,130.15414,-0.003923271768001002
2200924227578,0.11033149,0.10299422,111.90729,-1.5041088356716958
2101214103514,0.15690452,0.062035102,401.97018,-4.860310592477886
2022469471230,0.029386746,0.052794524,103.995415,1.4782367358337378
2133597287700,0.01130283,0.01744727,199.36256,0.28211336924634317
2215520849992,0.005684532,0.02539491,139.8919,0.36428870978208316
2117727638330,0.057927094,0.04625329,222.94514,0.3210755245043999
2229186457064,0.043885846,0.019148994,259.51666,1.242969305114162
2423178601858,0.016590016,0.06081456,237.50266,0.4204310206340338
2447946195146,0.05198744,0.034881815,227.27356,-0.5978383002878326
2448270871722,0.032672364,0.036173724,270.32166,-0.07842009601944766
2333964730688,0.012125184,0.030138262,78.79348,1.557314230232092
2030401902878,0.042868257,0.027384862,66.136284,0.318867929488542
2042467335342,0.063815355,0.048212606,139.86201,-0.2531154799277358
2167884913126,0.0062069623,0.04219807,134.3086,3.4910566080251573
2302191413320,0.12866704,0.12694418,100.18456,-0.7487874913051625
2174242973408,0.014827272,0.04521223,63.894505,1.3712923765860088
2066616696844,0.011618762,0.027903242,65.87559,2.270025082877141
2051678414902,0.014844271,0.038684398,148.418,1.271426563026276
2282516663400,0.018035637,0.029498935,164.40854,0.877359237993124
2355547524276,0.14082515,0.1044883,276.55508,-5.4255257485470905
2441916366372,0.057630204,0.028831434,249.07257,-3.557561068478871
2407310315452,0.04673585,0.06345404,193.75926,0.6780432430115053
2544773743566,0.13168137,0.041471403,292.51068,-3.1697900706939226
2584149826730,0.10971535,0.08390761,61.632732,1.5233752327040686
2800060226134,0.060793396,0.07407168,134.62915,0.987374779891802
2806411180878,0.026854876,0.009134667,174.48863,-1.1417858285035678
2929613577352,0.01365717,0.02016082,112.44351,1.3116865244433904
2606393060612,0.026373057,0.05611027,171.67577,-0.5335649071933444
2703558287692,0.030084524,0.037504915,470.26932,3.8258972073443376
2751815228624,0.02638491,0.030729594,183.55536,0.12345347310933374
2920427319670,0.05567025,0.046377603,287.39468,-0.5380446776612441
2976612812712,0.094995424,0.029047037,213.59813,-3.113233318260588
2563830438304,0.019236078,0.03725289,201.25348,-1.191709302140684
2816897858780,0.06058713,0.078096144,135.3671,-0.9018769390132346
2886116741074,0.013582172,0.03484471,141.45305,-0.14716639540378243
2861666365720,0.029021129,0.08964466,289.83203,-0.8314875257817229
2731170584008,0.017829906,0.039126534,93.357704,1.0658065322178927
2728317616598,0.02575011,0.06880008,214.31651,-0.32054460034963506
2743246499886,0.057399698,0.022818228,227.77983,0.2751517816092416
2620990363792,0.009968015,0.011443857,68.0457,2.477914320410021
2830237076526,0.06879115,0.018554684,329.0964,-3.6228812930838874
2861362277498,0.07475359,0.06204254,217.86765,-1.4820194479619937
2160618264718,0.01991683,0.05774473,57.322647,1.8313402494528348
2122188945584,0.023706304,0.04338846,196.99478,-0.9227367925428408
2010745473820,0.039379485,0.03621381,146.28581,-0.06345905267567103
2462595232682,0.03264233,0.035122506,214.92857,-0.2236546768304833
2189506513920,0.027700938,0.040926944,148.71828,0.07616253033949377
2200306376438,0.0242904,0.039299864,55.59026,3.0015826411662747
2363502054486,0.018703695,0.028936218,172.44847,0.4387149258862364
2436861220748,0.041311342,0.034780607,137.42906,-0.10532921054610989
2505448162274,0.09810832,0.013343371,413.2037,1.191331333391955
2008533972986,0.08313713,0.049156576,167.23927,-0.17426235412025104
2115855707684,0.012095434,0.04338542,131.92845,0.6297473688565514
2060933668256,0.013345556,0.01930702,236.88852,1.0476248378137738
2371461676068,0.04872381,0.060487553,301.8549,-0.7519905514950863
2375907989800,0.05129908,0.027474903,92.139015,1.6878504006988249
2467362670566,0.045342293,0.113365345,188.88235,-1.9799672535044595
2425764728768,0.016457414,0.014500285,164.02943,0.6334945355141575
2523859456094,0.06759783,0.059693724,174.23764,-1.068958033502558
2724531062690,0.02694721,0.039223287,99.918396,1.522284002388954
2878206836362,0.009273331,0.07393806,204.39993,0.5777667309018096
2832804878684,0.106234245,0.014097462,378.1873,-4.015035608870486
2706453263498,0.038609978,0.028900066,382.85312,-2.168644050128683
2506408456826,0.14733198,0.1950189,544.7611,-8.112289133876494
2582309748044,0.034134958,0.0143340295,148.68349,-0.0055070362772104975
2860765916728,0.07911619,0.031646222,220.71243,-2.360309574459353
2926168535156,0.10197118,0.112977825,165.35919,-1.672267622624024
2864902572576,0.095056415,0.060490932,407.16498,-4.816972690180647
2894115018192,0.029345013,0.034108683,228.61345,3.7459818948418127
2687705321968,0.036705397,0.08764346,131.36931,-0.38867063161490867
2788343512396,0.03598272,0.034983236,172.10551,0.46518441109518965
2819467352000,0.035959262,0.02821709,175.1365,-1.7988710860680501
2924258930950,0.026428476,0.04878334,295.88535,1.038878577581706
2933466103636,0.021384448,0.036372103,351.13913,-1.6815993866794758
2960136322370,0.012057336,0.045100145,117.2463,-0.6848340832493989
2787088754662,0.0322293,0.060003836,295.19202,-2.453113586975991
2578810854612,0.020636767,0.024491217,191.31676,-0.06905482790946038
2633429284130,0.060097463,0.012560817,326.55197,1.8805980867958947
2673746134026,0.066912696,0.07886149,219.49236,-1.2230558618243812
2640093449732,0.013439819,0.031767447,141.00941,0.01776908086560102
2969996931218,0.027322695,0.057010114,149.5486,-0.5410073706123348
2771865510548,0.054616876,0.043116625,321.78256,1.233885856702412
2936973869394,0.104521066,0.032454815,157.55072,-1.2182857917298526
2165015919336,0.052446496,0.061196204,466.504,-1.941519890439849
2186291170560,0.014082211,0.035983965,123.57612,0.9979236239955178
2214878857100,0.032665353,0.05821534,133.42764,1.251597663406992
2237410606362,0.028114926,0.050562143,98.51369,1.975629708912893
2410467800446,0.028596926,0.04108578,64.26032,0.49530830087522304
2413646982166,0.083516434,0.045386557,502.71634,-4.687451233681738
2357747309258,0.014729632,0.082852334,350.82266,-1.1383037010867914
2420619066320,0.049206242,0.05395125,342.39468,-3.8845245101546837
2044388735850,0.0078602685,0.052981265,111.03309,1.0895325151236332
2353010263544,0.03366919,0.00958146,117.67426,2.8007372259341583
2295223589276,0.031860713,0.04766708,148.15724,-0.05225275215235259
2497808229032,0.01733753,0.02571956,121.46172,-0.09543906280256881
2088809230906,0.021758411,0.034849096,49.378464,2.816992342378744
2088180440934,0.012378755,0.03468208,65.426605,0.9474223144505649
2079610248480,0.06348937,0.029110229,160.68823,0.5514479875371899
2072311925778,0.05282033,0.022873417,110.54001,1.4411272717281136
2477774860026,0.105878815,0.09349486,152.48666,-3.218734861820647
2318701775174,0.015885374,0.009660745,74.29551,1.3387509354035834
2314571294010,0.014745495,0.011997381,93.30704,1.4982781411871198
2308547964858,0.014116811,0.093790546,172.10175,0.6841912094446572
2465716383918,0.020688,0.037407123,763.89465,1.7067488259758314
2025964639132,0.085642464,0.026156232,115.819374,0.3593302084845616
2144395718612,0.104973,0.06688822,82.78192,0.28742060352735754
2070428149246,0.10985654,0.021873672,304.98328,-1.8512585306114175
2095187930910,0.010719462,0.04869835,213.97206,-1.4329979760487435
2117097340884,0.019319152,0.0405086,117.01436,1.634074012826296
2273306899004,0.03330861,0.052444905,168.41946,0.6723437383106334
2346036669758,0.025351444,0.0072270557,68.70926,4.7478221085611505
2876575619286,0.027088078,0.030610666,44.776993,2.1952496503912413
2976916273644,0.013231337,0.022394478,82.91811,2.9820889442283267
2634337317944,0.040999413,0.07669526,125.15102,0.9022403345757497
2979159048174,0.0132219745,0.08732613,75.63133,1.292713528363107
2676550847100,0.022016864,0.031539433,103.883965,1.4659829614200155
2768625851516,0.052868694,0.033368453,187.63315,-1.0052185216084022
2928649656954,0.043463342,0.10705273,182.6346,-0.9543872575161059
2684818941868,0.10727787,0.033429075,483.76126,-3.5611701684772052
2555910080658,0.002439359,0.032829538,222.13277,-0.3320020530278059
2598768477860,0.031381626,0.021936152,140.16315,1.2767845476078121
2503837557190,0.09034133,0.06545998,235.97455,-2.6054024688334962
2572109044522,0.013345584,0.040141713,159.52588,1.216853067469558
2068221031870,0.042067315,0.08582299,361.6729,-2.2443542829634495
2268249004392,0.012002581,0.038124897,430.39285,-0.3000146454130761
2297144282292,0.00818046,0.014470695,43.232708,3.1026768945990306
2351444007264,0.011578404,0.016785488,127.21348,0.7872187387961739
2266990743520,0.05646863,0.05016516,121.096405,-0.5714633021621204
2469883881482,0.0014980162,0.016327294,34.244396,2.556783849255992
2370175975158,0.120495796,0.05682249,174.97098,-0.6948464214637304
2239692138064,0.08987736,0.055441372,90.806625,0.2187720355937659
2096812598274,0.010824945,0.011128894,64.00959,2.8124762286439466
2171425590592,0.015600814,0.028049242,151.01337,0.605087777425364
2485137341518,0.0135986805,0.080798544,250.88828,-0.8225196381857618
2263833461374,0.08269474,0.028371545,434.6666,-1.2488335456592958
2085995046478,0.0066537377,0.030896679,154.95715,1.0877163914450096
2340327483732,0.008395498,0.013606199,32.700005,4.63913180958755
2393031998572,0.008609503,0.019302074,267.94983,0.5728200932830438
2121252391584,0.11111026,0.0363642,144.91417,-0.732828843828437
2241600964346,0.056887284,0.051435474,472.55844,-1.4311235750995692
2369563767450,0.02074681,0.02996018,345.7997,2.7242034862853286
2863595804420,0.030599533,0.09740172,151.12718,-0.17784067434355455
2756285208174,0.026824608,0.033805884,39.045235,3.334189979932095
2830262505106,0.005626361,0.038775723,212.82802,1.150935532450319
2957908065246,0.052252695,0.05005322,187.7762,1.0972998306323132
2547054899588,0.0078603355,0.02368969,76.84877,1.5469803435041685
2598183809644,0.028099218,0.07643248,206.38496,0.008995797316331267
2635960576478,0.05061485,0.012488643,345.12744,-2.6512872564554155
2574337782016,0.014630197,0.04481447,100.07091,2.1623107471558827
2508612301588,0.03052443,0.06457623,103.61114,-0.1482097767301871
2595932166438,0.029287118,0.05550523,209.79149,-1.1442514403127495
2632765973204,0.0053446237,0.015692618,606.4612,3.7766813584727728
2618790632992,0.022352535,0.016462287,34.254467,3.580016907004764
2568954079470,0.015770623,0.021249456,103.7523,1.16884195351818
2631182002018,0.025562987,0.036569443,2339.868,-2.499761027364445
2592119986398,0.015210305,0.027788468,62.583508,2.9795627257739055
2514651255394,0.009245202,0.057414804,187.74446,0.4769235829663744
2965840471412,0.005066919,0.061136257,167.92265,0.010574401192474353
2786451448956,0.028378349,0.04708038,239.12343,0.762496134472971
2896316090856,0.12916285,0.031574074,105.4111,-0.3931453046868164
2888363853570,0.020039227,0.034038424,179.70503,0.3616420534914311
2511499112746,0.022352701,0.07446179,199.29333,0.6837439083792931
2575639337220,0.0979175,0.044979203,211.2183,-1.8701196336999766
2690578201118,0.011720265,0.0140722785,90.7323,2.216239599616528
2722336878926,0.023845822,0.045574203,99.79298,0.14768103220530351
2801703975852,0.022489922,0.028314797,162.79369,1.6741451640055978
2877284950480,0.03267548,0.056588363,188.40263,5.597713799075962
3018825256196,0.018385665,0.056160275,124.94629,0.2842031965680082
3352553745130,0.009818355,0.030938953,129.12845,2.4082919173917863
3252529048844,0.04730493,0.071885064,216.81805,-1.0367785120933124
3032509235074,0.05668185,0.021721104,353.29013,-0.41911147955182915
3387817818768,0.0201919,0.02935802,162.71251,0.12420045749469266
3493551777614,0.02336004,0.032970145,55.668846,0.763787142549051
3390994027544,0.0063268696,0.00681281,197.05135,0.0785705022112713
3215695973782,0.011121774,0.04730556,89.3863,0.5129151646509297
3123606808292,0.040112264,0.057572883,231.2901,-0.6722865417820314
3490038293300,0.017039042,0.036970165,172.25674,0.3776439266495294
3063613318684,0.016421866,0.02933495,99.07143,-1.0390690502969904
3201744119622,0.04524244,0.0953567,158.49092,1.3726561154095276
3162686640592,0.10229338,0.121295236,123.73947,0.6074806733094057
3322720676062,0.044857167,0.034650512,276.77475,0.5631849412090049
3501482218272,0.04194909,0.032049973,149.57704,3.0381717535148627
3276043120134,0.00857431,0.0107724015,194.23174,0.6505066097795257
3453536220470,0.008282871,0.038511742,183.3706,-0.5141278913053733
3687208661164,0.046936657,0.09288508,214.33214,-1.0990862204036729
3628795186968,0.020904576,0.03450876,149.58542,0.07845635068229112
3702143668392,0.01618656,0.051641203,121.785866,0.6154397339987545
3712290272386,0.01758402,0.022525134,152.5879,2.6555159247547433
3848822814076,0.06386194,0.009549384,270.30716,-2.0145480273531478
3564660961406,0.012748103,0.012154568,42.194138,2.9634077270522257
3938715598222,0.01565904,0.040027563,205.09863,0.18386169293404242
3772652462626,0.015853921,0.03266362,149.27005,1.317724692558576
3833296766418,0.045064833,0.047872607,253.81436,-0.9049360713640774
3510988011116,0.0031945708,0.029837739,110.5291,0.9703826828180873
3507811778076,0.030719196,0.1353515,145.81711,0.8148027112835095
3616394924468,0.056378055,0.08031975,97.8744,3.786049963199867
3719909619772,0.056922622,0.04393188,440.66064,-2.042915900984008
3812323563264,0.06779431,0.07023534,238.82178,-3.0900310079573545
3762784950372,0.040382743,0.09705949,280.0795,-1.6779883275665595
3705957815722,0.027792467,0.03601799,190.59325,-0.8055876397810946
3603089853106,0.038530447,0.03658461,395.8427,-1.295678974817552
3718040409222,0.020627124,0.030082325,273.5542,-1.5562722654661312
3135393879094,0.026592499,0.05381034,144.97375,0.20993073701221188
3140802480126,0.02045756,0.026691059,105.896255,0.8819289690042378
3325909129798,0.020652425,0.05052085,259.26083,-1.1457190808237965
3298285041682,0.060498625,0.054097824,201.53906,-0.3880862164485248
3225595086422,0.05673587,0.05435487,168.58623,-0.23639654430238927
3128759777470,0.050980397,0.045684826,115.37546,-0.7649086791060941
3402777697434,0.030845048,0.048004195,181.83586,0.6668506414391193
3332910168828,0.031648897,0.017408976,84.07879,1.8423434893576593
3330384272504,0.033726417,0.04391171,131.7375,-1.2029322886900462
3360204617102,0.005494822,0.026149888,75.89455,1.3395488730317766
3276705652344,0.043348312,0.078409635,221.05853,-0.3281891683404222
3231633310170,0.011509965,0.029512119,36.664284,2.2477274363700523
3057954483252,0.026440226,0.036003567,164.97565,-0.5171151276420464
3423103666314,0.0070342575,0.04635383,137.8944,1.5537159075378129
3446280308344,0.06831463,0.04465805,127.63189,-2.109919533526082
3442149600404,0.022043766,0.07252537,195.32086,-0.42875922750493184
3688211470306,0.032181483,0.08462202,221.70695,-0.6318758227090038
3600892210756,0.017163223,0.06127253,207.1725,0.1705912832629372
3940306222078,0.015475384,0.05593054,115.72083,1.205111841706348
3828233606310,0.027737413,0.020939594,191.2095,0.01841386284572022
3792038972772,0.011582807,0.068496674,201.07715,-1.3198118702182846
3797751460580,0.0039973175,0.016914608,43.430584,2.7923682443159668
3754575392668,0.023338921,0.0139976395,86.442986,1.1103789959277903
3746322896678,0.019686837,0.04448192,158.20245,1.5234929519870064
3568835113954,0.021227397,0.05279006,169.74474,-0.01936243629632424
3952711980608,0.0068964167,0.05249122,61.168068,2.144830886002365
3808554524404,0.05794815,0.05225115,149.35095,0.01402243994854202
3984462544846,0.03403243,0.024472486,207.03879,-0.246959478122746
3626923357596,0.030741643,0.08104442,332.27036,-0.014560753049952524
3696767527328,0.008074009,0.029556405,122.25013,0.7962219160741214
3592337996120,0.052394383,0.05824456,254.19144,-0.28338328743665686
3696793584188,0.033941347,0.049279768,130.31967,0.2651095299001883
3830793626266,0.09360116,0.028174942,439.63263,-1.277815457387093
3847615710314,0.024345202,0.079241484,264.74908,0.037198386426416485
3089958760752,0.031121409,0.034896433,350.13266,1.915203552956572
3033113256520,0.03951809,0.05745725,225.27534,4.130436935541816
3149645112500,0.035534695,0.058139574,317.38052,-1.593374765920072
3203621319912,0.08556575,0.06973855,228.00436,-2.923213988768471
3184584358682,0.060085896,0.03439246,417.7287,-2.327377399411504
3398909979872,0.0356658,0.033975527,288.66986,1.7885408003038206
3342730083024,0.039166648,0.073279485,274.9462,-1.705999352533638
3036934736558,0.037425756,0.01638201,183.60327,5.284133435622221
3473845684082,0.051088408,0.04494857,296.78323,-2.6441991994343494
3263313443732,0.04268359,0.050742738,350.78497,-0.5719551869894245
3271251393354,0.111692935,0.065345,390.28833,-3.660261110744847
3354126003182,0.040203195,0.043914244,358.951,-0.3182228094419458
3084260362076,0.039258868,0.027838564,236.25624,2.549471885273541
3303659551158,0.022170993,0.10420757,246.06818,-1.186381502675217
3598297570412,0.053912092,0.05646186,204.46512,-1.6693524433234752
3753571781128,0.015440616,0.037613276,182.02708,0.6876380153441226
3739614686318,0.0248669,0.04524286,211.75781,0.35978424671093334
3672622905312,0.08726323,0.050143976,284.77222,-3.4816584067299536
3604358700814,0.061263304,0.023365706,65.9776,0.744463861557525
3634532097068,0.01177758,0.05749257,233.10307,-0.6040823423233035
3791693913194,0.07449116,0.098866716,141.67473,-1.0109762061730498
3638949532276,0.039751377,0.04173987,134.51031,1.1769101971360623
3563690211466,0.0057571973,0.015470149,49.336334,1.7820554695618958
3802788542478,0.02164925,0.020528054,403.70032,2.4658141268879796
3913927648932,0.020745011,0.078446224,171.39441,1.6161268091229122
3923135779484,0.0252952,0.059884176,174.5056,1.0635597299904767
3855194159496,0.03813615,0.05111291,161.4885,-0.7409640911101245
3104914859944,0.09372447,0.053301245,138.46011,-0.5512134573853884
3119216893246,0.12089814,0.083482794,185.21216,-1.157636364711092
3400539008348,0.014609258,0.046023797,115.80426,1.9386511994154385
3440859235978,0.019505046,0.019092064,122.13509,0.558407454271622
3237977563238,0.023692174,0.06289401,232.25876,-0.391531561281505
3150982853630,0.05030216,0.081236005,191.53932,0.13528756798909147
3174471900994,0.10034624,0.052494325,126.57512,-1.7478219351974833
3400540899210,0.02486718,0.019994376,191.39621,-0.4587319064262254
3452948835370,0.03869151,0.056316327,113.47306,-2.000658750773891
3113489389012,0.029320939,0.0416778,74.53527,1.134844538048171
3093801460904,0.02428221,0.07726794,137.66183,0.4650379388771855
3364967850092,0.013945186,0.018574404,215.57927,0.37857521827487095
3188123724020,0.04756042,0.061795354,172.55913,1.2804839417257736
3284331855628,0.037359025,0.017138723,180.73749,0.21933469529958244
3482472324192,0.07721162,0.03648062,238.65967,3.9703736387766217
3342444719706,0.033677462,0.073321134,180.87486,-3.4702941610914744
3302118142890,0.07707121,0.05918067,168.25255,-1.2426767688888787
3473906567728,0.030579848,0.056892805,217.06462,0.48576490012335655
3629469542240,0.01532414,0.07269831,181.6142,-0.09992728334000418
3733293013788,0.089695275,0.06853689,162.301,-1.6738352471567806
3729485294078,0.079197615,0.04313919,179.92693,-2.219862507815405
3840291759712,0.026430804,0.029547395,127.59611,3.1595223133011476
3912369707106,0.021702265,0.025896983,87.64895,0.8784335382009112
3818391396860,0.10671439,0.09905303,156.6251,-2.706380628068969
3807281195718,0.018187447,0.020340621,172.05283,-1.1976493224469726
3527551342592,0.017458573,0.035338037,166.17638,-0.9926830929094848
3518027582402,0.03259696,0.028696854,163.79456,4.026619023163949
3717761094142,0.02051111,0.021839619,166.95758,0.6291865416645656
3658054205176,0.06886263,0.079415426,280.10886,-0.6555476330717854
3512006522342,0.01239267,0.0316528,85.350914,2.1734369853916906
3958757664942,0.14945513,0.051872373,218.17961,-0.005666602077560139
3899056119308,0.07409635,0.046459317,182.44794,-0.6002258453923521
3898745151494,0.025519231,0.014541438,55.801643,2.877192831675521
3659618697766,0.019240465,0.034389064,193.03868,0.44277451420948455
3682495560082,0.009170159,0.034699213,158.67918,0.390150544043753
3574843656252,0.04179326,0.06578912,325.69717,-2.655041482889975
3722169055390,0.038452752,0.09157914,152.61566,1.057396423795916
3749477084848,0.01904693,0.03182281,248.92883,-0.5143142607205751
3902837002158,0.029344948,0.033645622,167.88264,0.22269995582614158
3873319914150,0.021855166,0.029641833,130.76605,0.9351131610861959
3758691087744,0.056474347,0.045349024,155.64795,-0.12180404624765453
3921576050626,0.016320318,0.049178787,359.41153,1.6183462657427805
3503742585622,0.009260303,0.0973526,252.21584,-1.0441620484426648
3917148988848,0.009075549,0.065925784,279.68713,-1.2667931638372067
2166999610094,0.10156543,0.097053334,258.6847,-2.9882697366623923
2138105719034,0.03984235,0.03374498,218.45816,0.18205525577027393
2317502578784,0.045395177,0.040962245,177.81357,0.9093398218877613
2461344783242,0.010059849,0.04176586,81.30038,1.7329255876711946
2007631030184,0.015383,0.026446644,163.22667,1.2936943859476764
2183856419054,0.013144739,0.032870807,185.66846,-0.5803670235038731
2167335577066,0.06770709,0.02499919,225.40291,1.4288833236825516
2360403939854,0.041110795,0.07491066,164.42233,-0.24006362923475905
2315300905554,0.019792704,0.05916052,147.30301,0.37106834144993794
2381983179812,0.023630818,0.046899166,102.64314,-0.44300757523031137
2403900702942,0.15268409,0.051143985,209.96852,-0.43517512140372977
2115880353384,0.017721467,0.07316571,112.538445,0.4560055696300602
2002538742440,0.0714016,0.023430476,421.8951,-3.1349291229179297
2049866357798,0.011542906,0.020906666,127.574005,1.423117254487285
2139091140932,0.024002263,0.058960184,125.62073,-0.7304614140441326
2138121722386,0.015240551,0.018878147,210.74988,-0.3580160638236218
2474700910230,0.018236062,0.06457751,114.400955,1.015089164708859
2433738436688,0.029622255,0.06546949,85.789566,-0.22612841491241475
2344196613066,0.07310482,0.1343805,166.67686,-1.911080672396217
2305463809416,0.029266536,0.052364606,167.41298,1.710184250153787
2660123088242,0.031430475,0.039566364,307.61478,-1.0433898429383315
2756330841872,0.015326136,0.030699197,116.69485,1.3590054723112621
2580415514518,0.095222324,0.024671493,72.32722,0.07049831559708442
2635981463766,0.022890197,0.019752031,237.69475,-0.7917204784051279
2843000345162,0.04392442,0.03776118,179.24194,0.9936361948250192
2781729670442,0.003892035,0.042818118,264.71207,0.008984808950302847
2965890464630,0.061884858,0.07146183,298.89618,-1.8375521076549886
2510254731740,0.021162666,0.033689406,32.607243,3.7695329214626083
2612831079698,0.028365277,0.07293468,316.3253,0.44163931687175695
2668080568008,0.046755362,0.046207286,141.3022,0.19186051477646238
2675700846852,0.06427978,0.0494244,28.81964,3.5737185737063353
2820481624912,0.02425169,0.04373902,294.3976,1.0190115272821028
2824930005170,0.03322147,0.032052666,208.63751,-1.3934692289230268
2890337336372,0.0050033466,0.017468672,51.686462,2.418470511286154
2983374702996,0.0343642,0.03530728,107.84575,0.2059552471478517
2598507023528,0.056412637,0.031645175,129.66286,-1.1812508935231092
2506133197690,0.020725682,0.042832807,134.98692,1.1355377571934588
2719182717314,0.0075409883,0.009516514,60.89477,1.832307932398618
2583920079584,0.04085861,0.035107266,251.25633,-0.09640894505290365
2854765017100,0.031458944,0.07421939,236.16545,-0.5101237213454841
2946850202240,0.01498594,0.047863103,142.46759,0.95318144488375
2979249766092,0.0034998576,0.016080454,138.0736,-0.6071782296190535
2974167153470,0.13597883,0.06386359,188.09207,-1.853010251265844
2837627379732,0.046563957,0.013214161,178.46678,-0.2566116846038359
2878276416206,0.032448333,0.027455451,85.05101,-0.661483488152009
2107359904406,0.023949236,0.027293803,148.47203,0.2378348800601034
2196256483070,0.040710196,0.054142136,136.68042,0.3991460843785607
2393754376306,0.0040399046,0.024732208,179.51724,0.30019460612221033
2135308971746,0.13498355,0.034492746,195.68547,-0.36294670761018694
2216907303622,0.021693563,0.04250387,222.63625,-0.7819303528133157
2441085066086,0.03283031,0.046960652,207.26933,0.5276036837255093
2250861331244,0.00350299,0.020810569,28.514004,2.5065680486594966
2127033571636,0.011276951,0.0061879274,187.11598,0.9790259786347246
2381378734210,0.019036297,0.01790991,94.539024,1.622812191285644
2243895092908,0.047317367,0.07503678,133.59213,-1.0015462740922896
2455365429340,0.056015372,0.012643982,161.4655,-0.3312408859579654
2368057206980,0.0046326495,0.025689958,61.9062,2.9930566027095518
2449025184836,0.027977938,0.054333188,85.79598,1.6555941229152373
2341378420910,0.03907844,0.040161286,264.68707,-0.36972875890692075
2731604274290,0.03501222,0.030050602,164.15038,-1.420968432406855
2902096562516,0.041813165,0.08408089,136.84409,-1.0634749271949873
2880829904434,0.059867535,0.055738453,249.17169,-2.9532478060512664
2911002167414,0.01649589,0.041068494,134.5412,7.265794237724332
2762071579284,0.04669563,0.061516903,98.04317,2.46928854003669
2795735175820,0.0048874933,0.023256155,166.67796,0.9639906525841445
3013875119966,0.034196727,0.028424637,281.7487,-0.598974013658473
2560471276812,0.009815171,0.05388892,155.3343,0.7715141589956518
2830363099266,0.06170272,0.094367094,166.9713,-0.15029793530610347
2762413996956,0.020260789,0.02157483,130.44748,-0.604081428889288
3010389204122,0.007505236,0.04834617,87.00647,1.048255277449678
2833861541150,0.021960285,0.017894916,247.9802,0.2962284513112243
2985638822158,0.0075438344,0.024663974,153.35016,0.6228876418790338
2903401193256,0.022588369,0.049833544,52.28274,1.49065039173936
2555680782680,0.17120211,0.082452625,111.94394,-0.8546505493542914
2579825406320,0.02119443,0.021926887,86.267136,2.6809388569836097
2974184189258,0.024507027,0.03797626,126.7114,-0.532101887493663
2821796235162,0.02951521,0.030525109,175.21547,-0.4252795168989069
2808763803606,0.033413142,0.043560155,179.95258,0.6191974269661636
2896719363616,0.025370892,0.07290357,164.65219,0.836229108640458
2933557077140,0.025603365,0.03796119,168.02412,-0.7902733579747536
2234639286662,0.065855816,0.07503361,182.22089,-1.281989763484615
2210510185436,0.03074957,0.050635617,147.29266,-0.6377597273066855
2313389386714,0.09850022,0.026738483,208.43086,0.04839243298592433
2483251171788,0.036496654,0.018895501,147.83238,-0.8722056643891867
2408002938918,0.08606237,0.066277795,48.42091,0.7834036827961239
2201628420126,0.05780058,0.045606922,139.78647,-1.8355946324082715
2023826266706,0.05382504,0.028931104,239.9453,-2.9359843576158666
2040007313514,0.017525496,0.021351404,47.519264,2.2109540469766715
2285149409946,0.12279392,0.12330649,84.815155,0.34178092531339627
2347381112822,0.015427525,0.03968966,74.81235,0.9097103579676582
2194306914392,0.099756934,0.03150821,184.77946,-0.23533257850759765
2034602846958,0.040637948,0.066743106,93.70829,1.620505046979339
2052067454690,0.055025615,0.094866365,194.10141,-1.0466385200842407
2202882222922,0.014832176,0.022787144,95.04726,1.5528225252036691
2472777775690,0.028667234,0.090963416,212.5951,0.07933352332277019
2490881279132,0.0041839387,0.04274169,189.05658,-0.9161489475474033
2210837660784,0.073816694,0.05911907,176.28145,-2.777174085750159
2191792861440,0.008118803,0.023651743,58.96776,1.0656569130539477
2297522561348,0.06064397,0.06859243,192.41698,0.11802772082712393
2360402231898,0.022268752,0.117264085,127.65244,-0.42090290420887944
2272131067232,0.041358512,0.060709618,194.93668,-1.1986800385677856
2628038425904,0.05409296,0.028957793,194.42361,-0.02085221350902533
2578829756170,0.011851787,0.06822398,119.454926,1.1649993793593612
2669637805142,0.022317646,0.02685557,208.69205,-0.6677311211433091
2693779556346,0.07000261,0.043454777,207.90694,-1.3579390930378392
2510875815008,0.07849034,0.08425786,140.86253,0.4490334599092941
2636611593234,0.018510116,0.035963174,65.163574,1.791920120796298
2895705871328,0.01515181,0.048999872,152.90704,1.1526232918765769
2757915521976,0.04632254,0.06379529,376.4891,-2.0880653438997876
2964297473522,0.09935017,0.036978066,118.38536,-1.1689492839553137
2745835802012,0.024233539,0.021149551,141.14679,-0.30542733987965354
2680133454012,0.01031527,0.020993326,274.60712,0.17163447428383138
2772850831464,0.0148963025,0.035716064,78.840744,1.0434191221177327
2969077510704,0.02317802,0.028296975,134.10855,1.1763570805982262
2835091580608,0.018503524,0.03767091,118.44465,-0.4292993685186356
2961144752442,0.03805459,0.1102469,224.22577,-0.8486467972575389
2898582477228,0.027108924,0.03183692,108.09107,1.7806442714835427
2579142716860,0.051090077,0.03783618,131.8365,0.9283179803815031
2829351928856,0.044501882,0.03335125,158.14182,-0.8048523227406458
2987791461280,0.0404034,0.06210917,169.9844,1.2696140928812096
2531533666866,0.10074045,0.031426053,233.13997,-2.6766568737589904
2602668302620,0.023748346,0.11401357,231.42715,-0.34406549868615444
2690934729686,0.03952808,0.019412424,143.78813,-0.24599394472425573
2700143616432,0.08948575,0.13574119,72.899445,-3.562974682742976
2632181056682,0.0141971,0.046229728,270.0188,-0.6118086819364977
2545835650800,0.03943347,0.07867635,178.53156,-3.470276082316523
2714433680068,0.029365744,0.03678217,191.9376,0.7024199601984078
2923680191176,0.03268241,0.034072183,345.8595,-3.420962731764772
2835080847368,0.010914678,0.02078025,66.65752,1.921784147437189
2852227380750,0.042516075,0.08271325,269.40024,0.1961331229973191
2064482585512,0.035059195,0.02382287,257.9107,5.118530026867834
2071786427816,0.012988018,0.017885832,41.903484,2.1708359398164747
2029553269774,0.11485803,0.059907265,286.18973,-2.057902524723675
2075915927516,0.04361208,0.013658377,217.85507,-0.7616160132685221
2103539764408,0.028453166,0.054663297,188.23227,1.7009771040519284
2233411265144,0.076703966,0.05527053,241.8603,-1.9488444710510882
2428677421220,0.0058967806,0.012380588,48.611755,2.9211328666769796
2278186296864,0.09460102,0.03796417,355.10214,-3.821482608663344
2386145793244,0.026734821,0.056547288,132.50148,1.312425847504418
2315662905850,0.0033744497,0.020815603,155.14493,1.4084009606342196
2439174985826,0.12536538,0.050549474,103.64317,-1.101556278630894
2188005730208,0.01465881,0.024464687,161.54732,1.233107662039144
2441390722920,0.0071366895,0.01848348,48.61487,2.380033862328817
2434725775652,0.022471169,0.025177749,114.208565,1.2923707183455664
2680484112178,0.12565114,0.04163627,186.75078,-0.8321127964142452
2558546227074,0.083052866,0.08482564,236.78195,-3.9450333945533833
2785253793428,0.07654072,0.14113499,154.24896,-2.1069497260578745
2516023292142,0.044172432,0.0335693,141.38223,-0.08635369843482607
2665577656486,0.023398433,0.038291473,70.505806,2.283866437045978
2978652351856,0.03693935,0.033964626,46.07077,2.6566950511447964
2951974321660,0.03419245,0.025698613,29.44184,3.8085991942019084
2787824520962,0.069656864,0.030737685,201.84882,-1.4651040667487876
2555681339970,0.029874414,0.080284365,167.51924,0.2015162960783663
2696027196448,0.05473993,0.09884704,180.87517,-0.6453214023248627
2593484817800,0.055218212,0.02837592,235.59378,-1.8799992195968869
2656665451618,0.012607738,0.051206306,152.32242,0.9847654417077565
2754781021408,0.01318194,0.017375842,39.728844,2.0372451774678186
2933861848112,0.051278796,0.01918317,228.1803,2.6957343768794484
2972588780192,0.10976833,0.02480984,300.3917,-1.9305616325833537
2675412386428,0.012039507,0.022697007,120.88536,0.4580835359376352
2509987843472,0.03172989,0.035354577,108.13975,3.236903827314627
2553163684484,0.11410955,0.041000914,191.9382,-0.019503397614984763
2512524753518,0.014685583,0.038132552,55.40022,3.4722434455042634
2537617829688,0.011557681,0.032593373,47.669136,2.3877882088048636
2843069650412,0.016681736,0.03986184,200.99672,1.1466155239859508
2825291907316,0.025591291,0.04246082,270.3209,-2.0735562648779746
3233557278350,0.05279004,0.06744385,163.54526,-0.4225719225586323
3218943799062,0.014725315,0.02016934,152.96904,-0.4409746511528991
3004316684682,0.018197538,0.049987067,216.49951,0.2819379031594853
3465685314574,0.048712287,0.07885204,275.86234,-0.7527840315169154
3354550896166,0.011605273,0.020827254,146.06314,1.02977374136116
3020495287032,0.057120655,0.013315439,242.59514,-0.9503988708577943
3027490051078,0.009262295,0.05197002,137.51056,-0.30080096598222056
3056372779242,0.014027732,0.03074232,454.22742,2.1167198721964384
3257372439754,0.03191691,0.04714825,178.62624,-1.4039371649597958
3131338998934,0.014332899,0.047365163,144.83794,0.43396853594217455
3163719412178,0.0036534166,0.075783715,142.06454,1.2872693125726622
3357093702622,0.04487919,0.026272735,180.6135,-0.16709613664130585
3394874827630,0.01996138,0.053676523,230.3845,0.5392431496173762
3336763048926,0.02408225,0.033703163,174.65332,-1.3144468089017045
3409789524796,0.039141733,0.098918796,236.6549,-0.6997342316614107
3357729449590,0.06572562,0.107070595,89.94685,-0.3404233835336559
3867003126174,0.1043411,0.058691125,143.73315,-1.0352100719897523
3963840854516,0.050544206,0.07302561,188.79172,-2.347288365136884
3956857986058,0.050791897,0.055057365,257.8694,-1.7140319344271706
3913055396346,0.01500059,0.051962707,160.51695,0.31724646615062824
3511716870102,0.044624206,0.05938606,244.55467,-1.7487476211554527
3560307434178,0.011486831,0.03801362,139.29738,0.4414820152964203
3673026757556,0.04332019,0.035585836,205.71341,-0.5555532916188223
3792084231836,0.013286333,0.05857145,194.548,0.5559572291236741
3816533876902,0.030814499,0.1280289,140.94923,-0.00797387559861018
3970215345818,0.019136906,0.024589421,143.31285,-0.7781908003924507
3970538838488,0.020300474,0.07017341,188.6174,-0.575377054295666
3973081241888,0.012742796,0.034877274,55.398033,0.9538295909584209
3518366369436,0.02320209,0.054285202,249.43495,-0.28190910373514655
3719357789338,0.02700207,0.048726175,26.4201,2.5861443224340657
3836516042312,0.036821198,0.04702448,137.30075,-0.36973173001364934
3756196384468,0.065794796,0.025684904,98.99237,-0.09092544224648824
3644121803398,0.09322921,0.0465793,356.94006,-2.1027638663273414
3664448249880,0.09995184,0.051086504,313.02826,-0.3358490820178239
3717466732384,0.016197382,0.07980746,198.61678,-0.731921104224314
3692390841636,0.01249326,0.017656242,212.23271,0.2680662311767579
3920048623712,0.024403807,0.042456742,289.2754,-0.48708030657166695
3012282631124,0.0084242625,0.037603784,131.6448,2.648126039178906
3074837246510,0.0512961,0.036842518,231.37169,-1.4248414897609294
3254875647530,0.021901423,0.05575435,84.50965,3.2455587161091195
3392354826616,0.107918136,0.026895445,179.40257,-2.2363019025194957
3473322175346,0.050230704,0.03285339,117.7733,-0.488393753749999
3308236470256,0.018483248,0.07105018,101.05903,0.44500468481052513
3418721032600,0.014548815,0.042619135,244.11641,1.3319434970518194
3301246847888,0.022270987,0.050809238,141.90303,1.9437499741771629
3358404152536,0.015848093,0.035808433,164.71535,0.11700679265477693
3121507219550,0.14265184,0.019824607,279.99084,-2.4569160246313095
3399338782120,0.020485608,0.037168134,101.9277,-0.7426118046079497
3074848637330,0.03517081,0.040079527,53.310917,1.5839975055379443
3199010071360,0.121831164,0.04755505,63.675648,-0.7040318409377956
3832436765012,0.016295243,0.045327637,236.95816,-0.8883776640666472
3499699418624,0.08130189,0.0956084,262.5106,-1.7095407157508267
3539394155980,0.013105883,0.033337362,230.72746,-0.24272074696502072
3771178463304,0.014280929,0.048232615,152.91176,0.737665616989835
3799758363020,0.06397734,0.015073591,252.64056,0.8254886870370721
3776564157396,0.011141691,0.010387868,142.82423,1.799942905418643
3782262281382,0.041506242,0.10783057,211.4042,0.8256576000111757
3831161671880,0.056528747,0.048898447,154.98499,0.36675442562001537
3659084934112,0.016677598,0.011007737,44.36729,3.3041395285610173
3693373969248,0.033605434,0.03560643,262.762,2.6429237750663517
3696250120878,0.036388353,0.013244884,270.56238,-0.4446098076746915
3754654397446,0.016864043,0.034377642,293.55774,-1.4366932288080723
3755304885028,0.026028033,0.052594826,236.58282,0.6046990450391301
3842619734912,0.03017928,0.030392127,326.4176,0.6630088299369062
3050987388968,0.013891253,0.042289656,155.63861,-2.0600486020373046
3148144654668,0.06176216,0.024102394,285.61356,2.92579169209315
3359613906180,0.03616675,0.052841634,178.81363,-0.560584991826689
3244044286742,0.020011947,0.0485427,288.07648,-1.8075004567553017
3211024424660,0.012301562,0.04168265,49.35298,1.4907333049742646
3196100355282,0.038437333,0.057719935,259.30307,-2.2257750982328233
3171667468536,0.027878104,0.061798785,116.804726,1.2556298127657985
3467897550440,0.016815996,0.045164816,253.06352,-0.9774343889166548
3058916495802,0.013438311,0.021921301,70.54145,2.0121437665713073
3295466224844,0.02099123,0.040896628,277.2422,0.00031658577684248734
3498368358932,0.015050514,0.051924728,189.10057,1.0633502015447327
3056704918706,0.065296374,0.019632176,164.36612,3.382910477741673
3436779784946,0.085447274,0.088248044,265.86322,-3.254355145401587
3255803565670,0.019484947,0.029931357,162.11632,-0.5591706838818182
3287867164668,0.064958975,0.079195194,241.40948,-1.2287030577315865
3427255999788,0.00765075,0.018788598,163.62349,-0.04024628017102777
3595526251708,0.021834897,0.040745392,160.6712,2.5014746359117925
3729203835518,0.017513938,0.04012558,79.75265,0.10616129811450953
3665707924410,0.036797885,0.048319425,228.36313,0.01715299578181262
3835890503832,0.114242055,0.049914498,173.55266,-1.7299113242614483
3943221310680,0.11451587,0.07712378,175.26361,-2.979890052692105
3885097511854,0.018742422,0.041228067,115.78226,1.2881339052478769
3897823712260,0.020257581,0.016352115,197.1411,-0.5314507616937522
3657443206738,0.03272927,0.029968176,193.10065,1.3573635609688621
3716825344184,0.028822124,0.07782492,245.82683,-2.018747996453775
3509787461546,0.018182946,0.028952805,42.243687,3.8631524684416334
3633941839004,0.02711604,0.030134019,140.04181,2.378570485294622
3727947414668,0.021484677,0.052876294,79.22597,-0.4070037086548559
3575541065606,0.08030524,0.039593775,161.54297,0.31869452647057017
3504101611370,0.13836975,0.05966323,172.85089,-1.3855302642753362
3644445677770,0.07721619,0.0642998,528.1143,-3.569467124720686
3985462610906,0.039419863,0.036833394,214.37827,2.273247257625198
3903218732372,0.078473985,0.11728473,207.50484,-2.152808102888545
3040863112428,0.015311279,0.013739016,224.08594,0.2727801402633555
2995774290686,0.02830359,0.06819269,152.8444,1.4261158467569348
3331069538062,0.046037305,0.03863546,181.58559,-0.5609423823987287
3414904923522,0.031425297,0.042032745,138.90517,-0.5312691299602502
3455230190676,0.11070962,0.061271586,165.48454,-3.6352831570833133
3323138166364,0.03376305,0.047377888,191.71083,1.5120631319222015
3425058836230,0.020607507,0.038126353,130.73035,1.2526065730310199
3093897193704,0.015614972,0.01284637,160.804,0.5076880665085949
3506367995496,0.022788435,0.03620285,202.4473,0.15795834202059156
3255831260180,0.06116673,0.03750974,323.93277,-2.1011036847147615
3315857130538,0.033711165,0.03543885,447.43198,-1.4561089752701593
3289185249266,0.013962912,0.074481875,201.97801,0.7584052941424846
3229143250728,0.02915619,0.027690392,134.48883,-0.2240520555933404
3181515125166,0.05847498,0.029038126,301.68036,1.8371999565299726
3245667672362,0.0166908,0.037549138,83.82533,0.08851712332672079
3204059222640,0.038409516,0.04738415,208.6195,0.07793732490281424
3132311849008,0.057006303,0.04147046,274.6166,-2.631731672059561
3417123029464,0.04793547,0.017942166,222.90852,-2.342619244047439
3272324384106,0.011790525,0.019655824,57.33436,1.3923229755237476
3353625405798,0.0035045545,0.016298616,475.17996,-0.0434962724483251
3339980159488,0.06315898,0.038514003,164.48264,-1.5328908794884506
3277755965904,0.011537612,0.026601069,210.76866,0.3110840365429593
3446345478984,0.07265297,0.0856443,91.717926,1.0092647109853035
3705424711374,0.04609813,0.025687123,256.54092,4.783271412127667
3573986349828,0.031136261,0.032825377,317.9212,-0.370890543746899
3732409098944,0.058175273,0.01422291,115.71595,-0.4168588404729887
3544132388830,0.056598607,0.023567418,211.91759,-0.3967160395171
3642883502774,0.024591396,0.018524991,179.49734,1.29216070393169
3647647361838,0.006190081,0.024931453,47.225224,2.7261041522810556
3758448838540,0.11632993,0.017406926,320.00662,-3.0891454929982167
3821962111896,0.020963725,0.069527775,93.23568,-0.11826189108435514
3942620367306,0.09474907,0.008237167,157.4495,-2.1114582878741786
3641308099292,0.04389646,0.07403127,174.80386,-1.3512425574160687
3728950498576,0.00937642,0.038747527,175.50136,1.2844948371089155
3608922395566,0.03493448,0.11396255,152.15947,-0.0931178386893105
3516833304744,0.11589733,0.11283791,323.0239,-4.054856807179191
633707874,0.006269585,0.02854437,80.24803,2.3409266472908263
3899447828146,0.026162269,0.0065723252,84.53637,0.7718303698648368
3734951275264,0.0073870067,0.010949343,148.59904,1.6000723203752556
3731474733772,0.008266206,0.06323865,105.659904,1.1705232156861622
3843230105958,0.01796916,0.031395283,277.29126,-2.618421324575901
3937545012246,0.008637265,0.034437865,133.18825,1.463457221374473
3961978454410,0.031199621,0.050548445,163.4627,0.3509109068323643
3952467747118,0.06906299,0.07251685,131.72916,-0.007829991543972903
3503513971832,0.040939454,0.025882225,123.406975,-0.25435445844506765
3578751217970,0.01348871,0.017697887,211.80505,0.2781911672040956
3655588790200,0.008255002,0.0340891,109.34083,0.8471301468096337
3855001429310,0.005643588,0.04098473,158.43593,1.007618533597678
3995030521488,0.02953832,0.0415157,170.21996,0.8142541390787604
2266634091992,0.021543847,0.025909089,137.68715,-0.28185362244228074
2238393182932,0.013201218,0.043887056,198.18869,0.5367740297101755
2448576705220,0.011602618,0.10701336,71.84888,1.364456764207455
2420004592458,0.0082962625,0.047114026,146.59145,2.431556264123234
2336495825072,0.088149406,0.103006795,314.04807,-2.285657704486025
2480342591116,0.043735303,0.048461452,334.82013,-1.6023034350766328
2283449095066,0.08412964,0.11904853,292.2751,-1.5568102630424634
2359658279906,0.007872823,0.03901864,230.95583,0.21326825821591666
2317113221814,0.018897247,0.060254775,107.99582,0.910212069761655
2236157389602,0.024475588,0.029098812,121.17435,0.6231068526828532
2308868032480,0.021610446,0.033493355,279.6748,2.925553309936224
2459055270414,0.013730363,0.009721694,278.14984,0.7785765943536457
2344131074210,0.061923277,0.03935466,374.73,-3.0028642281826134
2356193583038,0.039914366,0.04382002,206.55719,3.1234383364687885
2570819939898,0.025679486,0.049664162,107.49977,-1.153855584821406
2649243372746,0.034307495,0.0539872,211.6145,-0.0741635007016464
2546992685186,0.019679552,0.044417515,234.91516,0.02401707806501796
2667643808854,0.068924315,0.078518555,252.15445,0.8353972149742505
2954368626942,0.057118285,0.023950538,268.0872,-2.1626615237928446
2820377556096,0.012679495,0.038361557,200.6543,0.25348323705606524
2716568020142,0.022099154,0.07891383,145.49203,0.231585173495639
2508286517344,0.02110077,0.073132,240.31587,0.35989566976609666
2777213963332,0.10411482,0.017483674,314.97534,-1.3639780864370834
2566994303994,0.01452878,0.04266053,159.15372,-0.3608575280197337
2491755470500,0.040381823,0.06807225,187.04143,-0.06723555119440072
2674321684248,0.022691963,0.03579037,128.9131,1.6705386702864853
2913728260614,0.07057185,0.083846666,127.78812,0.054312688288341016
2937865652292,0.01576489,0.047064092,189.16048,0.24279319719465975
2918505475404,0.08552609,0.019270483,244.17796,-0.3725723033080548
2909609875756,0.01662048,0.024741469,137.70366,2.492569861524693
2533989763754,0.053616643,0.06556245,144.02711,-2.074015967124488
2896614058862,0.016462317,0.04208225,112.64535,0.0422701241091441
2147270637380,0.033304814,0.03439485,160.73782,0.27476193055308734
2273021711500,0.04971281,0.04298916,217.3119,0.7803741727771406
2386056891940,0.073427,0.052623354,140.82402,2.333087615330237
2034253274188,0.03595094,0.027205745,174.2583,2.140669107569377
2253347618152,0.03940839,0.01701795,277.61636,-1.754943612960421
2232388476138,0.0646384,0.07469685,186.63615,-1.5786725399641355
2432422118786,0.024946861,0.0062576206,156.26065,-0.06249835351371025
2437819732794,0.018216794,0.018177245,198.80174,0.6191651305379393
2277485060598,0.020735357,0.06154799,144.61867,0.7913759907733078
2117111530370,0.037696667,0.02941748,154.94952,1.8519055679331495
2133950044864,0.00938986,0.01816834,275.97458,-0.5108248781231366
2049172205552,0.02885784,0.021780457,172.67412,-0.33152771803127185
2228255727986,0.06688371,0.07234626,294.76108,-2.03061926954024
2365405744394,0.048871104,0.02207868,239.24443,0.6684183990566239
2370823014534,0.038161207,0.076850235,137.38493,-1.4498779140261187
2241285765906,0.07414371,0.09949919,233.16536,-1.7551276094875625
2163174006584,0.06910546,0.15959969,495.09183,-4.9104910297476
2201277212666,0.055556547,0.07321893,147.08963,-1.3253742965517414
2190161669502,0.014331895,0.013057607,124.98962,1.4345843277388626
2238419946706,0.008736839,0.015938062,76.04789,0.23192696609904606
2200636150664,0.07284544,0.0871865,142.54158,-1.957030772292963
2459410589516,0.01796367,0.023580378,52.47838,2.309396896606357
2468303417728,0.094248384,0.0580186,197.9186,-2.9827929779649747
2432120501546,0.0586898,0.04715364,138.7405,-1.4833559951862805
2380348060430,0.025730109,0.033492204,178.56198,-0.47787935219583716
2642606221764,0.011299299,0.03255886,195.06683,0.25565584275913655
2878201601470,0.015101179,0.034873057,72.77772,1.3544034868988195
2855986163458,0.03388828,0.04840846,147.56595,-0.14956496436490302
2908379206300,0.013285844,0.03329195,228.2343,-0.004317577917813731
2973775298926,0.031534947,0.032635994,324.57535,-2.551499678101572
2990302643344,0.029583033,0.041952588,342.3032,-1.5622628527568985
2684217445032,0.023506979,0.0076925233,126.089714,0.5149122540294693
2653740086942,0.0108924145,0.018313903,161.59639,1.0032582311943348
2992536320142,0.01295365,0.012771744,129.37427,1.3095100376709294
2951587101338,0.023313893,0.016474938,223.84142,-0.9431415333218609
2573716630254,0.009104208,0.020822037,136.95398,1.2888080736197955
2603563914628,0.08243875,0.046015218,176.64244,-2.006325998320037
2891538779630,0.052454703,0.059349872,309.35013,-2.2168328858450836
2887425383580,0.028451813,0.0638044,178.17044,-1.2207954899148166
3004918265568,0.06674986,0.041803308,219.28238,-3.2000881446152816
2068810238694,0.07585265,0.16762206,128.17981,-2.394630543891542
2064370175240,0.010676874,0.018044215,98.39143,1.3329750688455055
2032931563090,0.02285155,0.050817568,198.71057,0.9182351963321589
2186925386552,0.027184948,0.04786967,200.0093,-1.5326768377554272
2049128837998,0.015616078,0.025732381,225.0745,-0.20727337076821084
2225987452314,0.020628147,0.052666433,207.22537,0.7761612811873915
2500951607172,0.0058950013,0.046782695,141.10397,-0.7870025321045371
2272024702538,0.003624571,0.018428618,322.27777,-2.454230827977272
2022474368372,0.011258851,0.013438045,163.8697,0.39907169523179814
2096444408002,0.14995262,0.21250501,229.37538,-2.218595160537135
2141549938322,0.08179982,0.020762112,215.33582,-0.13098547597139
2031656016474,0.028393459,0.049751077,180.38492,-1.2333028830201274
2506982346954,0.020701637,0.04920218,68.03512,2.678635383629425
2454597469312,0.0457366,0.01596769,237.8185,0.6860586243955659
2201229613010,0.009983148,0.010842336,125.7495,1.0918210636104937
2230449718088,0.02230403,0.038728762,1609.5056,-2.3390784018839184
2248550903476,0.022261618,0.068539985,313.5932,1.272671662388742
2051363626118,0.026908431,0.06307532,252.32594,-0.7141270464946241
2183131048812,0.06259545,0.069742665,302.07764,-2.3478093020091144
2405393939562,0.017836854,0.05241535,194.28792,-0.1859863492767107
2273640401658,0.00930657,0.031517867,267.59338,-0.4177738769536876
2424777301362,0.045717444,0.031506136,380.92145,-2.353753603546938
2616842475808,0.013856545,0.04245749,162.91245,0.5862215084251038
2724169452368,0.030368079,0.025837228,297.88223,-2.6132248400431486
2723537286070,0.019234441,0.018488443,104.98857,1.7278115123310573
2760685386262,0.00728766,0.013076687,106.67388,1.0646016105287455
2805136221018,0.008511419,0.02366487,173.77359,1.1794598760795147
2785767350390,0.08282993,0.039245658,250.88358,-2.81093112624309
2871813632342,0.027194867,0.027078269,147.23491,0.31336721924565525
2701332457148,0.04202634,0.028913876,110.160995,-0.19292217455143912
2853415766792,0.07849439,0.09511851,295.84085,-2.6028974381168357
2820716348320,0.038853854,0.06334126,217.17355,-0.5008331434340992
2947082101054,0.04239111,0.07248233,156.98143,-0.19434834115496083
2736875671858,0.0027789697,0.037565593,124.72216,1.9311588290267299
2566674922890,0.025097601,0.022601526,161.33179,-0.2981690604462052
2772432016016,0.053480055,0.04763538,128.74286,1.5611847010142168
2522576711566,0.030556358,0.04750993,401.84747,-1.0743487431064445
2716578331612,0.046324935,0.07423803,1443.0189,-4.097774860346089
2515903575486,0.08782968,0.11633581,120.72886,-0.33458404045843426
2826752656820,0.022213848,0.032472182,240.38579,0.057046771731387724
2117742439692,0.065508306,0.076118276,243.82082,-2.2042096190590676
2190452251734,0.025965557,0.02445975,50.7117,0.6468755343722461
2220934398658,0.094985835,0.009530721,304.85773,-1.0201259883957279
2337785865788,0.008380295,0.031097433,53.882084,4.406190634944284
2264763800344,0.044544384,0.055670336,368.91306,-0.39637831309753996
2414312999070,0.027060444,0.051592138,223.64929,-0.5181639792987508
2037753229452,0.026981786,0.034121104,166.79147,-0.40188881444368657
2253030403192,0.07521336,0.034426432,177.4689,-1.3526145134904617
2221912436074,0.043727033,0.062885396,137.34769,-0.10115260866271891
2053318690958,0.01348571,0.02619794,156.74263,0.5202437094699353
2436232563590,0.022561317,0.041057333,130.16171,0.8751552524550141
2456884468106,0.015278466,0.061356965,114.10013,1.2565258256364542
2380043419426,0.03954392,0.07929955,154.27528,-0.40536404128870346
2473394702364,0.0143447695,0.024699688,190.8313,0.9395742560540592
2218403513802,0.024644772,0.026966896,229.03987,-0.3352660930196296
2297476652896,0.014098123,0.020246256,148.89413,0.7829276397412125
2494977394402,0.021832962,0.036201593,118.684715,2.3360591595143894
2318445069646,0.054106794,0.007938407,164.43799,0.0458020104925007
2566398023008,0.041953616,0.031000132,250.62299,-1.2589365828525274
2565779287274,0.009457221,0.04075551,196.23598,-0.36273094944228834
2753415388774,0.079395436,0.03987354,148.52852,-2.725345426862369
2856295497784,0.0413548,0.04024372,141.32947,0.5910051335256682
2762316456998,0.022976292,0.079477675,110.03527,0.4817264097936694
2620406083752,0.01259383,0.021170672,49.086823,2.459567968332536
2718202823256,0.04238365,0.036872208,134.0369,1.9849832902169344
2722653294666,0.039099053,0.036043555,254.91191,-0.5828154491891657
2627070753192,0.045379274,0.042722445,263.13687,3.081319720926287
2783616277900,0.019458335,0.047048923,86.20356,-0.31144017139199764
2857279154472,0.02623723,0.053503852,124.309975,-0.10693301173464326
2842332329348,0.007756955,0.05337156,352.57422,-0.9125897473690004
2946159832176,0.028809574,0.042408723,150.04346,0.6145594917936774
2890906161554,0.022586206,0.020337833,392.5969,-0.871645288135659
2959802483010,0.019590776,0.02363465,117.57026,0.7485571391449283
2613412832794,0.008624989,0.011080651,173.78183,-1.4424460905586636
2672793734628,0.075084135,0.108325355,174.94936,-0.09896195367730415
3154099290926,0.07961677,0.05111903,90.00633,0.32234345212769827
3203938138196,0.02360775,0.055680912,108.4633,-0.10148656482905305
3193477794580,0.016832322,0.05390106,224.34795,-0.9290962383976171
3405253603700,0.09534698,0.053972084,167.71419,0.8555099659326355
3389381434318,0.010974282,0.029657053,105.42492,1.958863768925796
3309036653028,0.043425094,0.057081655,124.88902,0.7214859469206434
3335712793374,0.047376517,0.04826218,74.47774,0.8926160016548903
3481467703688,0.10835428,0.040550943,109.13506,-0.7942757659173034
3055054193602,0.065432295,0.036585923,422.77536,1.0843930690936157
3238568733804,0.009917733,0.040960494,133.73825,1.167860727338992
3277004655406,0.03862609,0.06380841,255.01625,2.0702924286868787
3379244305918,0.009852935,0.021699432,77.67288,0.24780586874246024
3339222800920,0.008183228,0.038746335,44.37976,3.145574251036672
3333834713082,0.005810112,0.061571334,159.9189,-0.5787360316421164
3468764913518,0.038903512,0.021021344,229.9082,-1.7981286043411242
3381124706464,0.061552968,0.02906081,317.0677,-1.0440927693772686
3264899031382,0.0314938,0.06222409,243.94748,0.1839774073165955
3124271640706,0.09515322,0.14024222,276.26617,-4.970588358079191
3284290859030,0.05400127,0.040527876,230.81435,-1.033195536157
3419877720598,0.021854008,0.039327092,144.18205,0.9236506901522357
3474494108848,0.14769518,0.02076603,405.95096,-3.8234625932558255
3558943162094,0.03202096,0.04746809,646.41254,-2.4796395570063643
3664345615452,0.03838261,0.10828478,139.73726,-1.1151995202869027
3724355383618,0.043709125,0.023549365,297.87717,0.4057895761952466
3950743009644,0.0132383695,0.03190499,181.35815,-0.40460870598158194
3953293074354,0.0074306987,0.05485401,237.72357,-0.22727862903410334
3518624195512,0.05656745,0.018375367,143.1878,-1.6046995696415822
3668806091298,0.042855527,0.017021611,185.60977,-1.3638365380005444
3688508786454,0.017220026,0.024891287,120.62052,1.1983843081336378
3844727416890,0.02365818,0.014080373,167.24203,-1.558283767543094
3953638465262,0.031525474,0.049083386,190.58545,-0.27725039520196365
3886950672258,0.012135693,0.021793054,35.733765,3.525500334520511
3629112539080,0.039161902,0.070611,277.96494,-2.129489195132511
3816431472414,0.05849735,0.029347004,255.9173,-1.3517742946967506
3941560434306,0.008287843,0.021740546,124.627815,0.8669067781470052
3863142671450,0.011965855,0.060195345,199.57695,-0.4844815617996514
3133488942068,0.05703426,0.03667266,142.98322,0.7112664695733417
3250339628884,0.033900294,0.06994548,195.78769,-0.2468885729281014
3117303814248,0.007701757,0.022834796,81.47263,2.491001682960233
3485626030474,0.031796277,0.023741817,175.2535,-1.785257255377974
3362117806028,0.018300707,0.054772653,121.66474,1.0413076966888357
3033809055844,0.06979597,0.035511736,163.83714,-0.573788973227126
3013171768266,0.039547678,0.014882103,109.872894,2.2287740947153107
2997932824330,0.0141030615,0.017608413,77.81089,2.0589103390662427
3356731936154,0.05997454,0.03617545,201.37686,2.060274856672008
3116986748492,0.014389007,0.039036922,44.246357,3.115382870187623
3452928125758,0.010359394,0.015676048,156.89713,0.5906596133298945
3058577658848,0.016490068,0.05617991,190.1912,1.637026164632854
3049379356706,0.012439087,0.025026144,203.64786,1.0443087746718032
3030314171112,0.043739956,0.016129497,139.64983,0.1531043315351862
3104307722044,0.022731384,0.025775434,327.72647,1.231820141341746
3336094851446,0.020333994,0.037499133,171.86377,-0.33522376527431463
3256720345454,0.04502514,0.05615397,77.36401,0.560389980386752
3262117429550,0.026091887,0.029339045,146.62282,0.11300563092240559
3673604421944,0.031541385,0.068370715,67.16238,0.7977358730169598
3557072163652,0.0055780574,0.015786411,69.6823,2.6395350425026534
3767271738838,0.011490054,0.013576133,48.816765,2.699764462732038
3884103904208,0.041238323,0.032315772,237.32426,-1.054700456537788
3667269419824,0.017795831,0.061929546,131.87299,1.6326787574333186
3735529819530,0.037463065,0.043652814,1024.2048,4.555810538500268
3684102566314,0.07997704,0.05836028,198.25302,-1.4895356944496458
3850785395850,0.01911087,0.0144065395,122.541046,2.0894721491411654
3872382148164,0.03170503,0.016334075,161.25859,0.5266286437346074
3787282253102,0.013311805,0.034463856,106.85696,0.6768624587529174
3795553170456,0.08961007,0.06526357,361.96347,-2.141500960565481
3853975539828,0.040489707,0.035363615,283.98868,0.1324569953751592
5948744536,0.021678064,0.03577623,292.72348,0.6214909817748799
3693912700724,0.036946885,0.020281054,130.98552,1.7233715003980614
3748537707680,0.015546673,0.04712947,168.7191,1.130093420821763
3694245820012,0.074473456,0.06673264,183.78265,-0.9127154027215286
3939680312410,0.014851822,0.039643146,160.47433,0.7220241287737208
3812662686860,0.026870666,0.041178096,232.76578,0.5190527963125873
3769805046772,0.051726125,0.061221246,225.51262,0.3461023153308097
3960944274598,0.009878095,0.016333243,165.7204,1.8802618655611798
3783145926482,0.05638591,0.09139364,175.10246,-1.268060596254362
3524704554114,0.041738313,0.040777944,181.001,-0.4957125325708676
3633920749864,0.05822208,0.06686086,149.41846,-1.311713031821344
3866042434952,0.015121682,0.058024965,792.4023,1.902116004700268
3808236936522,0.008261777,0.01575133,55.31197,3.0132584210309172
3907317818106,0.051450767,0.052010827,171.75461,-0.4312269561086014
3191242506432,0.02360273,0.030671008,108.65517,0.7473969322335432
3041698851762,0.052153345,0.101022065,186.64525,-2.8308284607153915
3135036779582,0.047364283,0.0787834,155.96657,-0.23484853154185517
3445267150292,0.024500312,0.025797246,50.756477,1.7290712048147232
3163325845686,0.0478424,0.051833652,215.53036,-0.22334797159965858
3036307136234,0.0059627593,0.026064374,24.426908,5.085575249026223
3153164399688,0.08720766,0.087187104,119.757835,-1.5610850950501736
3353517653956,0.07850082,0.035597153,292.74545,-3.004199572861784
3336056851210,0.049904387,0.05029109,189.33617,-1.2272004238029974
3089315815412,0.029349422,0.0412799,111.19366,-0.7324981341208173
3292527004270,0.01064602,0.06585682,287.51505,1.2878473488356728
3484959646682,0.009087565,0.021788074,140.62817,0.05517466998964287
3090606055678,0.065569766,0.09944331,173.52354,-1.594810333470636
3130300541318,0.0695327,0.0682652,103.75785,0.7595095358107454
3117282700694,0.02110102,0.028398411,226.18031,-0.3037847417204454
3205238613460,0.051133104,0.039859243,329.13858,-0.2667532621897666
3301767843016,0.03862651,0.05160217,194.77597,-0.2868936841160947
3441472208194,0.04192617,0.044384133,202.55254,0.7484377199986642
3451319310122,0.03605998,0.0444235,29.955511,1.8418297567882904
3410673726330,0.017297635,0.018146789,69.79341,2.6215104399668085
3746908957410,0.013933707,0.027522424,252.07584,-0.7594094804642683
3570354810190,0.00364345,0.01563784,115.35348,1.1459364801741259
3525273395940,0.0101882825,0.025073301,38.066837,3.7113678253562785
3622117424002,0.010485394,0.011800242,182.93477,1.2287569865476031
3962812301030,0.11920054,0.08625629,56.648464,-0.49206246893197125
3874229639200,0.031698406,0.035435352,288.7384,-0.6962909509520323
3518309752884,0.023132185,0.036029734,182.40689,1.2522360146484763
3638647010618,0.012817054,0.0057855067,85.221695,0.7124003714725385
3689140905914,0.09339395,0.040947005,158.13367,-2.2947289287385266
3829787953400,0.030266961,0.023780923,83.27582,-0.02651547484471406
3992680224076,0.0058908034,0.02749689,136.8319,0.4041443016836619
3860605284954,0.024187824,0.05387508,68.885376,2.2395888703970117
3719592235484,0.009796174,0.018575957,148.97725,1.326500636733728
3864383597166,0.026654366,0.08700136,106.691864,-1.4158913924416783
178150892,0.012516383,0.016343309,315.19498,-0.7378212209654957
3523700539428,0.12747854,0.04121493,88.825035,-0.44149412270484656
3932996494454,0.037496552,0.016998747,66.59929,2.3066987393872265
3773922830274,0.047922146,0.07107283,681.29565,-2.3112849953252255
3228427273172,0.03512654,0.042284574,255.23749,-0.7006989958106706
3066496005162,0.09618197,0.09612339,499.39194,-4.849977561086153
3181762518918,0.024917422,0.060025252,193.33603,0.7792460807600045
3261768713276,0.011542998,0.010473487,89.72815,2.614246772755539
3378300266720,0.0058418536,0.054339897,206.06476,0.49846142062598486
3497056526290,0.13019106,0.036646485,157.51094,-2.9924074461581167
3479915360892,0.014544553,0.020390278,168.66101,1.0304274309849564
3116371113404,0.08535012,0.07080255,407.6749,-2.07759431315736
3024612798252,0.06707151,0.026230397,251.3501,0.23599695998319503
3112248116940,0.021960687,0.056708448,218.72461,0.025660931789945662
3179879423096,0.01389754,0.036282238,169.94652,2.321218539861001
3412295923522,0.021797266,0.056082506,118.515,1.6950348385188394
3355466294786,0.014626524,0.045376197,522.18066,3.262733945694144
3043947146770,0.08145456,0.04252184,283.7399,-0.06753072715817154
3063632883322,0.025572473,0.021439848,220.57831,0.03847458434178827
3226527724276,0.0061481404,0.061402403,127.45565,-0.45488472009683545
3232882861528,0.031837795,0.043874864,213.92363,-0.204834208594559
3227484997576,0.033071227,0.14198503,94.89366,0.04542287352266716
3458316039390,0.02871294,0.024191247,162.23279,0.3878197504034403
3273530311546,0.02721843,0.013776118,32.796185,3.0282130419421716
3462465924344,0.021945644,0.02406232,163.38817,-0.035289990308017216
3516742616206,0.017167507,0.02239191,111.09128,1.3624805410816487
3573582677940,0.02754516,0.04018184,175.2443,2.7601372055119184
3788217225966,0.025303528,0.038076792,189.7919,-0.3778342349558681
3952372495640,0.019415883,0.027659833,305.92313,-0.24373717716598664
3972074787754,0.09316319,0.02995154,317.65964,-4.226952261672927
3692591848,0.013323915,0.07220312,166.7342,0.6850688714327212
3899994926596,0.0051063695,0.019613814,103.06342,-0.4482180787148666
3666631005510,0.08524284,0.030954713,140.69934,-2.876310958250183
3614565084586,0.009709991,0.020683223,37.418842,2.8123889643087048
3711402309378,0.029479237,0.02546901,81.130394,2.104072487012299
3870787495434,0.060285125,0.054835558,349.68732,-1.5960102017457398
3846983600304,0.026891666,0.03473368,108.940544,1.195493571695506
3926370606504,0.033867773,0.025867376,630.8934,-1.8571898140758167
3815857417998,0.010687563,0.012977865,128.45267,0.44795012756494756
3853015473130,0.016835496,0.06494643,157.51547,0.6960027091163301
3912396828880,0.033714365,0.012476525,272.75824,1.923323944420046
3690115189386,0.020902606,0.035936706,168.87372,0.2796001881785297
3814257395060,0.020469943,0.047271892,157.77803,0.5298051059069965
3537396158918,0.00491967,0.04568517,98.6709,0.14369239249409058
3748548672220,0.03496666,0.03509218,123.913826,-0.3813833882868933
3655517782030,0.073614724,0.036788724,161.7687,-2.341783315472731
3625681637648,0.010145052,0.016010113,69.84742,2.869089809793179
3704408454184,0.026926395,0.058121733,320.69464,-2.8122019497777435
3768234636486,0.01706268,0.004701651,154.04437,1.4303825830390342
3890156369388,0.068573326,0.031104127,79.266304,0.05410253034560608
3973044511132,0.033499036,0.05272497,314.01172,-0.6849802164465226
2207005926366,0.016672602,0.04203906,55.237015,2.1346353985978754
2092060562284,0.052079864,0.041322242,461.97614,-2.52262070840733
2352118337028,0.047685154,0.025711617,209.38875,-0.7800448510803344
2343548397844,0.04705971,0.022710253,200.83382,1.8956946810353397
2257824750664,0.0043560714,0.010220363,147.26912,1.0594174236622407
2239091373438,0.019026497,0.022001226,173.23058,0.08098662440745612
2053672570874,0.016959164,0.054160904,239.26859,0.9539273487456833
2033673220852,0.054941863,0.06515082,517.1055,-2.4830131578639514
2287990460850,0.047553223,0.024065632,384.0582,-3.617871810783231
2466770273210,0.0068112663,0.037829623,178.71277,-0.4311331753674856
2339124765100,0.013849419,0.02014537,279.526,-1.8445204906384753
2068257399256,0.050934494,0.043751873,63.42726,3.150801094982082
2210827810914,0.007914498,0.016027328,127.05422,1.5673638902746938
2147630596508,0.09817206,0.031066217,319.823,-3.0600354232285434
2315612484828,0.050825622,0.013926509,411.73108,-1.7170558320583016
2404188217768,0.029377539,0.061235864,170.77492,0.1747356303852192
2013335410720,0.011426944,0.0295824,214.36856,0.8504760415539597
2157188476618,0.025849663,0.082634464,166.0019,0.6846509610611011
2430880964574,0.009406969,0.021986276,91.49695,2.044145184937292
2274355625290,0.038358565,0.017536297,266.2461,0.5918644189608872
2315629949590,0.14874336,0.113791384,64.42187,0.7877655575829801
2927147158512,0.017545672,0.041310236,194.64835,0.10639326841755176
2707767777624,0.006401212,0.018599562,56.524807,2.677087138710804
2913838862630,0.05556792,0.049883783,291.51892,-2.523094142065176
2736326131922,0.0064447927,0.0072569824,120.87389,0.6468838497119731
2527067349100,0.00744146,0.014668974,79.330154,1.708751740174787
2715686804274,0.054573312,0.040905595,212.76233,-2.4022402492250667
2863000408894,0.02294606,0.053466402,782.30707,-1.8929271417533675
2823314440896,0.05276094,0.06331595,200.734,-3.4870593133529657
2742053033626,0.10463717,0.049042564,110.3824,-2.8759936575441722
2573757858518,0.04965816,0.05011817,93.32889,0.6577529170915593
2910649954456,0.022648688,0.07853322,124.64994,0.7314533591300881
2800484072674,0.016956717,0.02531065,33.13548,2.0855707545764943
1997163460156,0.094317354,0.03266825,111.74025,0.049149002539293996
1994629398430,0.02535051,0.06358152,88.50692,0.5687004380623921
2127039925772,0.05873643,0.08447381,52.051163,-0.5841627016300093
2156556711474,0.0230075,0.056674976,136.17146,-0.4456391893230638
2360726203694,0.016260218,0.04678568,121.01437,1.7712912114324497
2369936274912,0.024186272,0.056751356,234.6895,-1.4123918579386394
2394071852418,0.039253607,0.032870114,155.45363,0.22519945589937973
2437572042302,0.023654776,0.05314735,180.37242,1.1368253644011987
2197542345030,0.04238792,0.033165187,295.85324,2.9133879018425213
2426481369914,0.015120538,0.05494851,350.63727,0.6594166159477572
2374716513638,0.020442085,0.026156358,229.59242,1.0336144495408335
2021934961598,0.015429019,0.032468222,159.19685,1.5401491432098224
2099731520154,0.037158787,0.088296846,201.2342,-1.9273330320132334
2319770737536,0.022658413,0.045348324,159.44147,-0.8127722895484835
2255634696312,0.08882622,0.08293044,205.92773,-3.107254523467112
2012106028348,0.007043851,0.021933341,117.07868,0.9704225212299471
2047037915694,0.019163093,0.057120938,108.74826,-1.2710503156234578
2461717145920,0.027722081,0.033396848,218.26617,-0.5726231383984104
2297572612102,0.00916515,0.011812146,35.075954,2.557044318253917
2485228948178,0.071846776,0.048173733,224.06432,-2.4512078748921873
2623328045724,0.11014813,0.06500959,402.3412,-3.2676014927319175
2697936653262,0.017113863,0.020937176,243.59395,2.88761430020727
2501397871694,0.013417438,0.028733801,152.56575,1.4896707540011516
2706830892318,0.027865753,0.056445114,173.52731,0.6960608400610473
2631274663770,0.036499858,0.097604334,160.22641,-1.0804695736183163
2592550202260,0.010473748,0.0641637,72.2884,1.4417238185773262
2688755889736,0.017524624,0.017853206,72.33191,1.2180726283682066
2667482402860,0.05576532,0.03469033,545.33,-4.205935589763716
2976737306578,0.06667169,0.034056943,182.2757,-2.692297530376701
2984668427492,0.014795275,0.031654567,173.26978,-0.6094732340454325
2747480510166,0.012992089,0.048909638,201.8059,-0.8152913487838174
2999897771054,0.017783482,0.04121096,90.45342,1.1930514796552756
2965296533162,0.013431338,0.01280674,92.59331,2.887364233168234
2547451728812,0.01684612,0.026974874,159.47398,0.6729725167023044
2499824762524,0.043800615,0.03192368,110.012344,-0.18078622533321986
2649061505792,0.014712728,0.03672787,70.003494,2.050060298044126
2850055243904,0.037069816,0.016261833,113.51994,0.7050465512933377
2197162910954,0.018589396,0.01645066,85.52179,1.49018345460681
2063820387748,0.09301896,0.017282952,535.7614,-3.8143623823875794
2307346736364,0.07812533,0.053648632,146.02672,-0.6660729909788128
2462295312028,0.014095919,0.0511207,105.80066,0.4455066879765903
2472463083642,0.06272917,0.07678026,221.55641,-3.3006080560911286
2162574247790,0.007092346,0.055448957,215.22278,-1.4478728421710734
2120667807596,0.022057941,0.0037899225,354.50064,-0.002746280432444792
2398492892746,0.06859911,0.06507925,204.35321,0.300597986254901
2482964981214,0.04017059,0.044578083,197.73337,0.3007346988868701
2420081052698,0.031671353,0.024233721,59.693447,2.9868278452176433
2256567047542,0.093395144,0.13848072,159.77823,-0.7431867740670269
2037766259478,0.020886132,0.031015094,131.7701,0.6032761736967799
2144774959572,0.0240644,0.018853335,367.36658,0.2524424432131608
2070482033112,0.031726193,0.07854093,258.0576,-1.2071855635599635
2122865248752,0.017206287,0.01142091,43.385563,3.7657759604549144
2251146856794,0.033565026,0.02838803,193.33258,-0.46520791177858
2238448299770,0.032602187,0.0939584,297.19733,-1.3456461398115371
2304810911314,0.011599107,0.028545648,196.28299,0.1279651517448443
2322914288952,0.023655616,0.029769473,224.45592,0.2461600122617459
2477863368252,0.021144062,0.041621584,179.38283,0.33876762968877033
2395609460888,0.03731044,0.0041780635,189.9686,0.9717934634563485
2430865671702,0.05572841,0.02924175,261.35983,1.6465959674579742
2488024614458,0.045992,0.06548996,280.80542,0.9240277220851527
2200678085058,0.04132752,0.054212626,176.13538,-1.337163724508267
2328969672976,0.0027534668,0.020590968,129.60217,0.24076665887943605
2378810107408,0.012096339,0.020231094,212.9864,0.15231092039502084
2635656242382,0.01545619,0.021136714,181.59766,1.0371785587342943
2972227340684,0.009763426,0.022600325,72.26026,1.6330228770406976
2922701579136,0.008914098,0.008373497,178.90605,0.5841667312989859
2997327800416,0.06766181,0.06688325,128.69945,-2.6868093847641656
2643311673710,0.024109485,0.044503868,40.20571,0.8566671174796046
2894153002956,0.064556904,0.033027757,361.03754,3.3245892571631854
2800791388946,0.013955654,0.061619338,148.63156,0.4735608570977681
2770317784892,0.013039952,0.03414329,151.72095,0.1323536243395047
2699495578974,0.11691925,0.05980284,182.51358,-2.690570875870584
2681077756020,0.02422163,0.02447969,94.992065,2.215268940447883
2623287882600,0.046979375,0.062792964,433.03326,-3.2554759339255686
2930635699756,0.016692601,0.034682088,149.3781,1.2666244783712777
2962079378528,0.048976596,0.009438289,131.6236,1.4267323328656794
2522959474004,0.01791626,0.010351315,101.215645,2.0508389712287003
2508357813202,0.027613843,0.025893718,46.22415,4.200270167676625
2662037870872,0.033088855,0.021172086,124.432526,1.6423609890453588
2570281017782,0.07038133,0.1185463,188.79047,-0.136545237236878
2849692846112,0.013818007,0.014627928,198.29002,-1.425450909541616
2796659295546,0.039164435,0.03197232,245.5967,-1.39428694360773
2933510138608,0.06458209,0.020056605,172.5573,1.691754986542418
2763647976054,0.007075503,0.022784427,289.58234,1.1746853845870482
2983691981952,0.018642206,0.08414747,265.68396,-1.9711165323036592
2445199278240,0.006815792,0.009984519,43.254757,2.881652968545734
2082598292538,0.02842235,0.047391817,348.6947,-1.4751333255620476
2081974266066,0.062003445,0.017235793,142.13322,-0.4251373620673269
2293109340728,0.046614964,0.056185655,38.518948,3.097189976313154
2252479506936,0.007868389,0.030917693,55.339264,-0.4167964614010793
2453159279078,0.014345928,0.04508365,138.84612,-0.22800447832435208
2071793945040,0.015384778,0.023895292,122.69441,1.2933943746682264
2337233483334,0.09058834,0.032742277,252.70586,-1.931857725415509
2446456659162,0.03898178,0.039026413,143.45926,-0.4060839464562591
2375022848642,0.0051198252,0.0063337507,115.67102,1.1692676727432096
2308667016148,0.026702587,0.059445787,181.09251,-0.42460164445611887
2016234674110,0.015498896,0.03364875,162.84393,1.1716853301519115
2044187445940,0.016862454,0.046415117,157.1142,0.6447521237002339
2048939461602,0.014880655,0.0090979375,174.70433,-0.6683239295244636
2326457459628,0.025842682,0.08606043,238.28627,-1.3375101487670635
2366151793650,0.024708709,0.035942934,364.78296,-1.9889145531101866
2330273722544,0.028738938,0.028933253,222.46048,-0.9754923358759884
2341376213202,0.036767557,0.06406341,125.71677,1.4544946806242762
2417897398578,0.007868892,0.03660583,86.78754,2.1180121784423185
2717949966318,0.028047191,0.030420098,170.91916,-0.14530133112583143
2692546501772,0.032607872,0.029414479,45.563244,2.3900515086158745
2797631282944,0.017478988,0.026124934,67.53638,1.1538691923572886
2898298403982,0.016205706,0.030239481,117.72459,0.9487759306700683
2498553827080,0.03087419,0.007475815,90.7746,1.691016656806607
2728434955344,0.07195941,0.14969656,153.51373,-0.549607468931415
2748128856392,0.010278896,0.036154497,44.870945,0.7598366083200021
2937042622992,0.011701522,0.039527696,206.01408,0.7957972260215994
2981178205216,0.06367866,0.052755598,195.97852,-0.6928623475452279
2910057706696,0.009121085,0.07453629,318.80566,0.998486431765073
2530928772744,0.021807982,0.016534742,100.72169,0.5188002986660725
2775419500924,0.037349507,0.063230276,284.77823,-2.5419206170067223
2533489925304,0.02654854,0.025032543,199.8791,0.9847135246661681
2670970717674,0.014370757,0.03504507,175.21353,0.6414305857150622
2828456882592,0.0040540732,0.0350194,217.4745,-0.6155126906433435
3022400159244,0.041210547,0.03325132,64.69362,1.4891886360969615
3131945416216,0.056736887,0.07038509,110.483734,0.7681720153632472
3207517899008,0.014970369,0.041603386,555.87604,-2.0976637742520614
3017325711842,0.030763019,0.010893896,177.38007,2.4057986542306065
3376427727692,0.0069618193,0.027822463,112.41372,1.1005224741700796
3135135585412,0.011151544,0.03211593,176.44174,0.7704938183503631
3045918463644,0.11175672,0.071677744,380.95023,-2.92820900301059
3455523924978,0.07411839,0.025423178,239.33351,-2.9763518498047037
3214814811554,0.02156082,0.05609631,94.23684,0.7375921274532418
3156077643864,0.026396774,0.06553961,297.65363,-0.40540696249555563
3033524046236,0.014484546,0.03447543,200.01175,0.5813243607811192
3271337429496,0.013940581,0.036370058,156.52672,-1.0704794246546894
3488837066862,0.030316427,0.042239357,134.9166,1.8972513730585931
3242774389114,0.0147715565,0.04165747,134.38216,0.3971567548864019
3200862706560,0.027834294,0.07220133,131.27875,0.8797262218921298
3266904345738,0.012109936,0.066083945,133.38004,0.6990184503439432
3367245655128,0.042356282,0.08201378,210.36104,-1.747427341063936
3924801625538,0.024199171,0.044354275,230.3999,2.5698477081350988
3511081734638,0.046054892,0.08502758,159.06488,0.4340913144519048
3511402103452,0.04260483,0.059662364,95.531265,-2.388381097103343
3891163052780,0.017705457,0.032744385,167.36377,-0.6836157587489262
3919100806134,0.018814761,0.057601675,190.17323,-0.5926004437996139
3856230939550,0.009478436,0.024546124,144.32988,1.028935430507954
3911170266510,0.07300752,0.082948215,137.08167,-1.5073762480784536
3579331274756,0.018411905,0.027124638,118.81054,1.7558286187691994
3792073302658,0.0059308,0.062607884,232.19308,-1.1140158413448231
3917175932130,0.117946014,0.060975555,484.3571,-4.258463110519942
3988614555384,0.013323259,0.039025836,271.93753,0.34808640379405376
3582525803194,0.030315785,0.052644774,206.4601,-0.030444863385258425
3580947754194,0.06954943,0.06867654,251.17975,0.3534007080105452
3735257258110,0.012151024,0.014837165,65.88632,2.5822385798372514
3889576211048,0.0971417,0.0528882,87.94246,-1.2563379770343899
3256450679240,0.0091224015,0.0362771,212.03667,2.3044705058750417
3351389561456,0.05727644,0.040100385,256.536,-2.2844019390715395
3473003326008,0.04067224,0.0694926,178.96068,0.3543901068549646
3495556796620,0.035078544,0.047339547,150.76761,4.623761824478131
3169784754152,0.030412273,0.03290091,342.6469,0.1701673380502451
3189479234540,0.1068857,0.11992127,97.9864,-0.28392875986477106
3043737226756,0.014476078,0.015489187,91.837204,2.0211311080946173
3167895056746,0.031613816,0.038099036,101.74109,0.6517056774992481
3283142947340,0.043196052,0.065407716,148.45892,-0.43287394221450354
3294577523142,0.08178512,0.05012557,127.40703,-0.8624569845149386
3209141157828,0.091073364,0.02884321,147.56117,-1.5781126932511516
3188188365512,0.016175715,0.023683578,356.2974,0.0036910254666721043
3204385690986,0.025746118,0.05493867,181.4671,-0.3692353347644393
3196124073444,0.14337146,0.013732964,363.87814,-1.887568347872858
3277409696784,0.04783815,0.042164493,142.3453,-1.062238719397263
3397123783694,0.016582774,0.059755057,204.94118,0.23461891686503578
3150739427356,0.0094775,0.06736798,151.38199,0.2652454506309896
3209472891268,0.12447886,0.047070395,193.74472,-1.5156823107178372
3087878001888,0.009997869,0.01151917,97.808586,1.7620239218093272
3397767618482,0.025827112,0.041567005,211.87369,-0.32098106575941776
3584764871376,0.010990666,0.033681676,179.31862,0.6422745430987502
3505713328488,0.02334721,0.04147054,289.6682,-0.31594793848864133
3667965115614,0.0108176125,0.05906423,145.98897,-0.8225261477479794
3526675645896,0.010672092,0.04940085,252.5242,-1.3060238133627495
3636864687494,0.051952023,0.050048325,273.60928,-0.6917511760968186
3723224230074,0.029328138,0.02182719,96.35396,0.22035037456029388
3691787759722,0.020011548,0.03659375,218.79593,0.4649203210333941
3895957933684,0.021785578,0.047242045,215.11575,-1.9122303251596695
4723370522,0.07579785,0.14166124,566.94495,-2.602628436673925
3802916838212,0.027262103,0.05564934,209.64326,0.46155584748660605
3888006981158,0.016273094,0.015984049,187.45386,0.7344793527287895
3841644022270,0.07480574,0.034803055,112.69795,0.6443837933927421
3884499318514,0.03268487,0.041505586,139.63771,0.2546139770902565
3667984798898,0.02646365,0.03126734,295.4121,1.1588239667291522
3745457738552,0.010841257,0.01599078,117.73969,0.988549408218034
3825144170348,0.007869788,0.020567268,47.980953,2.2010350696569767
3801662181274,0.008921649,0.031087216,154.73955,-0.18444380983540284
3055420428442,0.0053098523,0.032774735,129.19344,-0.45803245372934276
3148144684654,0.037587248,0.06258691,179.30318,0.6649512281186554
3495191625476,0.008109501,0.026874095,137.1183,1.2906870839758757
3482494455666,0.0048733763,0.025657594,140.33847,1.0088536647004431
3057985510686,0.083501115,0.058653113,156.51695,0.5302959336960157
3070049809138,0.021149568,0.07045819,524.38873,-3.3711210386974138
3213248960312,0.012516717,0.024127578,201.24261,0.9223564780038713
3242460271596,0.009575658,0.045029175,149.11249,0.2493972456985819
3210705650848,0.02504438,0.050012313,247.86038,-0.48155725889279544
2993519779040,0.07268571,0.033930205,192.66469,-0.4269848495535451
3118627875142,0.0046690363,0.016789773,104.28806,2.168308322100981
3017984216348,0.051283773,0.037493635,266.27866,0.4597440793031091
3314851556248,0.043693382,0.04000356,297.14938,1.00707505732017
3099558935048,0.08450827,0.039966308,89.64477,2.2101621717321374
3099235770848,0.03985061,0.049803074,2421.7678,-3.4239999297017985
2997329088144,0.005157283,0.018180901,105.72066,2.1504005619852475
3508199590246,0.025343504,0.03137761,77.12053,-0.2099538413266857
3404387358712,0.040122643,0.06778571,159.90729,-2.432321645668256
3464717444104,0.06359732,0.051215943,342.631,-3.1542915951900516
3144036305210,0.043864492,0.06590743,253.82437,-0.7078567241706131
3217374505566,0.031203473,0.025537672,185.04944,-0.5554152930832653
3116732736152,0.015541466,0.027376948,45.418446,0.43617774463186865
3223416054404,0.03749447,0.01737939,127.63521,0.23756132940685726
3291676251340,0.011407829,0.041613255,194.72545,-0.12428125179521576
3386619494716,0.027920427,0.022853792,99.660515,3.7213984388950325
3466000905934,0.012953296,0.05259698,379.93652,-0.41780598981315276
3517744895216,0.015776932,0.0297984,225.53857,-1.0046266814454705
3738412802934,0.0271127,0.06684718,2986.7026,-2.0406829697395117
3933049362278,0.018894887,0.05584474,208.48865,0.7758994196102513
3523784200690,0.08285088,0.029192513,246.37221,0.011397846842427839
3618724646874,0.017187674,0.039775766,109.017746,0.5961600635426803
3726674869322,0.019880215,0.1095116,241.56519,-1.0803724014780116
3586341134628,0.08674892,0.025314083,164.60075,-1.2051418836500392
3797798164684,0.036710396,0.013765478,297.22372,-1.1911802788406207
3888613573278,0.10654083,0.066550046,250.7687,-3.0600537145620876
3949261178250,0.06056353,0.07945888,116.19568,1.6420686938588427
3884492818886,0.016232077,0.035582006,245.63344,0.02120553770767375
3834013993254,0.022005158,0.06359192,185.97119,-0.8710015410817695
3910209015016,0.07451481,0.051279332,248.52834,-2.0435900482474816
3892755369460,0.031040547,0.07427394,154.11604,2.0622796527264997
3960984596990,0.05062631,0.022828147,272.74033,-0.2712449811108554
3867960183024,0.005820965,0.048823692,165.35558,0.1473308057029454
3919076141432,0.025465855,0.024970686,124.205185,1.5162805506758983
3987987330146,0.015421112,0.036967453,97.85609,2.5187692452272996
8827924598,0.08797595,0.12594537,263.84598,-3.9463388779973925
3693978955002,0.024774343,0.039434038,302.93085,-0.671192555384174
3723497554880,0.011747182,0.05052216,63.881844,2.3844244324804666
3708272723200,0.028741948,0.024918538,158.08884,-0.38674241790563885
3985775046642,0.02092585,0.023207689,117.68217,2.057844965343774
3966723166852,0.019579673,0.09327836,159.46588,1.4056970811607667
3837188362958,0.052626938,0.05955718,150.41092,0.5943165213342113
3910531929860,0.017372735,0.05550341,140.52876,-0.766318229273454
3050704525254,0.022887042,0.034919202,4325.8887,0.4737059218951656
3240590355502,0.051812954,0.061918452,142.07483,1.5780458198969645
3100574192156,0.052831646,0.021836817,248.83943,-1.662337570146613
3203454376810,0.03384256,0.077463925,286.52948,1.0364115168352197
3323786820292,0.01660123,0.007093232,145.45583,0.1011485835336523
3012593030576,0.008735464,0.016194,66.18052,2.845326331626396
3465701908146,0.018937021,0.0564206,80.26505,-0.0773162538987463
3085325093368,0.038881537,0.0102465,279.833,-2.331335404344291
3105968026252,0.037190102,0.024893519,248.57698,0.4769885861352521
3214875521178,0.053089477,0.071955554,92.13844,0.9077081045562861
3028816084312,0.036206536,0.014964023,1667.8909,-0.3834904977935051
3433328752458,0.016914617,0.0267329,250.18661,0.39890757107223496
3367598509338,0.0109186545,0.032894254,328.08377,-0.9021606214049294
3570155653808,0.013094351,0.05223008,116.363106,0.7818781067016348
3600327286352,0.014266947,0.08081145,471.35303,-2.3593642271886264
3756544026650,0.03095846,0.07620575,40.739437,2.54527478741854
3678128481670,0.03612581,0.029565513,129.39569,-1.8643912276185268
3833070882164,0.08739416,0.012040887,182.45938,-1.8653148221576235
3819427098940,0.10338625,0.024192305,172.74153,-3.3405259734391652
3839429120446,0.015012756,0.028316291,154.29346,0.6227105858218921
3581935418814,0.035086498,0.05569506,128.2592,-0.2563123602834523
3759102834158,0.07950695,0.0447682,221.56718,0.07342627273006647
3869279200088,0.03694386,0.020302135,74.8592,0.8859570146678835
3846421767254,0.013097237,0.046186138,228.10704,-0.5110412823874874
3829252453502,0.009737689,0.02905315,60.622826,2.362904871771671
3985160922542,0.039201614,0.03620993,146.2712,2.868657434141625
3752740843488,0.016041143,0.030768882,106.53008,-0.278509010771257
3768619691124,0.009136661,0.05854817,90.47893,1.6958801919929143
3842599634096,0.072791286,0.044636875,143.3364,-1.9726398797368945
3842913928752,0.029001137,0.024406621,299.3321,-0.07488197879592312
3813057422878,0.09010114,0.045937926,169.57579,-1.1090251354305203
3793690668534,0.044880275,0.0144951865,315.36798,-0.017071088993784622
3878784793902,0.007914313,0.033936717,241.83516,-1.2038815414044979
3827679067612,0.029595317,0.046605308,152.53308,0.9681450978198487
3924524607480,0.039982375,0.036013205,287.57446,0.6208504183071366
3586691063512,0.03801977,0.08139675,304.48953,0.13722479133948012
3630512578214,0.045310978,0.013630411,487.7952,-2.678182232680646
3614008468390,0.032734305,0.07627444,135.48386,0.46089130101431863
3675913680002,0.03196611,0.021670878,193.61603,0.5438931369702558
358482487106,0.029999917,0.06746462,133.83806,0.8675974299242064
408016766156,0.07417698,0.039711643,99.983086,-0.7097741994964322
381029784820,0.045570824,0.024191462,148.71114,2.679782655008312
4467746196,0.104307696,0.044979714,363.2169,-0.2743717122604895
385169943760,0.034060113,0.072923765,278.04416,-1.6186501211091786
65431914994,0.01336778,0.031849947,189.57101,-0.8103926571480142
131156237016,0.0629996,0.077740364,272.12585,-2.6142766999584026
205790825128,0.009799061,0.051426057,143.37488,1.1578813931066028
1609791290,0.072399594,0.044468332,212.4278,-1.0185414874820233
50828692926,0.007309767,0.02338713,178.34076,1.041651482992135
84811497422,0.0232281,0.039133076,313.02408,-1.2321424417169082
494721500346,0.05236214,0.042043593,168.0822,-0.14083735589655383
313738679794,0.019081704,0.049430437,185.85098,1.078360752986609
987185997068,0.0217437,0.017202985,124.68695,3.203996357842926
850674825240,0.028331593,0.06466212,136.1318,-0.17639485007448572
795736331032,0.029542197,0.01417227,40.905205,2.82862197635204
603295726666,0.013113486,0.025590928,91.139626,2.2311148171853747
733483387278,0.016114866,0.015280345,292.54202,0.1564775084116521
820475550428,0.01875615,0.022150058,665.61426,-1.5975778346592002
844304368870,0.096118376,0.0587143,121.76452,0.02332947960676887
750335911604,0.06869439,0.070673615,277.15665,-2.1513262474128725
786524673712,0.058364525,0.052074417,107.755806,-0.5384788646600323
802074863592,0.03419831,0.03898362,444.91968,0.45922491647254626
942115270964,0.07088896,0.02818376,80.75688,0.6980186434742939
145786171284,0.08970503,0.09507826,142.6819,0.15068344454327012
142612029720,0.038680647,0.018192425,483.44296,-2.7736336343694608
123245930724,0.023951167,0.012854602,278.57684,1.684378520418463
252157614352,0.066817306,0.042048678,263.6607,-0.363912680676286
287720130710,0.0070222733,0.038933724,116.79171,-0.12648922766283355
413451876898,0.120409854,0.024866903,132.31374,0.9839335195321124
358531727930,0.060007114,0.09866317,165.40025,-0.26327115470435414
451886338496,0.072707094,0.027202947,142.80185,-0.94056308006865
84209114566,0.015129635,0.05567985,371.25867,-0.5352721670636962
148026501774,0.041393593,0.04632473,284.54465,0.6016031935082344
175652808774,0.12115011,0.06648262,333.37665,-2.0848408836741426
282653520340,0.08926179,0.048645344,300.5714,-3.662060953890385
323302128418,0.01640013,0.016496792,197.64815,-1.939274004474021
464920811360,0.08623579,0.027375245,235.05971,-3.418206271293952
462069129150,0.03944293,0.057631966,330.8491,0.09196907609907612
233108054512,0.0181342,0.028893793,124.33686,-0.20761706314939546
155000805110,0.07404306,0.04782819,198.8305,-1.5087157536362543
481726994946,0.069811076,0.057086576,526.0731,-2.9445244816299434
304237019420,0.05406558,0.040388558,131.36688,3.419222214077875
130561945294,0.053982805,0.05321362,166.8363,-1.4047345830920748
336644369874,0.037888404,0.022896763,235.9483,0.6590595292545682
431269942624,0.021513639,0.038769837,99.28948,0.4978716677901446
577292020514,0.051888768,0.044947814,131.96962,0.5107732332135154
614761548558,0.12725918,0.097701356,88.034225,2.291474429332714
572860248506,0.019400438,0.020909293,233.61206,0.513364676857129
774792358648,0.028968737,0.064156495,193.61598,-1.319149734353412
907203515790,0.00787326,0.06764711,125.27414,-0.30528175727887236
895772594134,0.011568215,0.03280681,252.33778,-0.9720660260860757
849087579264,0.08211202,0.01537497,213.47394,-2.989459778026312
501751871456,0.042313714,0.009362361,159.12956,2.894245852700808
824030185264,0.022590978,0.028965855,188.7005,0.2539327745213126
988516532228,0.03217707,0.028601391,151.59222,0.9401811564663201
968505893646,0.08797216,0.043427784,206.17862,-1.6652503018462208
596979194252,0.026107578,0.036392085,106.29821,1.4474145763214066
621753768838,0.018561207,0.028934367,146.15974,0.10723691517695501
699235931394,0.010796833,0.06934081,34.062077,1.3179580468905632
929424751298,0.020377295,0.041953824,298.02756,-1.1764297067175253
799254252644,0.012214467,0.033578735,138.8303,0.4610726869015782
838627816426,0.092215925,0.057476018,119.55962,2.3496897942214554
997707327294,0.028257754,0.014944887,121.21178,-0.4390811093549807
203544247126,0.024052199,0.025414824,105.63169,0.4546575259474841
408978754004,0.107123055,0.037181895,362.31363,-1.0432919819862856
421671919266,0.115841396,0.02964743,206.79587,-1.8347027498618593
135925262966,0.114997044,0.04720285,272.6988,-2.124676567836106
197520136410,0.016207116,0.09292704,32.644405,4.193231232438552
243874755042,0.020060062,0.053343765,70.87095,2.565772838482634
248655095058,0.028717,0.061829027,145.56546,-0.63880653204256
258805754856,0.020942867,0.031758863,78.82174,-0.3986411472147085
268969544602,0.101348735,0.042467367,568.0816,0.45722703568080414
334061397014,0.020612499,0.04042532,208.4436,-0.4008316853269883
432818281884,0.012552345,0.01681804,169.37001,-0.09578183512865515
347399178354,0.0090745855,0.023272555,199.92111,-0.09936449643674
469966484934,0.0932499,0.08975923,80.27028,0.7601053197770918
8575502964,0.053874947,0.043146674,109.05441,-0.06505046295728678
156230291600,0.034382634,0.076511726,158.0793,-0.7549117537214858
132754096738,0.013542276,0.026709946,67.53567,1.1981071285449
218487596728,0.012613814,0.0464732,227.36383,0.3491881589769131
464878101012,0.09042428,0.07094956,276.1595,1.4592926181474852
429951203726,0.06466589,0.062155593,199.68472,-1.5458271227785252
431222871692,0.041893672,0.02159129,327.15985,-0.7766389487749398
304536499644,0.05744842,0.030980077,170.23782,0.7888541168232341
543915429808,0.025981914,0.08089947,178.98799,-0.7875459659209046
673777582212,0.020299098,0.020088114,188.04967,1.0325038751226852
814758150500,0.016637985,0.05155586,171.7766,0.3204992694065254
889382582794,0.008369339,0.051858187,214.68973,-0.9942571146977546
771898268374,0.060047466,0.022460755,65.954895,3.251214182822011
806831793538,0.017354814,0.028348623,169.63123,0.47433168652782154
562045343202,0.024703212,0.03210714,273.4105,-0.49872968588979494
658568928370,0.041673098,0.058079075,197.21484,-1.291401843929371
633168865894,0.008660492,0.03677174,214.90259,0.35597076438999875
513782581612,0.025021212,0.05050492,106.620125,1.742827032829873
796996132528,0.05106955,0.024810985,231.0799,-1.3307206899596946
767472064624,0.019347012,0.025726974,119.73712,0.5984228392121634
976392867490,0.032746255,0.03349568,84.349754,1.3758884809687228
957652031606,0.024677139,0.07353975,175.21875,-0.46251079103704773
742400812564,0.08626429,0.06549058,168.47267,-1.3118867447652205
646180358658,0.026841927,0.02780646,136.0426,-0.08413987538027934
660465508536,0.00923539,0.025849365,91.9318,1.7036442155954121
756682030470,0.047563184,0.12189033,212.29208,-0.9564473957380922
849715138654,0.012989274,0.030398907,197.83942,0.5718064161075583
820195077530,0.11139228,0.056623522,283.0095,-2.5240361513003533
205809751950,0.022910766,0.023863643,239.32677,1.789333759202122
199133541790,0.059021033,0.020671867,280.338,-2.77865181988054
136270125940,0.024244044,0.034167796,53.231148,0.8339856159591482
321054870848,0.018459922,0.039342932,185.88745,0.12278735765050258
374395004576,0.07481138,0.043999393,255.55734,-0.5193645755879543
229000656594,0.0043450734,0.03529123,116.88109,1.1746248680222457
122313332060,0.036620628,0.048765756,214.09625,-1.7403078279569673
150247860378,0.015528874,0.04844661,118.71423,2.935602837567205
218512770318,0.015686642,0.058159947,202.48895,1.6319704948689755
328061982282,0.008388265,0.028196285,75.848526,2.183885966178815
301708477848,0.020936506,0.04849916,185.57649,-1.4212406768588433
309652904572,0.037508044,0.14670607,143.23834,-0.9488941475200732
316323672402,0.008979729,0.021396965,84.99205,1.9005573734478836
14971262334,0.013400637,0.034447696,204.40092,1.185236414436302
141022518674,0.012404,0.027496766,38.561985,3.481466261707189
402971983098,0.0028727823,0.051065553,172.5997,1.0353568073047512
296921084782,0.017277455,0.05439186,164.52437,0.36557602537622513
14985524978,0.0052703465,0.05597034,176.01825,1.211661027192547
24192949840,0.017472735,0.029727027,147.74168,-0.9197822472154017
272505535890,0.00998968,0.021253942,289.89487,0.3547036581015326
599211916126,0.0858095,0.040856667,296.47958,-1.9744794338195617
771623966038,0.013003945,0.029598964,205.195,0.3203078063535712
876411261854,0.016475014,0.044694696,513.2287,-1.159613822760194
687499410600,0.017084103,0.08497504,69.01335,-0.03751542487735704
524602352848,0.0064605507,0.0283297,36.24878,4.091778845576511
842125803946,0.03971837,0.043259732,192.27852,0.37753897878209985
800856897986,0.058513183,0.026108166,144.80673,-0.3414229167494286
903411600310,0.047912985,0.033912897,163.43597,-1.7920542540802102
600801382474,0.020460347,0.01872887,108.61182,0.8516601197109951
718275567900,0.0100271115,0.034835692,82.85998,2.127907776545199
670650491348,0.009077133,0.04020881,101.16015,0.8179258879597644
565878971166,0.06596855,0.040678997,218.90744,-2.173504456440406
674153769946,0.027807396,0.019739028,241.69322,1.6039277489953312
947537506214,0.03390368,0.03985111,99.49666,0.1994222857013499
764948412638,0.02600293,0.020079266,651.71155,-1.3916883962988735
704953940338,0.013714391,0.02062783,114.33227,1.025988584854633
757675565442,0.03963718,0.017274095,145.48761,0.37923870257716547
696707819552,0.027783684,0.0752228,251.51329,1.1574247232340706
544626450172,0.08026521,0.035099443,178.38033,1.563485557459132
779574240712,0.08201444,0.015711736,51.96325,2.0480850215319872
1101175955246,0.017429091,0.04918648,283.66345,0.8691289996824936
1336129691956,0.016289312,0.031767625,202.29706,-0.2679944300825648
1500605152368,0.021949098,0.08742162,161.89983,-0.9396810450773273
1444096873884,0.007879631,0.043071177,328.84433,-0.7288606341302777
1418381105816,0.019282367,0.034038894,35.157333,3.6978152817559824
1399327587602,0.03698079,0.0643754,110.828094,0.6499420056195425
1304694431100,0.09642347,0.02750993,361.0114,-1.980423586266416
1297075438116,0.031065768,0.044638913,159.99648,-0.0675032466673795
1331048591444,0.08304128,0.048356768,268.98642,-0.6519660257453722
1131354013764,0.009288929,0.026935365,81.267044,2.2643374923946924
1189757660506,0.041052338,0.04260841,183.61797,0.843825132119193
1028145676770,0.061648283,0.022319565,98.34742,-1.851873337421361
1352008288838,0.02413776,0.021440333,268.8071,-0.8009888707714874
1398686022408,0.023529204,0.032351304,148.52634,0.4870774538746886
1377102374016,0.035777424,0.038969107,331.0896,0.3487398538684888
1304069574120,0.0081280675,0.027922647,128.41089,1.015845530579008
1250096641106,0.0190901,0.024529342,261.5461,-0.28774590855454374
1233585777628,0.030121904,0.021932542,188.20934,-0.4199013301181129
1168503754430,0.035510495,0.04449324,65.04806,3.119059247923915
1295516844144,0.006398318,0.014352073,83.48987,2.148382936682811
1365363684842,0.094547175,0.06243192,149.15892,-4.010125868004716
1362829673288,0.014983699,0.007541938,189.49951,-0.34243440748484166
1384424712796,0.02197301,0.038961977,168.2776,0.8530075054337964
1588554538702,0.027584855,0.028875738,275.2608,-1.273240072619691
1644770270394,0.0406271,0.074726745,187.82469,-3.2751402445133655
1681598811328,0.033759132,0.15904443,258.21613,-2.465343167178082
1639693050632,0.01113155,0.018129084,252.40482,1.054109010030068
1609542913646,0.07071448,0.04347147,244.9022,-1.5596106222024657
1974365278654,0.026288591,0.059108432,203.31621,-0.7134087212140435
1922616549376,0.011149432,0.016455535,59.051815,2.5564798990759283
1760660435394,0.01790934,0.02232552,114.56541,-0.09440493007685175
1745113219426,0.026710017,0.042756878,82.97408,0.558839053802973
1572381634242,0.010655953,0.003247553,207.50938,1.360879513025488
1928319286120,0.02134175,0.03929583,232.55614,-0.27272853063993086
1154545900588,0.02986341,0.05081745,216.32906,-0.5836054809658866
1059924840496,0.032850154,0.04404117,335.38602,-0.9695343853572549
1304099585770,0.023598015,0.064756736,211.72041,0.06483261644424837
1020889107376,0.008242802,0.010224555,72.60647,1.3947435017354204
1015815339622,0.032052323,0.080949366,456.04956,-2.1360611262623697
1123141081280,0.058929026,0.069668055,90.60338,-1.6251556664279316
1501621065286,0.048911326,0.022858437,145.77335,-0.07041628959015334
1390494458578,0.04126199,0.014300889,154.98798,-0.13689991736303142
1346030218540,0.039985403,0.023994988,239.2882,0.20397840798484496
1112329602544,0.048573006,0.09322109,222.80708,-2.459010234161757
1423802333670,0.008915258,0.0254623,128.04555,0.1394752811737669
1380314341334,0.11048207,0.051715862,267.8676,0.11487229355290807
1142819661426,0.04834556,0.037517916,80.7097,-0.09783735002933791
1145997759410,0.11943094,0.13199393,70.962875,-1.195493680745155
1160279028460,0.019787228,0.034058504,238.99171,-0.556709905240648
1180606332078,0.02408221,0.040163226,213.58243,-0.6768267118517532
1324449921734,0.01601457,0.021888776,1192.4569,0.6562774105706357
1476847628172,0.01096424,0.046887834,305.28552,0.5477700450470298
1585424598298,0.06639845,0.054565545,34.195778,1.2764470219135275
1536845777856,0.07368946,0.020571198,236.01921,-3.264790012047513
1718157055988,0.009345911,0.026005879,276.10995,-1.6603122796530467
1895326411036,0.09201778,0.08344427,172.9674,-3.291372337499598
1621957491422,0.0441747,0.03704702,434.70282,1.4438593346101818
1735321681934,0.033010256,0.06595951,255.96234,-0.6467613878542193
1657205034584,0.014145612,0.024878703,124.85448,1.0064114420717776
1926782335880,0.039642934,0.056426488,248.36636,-0.8648806697105748
1808973848872,0.027659316,0.04431784,367.73807,-2.5884553259122485
1744501993712,0.02019022,0.009795987,50.495686,2.461578744290518
1718149497010,0.022771712,0.020029826,225.96489,0.3760848052969923
1719100722124,0.019019295,0.059801206,172.1649,0.7728271222839561
1710533629282,0.024437327,0.05475053,75.36111,1.9764799872963663
1935648907154,0.021919563,0.04047806,301.95023,0.38782429262872453
1634979870710,0.019138994,0.014729224,76.26847,3.2040595892878247
1963609038236,0.050954126,0.043537565,115.29938,0.08211737654196588
1945519192734,0.027469551,0.03135395,187.466,0.3878241438942599
1977906383932,0.0055519682,0.05582258,97.53211,0.6794723312209768
1826435207348,0.012222578,0.026804972,184.01901,0.4090044014088438
1858512211904,0.011418687,0.021473777,136.5056,4.3648334876725325
1787392646080,0.018869106,0.020998688,162.91849,-0.13107150882060392
1755322294426,0.1063788,0.029165909,404.22427,-4.939230479658009
1876298649416,0.03998663,0.056195486,268.6043,-0.6393075778525246
1150375304924,0.02239755,0.030344186,245.79489,-0.30969147134926406
1152950919890,0.03949519,0.062931,76.28093,1.0006447691670222
1150092283054,0.031551704,0.021509837,167.68997,1.0019332345363008
1292011753084,0.039488528,0.040217187,142.39743,0.4819020701463521
1345360405464,0.10209934,0.06239946,140.91458,-1.0700687896346117
1367904905078,0.035245772,0.05448897,238.84802,-2.386283365321156
1313300814096,0.017909195,0.038356524,113.061035,0.6229911952249048
1344410390842,0.11215968,0.021484382,285.10974,-3.6214337096807587
1207536567142,0.014021313,0.042339906,105.744484,2.210861730338515
1193260993472,0.042116933,0.053473968,95.01846,1.1592703147125971
1335494505546,0.024687743,0.037336793,296.29947,-1.2053388559537856
1352968941556,0.03298013,0.040760223,313.83896,0.13505976531306108
1447584054744,0.009276907,0.039197013,163.94067,1.006505180000555
1285645781460,0.049799263,0.018270446,246.14584,-0.4536180804976675
1454244490910,0.05062093,0.04044828,177.95976,-1.945847286252041
1359954357064,0.045385215,0.10445799,107.1827,-0.09155094574447709
1199927652708,0.021630345,0.02800993,85.442116,1.128242568818497
1118660199066,0.015771372,0.06722612,310.77798,0.47684201508257584
1138340895388,0.009991439,0.01519769,36.52654,3.358360712994047
1383144757002,0.065220736,0.072422184,118.73573,-1.5612189501098923
1292653699112,0.010172265,0.02647218,186.64653,0.6288182219705154
1980698217994,0.07657357,0.030293114,156.50903,0.25546142388022874
1945131820166,0.046017267,0.079321,204.60411,-0.316602230287209
1980699403538,0.032822255,0.065120116,157.54129,2.8377299576798904
1546663069508,0.023659766,0.058699306,162.42133,-0.7166970445378491
1635887248400,0.027500004,0.03928396,97.643326,0.8011838166010088
1700339750830,0.02859391,0.04742835,199.60811,-1.0121444044994663
1866730387000,0.01921186,0.051738568,255.0642,0.3245916713638949
1927371919546,0.1233263,0.055368103,227.82214,-1.9358550634203242
1906742469008,0.11998033,0.031973734,278.4666,-1.8072773683010497
1666983595942,0.0070022033,0.048631784,235.73698,-0.1252076159823377
1519337250656,0.010588591,0.03256199,104.29412,-0.4253198138792085
1694615976826,0.03366787,0.028131573,186.93889,-0.09914231268542284
1963544075664,0.081801176,0.06251381,216.66428,0.5285114036151631
1953708893318,0.10447936,0.049762554,89.78874,-0.8437635315934628
2000713924288,0.017994266,0.033273946,160.39218,0.5694419852872268
1955931206764,0.021589343,0.04329802,110.38009,1.6512473596859771
1642568727188,0.04259708,0.052859977,237.25569,-0.4845463814117829
1806715302580,0.048358936,0.083475634,173.80968,-0.5177820040011903
1811796076388,0.0065147514,0.03769641,212.048,3.739094922569731
1892123697184,0.006327462,0.004468206,44.18489,2.3285950019726926
1890226666736,0.024086526,0.07286434,129.06976,-0.5074763329746791
1870221420434,0.07200063,0.022227852,57.100925,1.8363631659120916
1905793211280,0.02816975,0.030975029,178.1382,-0.8162803141660391
1121205724356,0.013770435,0.032653634,216.43474,0.8977698314787665
1199631802888,0.025838044,0.114338756,226.32697,-1.287086927057273
1233614305822,0.014555801,0.019637905,49.184376,3.013723893945561
1257424248928,0.007821631,0.03112554,157.58745,-0.8089967874039218
1276162867710,0.013569969,0.029245896,167.22702,-0.1328070866005845
1298075401436,0.022877587,0.0323146,165.52061,0.345313439017771
1355234269654,0.06438076,0.014748526,125.07337,1.7459455330078175
1035495156246,0.023262205,0.025310874,131.06178,-1.955819575446076
1177436146982,0.042386446,0.047907382,110.8709,0.19895470984032607
1130422550000,0.019312361,0.049930617,130.68584,0.800364862166408
1176148706420,0.06697569,0.03100647,337.7807,-0.5047546355160135
1193922897090,0.0996312,0.051118538,82.0687,-0.8247852598554388
1240289208624,0.08775172,0.059113387,137.56241,-2.0777900331853756
1349183951576,0.035547715,0.03963373,39.409725,2.1119520822128814
1417146940530,0.011212804,0.037177976,219.61798,-1.8277696355210842
1347277245108,0.05559099,0.12994665,286.345,-2.4355841234269304
1130748058840,0.106829084,0.02849961,460.48508,-3.1781060625041313
1246008524178,0.009380058,0.008729906,146.16133,2.1777200268943755
1153629683248,0.030194778,0.05136831,131.5808,-0.3038473951859663
1086297829662,0.016056603,0.03774039,145.34535,-0.7688948628513244
1087254497594,0.009962029,0.034819603,245.90291,0.7206535151245423
1343503821512,0.016126284,0.048798155,244.50635,0.4461013415407287
1395894948950,0.028430795,0.0552945,179.45876,-0.865916958793603
1367305222454,0.1253358,0.0468142,213.89703,-0.7923397689430363
1615906974292,0.12290584,0.030627962,197.86494,-3.513656492582305
1713067490230,0.017049797,0.07594083,238.9743,0.11006480649295347
1574957706284,0.009083594,0.02996454,48.333046,2.491204571066097
1983919836190,0.10101266,0.023443438,189.40576,-1.3413425952359639
1774344642172,0.045543205,0.05038727,96.61569,0.9503397595510883
1945173451524,0.083972454,0.039871495,138.73982,-0.6554933828086553
1872782570592,0.018895868,0.07187791,198.34526,0.19300857846242658
1872473593334,0.018902766,0.014525732,63.00081,3.0257036563894033
1557825283762,0.06933765,0.040178753,198.46442,-1.6674429635159647
1566086373568,0.012619926,0.051197086,269.43213,0.6530964274368275
1683244147730,0.016442953,0.060282074,70.233604,0.3248552223265127
1829293770768,0.027746515,0.058269367,71.591644,0.18203406360309227
1980442589560,0.015436916,0.045841854,172.89517,0.11182091538274558
2001399892502,0.03436659,0.08455239,372.78662,-1.721567244844244
1793113349942,0.008114176,0.018867169,144.02989,-1.9415836777356699
1935355808834,0.010904757,0.015665162,376.92053,2.434413759033253
1537802095672,0.019390186,0.029918253,196.62619,-0.5243110202911949
1565416937040,0.0116562,0.047575273,183.632,0.17715608829327162
1551456565716,0.009042209,0.026237769,136.08482,1.0818460174726277
1993131521866,0.010325887,0.024377305,157.7584,0.9373218708685815
1996931052470,0.021374363,0.035970002,150.55708,1.1585275026930013
1741031705048,0.06754412,0.02436507,263.1415,-1.328311668220233
1770562400008,0.0056935535,0.034850363,48.95405,2.162881274573353
1797869976816,0.0071524475,0.014719905,88.47359,1.8265121935102107
42948045212,0.010652742,0.030634133,377.40765,0.2127458474760816
207106615942,0.04505714,0.042130537,132.8872,1.3881370381839484
408420545976,0.10902109,0.030869693,231.42343,-3.359592503971615
383011084104,0.008506303,0.019334026,216.12953,-0.03196955025469583
113454218306,0.123267055,0.054326493,142.59637,-0.10654982642765962
68688712336,0.013774518,0.026878804,71.882034,0.8157420053821905
207441549874,0.075927556,0.048111983,167.73932,0.2020953014336927
303649932844,0.03752502,0.04290503,198.38945,-0.5083149665828574
394794326008,0.010487679,0.036416378,195.60457,-0.23812370622508056
409719379782,0.06656073,0.037691932,139.63892,-1.20661591794775
38830895984,0.053135715,0.05616483,95.504585,0.5789705704894017
79477161464,0.02092275,0.023365287,170.01105,0.2672685654480748
334129335336,0.0055976454,0.023227269,1167.3859,-0.3110023447156647
266500624116,0.035659723,0.020733299,196.38123,0.4928897344684599
413520750824,0.013042157,0.018379565,42.09321,3.955350437676013
535423228556,0.022204267,0.03055829,114.26946,1.4677044879322954
521142061460,0.096156545,0.05568709,110.34702,1.2913901183275225
845001876660,0.0050951154,0.040272407,59.67789,1.252689612308858
892945759000,0.0078641,0.045520443,275.2702,-0.19169665132407535
916778004036,0.021154672,0.02826388,164.19913,0.9209903624971575
945025466004,0.023091087,0.035785854,275.89722,-0.578899830392204
817704431598,0.028819177,0.043083966,92.2604,1.3157221359241933
525918015670,0.01990811,0.10415477,248.35648,-1.0622933105512467
675463710756,0.05474891,0.0376527,201.78102,3.4758920690435264
716123382052,0.11104831,0.09740586,216.33412,-1.3518598009619542
747223962266,0.07206908,0.048600793,250.41367,-1.167560808721435
688171063428,0.011994845,0.034620557,56.678688,2.5284673003805
898695920234,0.0031367522,0.06443664,159.29245,1.369403926339226
757069779160,0.036442176,0.031219983,167.48892,-2.014863915361829
851692301422,0.0029701341,0.011778914,35.11664,2.832935123945603
679892260202,0.015514567,0.01613853,222.80032,0.12370127565138311
701800812842,0.012807089,0.041968796,103.41825,-0.11212724006579255
587509513784,0.011656768,0.03405546,201.75,0.16848823130859003
816428329344,0.0021421954,0.024991632,73.02005,1.5501572131868246
859923731332,0.09987598,0.024146853,183.36694,-1.6234011617087467
774201244300,0.0717161,0.034884926,163.16917,-0.21543429403443903
773881759242,0.09303921,0.070693135,136.91853,-3.325344641794987
896126631300,0.030177686,0.042471286,92.18663,1.3323037207720607
491942343998,0.0133350305,0.017528253,104.2369,0.7666745146288698
581493718828,0.010552723,0.026400607,173.03694,1.0495256869068141
581800202558,0.09730098,0.09835514,110.73421,-0.0629138075199408
566575470788,0.013106058,0.021570142,177.5781,-0.7112663626329566
857731104970,0.010599637,0.021273542,40.174755,1.8619766473207127
56016639046,0.08426162,0.03072518,311.70483,1.6322353483961232
165239663500,0.0148676885,0.03857056,177.0624,0.6909884088632801
161113390524,0.045182806,0.05084323,517.547,-2.4294530419429217
345917289246,0.031108275,0.03968704,262.25537,0.9281413667516043
176683916972,0.1051662,0.08773143,131.7501,-2.5594482123342797
154786502860,0.024227588,0.043644097,195.72293,-0.23712659487716145
363714107680,0.05275129,0.026199177,128.51033,1.9145580466585577
357678229570,0.012515394,0.0322463,91.50157,1.785768554630244
472304461458,0.021299947,0.019329246,89.29259,2.1831196132267303
57272609530,0.0069790767,0.027387502,160.46889,1.5543013864036412
402735880834,0.074936904,0.040643398,188.54938,-2.335445028688098
389401376790,0.012247371,0.01006478,112.23274,1.2970996049759207
420522797018,0.028813511,0.016304879,90.82134,0.3953152440020968
184939060100,0.021223614,0.084013216,150.68578,0.5576968519526218
36345370810,0.025160687,0.098595396,241.60674,-1.8273657013719902
292899287410,0.0535698,0.087645724,178.4456,-2.0069223137436367
401166804008,0.053803578,0.041558884,225.07184,-2.359089534768489
489766122764,0.060663242,0.031794745,242.11423,-3.069813202160444
687562558610,0.047681313,0.060888145,174.14847,-1.6120177998821323
961580076574,0.08178118,0.03569942,137.10788,-1.4069732694178811
669796861336,0.092392646,0.055254247,241.10373,-1.5087140663977001
722513069158,0.055542186,0.0484905,140.8051,-0.34631810945213354
986041438444,0.011212698,0.056863315,122.157974,1.8753800284943787
918413030350,0.016426938,0.04058703,237.08096,0.1438910950642035
853651021538,0.09555,0.039432343,144.4633,-2.5151508773414224
610712664976,0.046218663,0.050591923,133.5926,-0.11467876884624162
689782378012,0.018078715,0.04629592,145.5936,0.20687264103343714
880616408646,0.05875691,0.060492054,158.46513,2.3696671979874315
890129157096,0.026900813,0.027598947,176.90698,1.4961277315449053
870457206118,0.05179245,0.0284702,94.00491,0.26189053248392136
669160335720,0.029159611,0.022469245,90.104836,1.0867611013981955
655192832264,0.022235595,0.03801139,65.34278,2.252884547297254
755842816890,0.010247109,0.027614573,166.00317,-0.15824154341582242
889517073702,0.053935178,0.034003563,152.49435,1.5775637309259882
857778379108,0.03999004,0.024784014,115.99973,-0.36056561557533373
17237546776,0.00210672,0.021236012,118.50679,2.0760344637829675
235692996040,0.028372996,0.0737275,253.33179,-0.4396563461978348
149646562546,0.052477904,0.029463828,626.37756,-1.9337333279668392
313791625380,0.044735827,0.011652601,245.07187,-0.8488900896127769
289676662280,0.00451311,0.028733552,133.28094,1.0997461218043385
280783936150,0.02202496,0.037015915,91.50049,1.343690524561332
113141515152,0.026258057,0.037340693,232.23137,1.2969073817571435
235388605190,0.008984218,0.055512823,108.82734,0.5560605126577541
173800006864,0.024529405,0.023081403,274.76978,-0.3405630616066517
266823186310,0.02599997,0.03573146,84.66172,1.5062826222371881
486547732024,0.004788874,0.03268771,219.26137,-0.18953541848738803
133122722588,0.015006152,0.019570556,112.14226,2.282017297693136
44232923534,0.056615673,0.040943336,219.61539,-1.579305644020195
148055890418,0.026984032,0.026291754,127.248215,-0.8844178043292782
267750900040,0.011471948,0.030276502,191.0459,0.45248795924780993
250604190276,0.094566375,0.03515555,85.02358,-1.7745030157496724
361450169320,0.055401523,0.08849029,139.95828,-1.1813048789048
711336745706,0.016572438,0.016240874,56.667183,2.100872959238026
867878163768,0.031472154,0.01976246,144.13426,-0.27407685109480234
884071607782,0.033245962,0.041379176,126.67471,-0.21307737198161097
698660515728,0.051691756,0.063042946,391.25427,0.5052110720729408
917419297120,0.031497683,0.04279473,202.6642,0.6763371004358835
931077243500,0.11207136,0.039771315,327.99448,-2.8643609090021913
618616875094,0.056247383,0.06155059,288.2902,-1.5069233260425272
616391639722,0.031916898,0.02418468,255.07545,-0.5200856948776095
683702503724,0.05828821,0.038897835,242.05826,1.1876602670649468
616403635388,0.042768322,0.0538834,270.13147,0.7501822044618287
780233975672,0.04612395,0.043456264,143.69186,1.0879398754689242
859931420264,0.020684404,0.039191864,249.23506,-1.8504745760560015
850725331316,0.031170292,0.031020533,264.59064,-0.27060682742526165
883123560218,0.023160754,0.071476035,218.46356,-1.0401032684621387
510044766520,0.04515095,0.09351088,129.28815,2.999629465346493
759609766284,0.014911375,0.024571072,131.11058,-0.07363624781693967
641505001730,0.009627017,0.051631786,84.38359,2.2753991906447615
689127181094,0.019763527,0.009962599,200.47365,0.56051913286826
910756771968,0.0073262667,0.046526354,196.87654,-0.0766451705455724
156662645958,0.019618195,0.01237168,169.26965,-1.1360035198287537
301766892308,0.053483907,0.06282509,162.64679,-0.7165475863545951
69363949410,0.036498718,0.028786443,266.11032,0.41151515614785583
187793794106,0.011667064,0.0880908,233.949,-0.07694071177662543
38568692438,0.014762809,0.026287803,172.04726,-2.1698779943415123
458641326388,0.026006402,0.027400533,194.10161,-2.5426881705057736
472616919552,0.008711415,0.07740525,222.02794,-0.5582634940100568
375783349412,0.060387682,0.085377604,276.72437,-2.5751581403168204
489449183716,0.001899196,0.020320911,408.0474,0.5861295215677564
391339309564,0.0433526,0.0263034,246.07056,-2.5984150387628953
26486880922,0.011367928,0.053054273,73.44436,2.0870886429846403
464663422314,0.016999807,0.025586175,193.9601,-0.5137630811825866
376714162606,0.098416135,0.061120775,301.11087,-2.978475343673497
39513466312,0.020202823,0.0654133,302.1953,-0.8773788108986277
114138402806,0.029826032,0.05968967,158.51683,0.27922744899287005
182716146620,0.015893165,0.02216409,196.57674,-0.7222910853055721
200813602244,0.046730906,0.06255431,187.11281,-0.47908116543768964
451023771642,0.07657297,0.0291834,260.73474,-1.8859177351203922
681206743808,0.015691638,0.05034161,363.1242,-0.22164824383939602
659937993782,0.014028334,0.04243524,632.7149,0.45043514871934365
728840893346,0.052715573,0.06922168,117.64472,-1.8434646190262014
663768924060,0.016760623,0.05680615,208.47241,-0.2431053617728492
769180850996,0.023049075,0.0112827895,194.7762,0.9260599672429305
974308599010,0.020053515,0.066798426,124.17386,1.6536049788403804
981594323018,0.06627976,0.061293483,254.36607,-1.5604472846906456
588802982154,0.013527937,0.07415983,117.795135,-0.6657202099045707
582774235184,0.031616997,0.008766577,153.57326,2.87266802297227
513884944914,0.022094779,0.04243719,153.56761,0.4345450438812852
524993483366,0.030977154,0.03772717,250.4564,-0.5668080714026564
618665058106,0.015685728,0.012343535,204.24666,2.4057073545160144
990466462336,0.013829294,0.039145287,40.775364,2.4840974688520374
819325098770,0.024264904,0.06861238,175.96504,-0.4218275564287747
785674933822,0.06435419,0.01939686,340.7088,-0.08586550975193996
874268608360,0.039963476,0.050460543,397.41275,-1.5210254978605349
498016428892,0.0069009345,0.057471935,152.12752,0.2971710030077187
732345483144,0.052610267,0.02545537,126.68351,5.647820817464744
634240673390,0.022079531,0.027056284,144.80453,0.49835393553871266
542791184694,0.009234858,0.044687126,177.34233,1.1963566070477545
647888667000,0.011618751,0.023113267,144.16574,1.8444338777549616
770444632236,0.029405985,0.062486384,223.28639,-0.599737339374825
944460158090,0.017581677,0.073926196,379.06195,-0.9497590486631029
1047264662530,0.021320764,0.011429285,253.45142,0.31384747900484367
1021876846236,0.016963482,0.048461795,140.64622,0.06345269492698412
1009802115902,0.015591696,0.02808871,160.8001,1.2446618934342326
1050443920128,0.052637246,0.053684622,83.83391,-0.14018018388816655
1451151891136,0.06295032,0.058367893,179.58717,-1.1881419713345083
1414964061586,0.012619109,0.019751046,243.70267,0.7846579813959395
1319384922944,0.022355782,0.032128785,103.73638,1.2937702012476133
1329880243070,0.035506673,0.0856635,311.34033,1.7306795809121795
1431805574816,0.013376509,0.017085321,88.689285,1.8694320320444542
1253665969534,0.019653443,0.06588736,258.99362,1.5202839106093455
1120292551050,0.02508801,0.033112243,151.22449,-0.2355463715849913
1402889785142,0.061355703,0.08530897,211.29695,-0.5879630783827319
1439081371004,0.0849955,0.12847355,362.14584,-2.1915421371261745
1268583513338,0.08142905,0.024375176,189.50153,-2.817435037407294
1257790353246,0.054841068,0.087409794,68.62341,-0.10935989821256031
1225413543462,0.11069816,0.09005608,129.75356,-1.9071283048352317
1183832108514,0.083258405,0.015980469,59.090866,0.0314066241715274
1480698565392,0.08703185,0.03944682,362.02423,-3.8783967676266524
1649279835176,0.017433302,0.04206471,167.08504,0.6198046864449066
1621029602294,0.009928987,0.0676285,158.22375,0.12213050329967656
1602619666488,0.085844465,0.046090886,95.5536,1.0611901556758645
1606109539210,0.010820273,0.031623073,140.1399,3.978555610158118
1649294199468,0.034555256,0.05051269,112.72599,-1.904929969903686
1540061927524,0.07552059,0.0913695,249.39989,-3.776146437357193
1576909846544,0.06583954,0.036541734,141.01366,-0.5779579981505675
1728360459978,0.09538566,0.19137546,181.78522,-4.5666659475707325
1695978913954,0.07297263,0.0533341,609.7915,0.9160560039471564
1833464291476,0.058926214,0.027377686,309.9683,-2.136297412542197
1770598230848,0.029721685,0.027200846,194.27702,-1.1845034421840417
1953815687508,0.011770826,0.026876366,50.395813,2.260608948553414
1597852533474,0.10464839,0.06873838,240.13321,-2.1868881826567144
1703902249006,0.022568913,0.035469122,157.2331,-0.09738600323809342
1794722115954,0.032213338,0.023368137,89.05836,0.41405924951146134
1953470701128,0.00973782,0.040423736,134.34236,0.4565754774403454
1896958441164,0.043121994,0.05801007,328.3242,-1.020640043707029
1548647190262,0.09053802,0.027277915,287.31888,-0.618379869885715
1942701152670,0.030764688,0.032812513,40.60351,4.432087371044651
1826796852988,0.0919478,0.07024413,105.782616,-0.12207300423576706
1967464235658,0.014956016,0.021715265,57.462257,1.5712245020198359
1081597645826,0.043353144,0.10379864,221.86473,-2.3985091053486194
1172410281354,0.06360798,0.09021677,274.76785,-2.2916866618128657
1231156470848,0.041860133,0.056125622,255.27031,-0.8178356781755809
1143204893824,0.06906758,0.10481091,135.51668,-1.1169992570068537
1140665666022,0.02165301,0.026040658,154.80005,0.12555594958705285
1362296969552,0.013800805,0.024663582,125.22684,0.7343756529455606
1056848347896,0.059719853,0.02015147,184.20549,-1.1656194123467825
1309601021790,0.05331481,0.08077799,370.63086,-1.9833484620381596
1452475345930,0.036455993,0.030450579,282.51822,-1.2399188388731588
1309920155220,0.03645597,0.055776365,200.82391,-0.9490766186874443
1085728708976,0.028008552,0.030566158,197.98384,0.19201646970858344
1018423137458,0.069065966,0.059151582,499.17148,-2.7217339282375064
1266711405222,0.027200526,0.019203419,152.79756,0.37889776642322043
1276565235412,0.009746656,0.041359156,228.05356,1.0714589567338964
1505492543948,0.011087852,0.0380755,249.356,-0.13447637214710667
1080994537002,0.056811623,0.049711388,154.2185,-1.4505054972539833
1053363492930,0.03950088,0.058307897,219.37614,-0.8213027741002118
1200061286406,0.04694334,0.062111378,200.3231,-3.0183892669149506
1269586497508,0.0028219256,0.036832597,181.6583,0.4489001377216988
1375327486828,0.1124436,0.04471187,217.77885,-2.2837050982004903
1401370629392,0.026543248,0.043767422,228.26062,-2.11376850488349
1768086823020,0.07791755,0.046428956,236.7381,-1.7698899986318812
1795385706508,0.01191585,0.028035248,161.78494,-0.7169197921871207
1801418007330,0.09245641,0.083978824,130.5278,-0.8314682993867353
1527730860988,0.056077182,0.06114957,236.30298,1.316557256675015
1616317580350,0.033528563,0.015375771,131.36972,-0.20472374529269416
1575044542414,0.012467336,0.03742397,182.908,0.10860450305956226
1733485383948,0.047629394,0.07406755,193.68236,-0.8039638457239486
2017988998204,0.024281539,0.057681523,196.42453,-0.41786455991114463
1961788185742,0.014527178,0.021899845,219.67184,-0.2647841793680545
1824592003104,0.040602468,0.051048193,238.1505,-0.6986304511775842
1809672444358,0.0131906355,0.053388845,169.71152,1.6211736805229546
1799206204668,0.06288923,0.08203483,222.89372,-2.015981274102733
1655383983684,0.02741232,0.055647407,144.49118,0.944456158927862
1939248828978,0.032074735,0.049013563,155.74173,-0.1052719205788834
1178716811314,0.009825943,0.05117963,68.6168,3.0099111249961736
1026626092802,0.009713349,0.026960656,239.06334,2.885553641895025
1188563006712,0.054372586,0.04009939,142.80074,-0.7141794699166814
1113641441070,0.010014046,0.055910174,172.10742,-0.019581045361027172
1368912224284,0.03229455,0.04898834,141.53351,1.5498891736881844
1125724714398,0.023536434,0.02466167,134.23756,-1.1177817728205444
1427361356360,0.02224924,0.053827826,397.11295,-0.008830703326611955
1366383557322,0.018385207,0.07169853,183.30864,0.9626854683102815
1417500749028,0.058660027,0.04739726,252.03278,0.011815827298071513
1189532224174,0.045533173,0.055980906,256.88754,-0.9934900867284828
1023472112558,0.01619935,0.017471213,46.881683,1.6751589967421379
1106344127484,0.028011167,0.03874124,100.62591,1.9269829010184885
1167315274878,0.023055775,0.040745463,206.75415,-0.7399310671628869
1305432342048,0.020209702,0.03575819,335.63223,0.7665261220128341
1670552594870,0.02430766,0.056858093,147.16118,0.4019103245968686
1584516493738,0.011625306,0.052636374,88.380295,2.6663956945504097
1772163758478,0.032102615,0.05121856,102.84921,-0.34579394970221555
1840442276654,0.015338055,0.017021382,107.96611,2.273099449450963
1536585463578,0.021534009,0.07173405,268.20026,-0.04194883147466455
1624533514172,0.027819235,0.0548674,192.6935,0.2286833778228623
1684550943622,0.13465385,0.102327034,151.57121,-1.9610519699606226
1788383082644,0.023153441,0.02721646,139.18362,1.021354240690464
1852837248632,0.02147723,0.05670406,261.48102,0.13676020398340838
1990954517444,0.038884696,0.035230767,251.34555,-0.7773818720351585
1859825712744,0.047227006,0.029670982,81.95092,0.35683228405567197
1860450673628,0.10123518,0.033805646,89.06757,-1.1980059988858596
1864910115496,0.055692695,0.030854855,271.83563,-1.9085769056819295
1517525823556,0.021263164,0.022320848,102.44644,2.164257191775794
1523542072352,0.04812493,0.021373669,495.61234,-2.3461924834544052
1507368863182,0.012679213,0.041748192,136.52228,2.63971498864895
1920794771186,0.08964407,0.05863089,135.18579,-0.8745964258432353
1955721165214,0.011290072,0.03715709,143.02449,0.6090760420547139
1102875169514,0.009622796,0.037668496,411.45218,0.2490130956956585
1217491976698,0.079113826,0.11647309,131.09442,-1.0321136057597855
1194323121784,0.03983746,0.06519477,148.59712,-1.1610345256252503
1205445040852,0.06970053,0.11585598,387.62857,-3.1354995565450228
1447058583244,0.013414284,0.038873706,90.748055,1.3217222753659863
1254015647102,0.03857599,0.039476812,205.19122,-0.20635966815315032
1468347694816,0.096219935,0.04936823,255.87788,-4.271525717731974
1021295939748,0.01122126,0.061603308,183.87935,-0.39427240489633475
1103208086490,0.008914705,0.015415772,171.51593,1.8783458344015176
1132111679830,0.049473427,0.041535124,284.19794,-1.333010924675603
1201652441084,0.049658056,0.04978596,282.8224,0.17702804314063747
1484881237740,0.10493032,0.03204196,102.26078,-0.8009594271016317
1383258282214,0.020066958,0.022570122,146.83052,-0.15240091105500242
1488684422330,0.039055873,0.030090624,143.5523,0.15974035605915485
1423597963292,0.03001763,0.032692146,158.19363,-1.1216090787806705
1393744985356,0.033423,0.043118615,128.18434,2.83670842282987
1023808657952,0.012792383,0.039005145,172.36044,0.31258294378603896
1025397417306,0.034502864,0.01833988,171.14894,0.7322835769654494
1281630463284,0.0394186,0.10695267,100.00479,0.39417264182352973
1421660839886,0.01910091,0.029709939,141.54033,1.2705420349262926
1329895091606,0.01639365,0.047918312,228.25342,0.43723639000411196
1119721168340,0.026645249,0.04037419,103.12483,0.6947232246011852
1119727972196,0.0076166387,0.016844623,52.537075,3.086880383408979
1153386276730,0.007315585,0.01948871,35.23368,2.516787412916304
1134017305050,0.02854222,0.037863407,135.18896,-0.08186010684101008
1285788840748,0.011930021,0.04049443,122.12935,2.2201133771861223
1400101635030,0.018202525,0.023716368,79.631165,1.4243795588519361
1367391506616,0.05194229,0.067256786,59.213215,0.5900920299348135
1704256863786,0.00981782,0.012065741,52.945457,2.0356506764018842
1555664484382,0.01755602,0.04577908,129.8106,2.0672717060072174
1556289873560,0.010437626,0.010249432,128.7922,0.41979178294533487
1509616702070,0.04725608,0.024534682,165.11514,-0.33354365863024454
1814124328634,0.054162174,0.091414124,178.75049,-0.3013498140475033
1548367094126,0.027636485,0.026587797,55.59405,1.3039282433828188
1659819815230,0.005963778,0.028165549,77.68543,0.7908640824145329
1538533626162,0.10372745,0.05811503,119.0876,-0.1855680953230633
1622050256692,0.030147867,0.046597015,209.92503,-0.0040678121557777835
1918600983688,0.072587475,0.14144838,118.85985,-1.0415608156309895
1702678942572,0.026588572,0.036545876,75.11373,3.7065217861346578
1614088318024,0.028200235,0.092714556,323.5782,0.6926763934928232
1651550713532,0.011419679,0.03563703,131.0417,1.8486888168186257
1659809005760,0.071053274,0.06512256,115.75513,-0.6169358381313639
1742988433898,0.008392962,0.030053476,170.71172,1.1302018000882816
1791887521984,0.040739473,0.023646936,283.0888,-2.6353855631490286
1887141707582,0.034810152,0.04068232,184.07487,-2.045035083279229
1773481542760,0.044576656,0.06473088,141.74123,0.35877040060528365
1804600569532,0.022671917,0.05228639,208.98866,0.5458994938356407
1816654058022,0.017847039,0.029253447,126.89881,-0.06322572567451878
1978604025204,0.024886329,0.021410475,45.330505,2.265268898892061
1841120157682,0.04574976,0.06286045,332.46628,-1.179536742310908
1946542342538,0.014988377,0.031116001,315.2883,-0.36704185089307007
66050075768,0.09148504,0.07124434,83.01671,0.19448006244080696
138125302524,0.028350824,0.028839732,110.4513,0.9271317408981106
228620846286,0.0534644,0.057100616,68.78157,0.37227253530528104
308636993822,0.017487189,0.06847205,177.6585,-0.8087220732973165
479145687350,0.073991664,0.04651856,352.1206,-3.4105587348110245
100357028142,0.06913216,0.0068504266,228.20593,-3.1049457765353186
136879565140,0.063137144,0.07222213,173.56134,-1.0506810156653863
27027801024,0.018126952,0.03575174,191.0268,0.5756228843734144
475356263212,0.012408602,0.025146706,131.95049,0.26788217962375704
302632766700,0.033956036,0.07310707,215.28992,-0.27032996949465493
373746209672,0.04961073,0.028757898,194.47995,2.8432345164007273
243860294788,0.010528235,0.041790973,218.03549,-0.8274728272285444
205764623368,0.039106406,0.023086553,88.45249,0.7361439110508068
26359347800,0.014630977,0.025697423,146.68399,0.8850734361832846
207340203808,0.06599034,0.09570054,133.3275,-0.6279710054076661
481684690274,0.043322586,0.024779817,206.34964,0.18472487208664662
274353252094,0.07765017,0.04638075,180.07773,-3.1271666051457645
451207583564,0.045231484,0.04497691,178.79544,1.0481710363279242
467086783762,0.00905556,0.034473468,259.44357,-0.1792761183603195
331807212378,0.02927968,0.02897209,162.9858,0.006365146357964868
243557668716,0.048583146,0.05366984,158.37442,0.38342653665241516
223239917212,0.020248974,0.03557599,141.56732,1.8284382925431895
503611663552,0.033951104,0.033669095,98.838104,1.8497076191233792
297554186516,0.036538303,0.032349538,366.53867,1.1594600312394803
464887932400,0.0043400126,0.027459985,125.34052,0.7220206486647354
278803598212,0.05253868,0.051708445,212.13533,-1.1106550998365854
675697320984,0.02588584,0.02789238,167.56009,2.2139823928933886
571227269504,0.028701942,0.074262165,163.72098,-1.5188425706056135
831594021352,0.0134508,0.023263603,256.5067,0.47369165234573096
868427022080,0.02197187,0.111286566,235.78116,-1.142683807980145
866835894446,0.033171125,0.025239082,198.43741,-3.995496314777041
833817871570,0.060163125,0.038671087,421.49405,-1.1924551480910521
805566202716,0.018062048,0.060448874,183.81717,1.6405846582735826
587116398464,0.025171662,0.04111953,116.24646,0.12496536229668179
611890644668,0.007087528,0.016982563,91.60043,1.8535302064658952
678888851914,0.032748118,0.04866214,226.65067,-1.7490912654151831
883690661850,0.0086165,0.035190348,208.81894,0.14596775689000285
881473239472,0.012197375,0.043715455,182.97679,0.7676633170864591
557889767028,0.031719863,0.035919532,55.330288,1.9541350255101022
742678166574,0.067489214,0.026671939,288.86823,-2.022844486461237
551856081708,0.01639516,0.038397428,143.12793,0.153535892633759
799844492910,0.031728085,0.052351713,220.99652,0.4671349003484414
924301447126,0.09127001,0.064733885,217.11684,-2.0406670357901704
947805613158,0.025192846,0.032976586,235.79672,-0.7543034402524631
867173424468,0.04380201,0.023814132,139.3656,-0.3375731980652422
897015919668,0.059278823,0.10446007,161.85567,-0.10625655011873036
922432992942,0.05265195,0.06700046,216.23033,-1.266902151384454
54984151246,0.005890196,0.023665197,26.4621,4.244167634482175
302320765458,0.05752753,0.02232276,196.26826,0.055274600782075245
503328187616,0.009587799,0.029970124,128.83237,1.626254743835229
122944620104,0.0131305605,0.025285669,73.72588,1.846057024773338
226777667978,0.005286304,0.02310303,160.50671,0.5794834541969911
287738407260,0.07604518,0.022065293,393.68256,-1.7026698921915586
8300321622,0.01950181,0.071296915,167.1433,-1.8858733251678403
375040759926,0.025136014,0.06412623,198.81787,0.2560896346515783
339158581072,0.059416242,0.05077565,159.84438,0.8382614714070539
410275778222,0.010897108,0.033459388,55.602474,2.298861100299961
59756276682,0.013233455,0.057419233,177.14835,1.4739555880578683
260750090626,0.022138681,0.0287686,71.69364,3.325136801673044
182633493280,0.07842398,0.048254784,287.36047,-2.392417692661766
230281022718,0.03730117,0.101565026,330.75415,-0.9714749572953723
119461679350,0.024801124,0.04434715,224.65695,0.14525278946574682
157563147470,0.057946965,0.046850003,238.42035,-1.9696734897751784
232815084966,0.023479344,0.050855983,167.4779,0.6766169546404726
264873944432,0.04825395,0.07978328,172.01262,-1.4074512164098627
412848344646,0.026215453,0.025048522,58.48076,1.5106933478194884
665880283356,0.012860096,0.016660968,86.84869,1.7879482454004507
746223981934,0.045235146,0.029028611,121.5378,-1.1392507406294086
551255160500,0.024119582,0.054267198,138.369,-1.07611173758151
521732176726,0.011059247,0.018546756,70.409325,1.5062126722480556
542374605344,0.010861276,0.027027266,272.58945,0.3188768033033542
516663700588,0.067418195,0.04037875,284.79944,-1.5487144317808403
770995707816,0.034929927,0.08477364,141.5917,-0.35037995007486555
893229215636,0.037156444,0.026586153,346.7091,-1.716559340720604
782426907374,0.015694028,0.010907352,107.00811,0.30363862653064944
500157523404,0.06386076,0.08101168,366.1614,-0.47095382155326737
693844143314,0.036793888,0.046374112,63.074257,0.12990901889185347
664956602764,0.012872841,0.014904607,119.80082,1.2226940297511049
694483720186,0.019218821,0.045896135,257.17633,-1.0080371634378207
558272932720,0.010017353,0.010499847,576.6291,1.1837807604106594
784031465730,0.111625366,0.040485464,235.92151,-3.412278741987577
838640194584,0.08584025,0.041155778,68.80605,1.5547873905470324
745583146878,0.17892718,0.17399947,185.19266,-0.3136329857869498
913233430592,0.05874485,0.014871072,287.39645,-2.5514148450039853
764013672078,0.032158565,0.103458084,95.11925,0.9645435518613141
949442151422,0.016619874,0.027781209,73.65279,1.6940596958026175
721157871028,0.011164171,0.07041827,251.25923,0.6844072118999444
791960774480,0.060022663,0.035487898,260.41595,-0.929924034329602
882780440266,0.010866638,0.03300201,104.4457,0.442862404702256
107647921244,0.06958417,0.1167616,143.27309,-0.2659456359762767
62240344362,0.110552326,0.055730756,326.1771,-5.335989304439266
12393307628,0.012717422,0.088556446,149.74646,-0.10830941171784489
82889829092,0.033622354,0.031999163,142.28416,0.09214598009025349
130198444002,0.04574392,0.03755492,433.83612,0.019754328568019217
261648749680,0.016265504,0.05171431,237.62973,-0.3965542364471567
473109460528,0.04202341,0.061790533,190.85043,-1.0258500980011467
360084511540,0.022814361,0.041938428,159.55792,0.4122962685209866
383261757640,0.023902131,0.016908282,113.66813,-0.8735492711492513
143541918966,0.014817385,0.021252042,138.97397,0.6191317779216001
157527441142,0.030766862,0.04704639,182.52704,-0.41151902336200374
435038483388,0.018598517,0.03833743,118.938896,0.8722649302616527
469333996208,0.05240082,0.042397585,88.99023,-0.6129175899112148
332131386920,0.11822084,0.052396864,239.5611,-3.5218160178304485
127042447436,0.031278566,0.01947415,132.57964,-0.6853535850646026
479478458786,0.04272405,0.008333418,59.088562,0.027598974693539002
336292839476,0.018867841,0.06154458,287.62546,0.10232210558468224
414391596936,0.08724895,0.043663,137.70277,-0.7786887544746626
645210541288,0.06203693,0.057841748,63.540684,3.0101464406827407
691561229506,0.023629805,0.040387224,187.8468,1.5179450170459414
906213416890,0.03215931,0.03585702,179.10379,1.9794135449103623
953527299366,0.026299225,0.054418232,175.17786,-0.9639812495576633
881124474690,0.03115448,0.025592873,271.09473,0.03668080584399258
646183891496,0.009614291,0.017401235,140.50914,1.176420356781758
800178495494,0.038746674,0.03226771,188.72697,-0.6767522112628108
893527637616,0.019629357,0.053362176,142.29744,0.12015263961517397
808441878452,0.043519665,0.04702733,144.60452,1.0694564676293201
896711027036,0.0216096,0.053686216,170.54935,4.470109521890989
619799996522,0.009471423,0.033944167,136.03516,3.931508226258069
864293370540,0.044547554,0.0539394,46.054253,0.37254912498026593
803661213528,0.006616022,0.025483485,128.92949,0.33425891571481003
623317739880,0.09012418,0.050253823,177.70604,-3.2373345122083164
699520171024,0.008177268,0.045739282,120.64414,0.2042247812288729
696360066384,0.006973415,0.017933419,109.155235,0.832963201333469
920520768860,0.08765488,0.09589884,137.81917,-3.608856052107153
934181411880,0.0241118,0.06620773,240.6177,-2.3691878138652998
752541954664,0.044449575,0.037060536,334.37207,-1.7014912875215153
755409034088,0.0074476544,0.033867862,71.76153,1.6671314501818186
54667642850,0.01642112,0.025909739,58.71024,1.502750050282891
110543578198,0.018680632,0.043911267,160.2775,-0.548632829856416
154677370916,0.07311144,0.10911848,149.54022,-1.9190995497330028
190240795776,0.023976108,0.06992219,115.19249,1.4438799180340554
368045946668,0.019131316,0.0435617,955.2636,-1.30223897247775
389331529786,0.05474223,0.0147529375,166.57323,1.7835194789115625
442349105234,0.11325358,0.059082102,272.2679,-3.1284570776197818
13408892008,0.044653423,0.051228706,111.74943,-0.3168122991957661
104541441028,0.057819635,0.05251236,66.57708,0.9983569016876541
347432674228,0.080790214,0.020106612,165.84433,-0.9150778978075511
106730945044,0.1401801,0.03984295,218.4334,-2.3837153607740484
179122934694,0.042378917,0.023982355,87.277306,-0.1983928476951451
680223048,0.015542652,0.056572586,225.48323,1.4242456383657667
292176585566,0.015033053,0.06139441,206.27063,0.09379673299983765
442997022756,0.021341957,0.046816275,103.57255,1.5184641711165574
432518006756,0.083338596,0.046963923,93.198975,0.16795421530384957
19441370426,0.030765314,0.02077664,32.899483,2.378129848872243
188990020626,0.13216689,0.069296025,233.233,-4.464041007284937
167725731518,0.0777402,0.035695132,88.74769,-0.47895833259806575
269952579624,0.026934374,0.028603252,172.3892,0.603082882357693
383000889132,0.043348935,0.056549676,145.55258,1.4550031858095651
666520895460,0.020493973,0.071396366,104.91213,-0.3863710166931596
732559738716,0.027845714,0.09941252,236.38243,-0.30114127395858137
550634008666,0.020817634,0.05741909,80.63147,0.24070473265100445
731616452486,0.0121893305,0.04479745,21.090614,4.840612798530572
644304903444,0.039412856,0.029092962,150.55582,-0.9377567875028268
520456077122,0.036075644,0.021238616,199.24738,0.841502539011873
707166404490,0.02382324,0.04445353,180.7073,-0.9813276795151611
725901143618,0.02577083,0.02727246,141.07143,0.42675843037136396
779869537692,0.0178198,0.015823044,44.638775,4.855237273012832
904972998420,0.014674284,0.03902298,69.69238,2.6310060222451073
506822876206,0.046038244,0.014884848,192.10577,-1.8710467334802512
757667859260,0.013877868,0.10212348,243.89859,0.3721414469744079
940243573256,0.020712664,0.053773798,162.96115,1.6787945930652117
613822733802,0.032776687,0.056322742,127.32432,0.24105554893843872
953870852940,0.02396445,0.037226584,58.045963,3.0325914286844604
714174803242,0.060635533,0.030482637,215.67526,-0.8638393620871976
739573203038,0.020485405,0.030506972,194.56561,-3.284789941849516
782125796918,0.009428655,0.012643191,35.936543,2.798829934792968
969777244204,0.030378139,0.047841836,208.28339,1.575475710460257
1102115643654,0.049466122,0.04381901,277.81067,-1.1953824652321972
1115145329214,0.016418587,0.015700182,191.91968,-0.6358495701706806
1252001514476,0.0032619054,0.03530781,123.00742,1.493819325246346
1135785213406,0.031273603,0.028433455,19.458244,3.957905891970145
1463780272720,0.047570433,0.034292422,244.43376,-2.6260661021666314
1035454386322,0.025668716,0.06436973,199.35179,-0.5657065737024076
1134520752310,0.08205895,0.12494089,189.16661,-2.8909452900800363
1194549747562,0.04114832,0.06456988,191.25258,-1.181647266664203
1068790610478,0.067558266,0.08385125,128.80843,-2.2479171620565457
1294886244260,0.008724004,0.02605538,119.15724,1.7221347810709426
1481578277188,0.08594648,0.02849474,106.33628,-0.5744416412368896
1475218301922,0.011164037,0.023443222,153.83415,-0.075510443471279
1017023964208,0.02980871,0.04496146,140.9438,0.037762706014497466
1237700919138,0.011172071,0.040197015,210.85977,-1.5587975452138951
1081156352176,0.016871396,0.026239369,57.91053,2.0120057430357967
1038943025784,0.037221014,0.010153078,205.2437,1.7149526803063095
1359947152442,0.13151294,0.046234727,274.03748,-3.79084823883758
1448223987176,0.027433572,0.0826491,332.71823,2.016937295633122
1413918446828,0.04833435,0.0455454,252.13725,0.13248291891139174
1227241306384,0.03606949,0.06245238,181.64445,-0.907084027708114
1390130956322,0.027501062,0.06229516,362.53882,-0.7355347563470336
1753987379628,0.017794577,0.061077047,234.82733,0.48706111104136496
1931794370842,0.051508985,0.05079642,240.23686,-1.1733483870536896
1855904394582,0.018533394,0.03588981,157.50862,1.1857668059693833
1812723061200,0.018499332,0.05436933,187.36655,-0.08106544829861129
1772720782820,0.01438297,0.03898057,70.63463,1.8608793047880796
1856857609998,0.047221705,0.023369,29.363071,3.677319988096184
1974031511414,0.043318998,0.07697099,313.11322,-2.65935418646489
1557138838784,0.009445505,0.05621927,141.62268,0.03238425957137514
1533325166706,0.03191986,0.04254171,271.784,-1.663556654715483
1579050945654,0.039342664,0.054720845,321.63718,-1.71477545574015
1683527197198,0.054745637,0.030570604,199.68896,-0.24964360718554499
1993112220538,0.025258208,0.023062587,151.02142,0.3649856207635193
1573330772862,0.039225835,0.0924376,171.83241,-1.8145899710076705
1720332680622,0.01173837,0.018013451,148.65628,0.023100633784065093
1918153839034,0.08573676,0.065166846,209.36166,-2.6014512793641664
1867652485042,0.013671572,0.049930923,165.34862,0.34291745892456127
1714006925854,0.04464154,0.04822224,288.8477,1.4049847010786778
1674319748668,0.050075695,0.020293305,235.00543,1.3373620839332776
1884186556982,0.009587831,0.033209816,109.9219,0.8840103786395481
1503185109644,0.0046879854,0.030785376,126.655426,-0.21653315521981886
1172348170574,0.039691903,0.06665748,76.609474,-1.578591961217721
1031378488058,0.1450132,0.099614084,253.48555,-2.628596182552452
1096792925306,0.07207768,0.06706083,385.0132,-1.877218074181311
1010107874430,0.02665956,0.032126274,108.199036,0.30982377783282156
1256815470628,0.039042164,0.033597764,399.06854,2.528948531050106
1413358500246,0.0153660625,0.029241122,171.34824,0.8208179010961419
1253962805592,0.021482624,0.031682413,213.26791,0.08386078409496228
1158043013734,0.11884612,0.10020134,571.31903,-4.613341944279085
1475558527534,0.05409035,0.052225288,283.743,1.380575375755784
1290769271092,0.07338098,0.05163617,268.63095,-5.3704454195336835
1148546645104,0.03117188,0.05220073,112.60107,1.68535998334809
1294590121372,0.01759833,0.044524394,238.49937,0.05119568632585725
1907075236664,0.039572988,0.018680751,323.47263,-1.9071047251839455
1811191631446,0.03408104,0.07461815,209.74567,-0.10975998170939205
1553055707726,0.024088727,0.073548764,297.96744,-1.0653949563587937
2000122910218,0.037412416,0.045070272,121.03698,-0.9790895350700528
1916940407192,0.030851355,0.03170491,89.72145,2.4073635192036074
1929328525724,0.017899863,0.055052597,180.05045,0.6830119274811172
1612419173446,0.044083465,0.020510767,156.25363,0.1478493647781326
1499369731594,0.03321515,0.025483016,174.16881,0.392708601254446
1792138920242,0.02550557,0.030872006,80.64553,2.4160044314352627
1854370446712,0.013014485,0.06651205,153.93636,-0.03893888207712237
1834361722882,0.068151124,0.03859739,190.33061,-0.7158759670435744
1621965311036,0.024772821,0.021973534,160.998,0.29674580105051795
1885818609784,0.021102577,0.032632977,139.1941,0.00012169863273836512
1886451608530,0.013882505,0.03236474,40.094494,3.1303528506501443
1041475374934,0.034397993,0.03385874,292.3465,-3.262621261194215
1260874463276,0.0082474565,0.022979299,92.81382,1.8681677217802184
1488219614630,0.039384644,0.034821525,42.55471,4.150908695779428
1360269966640,0.08035624,0.026424814,153.95589,0.3252412327633616
1342177021106,0.01957436,0.066163026,117.897385,0.8393504071623151
1350115903532,0.048617963,0.014427735,187.31363,3.537810550828237
1115146871146,0.00894324,0.02741198,159.47127,0.5030769534798222
1075456216598,0.003685446,0.040857967,96.63892,1.0956153215922864
1146892294200,0.009027786,0.021823162,191.47643,0.42393688032125837
1128160781896,0.04325308,0.017682241,200.76065,-0.3381628507397071
1144362038174,0.025097456,0.049587555,62.410778,1.0810535165812039
1493940066182,0.10463388,0.035619687,182.28331,-1.1884741248871806
1271366282664,0.024035942,0.043086126,158.6436,0.9179655947136283
1388214549302,0.09695569,0.044362973,227.83449,-2.5650360823306855
1373283928140,0.0905251,0.12444889,102.435234,-2.5917283530206863
1270719626388,0.040875908,0.039427858,206.94547,-0.40283689426333846
1432015426798,0.048061665,0.06590283,131.01248,0.7277536286491674
1327887918032,0.020134432,0.05973946,82.03508,0.9263838106615936
1140557920668,0.12113245,0.050547216,130.95615,-0.7192402127263683
1003714612534,0.019777762,0.022427695,204.69844,-0.2630757114357142
1077066470722,0.006424298,0.017361443,216.07309,-1.3737369573640592
1098331012298,0.039335053,0.05616081,161.8265,-0.052738108375654846
1125010907358,0.012309806,0.028049776,241.65459,1.0721058973361408
1372979889710,0.018791856,0.035009082,195.18752,0.501892406848229
1475236626374,0.010841555,0.04034179,68.9231,1.2472892740824482
1351719255434,0.017414866,0.06830606,324.62244,-0.7830955542546978
1496804346796,0.014480842,0.04030441,163.23375,-0.6850977946538365
1766364791140,0.05767905,0.03769901,226.1803,-3.990394077849995
1999423412650,0.00974822,0.014377335,107.67103,2.1779046881693604
1798129970594,0.08068269,0.010504637,513.60315,-2.658925216533052
1864804962390,0.055239018,0.067781225,185.43076,-0.5252809274413777
1723202206398,0.05630398,0.04361761,188.97705,0.22292861305786715
1795599360390,0.026310911,0.06394846,249.08318,-0.44733128750613743
1888629797626,0.04611879,0.025492307,142.31491,0.6481894170702758
1558089160682,0.013302005,0.03616983,239.55652,0.3366921845401961
1510448132916,0.043038655,0.053978678,284.93076,-0.24848448122650701
1569535529864,0.0065809037,0.05691949,99.88726,1.6524381348347037
1720990201926,0.1195305,0.09363293,133.809,-2.409324437719228
1788292521410,0.041982725,0.07160554,37.559486,1.3127683284406233
1768930353244,0.0070997556,0.022185434,96.88298,1.4522752689825822
1989927801684,0.06775677,0.04490297,119.24306,-1.3359610868228582
1929272661768,0.024980802,0.023021225,160.65034,-0.020159362402628903
1941349887552,0.02180869,0.028950728,157.99841,0.8766069093010056
1232021369536,0.08126959,0.03128844,103.96104,-1.6924391403356023
1260289747360,0.010366766,0.041735966,88.524,1.675962877164753
1462538899772,0.031616483,0.043682337,37.644817,2.3143552477486384
1356501558724,0.008392101,0.0352153,155.64972,1.1856574368945085
1143453222484,0.08131328,0.06814862,289.65823,-3.616674158609641
1210129978756,0.011849479,0.053953335,41.950684,2.1889497053550846
1173304160886,0.09454929,0.06905477,105.51564,-0.12257742822319018
1115517814166,0.012311733,0.02607609,157.93471,0.6504460007036293
1440652270260,0.025016937,0.11483506,137.43768,0.07325793212492568
1467967357856,0.047247186,0.03261206,70.88309,1.3994753159741107
1483810498156,0.1539986,0.059628416,198.242,-4.049463970161659
1381258568842,0.0015230075,0.035941243,79.86832,1.9983739891722077
1387928177774,0.02364483,0.011928094,66.30955,1.8617851547788142
1156168489152,0.08732295,0.02590481,368.2887,-3.6271471949642544
1231410120520,0.015611003,0.039950155,54.707558,2.5969155916110527
1351117831464,0.013710608,0.060024295,120.270035,1.2527540730378972
1451460301012,0.019044273,0.022112358,54.865757,3.33773780710903
1638461913522,0.058251586,0.014467524,180.5845,-0.895537543935609
1764822827498,0.10972486,0.036299426,304.2418,-1.1579454550741657
1756256364828,0.019639898,0.045121443,324.19803,1.6873016837274284
1881351408498,0.01048766,0.05283569,203.69049,-1.4382765740631205
1524459509020,0.017004516,0.047603473,172.03903,-0.22382811654160079
1573041203010,0.042479776,0.052614026,172.93694,-0.2825309062620145
1627021593948,0.06044505,0.03847766,285.29666,-1.1075331635462935
1597175318090,0.013108036,0.05758941,157.46056,0.9145926290585492
1716560017066,0.012696783,0.018698575,59.69599,1.9118307317623828
1827372782296,0.10652149,0.041054342,452.9946,-1.1031040599396742
1811820603362,0.018621717,0.027367553,107.67229,0.9582509835549544
1551151701790,0.02953018,0.0056099636,99.72841,0.8747340293867434
1750878232986,0.069681704,0.07495165,189.24377,-1.6574095152631707
1495897704000,0.018310225,0.029945672,166.81293,0.7083154849818445
1747054486338,0.013316179,0.031742062,43.30517,3.2444715694620543
1939474075232,0.08283626,0.07401121,104.431946,0.5667728501947715
1836612110186,0.034215096,0.048401356,181.70831,-1.5490085615001028
1831518964418,0.008346196,0.021953184,28.084187,3.365284146440778
51528248740,0.030546704,0.026090594,162.79579,0.9921298140185415
132168123250,0.020847782,0.053157948,145.20853,-1.1968194419930822
307133184224,0.12759823,0.06388382,258.7614,-2.693378007828332
264902595996,0.001533029,0.0142271705,237.52261,0.32372361714238385
384611793870,0.034781966,0.060758032,196.65823,0.11715317641794121
463026735084,0.032225568,0.05383631,154.66403,0.31290676096323006
231889361690,0.0080838865,0.010022268,272.09573,2.8582953960989546
324927610524,0.04251271,0.052609753,187.47629,-1.6522991481725045
487179397678,0.008140199,0.011776987,93.43722,1.4122310071288124
162337135800,0.021567313,0.059334803,175.35492,-1.719302701268116
4853817838,0.028587548,0.05352741,239.78664,3.8108488880153315
2317539374,0.08804851,0.10969072,126.55235,0.4568630188683625
316651755108,0.048094388,0.03657161,297.93546,-2.301867816265054
449371940424,0.016148882,0.054031286,91.07316,0.13022747044752458
73766948502,0.067346975,0.08166879,460.17694,-2.70575908044956
140447106282,0.02111084,0.0448949,160.09052,-0.6978908033841638
461787022750,0.045093816,0.043339342,168.16104,0.1344578027186339
607831201486,0.02236261,0.063183844,230.46013,-0.898319171000961
693556662482,0.048699625,0.04744659,378.41235,-1.395879934532158
665618154100,0.060184926,0.023188962,174.1129,-1.3958998617702192
813888023356,0.019581692,0.012835129,52.987705,2.1188528393764936
889153493866,0.01050575,0.07702826,177.58304,-0.959133360449042
591340422244,0.011663745,0.041665584,148.0986,0.6662640353798992
832959635824,0.028565697,0.06243632,191.68826,-1.3751234815896163
766924522800,0.019300913,0.051052615,88.58377,0.5142809300589952
578927761410,0.0065106205,0.017248219,99.11394,0.8140159290303417
675770630350,0.15269205,0.041780617,141.50153,0.7295545141513506
698647844914,0.018036027,0.029392434,119.55846,1.7935555085244506
753583794878,0.02016557,0.042976495,110.416435,0.8217779271551849
932344354516,0.030049432,0.032486513,387.73962,0.6569538626210163
455765807962,0.017530346,0.018439503,100.36804,2.6450896058835096
470689551488,0.02247355,0.0891342,223.58025,-0.7570230217831379
166837551308,0.017239261,0.03677732,69.19543,3.087865081648583
135089331706,0.036514595,0.09178124,91.97602,1.434099325492408
150313459962,0.048404496,0.032442246,228.52167,-0.23735246970108437
206513315454,0.017756041,0.04456968,149.287,2.4768077942036486
393223770322,0.021146916,0.08557368,114.72941,0.0034233719573409926
195740467318,0.019961078,0.029568143,200.38184,0.7953934837257851
374184790904,0.06533233,0.04357972,174.93216,-0.4132675122072643
434202901178,0.06695565,0.03904313,254.70702,-1.1603592431752316
414833702704,0.020733442,0.030355273,110.1307,1.0237882427162246
725345832368,0.014368293,0.0202831,82.05019,2.667730303684939
527209799456,0.014941471,0.033316772,31.455809,3.906736035150057
825681245710,0.01604122,0.063203655,226.0229,0.09321021240635563
545335150742,0.08831876,0.049231954,203.94997,-0.5802259738272744
572957450610,0.020756342,0.044346903,177.47008,0.6409309514767251
774901506372,0.05600776,0.058434237,202.99178,-0.9385793802104214
896192633874,0.017413186,0.029293723,141.00108,0.5926557846830925
949216206188,0.04072575,0.05095169,81.34659,-0.7769408716428977
947635561600,0.021004336,0.043865412,175.25438,1.2887732582451317
658026579204,0.085336134,0.031307667,256.6902,-2.2868196748141636
831082817014,0.0625719,0.09320994,290.6302,0.22401065149655341
738376702996,0.011975687,0.030072747,116.05689,1.1300861510640068
664405782414,0.07894603,0.015370045,215.06451,0.5474469972090155
898086466764,0.03581996,0.033051472,211.58311,5.067456772940385
920953047986,0.0786885,0.035993487,196.69157,-0.9773701023548531
848880442572,0.017883642,0.068043165,185.03453,0.6814204291401713
32467903972,0.02417877,0.032425795,105.859116,1.1991697221594118
138834811372,0.016197322,0.023136478,49.897102,1.7265180701837415
42957329332,0.041903835,0.01802809,163.04288,2.400618594562536
193798984592,0.00348589,0.025940996,89.05119,1.437620337770652
72812777030,0.016892396,0.024483237,159.41916,2.1227565094658454
276349220874,0.107441515,0.04271585,118.15291,-0.7999106768136398
96620603928,0.013553295,0.02740835,261.73163,-0.42409851894138945
25490102266,0.03247868,0.04710752,269.6158,-0.5587095948631111
126786466400,0.067961514,0.05834054,197.11601,-1.1540664029748724
409380601244,0.027938865,0.058446992,273.6386,-0.6214778362300301
307763315302,0.036255274,0.05219301,137.38054,0.28801135238489983
68684034936,0.062205274,0.022256223,462.5046,-2.9619376273812925
55986763040,0.117876306,0.07366108,243.03377,-2.7256607871601966
311594294350,0.0873919,0.050685555,457.7282,-2.0393441480396963
415741484524,0.016548134,0.03801923,231.54306,0.6056956352685847
340818105146,0.056799278,0.046833936,185.81657,0.23486563601667915
585275038342,0.06503025,0.08577098,118.19913,-2.6336338952451155
993926654140,0.008764455,0.02884759,114.97484,0.4066463126756022
914867122528,0.07298607,0.032568883,199.67557,0.5025368258741464
755152648120,0.016711166,0.05356915,139.98184,0.18337375282770924
656734828260,0.041402824,0.050174136,171.25069,1.0477343049517458
550375834610,0.015356116,0.024950761,87.41993,0.2593399375090619
724371855044,0.016673848,0.03805334,139.74226,1.6187154157295032
713578014918,0.008499771,0.05270166,158.72049,0.5500783573097321
720880193968,0.050392628,0.03991881,173.26894,-0.825740808666467
505594099766,0.07433215,0.025610693,348.62976,-2.1373810074344073
820261256952,0.04144453,0.017594522,251.04135,-2.904060851674202
846622574856,0.03122195,0.07341287,209.36472,-0.48229589754815017
762780537132,0.11189206,0.062921576,431.79984,-4.011382109638177
869779108386,0.013221984,0.049472895,187.33253,0.1527628105663033
792309041712,0.014679837,0.041775048,116.130806,0.7404743209932707
764694326754,0.014525479,0.007547638,130.09857,0.996063316283258
750094554832,0.013346551,0.050042607,107.98101,3.4596731429111465
707552595926,0.045754857,0.014853556,135.15096,1.5186088505983806
713895663070,0.08974248,0.08282323,301.42303,-3.181758497120065
996808225550,0.013249292,0.04327129,222.44864,-0.7524968942103923
878043674802,0.02062342,0.082624115,99.7463,-1.6556741632028564
241442885694,0.024058722,0.070375115,85.64299,0.5621657320094278
35695268700,0.028489709,0.053118564,189.6799,-0.27945403426772314
116340333938,0.025454855,0.04413242,210.4152,0.5014277898452372
481797562854,0.093797944,0.06143131,120.42708,-1.0580714020228346
365284027616,0.06259333,0.02074315,110.43791,0.4646854615415267
475460770930,0.002125101,0.043599926,112.487045,0.34167525379726404
43961951314,0.020175809,0.027301852,170.99861,0.13739963033704886
212245056994,0.03325893,0.022893123,45.31411,1.7530949850999458
120176050392,0.038166344,0.027262134,138.41313,6.101298127146509
24923679438,0.0055734813,0.03942093,47.80846,2.394021936517767
439907123608,0.1245189,0.059463654,643.59735,-2.6815657625815463
51884657224,0.02144491,0.08518569,80.52608,1.604614111238047
159209063646,0.093272686,0.036244575,231.80247,-1.6098618688116695
256997234232,0.007185416,0.041026805,140.6701,1.1466656484321944
502444654608,0.009792657,0.022799045,145.08295,0.10603442455077837
257960605658,0.025399365,0.046097618,172.89478,-0.6942661957635168
24921236586,0.0052124304,0.02346624,175.20485,1.4137540120694183
187176451274,0.05512271,0.04587121,113.98309,-0.9621215928242146
352906947534,0.005165336,0.02504007,182.27718,0.5254388743907383
264958041156,0.014999918,0.053836215,231.72856,0.3391158076116504
457376420896,0.009200247,0.09874732,131.82913,-0.15402179191304355
507205084010,0.056799855,0.06285053,384.24564,1.3296592710811677
527538283704,0.11230621,0.05823666,319.47513,-3.7635857700424746
599299291384,0.005754216,0.022303507,184.77922,-0.19097607651286252
986979215174,0.024366247,0.06694144,172.87917,-0.10410479497418157
762816647486,0.044190053,0.026675535,165.67406,-2.0347622709428848
985083319072,0.026268588,0.017126087,131.39845,4.215689772302309
856481318488,0.029708283,0.031687442,227.5835,-0.38185511547711715
957772315376,0.006869924,0.02727616,185.36693,1.6270463658861494
923795004560,0.070144616,0.03548241,333.65915,-3.283246179809641
599298938334,0.07299072,0.029293895,105.8321,-1.3111787822222687
498653893092,0.057214122,0.020574018,289.0879,-2.6171322467542932
712980498692,0.014928414,0.030186659,212.47394,0.1926487818262948
535494352840,0.0024993834,0.030622598,230.93462,-0.12690104756724457
667899311284,0.046752002,0.08015727,433.9238,-4.2121772516827765
798388034872,0.02127693,0.017637573,198.71132,-0.4226130335037154
800297010844,0.008196832,0.03993208,255.0569,0.544440061497681
692319497602,0.011121191,0.008525611,46.684727,3.3572847214169377
912995015736,0.09950259,0.020700824,265.36035,0.8306805449245169
795208300986,0.021631304,0.027823566,184.95717,0.14347039669623374
954594419680,0.035884924,0.058154713,187.55482,0.19096386825250475
943489258476,0.009013789,0.012742885,90.77902,0.4731917028653363
959041665890,0.0055566556,0.04857155,91.57051,1.3847767257618624
929189292654,0.012222539,0.03753622,168.4268,1.7261683820980904
904745746228,0.005862282,0.037581727,137.09842,1.7476470374426603
990473626552,0.006953,0.014046906,48.27026,2.477035273492912
756154373676,0.08448546,0.031729665,193.92995,-1.7920727357801587
878412703166,0.1238675,0.05580462,110.31315,-1.122027863590338
778066858228,0.02616549,0.025037264,205.6116,-0.20375941946658616
922860438616,0.015379949,0.04100906,84.00171,2.8086321645783676
886338986310,0.08235363,0.0036510546,652.59595,-5.765687908806797
990751098910,0.015353619,0.08749487,276.54022,0.565685094282169
1312718292956,0.018356942,0.07131439,144.03844,0.4565093881168917
1027597706658,0.023042792,0.052586515,247.18369,0.35689491976748655
1079352206552,0.066957995,0.08489588,244.2433,-2.0382274232428776
994586563972,0.122737795,0.059896443,91.252235,0.010269259280459297
1291456322974,0.027803984,0.026073508,183.96494,-0.11251686581196607
1266374082456,0.08687686,0.193187,143.86691,-0.5965922236488028
1456249178078,0.016742477,0.017193243,68.134415,2.446986003514253
1274956093804,0.013593071,0.042070568,222.976,-0.4262934035860126
1040291250434,0.0941712,0.053020667,123.942986,1.8103525298900416
1096490073082,0.04482792,0.038854983,248.6264,-0.8823092574537745
1089817063396,0.050362434,0.016128788,246.16833,-3.0566641786811912
1438449890218,0.05543345,0.044332363,240.88002,-0.7810520351643482
1483858501386,0.034058433,0.006745575,143.89024,-0.24099896925698944
1288909436794,0.048393596,0.05031097,119.65157,-0.9968393725233726
1091434373472,0.016978024,0.017139416,97.02128,2.5930178267123205
1263527341610,0.13598579,0.0669575,106.602394,-1.2351242271955365
1440379881940,0.018895732,0.06697981,180.68645,0.9342681987055464
1296222526878,0.023667166,0.015945299,270.6364,2.689402151785674
1719146715494,0.025671436,0.019184954,95.932556,0.8566204248886256
1551488999986,0.030011447,0.0536363,116.445076,0.09228398513607927
1778209947606,0.026630059,0.056841195,227.15135,-0.13683931500498306
1530872500528,0.022104885,0.06441636,1535.0663,-2.0061707196458842
1717568742420,0.0415247,0.04049109,131.86035,0.17292075925847425
1615017417666,0.00836595,0.01014598,70.52572,2.9306755276996457
1729014784278,0.015751615,0.026936771,153.86807,-0.023450439738759012
1978570055712,0.026767481,0.051434476,82.829735,0.34599802657080425
1803624347786,0.025106778,0.047477778,295.6103,-0.9921091809524685
1909366848964,0.093031116,0.066978574,195.3459,0.3879596804200267
1939843250772,0.05797751,0.05386107,100.649,-1.7316058151839857
1960474541624,0.031823512,0.035674326,89.207954,2.523588065392121
1937933192010,0.02032838,0.026563687,226.8931,-1.0959581789431305
1737878028572,0.023256501,0.0365228,225.18922,-0.9398822575645791
1595307189828,0.011167057,0.011817356,176.16743,0.32398381494964223
1613731817022,0.07135292,0.068689466,1038.4563,0.6831577740248116
1964893211486,0.009466491,0.021027535,122.72012,1.9161165740316224
1779157140434,0.039353956,0.08908518,153.72716,-0.7620916318666573
1782964507778,0.026008302,0.027379856,138.16283,-0.9297171154046041
1824241654912,0.029321156,0.038393162,110.82802,-0.5932068558341344
1931557794798,0.060661472,0.023059057,179.52272,-0.1249409508894985
1803611019332,0.023524562,0.034317,121.23661,0.44037761675644926
1879816600578,0.003672612,0.021023555,67.79448,2.2302998734129087
1575318045186,0.11721555,0.042358648,358.0863,1.6206202274832193
1634064990220,0.013953187,0.065570354,234.95154,0.03934779035921632
1588336314960,0.025380015,0.021377787,347.81577,-1.834809232910752
1593113403824,0.018082999,0.013079491,108.57843,1.691558811531171
1642009996366,0.0072167986,0.03443037,128.604,0.7108129118951485
1718855456168,0.018225102,0.06224172,130.3374,-0.057098163426844206
1868714362090,0.035815753,0.08346665,3559.2175,-1.576999408401865
1973823889384,0.025756922,0.03850234,74.21532,0.30705871953751074
1943019612238,0.039312378,0.036743373,168.87463,0.06029185113224744
1112395782454,0.049378537,0.08143154,130.43983,-0.2540262098574658
1002865117118,0.034010842,0.076988764,113.31434,2.519476425230713
1212424738786,0.053769592,0.015056593,361.08664,1.2010440020188664
1332758089132,0.055948682,0.04371933,232.66846,-0.12990603487317798
1448339300948,0.016701238,0.027713995,105.67917,1.3858253025528426
1196572248966,0.030293316,0.026550798,99.19492,0.8577832694151875
1477570242312,0.024319999,0.052563734,339.4663,-0.7005078733247159
1341667524732,0.040824555,0.051164497,161.42,1.86256269024546
1133670807734,0.03884518,0.049617607,133.44414,-0.7996318794073365
1030169468754,0.07348838,0.085554734,455.23123,-2.206193041287225
1177169889420,0.025891764,0.046073303,160.35025,0.08127121287907117
1489929835494,0.019836506,0.05189392,580.6055,1.2959745338789566
1334342062734,0.025581276,0.028305568,188.53592,0.6405786347525313
1358797125370,0.016336855,0.022960644,146.76761,1.3719355448932025
1106397100176,0.00878718,0.03330053,150.2157,1.5373065061467839
1099728475152,0.014150602,0.02640132,203.46542,0.8075249956894349
1660113523622,0.006869022,0.021902334,68.03099,1.1842782081720424
1675359927240,0.016427081,0.018147664,97.19674,1.2043771835922343
1691552791788,0.04408354,0.030282117,239.59534,1.1278012057410327
1533755381780,0.011752355,0.01984174,195.49849,-0.08567727983726714
1523282513858,0.015090855,0.032223076,139.20233,-0.5898114660109351
1868732806616,0.007472555,0.040458914,157.6476,1.224116863199741
1986532374472,0.09531822,0.11191726,98.44765,-1.436635473657342
1697298089636,0.007284503,0.0027356073,54.628498,2.2092174941270004
1971939482464,0.026158664,0.03618735,156.44061,0.5265962625595394
1860508434398,0.0699926,0.049917992,120.514404,2.929983593706071
1947498430528,0.071685515,0.016705086,210.98158,-2.0867253829808803
1628698347936,0.021911401,0.03892559,145.96228,-0.8596243373893477
1720445147684,0.11235472,0.06688153,131.3527,-2.431425441239568
1559160259008,0.051001143,0.040543105,203.7294,0.2051605084602047
1639489391746,0.009609982,0.04046535,230.2563,-1.600172623312265
1946556582582,0.09986162,0.0519441,366.09384,-4.906119361676973
1970355664708,0.0652615,0.037225116,151.3562,-0.3072982076481292
1320343540218,0.024163637,0.13919649,86.77531,-1.8934334484685595
1162227853134,0.02175538,0.011991379,279.0025,-0.8545228386983064
1134616918220,0.04356562,0.069369495,182.80316,-0.618568924744535
1448638125876,0.0215797,0.037541244,92.82135,0.7646006209365583
1249526601448,0.043910284,0.028213484,238.5642,-0.1952394094292267
1078378257092,0.023175774,0.04569222,157.79556,-0.2675109541353025
1123148274992,0.019724997,0.016631836,126.752754,0.79149884487883
1201911176968,0.02171933,0.045866456,232.90166,0.04175540093718866
1400661434758,0.032854535,0.016667906,91.2805,1.5697375095932324
1053947990558,0.01966889,0.047218606,357.46387,0.6471502834054865
1196520468454,0.024164237,0.059061322,74.07849,0.1605088175767
1093014971218,0.021606306,0.033577673,170.33385,0.19098300711202085
1411172153534,0.015853439,0.013764746,59.679176,2.1566895194602482
1454677030700,0.022307534,0.045100223,42.647007,2.229004851400398
1598800743188,0.013225483,0.046726506,107.787254,2.1590542421775822
1667702860200,0.015860707,0.049520794,3398.971,6.225134403920457
1538797678402,0.026411742,0.04647091,113.84343,0.3330653272721371
1849335639162,0.07946718,0.11413092,519.80054,-3.456487105946138
1729321572020,0.014488211,0.027991775,971.0198,-0.7542928375899509
1595328282608,0.049013097,0.066219114,179.58955,-1.626417606392686
1636611426818,0.015055517,0.07010812,208.35345,0.14118006161094465
1932850455250,0.01785494,0.015279718,176.8184,-0.6532783825411859
1983656754474,0.06895019,0.024914123,237.84163,-0.7419438079356804
1842352921638,0.016631037,0.047945373,133.52058,0.680294810413435
1936974108652,0.03549034,0.04810854,195.18147,0.04693689568069914
1900788143272,0.013893232,0.029404955,89.6461,0.728025227471265
1985250756702,0.016681472,0.030282168,183.22499,1.160648779788052
1732797736730,0.022747152,0.04655295,143.09708,1.2150778262860655
1531809669538,0.016967222,0.041373122,99.28929,1.6176810044913277
1781379556680,0.047883015,0.020840209,132.13387,-0.5577333177858612
1742962258066,0.011193205,0.016583242,59.442726,2.4488408578860676
1972836506930,0.003832597,0.040798344,172.34789,1.4379072634003554
1929977103306,0.030288089,0.045205217,185.24678,-0.7838788730065176
1976334746234,0.03140767,0.048202258,174.9432,1.2536967327597037
1591841914448,0.031656254,0.0345766,165.9372,-1.1181473256962216
1709947007238,0.07717374,0.04412471,164.55614,-1.9383852213825439
1831881743180,0.016165867,0.02771946,174.11346,-0.30954839831281894
1160991566222,0.019170063,0.05745796,86.086655,1.1114791767601953
1415633332124,0.013906461,0.030191375,226.60226,1.1602997130380515
1322602114422,0.007847267,0.025233086,164.2083,0.14088598255621587
1017167127212,0.115848586,0.06923374,224.40176,-3.9331313168432764
1114644608056,0.046804026,0.045320924,179.98233,-1.2205355613415063
1311820521194,0.046169866,0.016776865,181.66168,-1.8774189522015008
1294369420116,0.053029206,0.042751312,149.27574,-2.4707503347642277
1301354028994,0.03504099,0.05998978,217.28542,-1.0624717841888676
1274999214056,0.04729914,0.048676897,112.784355,-1.543529735700593
1309925708818,0.1378337,0.017940674,180.23111,1.4477772093203702
1501710737054,0.0605789,0.07786375,115.34614,1.1379402367398734
1388032454068,0.023365587,0.055983864,173.54884,0.40377983339509294
1398485187804,0.023910405,0.03787513,194.09933,-0.6109827913581013
1295610042810,0.03318153,0.033043448,83.96737,1.40269725475956
1440718800798,0.078364156,0.13167913,271.77005,-2.6534803417842685
1123856796932,0.004446121,0.030326411,166.21416,1.0404367274758808
1008920303938,0.009238979,0.03490708,167.27687,-0.18522954023311106
1316907621746,0.012273371,0.01520825,534.8637,-2.2289384797681993
1326426594648,0.075093456,0.085259154,116.03356,0.4164442014711846
1476944203628,0.018324189,0.040812805,55.028328,1.7796308600625605
1591536388108,0.02203432,0.028863227,115.47266,1.2814649829241276
1630586232700,0.010755593,0.027274305,108.12799,1.3114036743453559
1706475881696,0.023388851,0.05348211,180.42795,0.016093334250484426
1742989749616,0.008692826,0.03937306,106.65907,1.5308714226668716
1719184947274,0.006511522,0.016359951,90.41705,2.457143668232289
1755690674948,0.029522171,0.045862358,235.10379,0.04185073461691849
1964302776998,0.03734725,0.02525023,93.94305,0.6179465914257194
1773485932134,0.011884038,0.042550065,122.516914,0.718979919692115
1798248662094,0.020760456,0.040839065,143.16946,0.7213638139516246
1996696469186,0.02547952,0.061719656,109.42131,0.06557806207757294
1780461368898,0.006141585,0.0096724415,37.380836,3.3157146967636297
1963672349032,0.043931365,0.06258536,218.58119,-0.14549617774438917
1681089628536,0.013887631,0.12043763,251.73247,-0.5775376720945421
1695064490174,0.013862538,0.042846367,268.15805,-0.4370430153570179
1666801481296,0.034284957,0.036939833,223.29976,-0.7464675022729872
1825896413660,0.051440805,0.05670016,196.72939,-0.0768289697791717
1545186105422,0.09811971,0.048116736,489.06738,-4.148087144169255
1570900588906,0.010741683,0.029522846,135.37027,1.0480165816211255
1537559477704,0.014561294,0.011641629,38.090576,2.653075225810379
1756328565562,0.014653078,0.010682437,138.95258,0.3491542664571726
1596327640516,0.021485185,0.01635285,110.73049,-0.0829129275431395
1704919656978,0.009759471,0.060839187,155.91653,0.3425520698070499
1687126971238,0.10965069,0.039524995,134.74948,-0.046696611604414795
1908450077932,0.020177765,0.010399349,85.33048,1.0475480716298269
1846843789632,0.027978808,0.027659131,281.8844,-0.10938882687623766
2000202371778,0.018124782,0.023212342,163.2605,0.6622235838126822
2001335351458,0.012656167,0.026006648,145.29779,0.3215497903076976
2136275782406,0.06556458,0.07664422,238.59973,-1.4797569563105368
2146754800354,0.018206691,0.056710523,56.898117,0.777159218331515
2009594425548,0.067545824,0.0876922,229.8505,-1.8465250601665124
2322042042980,0.032073695,0.07555857,145.53903,-0.7156134032864185
2356967176474,0.017933704,0.04919865,217.94997,-1.2901874605944745
2454132354902,0.07993028,0.09599461,35.989628,4.9975182361762975
2162655268914,0.016132742,0.041849338,47.041473,1.456412848644968
2122009862060,0.02505238,0.044706434,108.751495,0.8814483930060344
2222666726080,0.025238309,0.08183463,247.14043,-1.513232387741767
2288400774700,0.016397772,0.027886001,121.06099,3.274023962709408
2136596227314,0.033632673,0.037785556,127.56601,1.0544864261344395
2074679853000,0.00804379,0.036870133,155.92528,0.46573254643803486
2456664073164,0.0265571,0.073951595,128.23454,0.5496037548896651
2473490692756,0.021957107,0.06360567,234.49422,0.2064302127642144
2025805258682,0.04409654,0.013656971,124.44658,2.279505098466815
2131549347918,0.08792507,0.068487644,162.35553,-2.0382338529256416
2329673058132,0.09696363,0.04078532,459.55273,-4.064140172697934
2321112063990,0.035001986,0.042019837,191.06456,0.7085557277658694
2349050623688,0.07698766,0.015906751,261.98514,-1.8625879573469515
2423344708964,0.058126096,0.099977404,219.6529,-1.6861367625467696
2403030762790,0.0364721,0.0628939,134.92766,0.7302450954805038
2511272622984,0.011310598,0.030876782,155.63853,0.43873936261314234
2710988620348,0.07789614,0.05823355,172.45871,-0.34192334046591055
2525887590270,0.010465654,0.016725482,184.69661,0.09882358119270727
2535414047562,0.03157696,0.028582538,239.43117,0.07259885089089618
2894517398044,0.057092365,0.0148243625,316.27948,1.3005707018228407
2822452050718,0.007569285,0.012975039,163.55568,0.7150655994778696
2768789029914,0.02358284,0.10123516,137.10657,0.07094661566336896
2842773407530,0.09590576,0.11675778,96.17534,-0.4885531947090569
2514782655330,0.027851602,0.020687718,138.00694,1.361049905160796
2557345455250,0.016543338,0.06338205,175.55045,-1.69361322784786
2517002196400,0.055024605,0.1307333,340.19296,-2.9828033293775893
2593841381430,0.042888694,0.024636818,244.51164,0.5602782304063099
2540505505812,0.030516023,0.028784752,97.15662,0.06505530073582699
2841517337880,0.015357207,0.041050732,126.16986,1.5744866286519759
2603357557040,0.065674685,0.059869852,173.9865,-1.6356720356701162
2717984318952,0.053409327,0.01839638,149.90022,0.33843173700511503
2511912453246,0.012938793,0.015231676,111.23306,0.730009922339923
2818005663534,0.022311902,0.027310818,276.11746,-1.2985304227527212
2846583799658,0.013591393,0.042962246,99.535545,0.9560545948175174
2769413890298,0.06957545,0.076350294,162.10664,-0.3920526732481124
2979297886532,0.025413241,0.029935272,227.65718,0.28025367949164015
2669108969132,0.02354639,0.06294637,537.4703,-2.854576683358015
2768801101200,0.05700444,0.050165925,111.91104,-1.4495330551397592
2980267228584,0.021299135,0.024641996,132.91135,1.2193747239209902
2989488438040,0.08549306,0.0488562,268.99658,-3.0803994399458996
2067733471976,0.015260164,0.046488337,154.69348,1.1562986655776955
2066477327354,0.020027258,0.032560796,154.96335,1.1590500908177308
2453211924096,0.026953902,0.06876431,38.691246,2.7397456653201258
2250951861044,0.016519377,0.13350314,192.16432,-1.704411595945777
2165244846224,0.019364877,0.044872653,103.721596,1.3059646010228732
2303674796150,0.012082321,0.044407584,59.184208,0.4952833693448264
2457989139150,0.015738592,0.07335216,183.48553,-0.47188702302961155
2127439983466,0.0066474914,0.0074863285,117.83246,2.162384911656579
2029319601570,0.04975853,0.05203366,116.038605,1.0100252577685453
2184900772350,0.047755234,0.03020438,128.64424,2.942768182287895
2192523898230,0.010855479,0.009671517,141.41315,1.1187274180475748
2353832247500,0.0075408416,0.032385305,223.51035,0.11472511989763401
2464643174646,0.011466735,0.017557077,147.35162,1.4649086738706527
2295724123082,0.026873687,0.04510057,42.656612,3.2052409326093163
2504016764022,0.018496107,0.052842103,173.71387,0.09438479670749628
2470041897488,0.06598681,0.08575249,117.99894,-0.6408618408916005
2240168000852,0.1585518,0.03882545,91.01568,-2.3296578313781717
2158573903096,0.016025187,0.031283125,150.79968,-1.242334041299522
2317021448758,0.021518726,0.049344458,256.84158,0.501520888111102
2448466916696,0.0062844227,0.018356543,53.7497,2.288272641164161
2323993508014,0.08739957,0.00593961,387.13977,0.3219054536472692
2576720526196,0.02994779,0.07153753,149.12886,-0.2309452875912542
2519576124662,0.0159383,0.03418018,110.17241,1.3494228601486185
2549437821326,0.03422433,0.11694506,289.53314,-1.4115478330497724
2910452366924,0.024669651,0.036682814,207.77869,-0.367424690610061
2934903272108,0.02312267,0.092817865,279.93948,-0.37932821530010596
2947935325668,0.04736021,0.034640957,143.15594,-0.24695941667915777
2728810289206,0.035865348,0.042082243,215.90103,0.16952114054291212
2609751226330,0.055312946,0.015617476,191.14592,2.056954586162572
2739621644252,0.16444716,0.13048509,241.81233,-1.3392046766833587
2839305485348,0.02422295,0.016050575,179.2709,-0.6646400061780476
2863447639576,0.10588602,0.0794682,260.79422,-0.8746132620611838
2618658846528,0.060085744,0.051083658,176.24004,-1.858448547523984
2741849676592,0.06639679,0.07437791,129.0188,-0.5500408033164673
2635158118608,0.02507065,0.046365898,73.083855,1.8923689847898983
2098499019908,0.019179976,0.017878063,158.09596,0.722455935965874
2202339047310,0.064204514,0.04947846,283.45306,-1.0133332826000836
2141057939642,0.062005907,0.03730231,210.18849,-3.43296231214799
2208037902102,0.08026544,0.06541175,287.0889,-2.5579954725702185
2255348861120,0.10949875,0.018998215,392.73154,1.6909733156431306
2067718202754,0.01545701,0.025163159,184.35318,0.7545892209214373
2239818679846,0.0028925007,0.03790487,204.09145,-0.6360931995091302
2218544940998,0.017438004,0.039605893,315.67017,-0.8908285494784588
2175671601614,0.04941771,0.060240824,598.75543,-3.3868858085528677
2187084632058,0.01107862,0.03998889,85.42497,1.5721805796205999
2239157206602,0.011610685,0.029742353,229.70602,1.0532274272317892
2261079745628,0.02530056,0.03810782,133.27126,1.1276860551762027
2200126993414,0.109432414,0.029304711,316.23865,-3.183351846789883
2158536737684,0.019027978,0.08069003,104.21693,1.0293800745611292
2882458722488,0.031158522,0.05409033,184.7692,-2.5581968801688726
2537957915336,0.01794138,0.04379515,228.89748,-0.11539878458449448
2507142624866,0.00695558,0.024212694,244.98703,-0.3056519097622358
2559858403958,0.010571617,0.040934987,222.94154,0.0061410277626908205
2582399023420,0.005777648,0.02970102,51.914257,2.5710242960389684
2572230294506,0.057030827,0.0764001,220.53065,3.769056617236038
2524284699106,0.022820925,0.0484751,88.723526,0.7363998134328998
2572566260882,0.014043354,0.036116768,133.54877,0.3031055488773632
2575102867726,0.047836144,0.083990484,304.70178,-0.5810473312499438
2885305921966,0.04177111,0.01616098,152.33716,0.4374499112327163
2750377637032,0.015625734,0.028856553,60.83781,3.37684823301245
2709743922210,0.0446558,0.06709124,254.23517,-2.355148004161954
2984720273586,0.019400945,0.021738665,39.81036,3.129694674293089
2806593066480,0.019170456,0.030215802,313.25433,3.744088530195806
2859615101370,0.009987557,0.03824104,84.60649,1.051000905759608
2196016745384,0.04017794,0.039403208,159.39279,0.32861093369802274
2134425676952,0.06852417,0.039970763,176.92613,-0.08848126859452468
2494808332390,0.03586032,0.041994866,96.25773,1.4244115808290383
2370023401214,0.012184227,0.015952626,59.505436,1.8308424755790957
2213492642818,0.011811519,0.015114143,118.13688,2.3132439403341634
2334483386772,0.11867907,0.027419057,144.63438,-3.139983038419792
2495770569830,0.027762456,0.06252166,54.733044,0.23691930201381517
2303021112950,0.0115688145,0.02856283,129.0909,1.0788521408383902
2109990675818,0.05401308,0.046958316,90.55519,-0.18074040320418727
2327168483560,0.015271752,0.03495066,243.33864,0.45099860998493435
2375441402166,0.06536202,0.03163254,282.0731,1.186606668307822
2352890905972,0.046256088,0.04769858,297.08917,0.9482665990476659
2335436125434,0.011244187,0.030708438,188.72812,0.729064389972793
2525289193700,0.009411446,0.020119455,228.85336,0.6888612054014187
2631022673518,0.056174286,0.04503694,220.0746,-0.5774156361438852
2750092547042,0.08141735,0.09150462,62.250683,1.769460404252367
2507819345122,0.015411584,0.036625486,42.701485,3.661802903172559
2737397518644,0.015164458,0.04403088,128.871,-0.1345403707693047
2767245507482,0.08660251,0.02126226,177.24399,-1.5080236463496635
2512921160094,0.020084884,0.028176194,83.8424,2.649899339497055
2874251762592,0.09998792,0.08228774,126.156906,-1.3785804014281435
2853938874716,0.020087028,0.011906335,154.3979,1.6465601066930748
2794559435140,0.024628907,0.0434016,33.430084,2.7164736221318297
2943469233704,0.021242272,0.036921404,157.90004,0.8251650128875294
2893317806284,0.0070736804,0.05593978,610.7162,2.110928145133078
2589752131066,0.05113778,0.016399467,173.37144,-0.20898494488843905
2665005631362,0.116809756,0.05208363,522.9717,-3.7580602628330935
2524965048478,0.012660837,0.048174582,630.1395,2.4028676264524496
2537359668092,0.027493868,0.041183554,276.72977,0.6005672658585735
2803111988798,0.015936201,0.049956072,159.9331,0.04090509969135159
2898685987470,0.022278143,0.0511738,195.48532,-0.9188178315358525
2713911119338,0.05535348,0.05483197,120.14392,-1.325088901895488
2750742809862,0.009411565,0.028765582,144.17603,1.2234491684396747
2564682314160,0.031807747,0.032083385,115.48482,-0.056158029321113245
2609444218370,0.04875524,0.042571656,147.45438,-0.10986431938959702
2739626208640,0.009219917,0.022641292,554.6841,0.5906695024304293
2927594897836,0.039731227,0.05513516,85.66159,-0.3982680682534251
2874582791730,0.008006631,0.046720654,124.307465,1.1541799234659769
2974278553556,0.043381274,0.025519846,187.75813,1.8457553904594228
3032323094574,0.017420724,0.030783739,140.7075,-0.2283422158976225
3081551193216,0.15645881,0.12457642,513.06287,-4.0918164333778035
3082179455318,0.058730602,0.027222015,157.88977,0.6360199486483222
3254593823192,0.075125724,0.030875957,173.96916,-1.1237922488642713
3054249059720,0.031737223,0.041136894,151.92963,1.0647196590476002
3060605986446,0.13241994,0.048059475,351.7708,-3.277273480776133
3105063776034,0.02843716,0.064071864,139.15439,1.5282231674516542
3141261309094,0.015771998,0.019091522,186.01239,-0.8905809427204567
3291751853516,0.020852473,0.014072477,169.46112,0.018599997639030252
3210768327876,0.040765394,0.03793354,242.54268,0.13006594619672143
3231100544148,0.05572507,0.027871987,219.91324,0.20458758993567994
3128860415280,0.14330098,0.0533939,102.73875,-0.8869727131736409
3369537299010,0.0014264664,0.024947245,516.4751,0.953937110487517
3427633934158,0.0391198,0.020098554,154.12994,2.88244435070468
3361276462506,0.021920722,0.09174008,334.78656,-3.2050770339976653
3066950694138,0.0316171,0.06557564,160.06259,-1.4405608033030493
3486708882038,0.07139537,0.054586437,32.528748,2.236389786045663
3504813091640,0.03846797,0.052324314,346.04236,-1.1659392200302652
3742309960226,0.029154865,0.024393868,127.12738,-1.4818558740257854
3547342853386,0.0384687,0.027168091,99.07559,2.614847893982753
3816909168116,0.010387373,0.029009556,28.49132,4.475149547942853
3834373826414,0.07255581,0.03779278,213.44345,-2.0349162677569197
3902643397880,0.09112675,0.043378677,297.3167,-0.243837547460394
3940108717178,0.06092779,0.058514636,159.75104,-0.31045445900609236
3835333870262,0.017350195,0.020748649,372.03336,0.35923459452113077
3791524023860,0.055063672,0.045296807,185.22755,-3.141607579946261
3762313342948,0.005981302,0.025942741,156.90843,1.516391707092425
3701678286838,0.024287408,0.044371564,110.95079,0.27639010881312576
3614997242926,0.011039889,0.01637721,189.57501,0.3603842981558635
3873781686892,0.033940807,0.072808504,104.04883,1.0610936292895459
3948717945438,0.025050536,0.053907346,208.81958,-0.7374308531933192
3648309602164,0.012977533,0.0049777837,132.00807,1.5813573936689314
3561633900236,0.0072539593,0.017091895,72.99652,2.051163403430066
3713095627450,0.05418867,0.051573094,297.20477,-0.2509408332856382
3699759132424,0.012828653,0.03493813,65.987,1.5451224839513036
3616235874668,0.05887987,0.02466427,213.6648,-1.739439140217748
3613065992398,0.047795586,0.02086515,233.16125,-0.27014169941541477
3926456543844,0.046442922,0.015440192,161.49767,0.8102665151102144
3823277335870,0.026501015,0.03929352,152.74852,0.13570370646209717
3636900530168,0.01864079,0.05623034,69.780334,2.1960782058325266
3184779970200,0.012583804,0.03312051,258.37592,0.40732221787445066
3263835343314,0.01339019,0.03722518,202.83093,0.9358818218440214
3500380888268,0.08219419,0.030983273,193.8695,-2.384918527246378
3300355283668,0.01054056,0.030659288,138.68654,0.460245102144129
3324802912430,0.019448675,0.03343384,42.990555,3.4033447616397585
3321616524292,0.13862497,0.041289058,330.4644,-2.1101731217636805
3221949969362,0.018984672,0.05737888,183.09935,-1.0204827688808158
3155259984578,0.026669357,0.03107075,112.36282,0.3429768742663988
3108276247684,0.016907273,0.033450287,83.99125,0.8672465638883287
3447380526060,0.057980694,0.030360702,220.8756,-3.5805790639532074
3266393874348,0.05147353,0.028378569,89.60751,1.598516209649744
3292433664786,0.058322996,0.13100107,238.56932,0.8530200021025209
3145080218232,0.019888183,0.0092238,263.5763,0.6434895250074345
3201912342556,0.031219386,0.05955173,62.41186,1.9842585576379905
3304483726356,0.027276179,0.030891899,147.51355,0.9359171477572034
3202259018406,0.01664174,0.057402022,133.61943,0.9746229528256376
3221938783182,0.024303235,0.060925804,131.53552,-0.0796491269837212
3503585599030,0.02479862,0.021615151,164.08908,0.9327966335936293
3372141995996,0.007617918,0.018344272,154.00986,0.17036745182285387
3642629294252,0.025345266,0.098331906,269.4245,-2.7472258512994987
3524518331034,0.008805222,0.01833452,112.238556,1.9402056934356031
3784884529094,0.09396568,0.07069301,182.21959,-0.13164421471648102
3966503524640,0.06902696,0.04043376,322.9442,-1.19013555240053
3847447837856,0.033358853,0.038933594,164.92026,-0.5856796359202366
3666145858370,0.011512966,0.037231393,219.3405,-0.7837309865560121
3741720406238,0.013132028,0.020883698,39.84501,2.3930457994369894
3647109097920,0.049367562,0.053179037,213.64812,0.4315574179595284
3729030014630,0.043512657,0.03194189,179.06157,-3.1796499096454833
3696638237546,0.032143474,0.026776563,189.07336,-1.9405165578199524
3855076634410,0.07465187,0.051785927,36.881065,0.3958739983517483
3864612617156,0.025460439,0.07671726,121.16347,0.32961536286394577
3610885535834,0.019882979,0.03481504,62.20944,2.8193421417375846
3515625705904,0.065824814,0.06670396,166.46323,0.04756476112542957
3642956492370,0.023454731,0.044982642,230.61928,0.26629882135310357
3516593385804,0.04906056,0.035849854,196.62408,-2.326484131371881
3782660932634,0.034014545,0.034462728,113.82366,0.641148755936755
3974126047556,0.027218912,0.015135538,159.47353,0.47637553667128973
3800771366414,0.038613472,0.06419388,185.26872,-1.8669856759090644
3966187518990,0.016723705,0.040551826,143.94041,0.35889086742338133
3922061865274,0.006988358,0.02107787,172.95528,0.8929115517438622
3541362139358,0.019129254,0.073011816,162.06998,-0.17148921275184062
3710599845260,0.05362556,0.04695482,131.783,-0.7211776898983346
3052330107866,0.04159562,0.104804575,313.64694,-1.4356436883933503
3180290366850,0.013997508,0.014795876,107.89001,1.525580397028261
3133933857954,0.09847733,0.042081587,119.58589,-1.0088985781437874
3323516480664,0.019695887,0.025757972,51.229362,2.7651679243747833
3428937934466,0.0031899153,0.03592209,89.145515,2.3983402234399955
3270477109518,0.023289206,0.034869965,131.14088,0.9408523161271288
3339389004470,0.030209217,0.08544482,111.883446,-0.46456064853161827
3247601759462,0.040667083,0.10099112,622.7371,-3.9109997537854113
3149816032606,0.02111644,0.055410963,156.4674,1.1016141794180325
3050099557872,0.04645376,0.07891302,266.66837,0.6344787928779356
3339684197628,0.06526707,0.022684576,178.39091,1.2627770207460474
3475583690392,0.054801263,0.042980578,137.3778,1.2906672325256094
3390812376678,0.022566509,0.04600403,146.26344,0.33572274772418853
3400967070354,0.06701023,0.0400616,365.68958,0.17932184653894245
3183477713966,0.010920517,0.028593343,157.27704,0.6492757055796019
3155548578564,0.0039237603,0.021487517,46.325794,1.663691871050782
3134595106914,0.02388993,0.034344077,127.53227,-1.3589042383019163
3459732839514,0.016261172,0.031862203,216.24376,1.7609622762162689
3327646712614,0.01803228,0.076037996,275.9796,0.24310859634470572
3386705458242,0.029966444,0.065511525,518.7014,-1.6697048386940125
3652755892394,0.012068222,0.040444583,86.5837,2.0071464842019346
3577184142254,0.048764914,0.059009645,98.88955,0.9589613567291082
3541629562984,0.13037968,0.12232982,241.78087,-0.66245441363485
3567361105452,0.04074265,0.09237985,173.82324,-2.377963482193625
3513700805754,0.04584095,0.008332982,330.2165,-0.3337441698759953
3634990421188,0.018243065,0.062234603,418.56345,-1.942198638748091
3677553096100,0.03613101,0.059500437,201.45772,0.0010814091045684426
3967441850236,0.068162665,0.038026415,248.29224,0.055745415501070705
3693076271492,0.0094623715,0.081467174,217.8066,0.10953495923913414
3663551145870,0.04261229,0.042990472,193.73584,-0.38903854124019654
3593387441422,0.016377438,0.009608549,93.70975,1.9132853053611745
3677850886306,0.01496627,0.02276095,167.97882,0.9777133787488115
3835008165530,0.0064674057,0.010120595,71.14139,3.2060340076507208
3832786155588,0.02301488,0.065962434,195.10568,-0.6522053361728738
3854691886252,0.0075237392,0.03065046,117.42662,1.5021273954091872
3827704072264,0.049023982,0.08007932,212.54985,-1.3666046509337437
3855963453174,0.03215121,0.049841855,121.68998,0.8755925400083964
3897565553494,0.042284556,0.10276742,438.7636,-3.235246449327337
3549261509560,0.025322039,0.042175118,167.20094,-0.7099055058483204
3596896338668,0.008465179,0.01428751,159.06308,0.5750395511714569
3578479725632,0.021762304,0.050326157,142.35,1.2652427896726213
3620073888052,0.01607414,0.037920482,129.81776,0.4589851413887641
3662935685990,0.03913747,0.08187642,300.71014,-0.8003944947582616
3010779264404,0.023705553,0.054772507,173.5473,0.5360387106818476
3084447029254,0.04008035,0.07190706,347.37177,-2.0651935289269168
3017757044442,0.09241321,0.02572911,281.86954,1.7275112331027636
3172396894866,0.01090773,0.020322409,224.84952,1.0194828411955958
3186048113174,0.038506825,0.056367397,121.115204,0.5702158894589175
3182557560386,0.07218431,0.047707736,480.94916,-2.178974177403734
3027618736210,0.012796646,0.027476901,165.64615,0.7740816545483619
3244481393140,0.059244677,0.06865736,250.95444,-0.5931507144363856
3297190142270,0.011263128,0.03190054,78.54506,1.9661952575038877
3453413233484,0.017962752,0.0134060355,106.89164,0.9823769254810185
3139997154752,0.023178568,0.056784604,133.81628,-0.32477125977132204
3311472545548,0.0053681675,0.036608275,71.138176,1.4328747603364895
3381320141692,0.14842938,0.0687325,396.4165,-4.176011891381249
3363855181558,0.06394361,0.111379646,466.7938,-0.03307792665792775
3292418473822,0.011521845,0.029831313,127.80198,0.8248686295269252
3119704074970,0.037176248,0.059199687,210.53255,0.725898877175409
3360060136246,0.015619239,0.03908626,140.8734,-0.8506475934869409
3436586111696,0.0019856724,0.06297766,137.75179,0.19739714313169351
3577869077076,0.048414,0.05147709,303.77298,1.8588001300312833
3688050280984,0.014523253,0.037147693,221.54956,-1.1313257567124058
3494033667568,0.04076628,0.023732444,307.11823,-1.8945255757976622
3578173519134,0.04247488,0.069537215,212.38568,-0.5239186763612431
3858869086952,0.03947297,0.04389036,375.38187,1.235657021633806
3747740766172,0.041034862,0.07187462,92.727455,2.748634256844641
3945559581972,0.027259614,0.029025527,434.82715,-2.917400677795052
3853807792326,0.09214429,0.12916373,496.16943,-5.099204606187257
3803648402774,0.1277438,0.039472684,63.11098,0.8541072093388034
3660735549452,0.013731651,0.041216396,108.81797,1.0352433291446703
3505144550736,0.042573024,0.057935398,771.7862,-0.4990252754120079
3796644568408,0.062266197,0.01107859,266.90094,-0.09251722195847334
3514693459692,0.07562609,0.055494316,126.40497,2.6755294023274274
3622018697446,0.038005274,0.046599366,328.2193,-1.1846979562369286
3613756575418,0.015908416,0.062103383,228.89374,2.8703402485434015
3546129201250,0.007939548,0.017784882,85.4042,1.4581777698832301
3594406227260,0.014791014,0.049390215,69.35606,1.9362961151073448
3796980054810,0.07776469,0.055485852,187.1462,-1.455124375140337
3969075744902,0.0054511176,0.0461401,80.50335,1.779429596703806
2263052396024,0.055849716,0.09874241,190.14915,-2.4361407974558484
2383079971158,0.010455674,0.03098048,70.61998,2.44472806355967
2434190384824,0.012353569,0.037702907,124.549355,0.5807745685098468
2286233851666,0.023877554,0.10094061,166.13228,0.5970242215143483
2026203821164,0.1003422,0.07352862,112.316765,0.751415926125756
2031293692084,0.08414345,0.038168143,213.1671,-0.24892414266094381
2272595963460,0.02974098,0.02730418,131.95457,0.14700618124358034
2198283484050,0.033045046,0.06251122,192.40953,-0.5835348282568844
2164621979790,0.019990364,0.029953375,46.406754,2.3687749858636002
2116362039748,0.09267833,0.082459226,192.46059,0.11986746470688758
2334810783380,0.016714808,0.0516123,244.81427,0.13337211387522713
2444033883978,0.04224734,0.16943116,336.3743,-3.226522450973823
2505634175818,0.05122332,0.07018526,150.66687,-2.2805325694360237
2308147773264,0.023156807,0.046758905,162.36748,-1.1268212674008093
2176699558432,0.02985671,0.027926905,113.95429,1.1727413663422093
2164009695340,0.03252406,0.07882079,173.00119,-1.237787641309658
2396746790114,0.005971494,0.062723525,200.60614,0.974902548994446
2265932077804,0.018280067,0.029534671,183.05524,-0.5611628065434674
2305310404370,0.0153160645,0.03275361,78.04327,2.5412212373921617
2518344247304,0.13832428,0.06505533,234.68169,-0.9551116109356335
2535176134324,0.030414507,0.077436045,161.7072,-1.39552296875047
2936509065728,0.04638924,0.049088173,138.10641,-1.2676053660101578
2664727015150,0.04332872,0.06765805,329.6864,-1.110254559360886
2592350221050,0.055373512,0.06818542,210.45891,0.3215500858431871
2709515856736,0.010886313,0.070182964,149.99211,1.4389361520430326
2732042515764,0.010967311,0.019680003,178.68684,-0.6859664111904517
2682196815224,0.015881686,0.02057688,111.13396,1.8528750399311544
2825727522128,0.010408317,0.04605697,180.88622,0.28319970295136254
2860327097546,0.022737062,0.053121816,261.39294,0.3843877599813206
2767621538938,0.0122674,0.05618362,259.217,0.8387405834842042
2921935754812,0.05656977,0.03926761,256.95386,-1.3561030209490652
2728847988760,0.05151581,0.077170014,183.56696,0.6132535476735609
2876191984950,0.030830614,0.0116109755,118.37972,1.6308444005291618
2920963792512,0.06948602,0.025205182,393.83276,-1.528762749536106
2683148065332,0.025813624,0.030133449,118.20918,0.6938239725436909
2869217532212,0.04069772,0.035357483,95.05375,-0.9434210543993773
2782843701358,0.015547438,0.038402595,153.32872,0.3465244733499163
2970185037010,0.060226317,0.045621216,207.39981,0.8701381544717026
2224039469498,0.010048838,0.016024482,160.28773,0.4959187261553495
2010675404446,0.019524856,0.10323617,116.72149,-0.9644821526002761
2096739729736,0.021603348,0.05449715,97.16755,0.5073596671607183
2329791875470,0.020663904,0.012725028,88.08261,2.0848358938192124
2476812153070,0.024234323,0.024323875,174.318,1.1151513298331275
2035430374238,0.05103568,0.028132446,202.68279,1.5696611130352076
2048444284836,0.01558911,0.055643417,179.2435,-1.166961509377476
2232926251874,0.053281914,0.045374528,241.27765,0.06968104133308306
2136398055754,0.07677724,0.04147189,274.0808,-2.1628106569268577
2164036130580,0.02799426,0.05599837,199.64171,-0.10825059913392424
2509798172678,0.041380804,0.07786721,187.85178,-1.3888601561152112
2482813735738,0.028635267,0.0086899055,40.786423,2.238734449894662
2350729951338,0.035216253,0.042168,83.715744,0.13759699270255332
2293571387592,0.0567763,0.08263903,236.3832,-1.8899993781939592
2358342620352,0.016017457,0.03601445,159.82715,-0.4033103599759807
2429786182690,0.027656853,0.035942268,183.2249,-0.1554513372574864
2216116994360,0.060738552,0.042577874,209.86479,0.1257984013233864
2167853298960,0.020592833,0.057621036,85.13578,1.5417433374341927
2194839752992,0.03152096,0.018536659,150.14809,0.3707913029723487
2129762920826,0.030294571,0.04817523,180.26346,-2.2234344026499144
2328204730254,0.06490332,0.011062991,67.63904,3.8775486388039644
2359321312144,0.0179212,0.0428157,108.45267,-1.155227685981385
2357739557872,0.12471488,0.036208246,351.72086,-3.221378563102445
2286932372342,0.020156374,0.04862422,247.48389,-0.06825174854969507
2550446955268,0.08918565,0.10515403,135.9213,-2.0370799487215105
2609831939636,0.034738455,0.029659387,146.742,-1.378839140337981
2559662317920,0.05381261,0.09451338,183.09767,0.9997666268171553
2532986858582,0.039678823,0.026265932,107.90689,-0.23869583181949505
2582839967940,0.036493246,0.043320954,260.4023,-1.3788814303603891
2633643419672,0.00802921,0.01580578,44.246204,2.625194787834209
2714615883530,0.041443933,0.03403444,231.36868,-0.8682445059791455
2544725750060,0.022761634,0.02561576,159.15862,0.7744921136388087
2712701667226,0.011368949,0.053353835,162.76276,-0.75716543457104
2557759265352,0.0314403,0.04096044,182.54636,0.2552308368893521
2934323444154,0.020923642,0.03443955,150.02553,0.7527555212046343
2928299132732,0.052806947,0.06235503,183.133,-0.9928478378562041
2883844947394,0.021672092,0.05010631,312.33554,0.2521688495758956
2528872681456,0.0060284864,0.029385163,36.805008,2.7353638749354254
2708909344110,0.0146760205,0.043944705,337.59363,-1.2214866317416786
2948640295040,0.030520057,0.039361857,115.830124,-0.4001648130500706
2911803464968,0.03998844,0.05128673,254.76357,0.6010110383776124
2575213290488,0.025836656,0.053035773,51.02599,2.1711603123939205
2630786951104,0.009495704,0.023492808,89.632324,2.137877591927223
2719052371024,0.017744081,0.006265856,102.21195,0.2562956541280302
2629209304820,0.046780117,0.03569979,127.78648,0.9638135583406042
2658114360534,0.05432668,0.031322196,187.87822,-0.17773828997968708
2921324228486,0.047118247,0.059318878,357.0961,-1.6313299596315507
2879101653596,0.042945538,0.019183954,266.6015,-0.1548908881681892
2084918211582,0.03771193,0.08088181,159.3397,-0.6995217104022835
2095400429180,0.09153129,0.101256385,207.14679,-0.8277784900852989
2070325169218,0.011263285,0.021714011,141.5049,2.275490767770179
2360532526376,0.050575145,0.09506066,489.9973,-3.866140258882784
2288139377742,0.029192973,0.06616316,209.97908,1.0593452116885573
2314813250112,0.034268815,0.018330615,174.35953,-0.8846699610461211
2264960796452,0.005891681,0.033100378,65.33437,2.179496089292327
2155118506206,0.0119515145,0.018882474,45.35258,3.870836738886811
2174483068698,0.060847547,0.04246646,280.82236,-2.552836387998065
2069390298996,0.024988867,0.05047313,92.701454,-0.6323921556019897
2396750949396,0.06564901,0.04748252,206.3945,-1.7467274242389776
2032859926326,0.02458276,0.02859852,105.130455,1.1051889762450093
2018241457734,0.03529675,0.11667733,260.0052,-1.3613127742130269
2095730348940,0.08869944,0.061775208,260.39432,-0.14083659329325338
2357349919306,0.0151703525,0.021839641,130.3189,1.1094530195795511
2486913930586,0.06544329,0.042676505,255.19548,-0.6416517583415178
2274180015712,0.022823524,0.03160859,57.431355,1.6084288237495925
2300852653238,0.005086083,0.010939624,145.42764,1.5858286773474697
2349447904810,0.0511888,0.058358762,132.0245,1.0565968412163447
2298001273748,0.01662264,0.034038056,82.84362,2.056561434060611
2550717985526,0.01610564,0.03480207,157.39185,0.3848309463624032
2787601487072,0.031206472,0.0798059,222.97134,-1.4544155484971242
2931123904256,0.015940432,0.033945978,160.06516,0.9158611434913035
2782197045720,0.12270404,0.06949131,122.44937,-1.8982685997951614
2971762231492,0.022708863,0.015705701,41.294838,3.029392660501015
2565355958788,0.06796524,0.07143295,148.12419,-1.1969292911810845
2704429996140,0.008800869,0.013965235,126.715126,0.7117552846732367
2752680789094,0.11087237,0.1025624,104.93064,0.4046660005195646
2944146507982,0.0117164925,0.047271885,134.25536,0.5370794268277693
2885728826050,0.014035867,0.02835066,111.85558,1.3280540704486268
2756472911620,0.047330223,0.014015807,214.6277,-0.19005735539679292
2692972993998,0.021126153,0.02577594,210.42851,0.07592442429180923
2769175626986,0.014484336,0.044930693,171.13226,0.7877607003488378
2531990253772,0.016077265,0.039184064,87.09973,1.7340205039734924
2637401904244,0.015964022,0.077113,262.5316,-0.6558640779148917
2949858795590,0.010764336,0.064853504,146.5932,1.6465747319812234
2863162051454,0.014335423,0.053914748,68.26173,0.9835673255803068
2810768782484,0.047502402,0.06578332,264.55295,-1.0072152660583282
2837121102710,0.009200921,0.020550419,69.30111,3.9380113552890377
2891425867712,0.01185291,0.06310873,310.3516,-0.14460503619668785
2838403883638,0.023234906,0.02550603,176.21794,0.12504292074916545
2691099449864,0.0071107335,0.030459637,171.99187,0.6501835810120901
2699987817852,0.023215763,0.12185405,198.50407,-1.180022539097999
2691097787710,0.012001557,0.027503185,45.972347,2.702818070153151
2833982466790,0.016307015,0.054075684,127.1378,1.1577836851702124
2786981922572,0.01091852,0.060747188,183.4067,1.4001929698058817
2858750589908,0.015860809,0.025445733,156.37563,0.897669743110066
2042729480072,0.02866446,0.039366923,256.73834,-1.0587090589463375
2208159693492,0.009325131,0.010704992,39.350254,2.1950125177266404
2349138522286,0.08781992,0.03454256,161.63315,-2.2177145832343315
2502188278870,0.015413219,0.060140286,115.89969,0.7546485704726638
2430751470338,0.025033856,0.006942844,171.3881,-0.7360765430664097
2215796880654,0.018601518,0.037208144,127.202805,0.564871136111632
2177382328800,0.014255333,0.029002167,136.66693,2.2367232436266313
2416785805648,0.013794007,0.026199313,136.32115,0.8662579873219348
2321840750294,0.024427077,0.034070272,383.5963,1.7390446814526437
2351995398546,0.011154328,0.017727453,153.66905,1.169634666508716
2047202103440,0.054746702,0.088277474,230.2423,-1.9034381346546105
2107521277904,0.051549744,0.064769626,191.31633,1.022457892489348
2150390358120,0.018355068,0.065418616,164.98932,0.5430307565455161
2090393467690,0.031892024,0.019003747,268.90244,0.19431514654572035
2199927358918,0.062175006,0.055746466,211.60463,-0.9630380929756486
2405999325384,0.05128775,0.019165857,207.62328,1.3275920074804886
2324076898358,0.031678244,0.038220126,157.46523,0.5311699650890502
2529170144642,0.031297393,0.07933282,98.69686,0.5086727688592495
2613310223998,0.032590844,0.1083076,239.12552,-0.7748227526994494
2510442185704,0.042989604,0.06458223,157.29578,-0.16552182664000128
2636169774300,0.045259465,0.15049607,146.69342,-1.2140609862461333
2633321922358,0.0081550125,0.0235459,135.35556,-0.2899580731866014
2903205227368,0.04469163,0.047314167,209.85606,-0.2568632729531829
2942897697126,0.044928897,0.04439314,153.10606,-0.212923081473749
2798745936562,0.06696445,0.05828688,247.33955,-1.6717535286555403
2584756960934,0.12614399,0.03357383,165.3017,-3.175039843557969
2636840422002,0.023359338,0.048715252,184.23756,-0.5591462458939903
2786381454604,0.021212598,0.039714888,307.9391,0.2339979596906181
2811142621890,0.019618211,0.015783768,105.315216,0.7091187213739006
2989273584754,0.076113485,0.07244264,199.25142,-2.2448762114798573
2805758112300,0.11092846,0.14073497,482.1316,-1.9391105659726664
2885461857986,0.028430643,0.07336342,172.72276,0.2159223539269245
2617120213620,0.05528396,0.048003837,185.41891,0.9618665408342999
2505053091922,0.010562486,0.035993602,165.41203,0.12976576700999298
2878759867810,0.07585573,0.051942706,227.54294,-1.7834657695310001
2913683489638,0.0383671,0.02774016,96.8626,0.6720244824549867
2928621470622,0.026740381,0.020582762,105.76239,0.4943311212881201
2708919629376,0.027952285,0.045537185,276.25568,0.6454317991468143
2746697076722,0.018249758,0.04155696,165.25168,2.981593088472458
2645411850612,0.02011156,0.060472224,129.1122,1.5731005921949714
2740983858904,0.029977454,0.055454433,161.41711,-0.9297045277401694
2949907053348,0.062066074,0.031414066,148.55956,0.16913229992601164
3134017946320,0.02096277,0.019868134,143.16072,-1.543241464879589
3063832066204,0.01627528,0.024409924,182.08443,0.7969788556200136
3356585782444,0.04121918,0.08047513,287.33386,-0.27282308857534154
3340710362524,0.0151705835,0.031397108,113.32169,1.5456112514802114
3435974704486,0.1137313,0.033843488,220.54164,-2.6012421019911427
3055924909872,0.11085812,0.035188943,189.29831,-3.5045224242913235
3040053017656,0.016044838,0.03802983,1999.4072,-0.8046081599570847
3046398604876,0.03664965,0.03977039,121.83271,2.1964069268163655
3148009565704,0.034689017,0.081713334,271.68665,-0.005219203076287204
3093066561126,0.03373119,0.054054778,229.06207,-0.8981340446282196
3230871626872,0.016565667,0.020129878,60.659,2.828808027169175
3369630612750,0.014959518,0.046156026,97.51806,-0.4776067177371004
3357884566538,0.024378061,0.0779875,173.21301,0.9151519971063958
3210532380058,0.024262484,0.031597715,172.5583,-0.23405531352677017
3224511853118,0.15768464,0.06586811,189.18071,-3.423604520696273
3205463954404,0.017626109,0.026615653,199.46704,-0.49837430632516194
3128623560674,0.00809253,0.013555716,51.76617,2.140086767057855
3259747576914,0.017803743,0.04313394,185.05354,0.10145667278466194
3492491903910,0.009583567,0.019619558,145.05508,1.7021081044743793
3318813050960,0.056709323,0.05368228,225.00288,0.8760171959002225
3420414487018,0.023763727,0.033376686,80.295715,2.0110891316045336
3015919333392,0.008611155,0.048059218,56.023342,1.9491886361133115
3720162562936,0.005860433,0.016485197,29.086674,3.254661138248572
3581405592922,0.035004556,0.10144254,229.66547,-0.11565381013105387
3730954160692,0.016813494,0.043632895,74.568275,1.765155020906126
3681107628632,0.023603464,0.021792881,162.35144,0.2769335452713062
3810333101798,0.021357832,0.0114406785,169.22183,-0.16611827485019062
3837010730238,0.059022605,0.025925545,228.31895,-1.7533839274328444
3505208805246,0.019366207,0.022212775,114.65483,1.3169309282876802
3922121864514,0.049487337,0.035885073,358.60513,-1.3212467639635754
3737011510516,0.031665973,0.048056364,269.66617,-1.5612931157450471
3923386678306,0.06722546,0.05523945,114.81916,-0.8622273790558983
3965942447690,0.04458612,0.052004132,99.513306,0.20347232071701515
3631565891276,0.03747573,0.058469195,192.09384,-2.0249480239372777
3583930709892,0.06453535,0.06854817,241.24953,-2.1762045301258
3732219630888,0.017325718,0.043132555,195.32596,1.2768971233907487
3783975466680,0.02190917,0.017137669,191.91338,0.46492249275133046
3999575830288,0.079237945,0.08552466,342.9376,-2.5496638185911786
3589032071356,0.0055185803,0.025428504,79.96538,3.452903955305293
3585226997146,0.045935262,0.05244466,224.7707,-1.8091986720409983
3805897978728,0.007073778,0.01934765,50.007523,2.4619595850516305
3753837627108,0.015980564,0.019042179,266.90338,-0.5775733677331207
3186119929128,0.030639064,0.074908316,180.46771,0.13606879864712879
3013705939494,0.014109154,0.033569224,113.46932,-0.11550413216528727
3235648740474,0.07023137,0.04397447,117.22653,-0.03480293525095657
3314078448568,0.021811156,0.082314305,264.5155,-0.05147878873023648
3059763122056,0.0909626,0.035773117,87.3728,-0.10041781603491186
3128998030748,0.058364846,0.034836818,158.26045,-0.5113046946794695
3308716769904,0.016730312,0.0182175,157.61272,1.3892558984876406
3308065627834,0.0130089065,0.037013505,72.73597,2.324358060148377
3435403369964,0.037335936,0.027848925,146.605,0.3993893825480953
3168346773772,0.021685759,0.044412397,321.28864,-0.48083595699005344
3126439652878,0.014706024,0.057216868,181.25908,-0.9767082681660549
3498556309908,0.047154747,0.089216806,206.80661,-2.1448915504643624
3432211766016,0.0048285984,0.0123908445,94.4289,1.5002864735351238
3240765399958,0.072136685,0.023659319,297.00214,-1.283066256606261
3174714763974,0.052485134,0.02669729,146.6368,-3.050821131029358
3466516299594,0.023877501,0.04837781,228.68814,-0.36159475421344106
3698915611146,0.016562374,0.020870276,186.69994,0.21931755645630147
3707485854672,0.036655087,0.010902829,158.88843,0.7745467225859982
3654786228314,0.026358852,0.02185042,385.5797,-3.5195080236885046
3566220222958,0.016896917,0.034381595,109.34921,1.7413152110651624
3632887932302,0.011201168,0.033049993,53.197124,2.956390743742067
3784659920854,0.019311665,0.049678244,152.92946,-0.45547501866789225
3767205544638,0.05430906,0.05754089,227.4414,-1.2576406101337498
3817058578462,0.0421596,0.044931594,244.5871,-0.9803573964391544
3733237154338,0.039915215,0.06106766,140.51935,3.7757206018310967
3615411910144,0.066766135,0.026348919,128.62631,-1.2896554353065328
3525230358734,0.054056864,0.029267112,62.450905,1.348964081203392
3728146654686,0.016404111,0.008341991,117.45297,0.1736206823473201
3693537807600,0.02843954,0.034438595,188.0224,1.4500450669022524
3544315830674,0.029901348,0.026224652,164.421,0.3062323242916254
3875797663504,0.034316048,0.0671691,222.59932,-0.25231137007496884
3996141246446,0.04229775,0.055608824,212.14165,-1.1804192003967313
3924061006682,0.0321082,0.044194132,123.50638,-0.3556123538011872
2684268980,0.011620919,0.034358718,30.278564,3.0071397680669008
3962480725052,0.06148996,0.08861824,143.37248,-0.7403556340199366
3240705223492,0.050282076,0.016680624,123.324776,0.5757921250067541
3035265576166,0.011488531,0.0072071506,183.25606,0.5623684260045583
3191803137886,0.065908365,0.054031145,232.95383,-2.562393667704635
3477257422420,0.0031674316,0.022828061,262.23743,0.810944266513
3409941418588,0.018166311,0.0808109,213.68312,-0.5909066109508161
3284211210186,0.15737322,0.047374398,220.4934,-5.658716782641939
3180360549216,0.04843574,0.020164179,116.005486,0.6511076374666084
3216878725814,0.008801581,0.04512414,115.547035,0.32522828136887316
3193388873504,0.015188652,0.040182557,194.37103,0.7255310333820453
3429632220792,0.018108362,0.036058772,133.34036,0.4205084617949067
3265474456978,0.07748672,0.13129678,568.1153,-2.4684174406857946
3492495839036,0.029876644,0.023872769,259.2757,-0.6509423651275448
3043531655310,0.018635107,0.041903064,207.7049,-0.17897826332021927
3014014114344,0.04887498,0.07017318,161.76183,-0.5660649589213838
3201034856520,0.019684248,0.052453287,232.6181,-2.062432988930064
3302953787428,0.026714416,0.042270187,119.13506,0.04498146096293791
3310897709688,0.003354243,0.04009187,48.27251,2.0426125558591606
3450606257362,0.06377162,0.028304921,195.04416,-0.9165847279657643
3721743462804,0.0245502,0.04959522,128.80867,1.2640499280021729
3544571965598,0.05747836,0.038036108,275.28207,-0.8824780281205954
3529021044782,0.017565973,0.05105253,164.38954,1.6755761623681777
3711281480846,0.013306451,0.0453032,131.6428,-0.7064417497574729
3526809341494,0.02864716,0.09919404,144.65314,-1.4853765392285792
3802736615512,0.06972508,0.031116134,161.58112,1.24697432729783
3709037095856,0.060902704,0.04369363,92.48284,6.0384499678250165
3893206708862,0.08391655,0.103646316,69.192566,-0.3194620037534317
3681752173280,0.012428735,0.045912836,180.85582,0.7213612879322691
3603329168116,0.017566232,0.027830629,303.9135,-1.0970241784816637
3952279666132,0.017565332,0.05940382,133.0353,-1.7793443260037356
3989439813492,0.03952514,0.053401746,378.0912,-3.0073214607992855
3143575023976,0.07268199,0.044764355,129.5386,-3.3213803032595033
3218512844140,0.013980598,0.010771567,187.6248,0.41098644704506715
3309960795820,0.013367376,0.038485367,143.78053,1.703039908478905
3031830815376,0.022969183,0.016457604,162.15529,-0.23021674019108046
3173759635240,0.12989444,0.07233937,168.26434,-2.335942123575555
3309656657278,0.023876473,0.049509477,304.33148,0.1953122725141232
3163581281134,0.023175348,0.039823275,93.44773,1.3797882072009378
3292804159202,0.07528129,0.023558337,135.99173,-0.425689230788161
3481726316968,0.044032257,0.035885725,144.11548,0.45187007038717136
3387751510082,0.026021134,0.03695988,107.53841,3.308482673106436
3077870688156,0.069759235,0.10388309,97.19678,0.975247530156134
3259168509554,0.022452256,0.017079534,61.52983,1.6134326017370157
3336332044002,0.060957603,0.037454404,270.19962,0.028778455169731487
3375377503822,0.019278377,0.02080237,255.33504,1.3685190784137684
3418882834508,0.06550432,0.06370572,331.161,-3.147253961048718
3663999805416,0.017609484,0.01263628,121.23688,2.085300579641781
3947214767774,0.011499911,0.020341044,232.73386,-1.1874019183197309
3648460627366,0.021467473,0.07978841,354.84222,-0.6835031008689592
3687182545324,0.025660614,0.04786097,137.97986,1.0159816696429618
3738946243072,0.03005526,0.0607474,243.27097,-0.7405929224365202
3671313223716,0.02552525,0.06292445,256.68478,-1.085082595677659
3736730029418,0.05095834,0.033716697,144.42621,-0.5091796155538737
3895161622190,0.018582541,0.04858962,104.29512,1.3966497475096573
3938036903246,0.066892765,0.027334966,178.88188,-3.7965216677801967
3836397592334,0.07095108,0.02932691,107.022194,0.509114828323834
3866889694198,0.042149436,0.042418834,50.566288,1.6206755708457539
3724652049064,0.021649245,0.069760434,195.15688,0.12275764038720488
3515738429608,0.042428114,0.018041786,236.86812,0.48134813531006104
3955806078536,0.011857112,0.028653724,55.039284,3.1213263593466793
3846266996694,0.024836455,0.03956167,42.54445,2.121315686845109
2057865535570,0.014607929,0.04064516,262.8644,1.3115384703886566
2202325569244,0.096852474,0.036308523,102.42223,0.9458790705507736
2371882256734,0.025051171,0.018096814,99.17158,0.3020083106444653
2389665342778,0.022731734,0.028445328,133.05035,1.4137789714918898
2096291478600,0.079392284,0.06305435,277.3529,-0.48529024828567124
2189957762030,0.057426423,0.056895107,184.85349,0.2506573487313335
2024225476470,0.04845486,0.035740986,170.63437,-0.17115782130139623
1985485970230,0.03259864,0.10944604,195.10725,0.7126773829765398
2455721396082,0.082510985,0.02722368,254.26796,-1.160165946686896
2319518168164,0.06522057,0.048158295,196.06303,0.06435401915198002
2363333736326,0.037447643,0.06433068,145.25285,1.4715003703909566
2334124693730,0.0074298596,0.016570777,216.19348,0.4490171467834441
2163583644270,0.01703038,0.046007242,124.483765,2.244259550301061
2294409016818,0.019362768,0.041162323,178.4157,0.6003591487146467
2473488129588,0.04164251,0.13311765,156.42273,-0.18154652765515722
2481113044930,0.008262756,0.04853751,121.142555,1.4671850202891485
2049936407618,0.0815068,0.10400395,224.31007,-2.747830604778212
2228069739734,0.037327316,0.062361013,73.30336,2.792606933033901
2455104578378,0.07234436,0.027705455,272.62125,-2.9279459518792157
2561438143342,0.05718024,0.06849876,233.06406,-0.21577788413720056
2824661844972,0.10788438,0.059672095,165.75552,-3.0196959954564657
2797358930070,0.054196853,0.11389817,151.61494,-0.2939222307030787
2997390180298,0.009049655,0.0146967955,55.706615,2.6325714404003304
2947549796692,0.0924798,0.042971037,91.247284,-0.9782615453995807
2912297114336,0.008465446,0.018468624,51.536736,2.4437529829986824
2570028471124,0.05505103,0.028935093,288.9164,-2.50636941375737
2630055929820,0.0088402955,0.022990381,126.16983,0.5300673123484988
2738642099340,0.06131666,0.042095575,154.43004,1.030705118456169
2830717707960,0.10446947,0.083828315,227.06314,-3.433410147210261
2970428196246,0.005628375,0.004477152,91.26155,2.3610333242015233
2930742757240,0.004473063,0.03242661,154.76833,0.8124801980851512
2763729279034,0.014057019,0.04191759,148.96451,1.2293462527016132
2553504278170,0.0071391272,0.027331386,110.68268,3.331079469931443
2802450743060,0.042565286,0.0702251,137.89636,-0.6429741881442246
2734184044196,0.006524537,0.036431067,93.26379,1.2043053564916817
2993911170130,0.04836669,0.0696132,160.56326,-1.4256627599729246
2926279713812,0.031022532,0.053081296,112.17454,1.1495896446650358
2533512890530,0.153573,0.16117708,352.8047,-4.722749747031996
2518600791028,0.083637565,0.105340354,170.42685,-0.20817319623183794
2536687385698,0.019684391,0.053327307,223.43913,3.327977022171873
2785948977156,0.014877383,0.029911099,21.773594,5.099080999149325
2835798735896,0.13152741,0.049333453,57.062485,-1.923502643304
2382085232650,0.04288377,0.044410244,164.02661,-1.144385327991452
2422086125396,0.02915236,0.04552147,172.1467,0.07675303669833719
2393199895188,0.01091721,0.025229061,158.75142,0.46128013297958925
2064261295496,0.046448026,0.014374477,275.66824,-2.0565058117061468
2220796437330,0.008569569,0.03022299,93.658264,0.07240454805054486
2495785137400,0.035680495,0.05713752,318.83887,-1.4798226139659678
2378934452116,0.01904446,0.021385133,199.03818,0.6329078911158069
2105836861482,0.007442779,0.022531733,121.671196,1.9125073574791844
2006457612394,0.009311374,0.052515615,159.72159,1.1558074638573632
2023923253896,0.0030874205,0.029253809,72.21385,2.364383750027336
2256347994648,0.041647017,0.069648325,204.96306,-0.9099017427653073
2087737491944,0.0124003785,0.019913236,169.92827,-1.4218632446054622
2066156413304,0.010280367,0.013153311,128.85373,1.0334804200247072
2413200455126,0.045890383,0.056111675,192.06923,-0.37342251655681497
2438285266330,0.061284933,0.041202195,268.96027,-2.2692750815898344
2458928526794,0.03106655,0.03811011,169.04633,2.5358019354115657
2320172085354,0.087478094,0.021072306,99.28205,-0.496237966243525
2391300295288,0.008021275,0.020901542,135.71704,0.3871525498190467
2102685224190,0.02663594,0.025921931,105.547264,0.2691725932839243
2605626746130,0.03813683,0.08922276,170.18665,0.04566425891199963
2568142528296,0.017636854,0.033057064,186.04639,-0.8752516932386396
2751994899276,0.01557833,0.03452803,293.12842,0.2758358143562911
2793599518608,0.060612563,0.025355032,222.5889,-1.1808874967556546
2762793981592,0.10413189,0.003906643,99.61004,1.041551742329318
2766291590158,0.025984026,0.050384924,141.62784,0.579334195851906
2619602491136,0.01394046,0.045535047,184.05222,-0.13245312462455638
2809493587890,0.019204142,0.03599763,198.44592,1.1664259024530685
2832007646702,0.05096036,0.034991033,292.37573,1.6826612244039263
2870744481882,0.047652625,0.04523823,134.3371,0.29495562810602427
2836458395364,0.006363526,0.013578379,179.11113,-0.12758220556228023
2916473058296,0.0069433325,0.03037194,140.80998,0.28861975896263115
2822824263118,0.013192823,0.022527458,112.03137,1.9127013538664486
2894257771474,0.033640955,0.051252533,185.14835,0.8440770862399412
2860610756328,0.0023130842,0.017865235,97.05057,1.2290815194397429
2079129500078,0.026054295,0.03066968,146.86671,1.6691319242225888
2218203361076,0.056147877,0.005866523,257.4737,1.45821811649872
2009277519504,0.031155152,0.055041064,130.58347,0.7307018659051515
1992757911676,0.02504715,0.06222472,131.91667,1.4937542376888149
2161696091250,0.019872632,0.039035942,125.359665,0.049322274451103015
2481127334044,0.04559116,0.038193647,140.80836,6.124618225389975
2473833470984,0.011310017,0.06515918,40.459686,1.5439915266357813
2503998878876,0.009644288,0.038745668,48.466625,3.629226393243343
2128988810164,0.060812082,0.09466755,292.07486,-1.5402962816052408
2376014960540,0.012954366,0.028765835,71.235825,1.5040038971160412
2360779721078,0.043721452,0.022622049,121.947296,-0.014408257146270975
2326474633638,0.011851214,0.035816904,175.76633,0.7760820265847339
1999129253828,0.01353463,0.05701472,112.68629,0.29482787405600286
2170593204840,0.011919098,0.063023165,200.5917,-0.9136422558953416
2039787892096,0.044356063,0.026792362,168.06906,-0.4769390267236997
2014062422230,0.04770982,0.032288797,243.38298,0.19273951209348872
2085184785262,0.069559194,0.053110056,257.85464,-1.4386939619480659
2222676111470,0.018198231,0.02950167,114.520966,-0.39234022364770915
2421747115102,0.0058045727,0.023449432,160.40694,0.23488795951131547
2467160715150,0.035191353,0.046853796,344.34793,-1.1119167818786868
2744340377416,0.10583915,0.079187505,924.3683,-5.893631829115148
2964061369486,0.034447987,0.031748235,115.63758,2.4166979097422043
2771985657996,0.03343256,0.028671144,112.965034,0.3156530831838531
3003124594812,0.015381897,0.0349935,70.21239,2.636129771047534
2992964433786,0.0060583544,0.026535645,52.837334,1.415641542557892
2736401017540,0.030135922,0.024608579,201.60687,-0.7260215792822938
2669407749806,0.017185532,0.051490594,124.24232,1.2978125107027516
2735120378756,0.014771229,0.042369753,214.30522,5.213690621870342
2832914597998,0.02452687,0.020546257,106.068825,-0.36273555935138335
2900563065402,0.030850226,0.07385946,250.9486,-0.6967618892448508
2754508301154,0.05829999,0.05554885,106.40903,1.903675751761863
2674502030372,0.030020494,0.019338572,279.4737,4.1859800918156775
2724357584320,0.022650646,0.009240902,178.23145,-0.062274584275224365
2813253658882,0.013886822,0.055940792,190.39037,0.2848211626755795
2871686209390,0.005498222,0.031199215,169.96936,0.7635407337829878
2922804813098,0.0072077815,0.013181196,56.788383,2.312504414636484
2928522416260,0.11583139,0.068812616,284.65076,-1.6554407564261364
2070605473728,0.04921242,0.04134999,125.83424,2.252763877307254
2054079466130,0.08097185,0.012713506,119.66175,-0.1254117102282502
2304925104680,0.0077883387,0.08441217,165.54147,-1.1400237392629342
2478283816968,0.016171427,0.058390513,211.21474,1.3015324645646815
2444324649902,0.041939285,0.04617819,320.63226,-3.9867446128547277
2354791671056,0.037713986,0.06433555,121.77394,0.2725135331727976
2243335751124,0.0073024523,0.02413388,156.94104,0.9916684884294705
2009319681342,0.015973324,0.01906559,119.29743,2.641288165872831
2148080179736,0.012405179,0.040069304,171.17084,0.25973031193887913
2354147710418,0.012164724,0.05801957,101.29188,0.9327835451411022
2386523461942,0.015142161,0.09212675,229.71085,-0.9286821638370653
2304932791840,0.0141169485,0.02912365,247.93677,0.36950062923341553
2290328661018,0.018587805,0.030597866,76.58028,0.2132065147253106
2005849035584,0.011225982,0.056897376,113.49238,1.3685847733972007
2234782139710,0.013347127,0.07054278,241.56691,-0.9535893878707483
2193505044070,0.12729582,0.040817793,123.245125,-2.8431938472725076
2254775241044,0.017422663,0.014005926,116.0557,0.7071325902859056
2219219099618,0.018792795,0.014343963,234.1938,-0.3051290474994936
2571318840016,0.022191983,0.050470546,82.5402,0.9523156465299694
2547509855402,0.019752588,0.0460274,318.4857,-0.599783876612083
2628791673822,0.017657766,0.017367564,93.98326,1.6869686077066783
2839311793182,0.011101462,0.027476814,181.61885,-0.04028974282186415
2974571331218,0.026336264,0.06568229,148.85051,2.655873685902196
2762477396312,0.035818923,0.016868087,55.199818,2.492850123698625
2578339811470,0.033651657,0.04921843,237.711,0.5255053437118121
2591039679672,0.034116406,0.03337183,339.2497,-1.5889145799208686
2512610148820,0.030383386,0.05450563,61.798794,1.3678040690380822
2693280439628,0.009948878,0.034061745,165.85025,0.4906495244840583
2917121933886,0.012670561,0.037167802,195.415,-0.41072767296240276
2753287964768,0.036479197,0.044973504,85.69075,1.1140405510620022
2871405757514,0.036021728,0.047857158,233.23303,-0.8599315614563543
2686261056532,0.03699602,0.047569837,36.302525,1.6885420491058503
3009820261048,0.026597593,0.018253017,212.22481,-0.39936621295736524
2985691790152,0.09626618,0.05631417,357.89236,-2.733552185276182
2864089190988,0.028165614,0.048548285,213.48016,0.26654490913200923
2938700872618,0.017446183,0.030828282,104.98669,0.4385584728048961
2941559031344,0.016972255,0.0420056,135.2839,0.19013189203438197
2552603607912,0.026284678,0.041755326,80.28882,0.7211733854731499
2687240379046,0.06720743,0.09138103,80.96519,0.22214947938176466
2628807577122,0.034223773,0.025799673,126.634605,2.766065848427822
2890450607596,0.05608045,0.026857497,249.64441,-4.081355065381915
2974274325878,0.0060198563,0.01127769,109.44649,2.6570735499542817
2765342486806,0.009348053,0.031334937,123.107475,1.5973974580860837
2759948830014,0.09501985,0.09997917,294.4662,-3.9686210767123278
3235862039174,0.009228819,0.01004642,51.423347,1.763078480906164
3038035764952,0.045292772,0.038791534,165.96602,-0.5871521840784483
3058680109054,0.0385547,0.046378348,172.8098,1.1707925963796297
3484146097214,0.03250558,0.054670904,116.32688,-0.04807070271332303
3419383458258,0.033919234,0.099422574,217.4839,-1.2907467924370877
3319363020602,0.052867115,0.059760742,86.07461,0.020350168278444603
3373656269682,0.023719061,0.03901206,241.88649,-0.3676652598715457
3442241824120,0.063087106,0.04059962,225.00345,-0.29910559698005373
3475911947352,0.015382072,0.023077419,61.543705,2.416770760667145
3338118322232,0.037971605,0.08655922,136.04352,0.953556963533255
3421604335758,0.078053,0.065237775,255.39989,-3.83159918680757
3472728584610,0.03111973,0.04661173,141.96776,1.2815272315312307
3054882722514,0.04911738,0.07221445,240.11583,-3.813497851092384
3156494439972,0.03517769,0.013705682,499.8225,-2.6961410634876186
3162214713582,0.032629907,0.053317178,319.00015,-0.4501866331933333
3305731333276,0.018393107,0.079096876,178.9865,-2.1714498265984425
3301286759314,0.025706073,0.06956754,235.58449,-0.7937063302873597
3414965017894,0.0076503116,0.04346659,174.73593,-1.4874132173069339
3454324772630,0.040783655,0.014408741,243.45874,2.7009751085179032
3492111315906,0.105227314,0.044401646,306.95245,1.0434620830663583
3571788672930,0.050557848,0.03399282,123.35411,0.11760651263050922
3574967552736,0.091232285,0.09358052,234.8233,-3.2237108762292634
3596882304588,0.010658038,0.021572752,104.54459,2.117589423103764
3527345046928,0.15859084,0.0706047,461.95334,-4.266161938746849
3835966019210,0.04369556,0.053428646,112.987465,-0.49698280847140763
3984558801768,0.030659424,0.066980794,199.51765,-0.038712077563895664
3939489987632,0.050899275,0.07322691,138.15924,1.2234787283778719
3718193088056,0.048679445,0.016167851,145.90146,1.6160810909602241
3742954230640,0.18078756,0.046139225,542.9278,-4.775021781031839
3639137161064,0.055924095,0.030507894,170.93015,0.023339978265454087
3654342262374,0.05501439,0.094668254,186.41437,-0.6634275997629562
3506066999294,0.07405835,0.032068375,53.03723,0.7093958580555004
3524806123008,0.011214869,0.042978846,77.43102,1.6832659888729686
3577512251048,0.0699928,0.016754543,180.40857,-0.3627667124848628
3742329196292,0.013940884,0.040219728,56.095802,3.090803282793834
3758824637016,0.008400085,0.05892078,169.22733,2.4343983103293843
3755013969454,0.018239928,0.050295584,278.15643,-0.4062287723291875
4000457206544,0.016629636,0.026744856,88.51456,2.0252749321428523
3248594489832,0.044635415,0.042851735,402.61856,-0.4935587612912337
3136519179200,0.10509064,0.11603535,282.9688,-2.53578479675501
3223515577316,0.037134547,0.025547408,216.42464,-1.2035722547351424
3253357668480,0.03771382,0.036675695,300.26752,-1.132059083681103
3502920904408,0.013930947,0.031790152,148.6041,0.8353816376375919
3429270628220,0.017106112,0.022428077,162.3472,0.8861920094661216
3196545201126,0.078651726,0.021267598,198.38054,2.694089950842186
3170197618744,0.015310529,0.05554692,248.83336,-0.4872808246377179
3332450564282,0.016333517,0.018763667,139.52187,0.4349842888285787
3457539484166,0.058160152,0.07704906,58.705433,2.5465230426102377
3148582748628,0.008414972,0.035066437,195.72397,-1.2514670468991616
3198113323598,0.010780156,0.006915987,177.6432,1.534950986882841
3462602442738,0.051774446,0.033877846,245.62666,-2.8439740046904047
3393706172568,0.024800466,0.009779489,90.51769,0.6681069245481852
3492150929994,0.11414981,0.030606164,338.90848,-2.7746371075351375
3601682375274,0.049462114,0.038843967,112.40097,0.44652461074957495
3657246813390,0.021678073,0.048464704,180.0309,1.5275681710971636
3964611892552,0.010195189,0.017078664,194.60231,-0.6559623681336756
3867755088760,0.055562623,0.041607544,165.3234,0.885176159954816
3679486694474,0.036221467,0.12284851,311.69937,-1.0384501442458562
3898257218424,0.043536212,0.05202114,227.04329,0.16093411129797192
3765224528340,0.03698946,0.05270325,202.37984,-0.20387942928329392
3788724561642,0.063896276,0.066981494,315.69217,-1.5242008968808327
3899532388566,0.0020432803,0.033732835,283.7112,-1.8051161076365785
3796967986136,0.027213296,0.048394047,110.99564,-1.4878016425751701
3898258983142,0.051130783,0.0333832,217.03688,-0.5568698932140719
3665177606714,0.060133558,0.05082842,2743.3171,0.3488915618998669
3671221701202,0.021207707,0.052966334,116.59466,0.30948166550032047
3618507409578,0.08889513,0.069226414,414.91885,-2.8908797406286277
3662650854244,0.019696018,0.07002138,144.10226,-0.8292798784304103
3959204503462,0.022831878,0.034849916,171.13947,0.11406776513106376
3979526614962,0.0033001634,0.039329235,33.9496,2.631380397113397
3996028734496,0.010946776,0.03997266,66.91198,1.600022975515865
3926819908292,0.018936234,0.03137653,141.2483,1.8672308372609814
3921428369178,0.04259373,0.031308085,142.19661,3.20750845983985
3509610800066,0.01551406,0.062787704,197.24167,0.3352965555305241
3610268873738,0.022766424,0.040683888,142.91176,0.47732157454558893
3960171250880,0.02226388,0.014625727,285.55334,0.2917364558079505
3955090275772,0.013754184,0.066773884,118.942154,1.2758692063603996
3885871571610,0.047961283,0.052499034,590.2644,1.1417905044230665
3964947861178,0.14572908,0.034902703,205.08957,-3.1905584138504177
3919534790896,0.014719687,0.03279585,96.08516,1.4152004534914822
3795071260032,0.016238334,0.022265235,142.84236,1.480992704229755
3048832758102,0.011574372,0.03769268,97.67484,1.8101148781624963
3139004885018,0.05681914,0.08042416,186.87892,-0.6838346231994789
3361594014420,0.029287405,0.025809225,112.54239,0.9794055734134777
3404464254620,0.0155580565,0.012955344,304.16113,-0.836541019582123
3247277919618,0.031593647,0.05875606,118.94673,0.37786927134911197
3230471737846,0.11517689,0.026797714,317.32037,-2.1855102129647697
3166017219000,0.01280486,0.046111535,176.6863,2.0255116023973336
3235875726836,0.004496497,0.033091053,240.8403,0.19912605168185593
3473379198784,0.08074742,0.036521588,103.645294,2.5090741142894784
3474969092206,0.012061395,0.03619867,89.73767,1.5232504498647879
3436866515370,0.0142170815,0.029740147,209.06833,0.48502561082379914
3093605398032,0.01074336,0.02372695,71.292984,2.231268189864071
3139652879444,0.02095415,0.056237534,80.61611,1.1938119672500296
3277765611472,0.0090572005,0.044120546,69.336136,2.366502477549517
3437159543758,0.014209836,0.030245604,178.63449,1.8538239438413602
3427329502450,0.016850065,0.054559957,178.39981,0.03393734279334453
3228569138446,0.053434264,0.024575714,227.61984,0.5479085954093096
3052666410534,0.003871268,0.051073562,138.40872,0.14200318768621986
3161585246394,0.01662437,0.016096534,93.256,1.566300197610583
3326996784974,0.11370216,0.09451987,178.78401,-2.1354985304081886
3352096338312,0.08309037,0.043860883,214.0632,-2.8797293384646383
3352091046692,0.046956025,0.022348564,177.54445,-1.9299425253539333
3467667495040,0.023709228,0.02086884,171.91098,0.9580229751738835
3636242867978,0.011198988,0.021043237,250.88666,0.1776791253856434
3540696941750,0.013526401,0.015789606,49.23025,2.0312660875993354
3757556222966,0.0886472,0.039500233,248.56825,-2.973366431862586
3951883854968,0.016746376,0.03961799,114.841995,-1.9978663831179697
3991579777238,0.009675467,0.045178875,104.642296,1.2407406348091676
3502893692916,0.017000837,0.04252093,125.69149,0.36320325699719325
3703884130698,0.079482414,0.04636487,146.11397,0.9354644509146199
3727703825682,0.06640415,0.030104302,372.89792,1.6931693448591336
3848983688762,0.09603453,0.086894885,54.85089,1.5069480468257404
3568005855564,0.008053969,0.026962178,129.84666,0.6516630239430949
3658822396712,0.029147424,0.039789215,249.39032,0.17576949439561215
3696289706246,0.018718965,0.025431093,197.94336,0.012041717154327558
12086801182,0.015918184,0.07058259,229.59016,-0.31843234720747715
3882037773180,0.06675755,0.034465995,174.18225,-0.6985569325986395
3101903883246,0.017780447,0.04655267,113.69267,1.389828183020615
3471169108632,0.021333551,0.06561109,318.37186,-0.1479332224237332
3387671705326,0.06826605,0.016635958,178.15414,5.063602340723652
3252082804184,0.033345968,0.061623227,151.3602,0.9944417483052503
3030795101650,0.016738709,0.032904048,200.52914,-0.5931106145164439
3120982399174,0.043953028,0.03629918,108.65548,1.5428925796863735
3064450609812,0.027052024,0.035665113,118.46835,1.2059782814441116
3418813135064,0.010828211,0.015346724,113.324425,1.2876718397621332
3287681155550,0.008146565,0.028301055,150.61961,1.3673629681719892
3384832800554,0.0064254864,0.02600967,29.631813,3.6184377351542016
3243195394478,0.06177932,0.010437963,130.02121,-0.5047457405362106
3194934899904,0.039974805,0.057979148,167.42354,0.4668938414397401
3145398101616,0.074038155,0.035139795,288.3414,0.4784389517275637
3408620039434,0.04211431,0.052863885,42.241497,4.7179011481594655
3413378656186,0.04618287,0.0394994,439.284,-1.9400268272241765
3015870655692,0.018828645,0.031731345,74.87009,2.617730997960185
3340690011230,0.017193854,0.020530278,179.5471,-1.2762093223616109
3459763640736,0.005646136,0.026107045,245.78477,2.4738027658387813
3392139339506,0.015663186,0.02493668,55.90818,1.7870164846245271
3275914848492,0.005123354,0.034803193,162.19151,0.9956162207729186
3361650314102,0.037275717,0.049635217,159.26723,0.16307985923689966
3408955753988,0.042953756,0.03225317,115.95343,0.14247489137226155
3390862103736,0.0357233,0.035423107,191.01244,-0.2472897314178989
3740753392102,0.09167982,0.036349073,124.170006,-1.4860328881105684
3955078988298,0.035211034,0.08200386,185.87234,1.24684928215271
3798536009378,0.019877603,0.043666128,211.02365,1.5564362550502273
3722364320774,0.02622107,0.033463962,196.66362,-0.6659767534553316
3590262923510,0.013841515,0.048916094,138.40953,0.08616352361947961
3730614045630,0.016424915,0.04001008,188.44678,0.6742516847888621
3842695152894,0.022923287,0.019257298,87.24527,-0.42258872889510035
3541033917380,0.025728222,0.03464913,243.21948,-1.372424953365902
3959203221354,0.08038993,0.011266996,223.84642,-0.8842003282464727
3850301598190,0.047549494,0.036061917,48.02585,1.3844172094096174
3927776226258,0.07074701,0.04689868,190.62259,-0.4604983083081599
3638854294810,0.098184094,0.06812142,131.88179,0.35657023490083856
3681709314916,0.05690641,0.042974774,241.30089,-0.045329288316015015
3986850469490,0.021727866,0.08193941,393.97165,-1.1997287412428748
2222722221654,0.074625835,0.009316913,201.81519,-1.8474505915053085
2018873400048,0.015390241,0.13573165,273.69012,-0.7830354846171887
2457686744702,0.026724434,0.04336948,280.49725,-0.9209350468098606
2476437409038,0.017256087,0.031855166,125.52267,1.0010438732592153
2256065854376,0.040494323,0.044363715,68.60494,1.2439562275425493
2317036447706,0.042855825,0.084977746,204.79802,-1.8514319400564783
2058276975396,0.021470744,0.037302632,138.88466,-1.4984172737155939
2399284233488,0.021560812,0.027139451,212.9166,-0.3820226477918197
2304673705804,0.14618503,0.076849,237.59538,-4.554111417026766
2436123609700,0.014651435,0.020628594,33.87572,3.049724283497064
2103333720682,0.08769039,0.03845809,370.36774,-1.8784929866685327
2187794041520,0.079626314,0.020207217,145.70276,0.22587772384896837
2177012674994,0.030478623,0.026789717,112.50095,-0.3977359023243002
2302108624604,0.03804548,0.05884188,162.98349,-0.02147752990371113
2462460987736,0.034513768,0.10373433,111.01555,0.4026981470055644
2457063828392,0.085249044,0.10451544,161.05888,-3.3003360569481073
2012862293628,0.049918994,0.02582823,205.55534,0.5470669309704888
2125275436298,0.08263764,0.105755426,114.05371,-0.1390880854679066
2074460695618,0.07704976,0.027653297,159.26007,-1.9113356804270358
2147812225022,0.035411496,0.021784924,192.90298,-0.604302029314662
2070666456960,0.07002949,0.039660715,396.2894,-4.205414241761504
2442785103714,0.016414015,0.01936966,176.13489,0.664462109143174
2285934206346,0.019058304,0.013994387,107.85402,1.6947395627539015
2474531132790,0.07482465,0.06976997,337.6654,-0.7361444566528058
2405966493438,0.057179283,0.026426962,292.37915,-0.7958190166417165
2398982389426,0.041878767,0.038577557,266.16266,-0.8861443592250359
2678680110420,0.040414896,0.05411576,98.169464,-0.3393477103735646
2589791168124,0.0051360736,0.012787439,25.705494,3.2015879695008223
2986055976266,0.019995239,0.051839557,216.4619,0.48602555970790245
2991443459960,0.101438165,0.19535862,92.12581,-1.799785180252494
2512016558810,0.02278995,0.022499625,200.55843,0.4821412985595889
2830489723326,0.04333248,0.039330997,188.69966,-0.7448417774178703
2886357091188,0.019319996,0.03181606,88.315895,1.172543158842505
2521510887132,0.03629812,0.03583672,66.571,0.02131420987362853
2749489843738,0.028489655,0.03615371,144.56133,0.10055804621613332
2874923221318,0.015857602,0.06210146,142.67538,0.18927816212585102
2878081614214,0.0125248255,0.046118625,141.87169,1.625106604570918
2885070279922,0.029682642,0.050731946,108.52401,0.42537170901403387
2709505961300,0.06379128,0.0572307,190.03319,-1.522107074290699
2533274172126,0.09309098,0.019006642,282.5192,-1.3243428847786167
2702515078448,0.026507447,0.042508516,164.52974,0.7379213256034246
2960021606470,0.034434922,0.04664641,114.1517,2.647612433609778
2054792244346,0.025794793,0.009041746,207.40367,-0.41386628226494376
2079557947348,0.022412617,0.019228043,75.181145,1.841570475850451
2149430037666,0.02798198,0.02118923,291.55594,0.38613097885356873
2215472736426,0.021729436,0.041888315,68.30389,1.3533411554132595
2109733133698,0.098805904,0.09160845,82.36926,-0.6756311685599292
2044646472506,0.02296404,0.08649588,118.31692,0.30367486983365005
2127519319256,0.015111853,0.054874625,176.37947,1.0869455580739693
2348824331918,0.043403003,0.050805017,233.84853,1.6964210066239227
2463772342962,0.004765192,0.03652811,137.77756,1.53040334185978
2373900928382,0.026510602,0.024467716,161.57863,0.7066019751303856
2393902748090,0.06991455,0.06543233,225.56218,0.18797553979050696
2396126875248,0.10819545,0.11150926,271.71817,-3.2556111658920193
2132293130500,0.015959209,0.03172504,158.4437,-0.09912607751290865
2217074498502,0.1336784,0.14563599,489.63568,-5.072374915674419
2349154326884,0.023815958,0.05846045,360.37744,0.10329256631449668
2399971210312,0.113021344,0.0441606,164.99112,-0.3371070136742286
2170686441554,0.011076919,0.05939127,103.28484,0.5916478916693635
2095764145318,0.015875673,0.028481292,96.75639,1.9130021303096296
2338337580220,0.057156734,0.032392863,78.99785,2.5705191668437744
2339942769666,0.013928353,0.04491263,177.3988,0.9635424522580287
2450753949050,0.029912371,0.073701076,131.84837,0.8734614450703377
2353595677608,0.013050826,0.03681781,92.1194,0.06898564067861168
2022123848674,0.01334165,0.025055878,283.27716,0.1650567164155538
2439649720050,0.047921356,0.05519552,253.94551,0.38564421151264017
2486971111962,0.014024233,0.04628044,254.15327,-1.7727507764629693
2428221923936,0.0073385206,0.023856072,160.96742,0.4670340511535851
2680957258126,0.025870584,0.036942028,621.55896,-0.3921158284841151
2621902040986,0.11906363,0.03307783,116.66677,-2.0926833485434106
2582846577660,0.057135403,0.038068645,316.88226,1.0608377528589914
2946709426820,0.029978275,0.03267047,150.84175,-0.531790713733874
2848597688384,0.058600966,0.014044067,339.7109,-0.27427719176124066
2808595510546,0.01890342,0.032712657,116.16742,0.5607737490413078
2556180516394,0.020016404,0.06692764,298.60196,-1.1250154945519628
2518723009426,0.040709615,0.058035217,254.71141,-1.4259334199472335
2693669549376,0.06227538,0.048234522,200.51309,-0.9694580390621754
2660651098770,0.009864604,0.025095033,126.60119,1.1223737907710092
2822900541888,0.13007532,0.03797736,209.94948,-2.7726671089791965
2649842264778,0.040870365,0.047980618,187.54318,-0.7758079211125775
2632683258090,0.019622358,0.049861927,174.20314,-0.3953517290738033
2859388378892,0.10257736,0.01471354,206.36838,-1.3051207009824095
2883533860052,0.12261242,0.07041408,133.99158,-1.1491622038089093
2144935167258,0.014456007,0.061670218,261.43127,-1.986284618147792
2219556525402,0.010578261,0.017921746,158.6053,0.7214753743535663
2027764920620,0.050391644,0.095759965,101.328865,-0.4417301822586738
2138905387802,0.09529088,0.026096173,415.59894,-2.514192744369214
2354190751050,0.03474595,0.01921654,129.63168,-0.19302422865089464
2289731873636,0.14436413,0.08280133,209.1297,-3.538272038667897
2420867960866,0.029346343,0.06921254,77.249466,-0.7225015201120157
2097006002988,0.09141782,0.07993799,165.38515,-2.9826130442151806
2387226640552,0.00984568,0.023886379,65.07259,4.123704951235561
2285292036558,0.049306225,0.050643288,238.59358,-1.9170415620591825
2280224089776,0.008831096,0.027347984,89.0364,1.0934402951933297
2228756970814,0.07153574,0.061857343,152.71849,-1.4264192976181205
2046504322564,0.018245067,0.011923572,96.59335,-0.007117879968776497
2304006415184,0.021273986,0.043833397,108.77621,1.0917875250305233
2104311962130,0.0021725295,0.0065986267,52.291832,2.3712038186154114
2167190070148,0.015034671,0.0278898,123.363365,1.0515233125331394
2054142089772,0.10766437,0.022684474,346.91232,-1.0578014481399751
2450734396638,0.032489013,0.032619357,174.54396,1.4908178409538366
2629800277988,0.038494814,0.076522924,378.90002,-1.437835487119462
2615824812524,0.036467034,0.047600567,212.49084,-0.6433080753440319
2889203332176,0.04582049,0.06440092,151.16757,-1.0491369401237918
2871412712378,0.011225165,0.027029218,158.01917,1.093158994325942
2956838772124,0.057171855,0.14173661,299.4865,-3.3878869226692636
2644416706774,0.06620868,0.07614673,616.6057,-3.5070373031363915
2767934480958,0.048179194,0.033223502,175.30045,-0.29297168344869745
2884778867810,0.054251816,0.06151936,58.8064,1.4475135469063036
2873668137514,0.03382805,0.013999139,169.5863,-0.22841521454672295
2897479441814,0.05066771,0.051357985,169.03717,-1.9775153446538778
2538657826844,0.015655607,0.017628934,26.688545,2.71305474246218
2738060261126,0.06022452,0.0744427,201.8326,-1.8154461020904837
2514534093194,0.014911547,0.037135053,88.97471,1.259810079829888
2604385601282,0.07197094,0.058857653,203.13081,-2.6911783584200997
2714559900974,0.012058433,0.036024775,94.14913,3.877295277239946
2793633065946,0.05117184,0.022604056,116.46477,0.07811395347220054
2520263591164,0.11249795,0.06110216,494.7641,-3.8109890035125047
2579958787198,0.089640774,0.08579465,132.44675,-0.8619247428164402
2668220199686,0.011729686,0.03183552,64.144424,2.9190718106803697
2837468087082,0.018576454,0.014183594,97.26573,-0.2584419313739552
2031614799254,0.020073937,0.025434006,110.43531,-0.8459867187656902
2142438880524,0.008778852,0.023572644,155.16661,1.262117271827188
2089725319612,0.104143955,0.06206288,395.0801,-3.9706503807791727
2036708752932,0.008291467,0.051802203,169.17644,-0.24476259246430218
2304381086906,0.04469395,0.037435167,173.61848,1.323512686606262
2007826402756,0.011171298,0.06598732,195.85385,0.42264263295958393
2121507684562,0.014010583,0.02220545,86.83597,0.9108148582503639
2037995691354,0.009309532,0.026877118,95.65759,1.381745198393232
2152294147972,0.046548974,0.038121913,196.94528,0.03396424184462654
2089412765338,0.054045655,0.04634747,127.05476,-1.0448222936143763
2146884439716,0.09537683,0.026641304,102.54304,0.3736264012622402
2135147564586,0.013466258,0.047213692,175.8123,-0.2503677434120029
2089748655344,0.01179158,0.022906777,131.86884,3.1234842235428166
2139915631588,0.01620202,0.024438463,176.86732,-0.30581300693749225
2403138653094,0.007389852,0.04585256,176.71138,-1.1118138006655225
2442196989822,0.008040691,0.03755116,139.10033,1.527331759178146
2408225550122,0.027159771,0.033824008,124.61317,0.38820632363464336
2638715055090,0.009654992,0.019079974,70.76978,1.7618215794922212
2556478106036,0.072026886,0.0468174,252.25987,-1.6889750956850529
2668242575778,0.012256045,0.022809992,95.07501,1.3956513034511329
2651421600968,0.02090146,0.05264915,197.02118,0.41995299151846555
2944804712996,0.02259545,0.013176256,89.69142,0.9129920920817929
2862895742038,0.03130097,0.07841723,163.48628,-0.8216090434144858
2794311044214,0.024983218,0.03687666,197.62225,1.4548226183761426
2907026386098,0.082105726,0.05962578,724.7312,-5.198030389380966
2675573482372,0.03959121,0.06113277,318.97058,-0.06891411924080681
2556826950200,0.030916912,0.02169979,171.95738,0.2778251912278389
2834973159000,0.03868763,0.07344261,237.7863,-0.4266231861464487
2909892810758,0.086427875,0.041484516,241.27501,-0.5512114891917437
2547913207092,0.0049970127,0.03477934,155.71666,0.947329723155604
2590458618918,0.024018385,0.043530498,186.09955,0.7735255826852009
2751748675092,0.038366616,0.018625192,120.882996,0.8042415980208902
2594916071014,0.016147347,0.020104302,102.7351,4.316207167336957
2648578840534,0.02539207,0.032703184,128.04353,0.9162229757685291
2506333938782,0.009750108,0.05229743,240.26859,0.7310858435487986
2699385367820,0.025353182,0.006151956,145.27902,-0.7349618308525959
2690819030958,0.017708607,0.029835984,205.61455,-0.6022452185821756
2668270751864,0.08032159,0.050702933,247.24094,-3.182955369845678
2931167483446,0.0066672848,0.032067753,88.16372,1.496924060471802
3042563674562,0.13611324,0.10483217,131.36516,-2.315832696176874
3047647523830,0.00942767,0.037929576,120.95778,0.45633420366880784
3482009036504,0.016551834,0.06950609,151.38667,0.0741647422641234
3253083618982,0.020541843,0.01804429,111.55746,0.6337468331390782
3253725790688,0.041669555,0.03334834,176.34033,-0.6093892969811393
3154660154184,0.005366554,0.047080345,92.368484,1.6885515307152608
3169913916912,0.019766,0.030724851,166.69655,-0.5022255711900996
3445832823644,0.03502784,0.058841046,394.34338,-0.7388427651306788
3426788957248,0.01838497,0.04162884,89.683495,0.40151114687826805
3078757454022,0.03427818,0.036372785,200.09625,2.2677153158850323
3230535542220,0.0053638294,0.044032164,151.36803,-0.25793500707058137
3294995024578,0.091625616,0.084978744,185.17099,-1.5944082515560298
3363251594716,0.03620377,0.028740412,101.216934,-0.5596458819277095
3284519309944,0.01565373,0.012999133,88.299034,1.4415230039237708
3131494451496,0.033772767,0.042019647,261.82327,1.1039648755593516
3235642422808,0.0278676,0.027747674,149.76129,5.63340204872719
3439167803540,0.029592354,0.04887738,159.33675,-0.7430187416794107
3291213134698,0.03624539,0.036458205,388.92618,0.3457195413374192
3262936392344,0.008536018,0.037765104,276.03714,-0.5546114108222565
3540427374060,0.01653753,0.04125569,240.27846,-1.4400594000026314
3658557010896,0.099812314,0.020231953,187.24486,-1.6910782107201618
3517564876624,0.020350419,0.08537949,289.03534,-0.8504976668149543
3799853411064,0.05773351,0.021040542,318.4074,-3.048763238588749
3907480167006,0.02799684,0.020592727,233.63956,-0.1572573616175153
3923383988258,0.0524197,0.032274295,179.70851,3.8366527762329943
3838611137950,0.011704482,0.046499122,77.877304,1.8355310781669891
3561708699934,0.015882427,0.0614574,327.9928,-0.9096233245896647
3523928608758,0.0055334577,0.022429992,84.0477,1.8253397552429929
3558542018334,0.02841822,0.054401465,131.2948,0.6136307660434936
3731905418096,0.041318357,0.070576884,776.1816,4.510443497404792
3740165953048,0.0139591,0.057367142,179.88997,-0.05986157820812529
3775088037142,0.021537255,0.0341158,189.87848,0.5701092275206197
3809056881632,0.020009687,0.042841144,417.7492,2.6745396382962574
3531890144754,0.01837312,0.024815714,121.38068,-0.4769343634449784
3549986214552,0.0098305745,0.04745017,117.60812,0.8735177940369597
3995155176506,0.016968174,0.05709436,119.00354,1.2184305277153344
3828442132566,0.0134346755,0.043817833,179.94095,-0.7106051480018891
3930363961516,0.03541705,0.02605647,77.745155,1.5514303598302372
3984676210736,0.0149110155,0.026179524,158.42651,1.234392604369269
3982454276392,0.014976583,0.021629985,124.06916,0.7404674812467427
3894817899876,0.028049696,0.03902994,189.70934,-0.4131775422305671
3180720079708,0.0075417506,0.010612204,121.965866,0.5184951619076479
3253751392528,0.033296756,0.093179666,142.15535,-1.955070649004736
3247725694920,0.033364642,0.017954724,181.88326,-1.086824301620995
3261056772940,0.0808879,0.12566052,221.24007,-2.4173988500032557
3362352809440,0.044989925,0.1310277,593.71136,-0.4858751923736234
3470002068050,0.12342118,0.12800997,84.50864,-0.9985389019402946
3138486518482,0.015507011,0.027141387,178.54938,-0.8279571715336896
3168332214364,0.01183263,0.014574856,174.05353,-0.5492110236965962
3147706240980,0.012215174,0.067820035,165.62422,1.5468156531992676
3354086328536,0.025787715,0.091753885,302.71054,0.31581495555438244
3254710330248,0.04551753,0.046747416,155.21529,0.26302737849859215
3500152937352,0.0137293385,0.03237305,168.16077,-1.7483985697132651
3376637935586,0.027524961,0.0161931,119.590195,0.5594411173255267
3203918520832,0.09435881,0.017834937,120.52542,-2.081562892902623
3141382402144,0.034140553,0.0457695,321.55054,0.037104734424092456
3224877965746,0.015431043,0.03451719,151.933,1.1680486757838637
3324893539572,0.06620639,0.04526247,108.63657,-1.049650761807208
3589700782942,0.0059094424,0.01585287,120.05705,1.5761962477490867
3786865759662,0.0078051914,0.03419419,136.96504,0.5627338165274913
3539866094266,0.04384488,0.10341018,67.601875,-0.2882305910468219
3541140811470,0.03328905,0.022144267,344.49295,-1.4436390395208272
3500797628052,0.01704826,0.086415224,218.1193,0.5355586566023085
3707192809942,0.023443384,0.026527807,100.15768,0.8285595364601253
3966608489238,0.0340469,0.07087631,121.1005,0.6415316950218647
3961533512034,0.013831079,0.07600345,174.6537,0.6702576458992361
3703681518358,0.02696974,0.028400067,412.04022,-0.9757597289311414
3720184570982,0.040166315,0.041292865,195.68747,0.8261687099842463
3581123814038,0.02909092,0.014129441,172.59273,-1.9385045550639908
3754168534290,0.026013548,0.021216223,232.92783,2.2240380009826257
3887833491858,0.013639634,0.04102194,166.30827,1.4411019444449917
3941184336736,0.004642598,0.022617077,185.37299,0.9942886149906238
3835459928846,0.07090459,0.051360585,158.85947,-0.044370434200737385
3810995568052,0.03653621,0.04810397,97.53248,-0.06443318687878008
3947528638908,0.009231586,0.03360875,92.84638,1.2450086642320686
3970075205206,0.0073916917,0.039423816,34.7924,1.6718815764247008
3544301069316,0.011731461,0.026883317,96.31197,1.1579624423311028
3656071889518,0.04747031,0.02424643,204.38199,2.0660048306712953
3608447871462,0.023552945,0.026088944,99.41646,0.2833693107129191
3563041755824,0.03201522,0.07789362,262.32544,-1.1194438645018723
3634802661628,0.020484764,0.07069305,119.24252,0.872835666526038
3862777712118,0.028541097,0.06255763,290.03543,-3.769028633060924
3912940126298,0.008726328,0.03538852,207.72359,-0.39336622359508294
3873889324696,0.006367316,0.033015624,180.66486,0.8818069481730697
3139089480820,0.016559297,0.052095108,164.00034,1.1001087108108785
3201980390210,0.017929308,0.022109104,613.3942,0.4475109243473441
3034333836576,0.08500815,0.06875455,290.45618,-3.7189589800140515
3232459664618,0.07096529,0.034699794,148.43,-0.2177389934842013
3339792889808,0.00674091,0.091383286,169.68074,-0.4305000118669132
3267700403058,0.026123388,0.028462462,225.42737,0.4426635755032895
3274050349676,0.016982855,0.03995065,103.24883,-0.0710316527160084
3478864936964,0.058765948,0.01230443,216.8458,3.574227000753448
3444230511888,0.050538667,0.0389449,93.66059,-0.3837811093294612
3374700385794,0.024153335,0.0154357115,81.65206,0.0754968038153162
3060683261150,0.046490386,0.069479465,173.01672,3.311073845766665
3456306377056,0.032359876,0.021814518,126.019356,0.972276782272111
3922097808044,0.064555615,0.050803974,227.4914,-2.798449158017564
3777936345084,0.04040242,0.09550467,288.02875,-1.298377526909403
3946219096868,0.01203864,0.03738431,118.7737,0.07882200549000273
3669682461864,0.08646202,0.13415706,143.94745,-0.7336596545582209
3823693369684,0.024322128,0.017667182,231.77759,-0.45550304650099227
3848128147238,0.058738634,0.04739737,383.31424,-2.126367929199144
3696026567768,0.028564733,0.025212524,143.17934,2.8903522880473256
3531857237366,0.0065665804,0.030467218,195.63147,0.7121648360778461
3660783285012,0.08976951,0.095886536,376.13358,-3.4130585327334417
3915737279696,0.010120176,0.015969418,142.70844,0.8541657312139179
3687464111634,0.044997025,0.10074511,175.8842,-1.097370854372631
3558875996590,0.00813253,0.030892689,227.1571,-1.169826739370746
3852582097118,0.00737242,0.0137709435,121.48404,-0.10098841058685543
3874485080892,0.027324203,0.012558597,152.73898,0.5245990377267066
3874168745692,0.0137391,0.07472421,178.62392,-0.052288152621318085
3865282747070,0.015924688,0.06196902,123.189316,-0.12875161274561964
3793529501814,0.023188034,0.040744346,40.365982,3.475309840154771
3999595344588,0.023100434,0.007337725,157.85469,0.5061271142965538
3396640361564,0.0092529,0.03339175,54.974743,4.224114243757166
3232825039116,0.05235668,0.021795085,441.4403,-3.0104410308871663
3061351689840,0.01835416,0.026183339,172.42961,1.0288069563300053
3206145597830,0.008240282,0.021165386,197.80531,0.564969206934679
3017544362612,0.020083826,0.022572553,182.20676,-0.026317970110982303
3209959340658,0.026495919,0.011123378,216.9002,0.27245087018807324
3476036916616,0.017756222,0.027159821,419.3352,0.1433094822570724
3461751313614,0.06675105,0.022079542,235.42586,-1.407606152267185
3474127815640,0.023407629,0.04090051,96.13743,1.9116331197200078
3377935584968,0.054899365,0.055073462,119.66823,-0.05771383803543205
3441742540340,0.027503029,0.021142865,183.52808,0.19636727221765948
3301410694916,0.030544996,0.05377308,266.08884,1.9933785346693398
3343321067284,0.014660367,0.06581217,142.80595,-1.205397450124595
3052456821838,0.036461215,0.025339952,155.01772,0.4123238682561725
3455058069636,0.08268192,0.04290003,189.71672,-1.5229606848111912
3486186041852,0.003319077,0.032367244,61.63879,3.314716610615826
3414744168244,0.026508521,0.026838277,288.4181,4.168694611301975
3007694490236,0.013564693,0.037292667,132.59843,-0.0783093831776067
3084855780856,0.032135945,0.079088226,138.11177,-0.768890344511732
3206783965726,0.0591533,0.05454456,248.34201,-0.20579026874011955
3299810471852,0.025282998,0.044633612,227.94727,1.3545202491839654
3602704666764,0.008106409,0.01885754,56.4106,1.2661352359330746
3514113386546,0.08620976,0.06490665,190.6121,-2.1495373801026836
3631285146596,0.033179753,0.08818601,216.28148,0.6891030921919338
3690353367002,0.029010292,0.035622347,156.41795,6.410774088211445
3971983022578,0.012625435,0.032551225,397.3132,-1.7974208508845353
3883723248464,0.030881781,0.06500715,297.33105,-2.073431170339616
3550337377640,0.09153401,0.09729646,192.50546,0.08591484132418614
3617332409960,0.024620349,0.06553656,243.79443,-0.8069310409815371
3800220174560,0.010607893,0.033810906,44.340534,2.7944067132347774
3856424389958,0.016023321,0.04710679,137.0283,-0.2713918205544361
3956447323746,0.066619165,0.03864966,170.72401,-0.3057226042880788
3696064695290,0.047982894,0.009100261,230.93213,-2.331926733350933
3770048997992,0.08084384,0.10842184,1888.8776,-2.5505556337401147
3759889039152,0.037778307,0.036812745,132.03448,0.9871509668641834
3968496907126,0.05964326,0.048238255,99.58504,-0.02340061301409524
3797688458054,0.024465641,0.0334931,256.41766,-0.2108895148186266
3939307216802,0.018625395,0.0018367913,36.067387,2.233781220414885
105897342724,0.041049067,0.030820983,172.43648,-1.0766166178187924
205608047806,0.08781775,0.09389032,78.59363,-1.966457563796905
399290157688,0.00915269,0.06510881,162.71893,0.9134582316498978
264348592810,0.035303466,0.02579841,249.66812,1.3096489080098348
248469216420,0.0046708467,0.04838912,196.92964,0.7975892834508996
89086246322,0.122733325,0.08947573,199.67455,-2.0376852849368783
225951125566,0.020156564,0.02856923,137.84267,1.6173997547355463
272937332900,0.007974831,0.0635981,70.59644,3.2860703906148365
417082945610,0.06457964,0.044990692,305.1898,2.8817263067262195
492027065080,0.049414206,0.043245655,204.29744,-1.2168435827161694
383433436368,0.012914604,0.025893398,203.4852,0.06786348601649891
38270347200,0.046038147,0.039411318,108.913574,2.637962610730117
160204881952,0.060864516,0.049323775,233.10356,-1.3779283342802406
211647179408,0.03436685,0.02589293,120.5853,1.3470517380884213
123700413846,0.014444073,0.028889872,188.51006,0.06353596782455215
47182831386,0.010717693,0.032946862,124.84839,-0.06476193722669465
145924042934,0.014032459,0.075770386,557.6213,-2.98903773208804
401526079010,0.005379405,0.060255248,146.8748,1.1092861369277782
412961763528,0.13151444,0.012219309,148.40135,-1.6792819643105312
419954889600,0.03504737,0.0519071,104.23349,0.4929395749358225
702198266036,0.018022506,0.047939997,206.14018,0.7349981892654527
802214293158,0.024656534,0.053719077,47.428303,2.2001049002270716
869216733838,0.01311439,0.016979272,150.38297,0.9521964183462616
821592110884,0.028638022,0.027011922,171.05225,0.9870105925743308
953367472620,0.05094026,0.03204819,83.34836,-0.8316394161080438
824153161116,0.03412378,0.03214231,83.3828,1.1032697015477362
933072676356,0.04486919,0.058428615,252.78363,-1.003044130314184
973065429838,0.006467907,0.028808251,202.16365,-2.061181455958787
497722114690,0.012628973,0.036927253,238.53267,-0.15678879405276225
585362221274,0.006470891,0.018980218,44.67006,2.1973368101496726
792698698808,0.03401638,0.03695149,574.2788,1.873937049298288
905412503810,0.03864625,0.049824312,238.5279,2.465837149840937
831759632034,0.01009975,0.037240285,113.37413,1.2889020525676063
572348337414,0.012528096,0.114218764,260.4491,-0.8494990326536319
583468795288,0.022649668,0.029105578,164.49834,-0.6465652406117215
769228275900,0.019729992,0.020255856,186.51099,-1.336877291186031
874321070958,0.016509064,0.01740535,114.1005,1.0409461192558036
797807042008,0.08076033,0.08317997,228.82697,0.12850106884542267
787966240512,0.002649921,0.046867233,94.793434,2.565506844770311
107528438318,0.057114422,0.03151313,291.0249,2.8591144045007466
39262042202,0.015359232,0.04409169,168.23677,0.23984781497840513
145637088368,0.016653595,0.015619353,78.57446,2.631818443569956
275808947738,0.040613916,0.04259221,200.93799,-1.9086164521293405
307260337010,0.022632653,0.06365561,175.49213,-0.04823017170733008
383445456770,0.07811759,0.05731553,332.0574,-1.6750265444906138
401241696320,0.03053625,0.032770228,120.60002,-1.0128181223303336
214559969696,0.043638397,0.03330039,433.90393,-2.5726659450410714
399342371944,0.047064684,0.060110807,296.69827,-0.5231816078944052
401252456740,0.027278349,0.046250343,183.13832,-0.9037634092513513
253928292910,0.015436427,0.028836507,205.66959,-0.02819135150614771
159289088698,0.02981618,0.024994804,236.44432,0.0794354017794926
25933889784,0.019720227,0.03030655,134.27051,0.7995822897623496
192639877120,0.028215287,0.058921516,233.46638,0.6507511341841578
148503589450,0.020564247,0.017376298,51.590782,1.198230167943089
205653687308,0.016914343,0.034415204,93.83422,0.5818766844441651
234880143248,0.03809803,0.029906796,86.0552,-0.18326736197167315
417450186004,0.01726919,0.051013064,219.49922,0.22559812471629787
447923312008,0.020375906,0.028806852,168.9646,-0.12528387137662184
722250685892,0.044304065,0.055575155,226.10683,0.20683978041500262
917514145996,0.011978369,0.021526152,197.21274,-0.17574592487856028
955942987016,0.004020818,0.049225107,141.84163,0.8444959304130781
897520113580,0.03066347,0.030208528,85.97177,-0.26520944802401725
794954602264,0.013636778,0.01681943,74.354385,4.5515534560103
892759053028,0.16304436,0.0713823,123.12334,-0.47557900516668156
683857074878,0.036020584,0.042195782,88.947945,1.8326214380542707
712115750334,0.029137582,0.034411114,131.63536,-0.5259695915843952
833405593838,0.025470804,0.01751056,150.76193,-0.1264083927988321
632397920654,0.021827836,0.03505281,174.74358,1.1511887240872063
508554864992,0.029696032,0.059332486,217.4585,1.1056321909058608
995632005626,0.019442162,0.03981903,106.56427,1.4171127557922856
760036071842,0.040833335,0.09152427,139.48962,-0.2826257070594237
958484030652,0.03714567,0.055837158,216.18709,-0.10785455762467872
777812001356,0.05914715,0.056208916,136.45927,-0.1939911314238071
908951693050,0.019108435,0.024383392,149.72362,1.113272416144473
617803718584,0.07398248,0.05775697,197.22055,-1.595345540400289
637485246388,0.0128952,0.026413698,141.10103,1.8496602502509822
598753476462,0.015602796,0.020192262,134.37006,0.7163363324757854
798464887026,0.03296017,0.04629017,120.91438,1.433508436639305
768949966538,0.008829684,0.028391337,203.63351,0.6107906616295598
941036206368,0.019536482,0.012548763,137.51935,0.8126987382084007
913411538428,0.08270683,0.06929161,234.94109,-1.6725457180257988
815627826676,0.070077114,0.025690708,299.70163,-0.9760459024412244
198303729850,0.056690257,0.028821578,250.59766,-2.1711144159650955
198617420914,0.021805292,0.041274972,160.43019,-0.6980864099808716
351349756254,0.034273442,0.062803425,241.85722,-1.9059543456625325
430414680830,0.029099226,0.029046487,70.51324,1.2552079667265335
470097776400,0.04248486,0.0673051,240.66269,-2.70022287869929
198632287788,0.027620666,0.020502372,99.42811,0.37051041997214895
213250002546,0.14930584,0.051992103,326.45624,-3.7431456460189985
289124983586,0.04471975,0.08298618,79.6699,0.6418917264556123
410732145124,0.07196685,0.0115558235,113.61495,0.6232051852856069
348835779224,0.015990369,0.04866232,183.00635,0.5730053726837432
409798484922,0.014273443,0.011012695,97.3416,0.8903725030406436
256421054342,0.04546641,0.025349949,277.79144,-1.140216232706467
94794025998,0.028311992,0.03044575,209.4904,-0.6656535005724074
3995833709532,0.014024764,0.05404812,233.79042,-0.6242976142689913
505338869522,0.028411796,0.051840287,165.8323,-1.7858446574663343
351985428624,0.049599722,0.07238365,120.75693,-0.6592259386876806
487569064050,0.07624706,0.06898369,129.81839,0.08435032519504208
78615374350,0.016069654,0.041032784,87.50937,0.24467500579595425
30980520642,0.021551725,0.04934046,175.64174,1.145451648512939
279289602118,0.011266985,0.03632254,65.556694,2.28769477657909
659971938874,0.05314321,0.05492255,209.52333,0.2582342154430766
530434891960,0.021798385,0.0290526,277.58417,0.7723467002919135
509785583870,0.07539567,0.01360784,271.99005,-2.2129493876572974
847302765986,0.016153129,0.023080198,93.74366,1.3527065904255855
617757427932,0.1382965,0.11039108,360.003,-4.674871315456486
533612864288,0.017979147,0.02936658,82.93842,1.8027446943019507
571087835178,0.08361997,0.092141874,169.50313,-1.6334508452556546
771452983574,0.031140205,0.0072841537,459.05646,-0.432302676034346
977504615288,0.015453026,0.029123059,214.85506,2.142420393098006
773669046998,0.035790317,0.038823392,288.06717,-0.1521976609193747
607898282050,0.04744168,0.051826645,255.01338,-2.6619031197128193
809533840218,0.013755008,0.03077714,91.17441,2.0708803262590685
708264616026,0.02353945,0.020080185,131.51955,1.3537350671863388
96730695928,0.042748503,0.04203481,57.410038,4.005027928649425
245643114218,0.031848237,0.036301125,79.03631,2.1690646931046147
296446491166,0.06645147,0.047108788,307.293,-2.477592128299496
315504999308,0.020937504,0.044128217,160.67667,-0.3749808879266209
474894822466,0.02826009,0.0464827,215.97942,-1.0250668997062902
354568451534,0.045939773,0.022296313,134.903,0.9893927225215359
348201949340,0.027791873,0.043028727,133.96732,0.29145458864152907
496483965754,0.02350223,0.059348196,67.71983,1.4121962601376623
31019654128,0.055663314,0.05400795,320.387,-2.2366193339349985
54200126732,0.094574,0.12744452,157.54138,-0.4052588221185457
44361442088,0.05053498,0.06447613,229.8488,2.569708593205932
321867772332,0.02053158,0.032463517,2734.746,-2.3321725292018005
394586430012,0.020551542,0.064771086,237.764,-1.2221027046292983
486041992572,0.038319312,0.04900758,148.14821,0.34772573892153213
137686518008,0.0033957118,0.048572987,109.47025,2.069654442474132
317416597026,0.013710534,0.11387836,222.19878,0.2584828581764302
407591446338,0.01620927,0.017737348,157.17928,0.09864418510665574
21822083496,0.017602298,0.035855293,100.330185,1.1836456091953242
254555449274,0.010691479,0.031258315,149.45004,0.7347343843811025
101522073998,0.033522885,0.026825838,123.55231,2.8277583588698523
94217703016,0.016047463,0.015769359,82.624794,1.810177028514154
227576531402,0.02250355,0.07857353,312.08932,-1.3744469526761496
272020737138,0.031275004,0.04620406,174.36128,0.5206592216102816
399360596354,0.03888174,0.055804428,171.73404,0.21260172964354995
412679527432,0.012727044,0.022665774,171.17508,0.8234690959051503
491742939822,0.0046522515,0.0154745765,89.37034,2.3370668794808935
270756202258,0.05687088,0.03883595,38.06703,3.8901540171720943
653664302838,0.11870029,0.045404848,166.09341,-2.610840984897452
504121984672,0.058807015,0.012594926,335.81354,1.3000706179594257
876244411768,0.014613607,0.025626978,60.201748,3.271562845618945
857198907030,0.024024326,0.020593725,65.858086,2.18260335152952
954367688126,0.025417322,0.07023648,172.51907,0.7982721161147024
855935052042,0.03656008,0.06944258,365.7684,-0.10899628459781906
976285817172,0.030533753,0.058892515,69.31939,1.5759773839020705
725432014388,0.01693264,0.030402271,129.65535,0.8085056642771251
604760076918,0.11472506,0.07314845,258.3899,-2.281189928789684
750187789418,0.015980769,0.05816696,170.43927,-2.112924405790521
815277977750,0.018661488,0.034485172,193.42781,2.7834905698499326
990544860702,0.06260861,0.09778523,422.41507,-3.048868842301495
787664977666,0.07483769,0.047251765,154.70212,-1.69280865233383
948959543506,0.03202957,0.03386718,143.6639,-0.7955971201245245
518743227498,0.043642502,0.036454678,95.5735,0.6389334728615472
813074262938,0.0048462553,0.032706596,42.795055,4.073036588250795
774974711140,0.036550116,0.06516046,259.63052,-2.1061064944811942
1384560136012,0.030694583,0.018460264,96.50903,0.09388688628749031
1020703408342,0.012886333,0.050798226,153.23369,0.2250903985099966
1153743381000,0.045557175,0.020641338,149.45938,-1.6135591757244112
1037520830988,0.0061193365,0.057113793,282.0676,1.6687831861416038
1306157039024,0.09533531,0.0721706,479.67996,-2.670987454067664
1094336929328,0.028726358,0.06273129,57.614002,2.863389774971001
1223564016070,0.014997749,0.03354531,183.74194,0.41950493427205804
1183254978088,0.0073337443,0.07949502,179.2452,0.5719966115221082
1261039489398,0.027878089,0.038471747,323.88553,-1.6533773527102116
1265805364180,0.026229998,0.045315836,312.5732,-1.008071404798069
1250877842610,0.06561274,0.041471034,119.403046,-1.3442467237942055
1007364672164,0.0070785093,0.044558942,199.1351,0.43513859685710715
1137553214628,0.06853442,0.029106382,80.55168,0.7253411375248744
1096268685104,0.006635339,0.036270928,51.223965,2.6116595985628406
1371566865882,0.03227217,0.04422449,256.42264,0.01502681558365948
1397266254886,0.075296156,0.041570805,221.86803,-1.828452685769957
1650316764692,0.029256705,0.06643174,87.625595,1.3213765760941591
1546491580600,0.009666947,0.0066837524,98.71291,2.2028987936667455
1975774739462,0.005033298,0.030218191,190.88692,0.6634916345751544
1727495570430,0.0101742055,0.034297023,163.74994,1.2595686600418985
1703057442144,0.016874164,0.027386524,99.98608,1.5601673624199193
1647156484102,0.07786134,0.010110098,386.77158,-2.0962778491992413
1538582813696,0.009140779,0.064490914,76.29915,0.24481789489123962
1758298287058,0.014318084,0.05014574,254.58165,0.1344822186743333
1749088215092,0.017177034,0.031139025,54.538822,1.9852231968710508
1860847066326,0.05513442,0.006691751,235.09966,0.27061558755558013
1996429290462,0.014549696,0.024284044,171.60938,0.1587218497072916
1502347457118,0.018641418,0.030900987,172.1591,1.5192613655102862
1598885053410,0.13050996,0.022883086,326.36273,-3.5770874654920912
1541419856138,0.08422419,0.078706406,418.23715,-2.6350271424325147
1759856152388,0.044662382,0.04065352,144.25082,1.1641760029930441
1753204486728,0.027598912,0.014746125,187.38002,-0.3406106567412534
1924343558262,0.04288274,0.059290275,248.21552,-2.372353811067681
1949760327666,0.072500706,0.0053961393,151.88846,2.3969691467291185
1934832352092,0.121613815,0.08640577,125.2564,-0.8888351956832358
1223616128040,0.025617827,0.036629524,871.41986,-0.5451155346638985
1345229084078,0.047003757,0.023434259,134.61526,0.6809936130241354
1223955823654,0.08626349,0.016029231,193.41154,-0.32585905254447667
1148387676334,0.045738176,0.054359462,51.355705,5.034219991835632
1429694041208,0.06270579,0.054279868,522.9046,-3.4356371285153755
1298559138480,0.021588285,0.037821557,173.65356,1.2237616487324656
1320156899276,0.023548953,0.03912873,217.85442,0.11170249698449464
1365889052696,0.061480585,0.03327882,226.21185,-0.39962772887052683
1077876237974,0.072530985,0.016249888,112.59138,2.7285939803209707
1082005711332,0.05684175,0.07769261,124.62146,0.5795785832890981
1092161009304,0.010998367,0.02406883,171.49234,1.5337920885993725
1206178282888,0.048255444,0.014350634,150.37064,-1.1439012878622943
1201733809540,0.011530543,0.029983204,556.53827,3.920006168022081
1145202347484,0.15593438,0.07165493,180.22289,-2.747617143874461
1151546523378,0.047603503,0.023991683,184.41798,-0.11099526612824345
1362397291018,0.038796134,0.054201145,143.01382,0.39303993128481174
1456367840068,0.011725649,0.05476974,137.86693,1.0664986534356702
1570336250124,0.010137798,0.0693965,148.79495,0.07967122566336794
1873253454616,0.020894526,0.0459072,224.70717,-1.037271756801398
1934217874546,0.07899624,0.047490798,153.07385,0.7519626625023149
1881513712350,0.00957979,0.096166395,204.25845,-0.08907012308039558
1566881027636,0.03741853,0.046080038,243.60237,-1.5121193822993337
1621176468896,0.028226787,0.04080238,159.38216,1.1001808219573403
1948849371302,0.124195546,0.011410218,235.88982,-3.2748726602626226
1948538529850,0.12178127,0.07650909,300.98834,-7.0368129329104425
1526528444720,0.02081829,0.03504236,84.16968,0.5652582855400724
1785934497866,0.060069244,0.11043804,147.99213,-0.519100516434954
1863093899738,0.015314076,0.0518691,111.81932,-0.6693103947768568
1772921042458,0.026610266,0.013793281,117.33738,0.7152272729186843
1931042398846,0.010959779,0.039479133,144.55977,0.44504813596645465
1699915154654,0.017011348,0.056049928,164.7492,-2.362674445123791
1579253069782,0.041239135,0.075396776,234.73752,0.18228037091400096
1618939819324,0.048585888,0.03816854,220.6447,-2.2205116460986636
1671016072278,0.07828035,0.1717184,201.57915,-1.5687221111454406
1660540835806,0.031732757,0.030747684,265.83893,-2.8424058038873685
1965356582688,0.036330886,0.054682575,94.46077,1.3228517885038804
1995526325190,0.020333212,0.07512109,137.39429,-1.1393383020135295
1171503790952,0.044849627,0.059687477,116.37268,-0.21809683370245514
1424887572292,0.019983862,0.04393361,169.02063,-1.14708846948631
1369944769656,0.09141189,0.059057582,210.32364,0.2858919406156366
1362656626934,0.016270727,0.074883156,172.12848,-1.1423771225323018
1020072781968,0.055987354,0.06030997,63.9679,-0.7166794108688248
1144856453684,0.026474616,0.010864253,189.7906,0.6249342561489166
1114039928126,0.018618116,0.02346002,32.538082,3.008683438194953
1226441051382,0.020770973,0.023879912,160.94965,-1.413234813469512
1359806556384,0.031159002,0.021972615,107.2758,1.6966434914165687
1286150484884,0.045677528,0.061278906,161.39429,0.6011044727328217
1405215923618,0.050690513,0.020318933,103.15486,0.6916595135417349
1504284432308,0.018746817,0.05303802,252.63562,0.05369203652857868
1103871301164,0.10138719,0.028355053,330.64078,-0.5637161431432407
1185473992060,0.009429642,0.021726113,25.94551,4.95660554495746
1495060149072,0.005643894,0.007743294,86.57665,1.8701319678016248
1448370447234,0.021483788,0.030051472,132.52744,1.205466641864203
1336615855412,0.055628434,0.04131029,102.37343,0.07463585664807276
1021642819162,0.010859835,0.021464245,105.44653,1.1626710342475195
1076259157108,0.009864036,0.028923359,59.546883,0.7538769751648119
1080385077690,0.019924717,0.06199792,176.90744,-0.6468845366111797
1040705384132,0.00909055,0.020247659,135.35735,0.6109181534914014
1178815748590,0.02773015,0.046689644,162.34465,-0.13246032027864058
1348694316504,0.0063309893,0.020908935,60.677456,2.7144244558668893
1326157956308,0.038909744,0.022699429,140.4051,-0.48263462589964345
1513495638464,0.09347791,0.047094595,664.8922,-2.493703068430984
1684607164418,0.037817072,0.095171794,95.75848,0.15389480235072028
1567441024878,0.04239958,0.043746017,416.8582,1.2318720087388524
1655390310316,0.07030249,0.044670973,193.62152,0.09864269217879698
1556655601370,0.018975168,0.04602618,164.36946,0.5683762027309109
1749398278850,0.023147564,0.045608774,187.20718,1.0318349199750045
1826877393978,0.005632803,0.018511636,75.31215,2.795702545590088
1842761155116,0.012544589,0.03194552,74.44286,1.1863960662327104
1530941925022,0.043787457,0.050160706,128.6475,-0.17733696763769047
1649996604408,0.05559186,0.022268469,125.39369,1.5352204161487062
1543958658666,0.0028908744,0.015148767,33.202534,2.952955866105033
1509027956024,0.13820632,0.04558916,508.62314,-2.6839886270526443
1769387576492,0.045584906,0.03886634,211.00365,-0.17083892580362403
1637643362188,0.03657704,0.0298984,105.835625,2.551670939420929
1558572416038,0.053106427,0.043780033,241.45673,-1.6120493359382282
1738614924640,0.039074052,0.052021302,309.70782,-1.5802279399118833
1817347032408,0.006589773,0.012863336,41.167393,3.4109841410967574
1904991246834,0.03584479,0.07999711,168.90465,0.5231420446110109
1016270404104,0.026662396,0.0149193285,172.14339,-0.3250957637613408
1219485018124,0.03238348,0.0347294,281.56937,-0.0034482968942964876
1047079042164,0.051776815,0.041695427,181.12894,1.0667589422093053
1077552747994,0.12635234,0.023148976,238.25452,-3.844780428169089
1440802481652,0.057531405,0.12404926,46.413364,3.0760220745162887
1472859049022,0.04811504,0.058692273,229.21466,-0.1934754622581062
1049625098952,0.0074868468,0.014336705,83.16821,3.388015591478447
1053130393414,0.011175664,0.020454919,120.30422,0.7391003998104784
1019466848468,0.032079317,0.066531464,145.96378,-0.0932694580077405
1152518362600,0.018246746,0.0323813,169.24144,0.8998154743677067
1332535595088,0.10422147,0.051254936,112.737434,0.1412630325580111
1512265044974,0.043348473,0.06409985,223.74585,-1.5329090465083581
1112479620530,0.03413457,0.08900268,422.24933,-0.44226309743455877
1032146406276,0.050150916,0.06442047,147.58337,-0.49697514759370787
1355062230420,0.037648823,0.016754508,436.68698,-1.4614288569674887
1457317580800,0.019788057,0.034317207,180.55482,-1.1239356837688397
1175685303244,0.006697836,0.06817879,160.50256,-2.030523577309408
1019792130876,0.11769098,0.04549765,147.41367,-2.6751739925493485
1446531677790,0.10028668,0.03382214,380.095,0.3300496961482553
1388117524082,0.009518514,0.026661536,268.69754,-0.3285144586739538
1604636148292,0.02206079,0.035835337,350.24576,-1.0741029309291346
1513190817088,0.017510718,0.02691735,118.41314,0.14176016803397723
1520496196622,0.019957492,0.034101978,170.88464,-0.15452475568077823
1541140717254,0.022163598,0.10384194,205.86519,-0.5044016464637165
1545268981182,0.013211089,0.02702481,42.801746,2.715488208501716
1711016160204,0.012897783,0.019054156,94.50645,1.56307697226281
1921515564394,0.014985625,0.033030972,146.36331,1.5845382788815923
1955813042804,0.020661457,0.034752477,173.88983,0.7969844336933074
1606561050524,0.038970664,0.010404354,186.20972,-1.5301707011023933
1860254868566,0.002940337,0.063564986,247.2339,0.9866039606977108
2016486150006,0.07625164,0.039590433,131.0109,-3.2754653738416852
1686232162322,0.03782952,0.035766546,146.84666,-1.239459287169923
1637667730478,0.014069931,0.07452459,228.21996,0.8127498142946407
2001535469370,0.078356504,0.015904658,149.71178,0.42587731416587965
1889779845604,0.04786923,0.05382635,196.37794,-2.6401497473415168
1968522638654,0.018218169,0.03500882,135.22865,1.551227897123635
1588151922894,0.014461911,0.020295767,131.11537,1.6844051840897118
1507820875028,0.016464433,0.032814886,141.08144,1.4555124987145551
1731974799988,0.02246588,0.035173118,296.31522,-0.2765531758694414
82804314748,0.048056122,0.03547095,87.967674,-1.7931594065860799
226008581602,0.03648056,0.075757936,157.57605,-1.0136641436098173
2463036290,0.038840305,0.024280466,209.72107,-1.5683534230590994
23130690108,0.10294624,0.036411382,234.46725,-2.6500761071818295
107911755646,0.051826075,0.043742202,135.59633,-1.5125213206457553
238098810934,0.058251057,0.037004936,162.39888,-2.358225514649953
204441237610,0.0033341772,0.04767369,94.61832,0.9388816632093332
324444872450,0.02699796,0.04510967,105.532455,1.085576954123656
322865286238,0.019641552,0.016754542,152.2957,4.100703120367086
328263806464,0.0132377865,0.03529098,94.23764,1.2000410001181652
423516732012,0.025145007,0.021444809,172.43285,0.6352157575089868
29771496318,0.03978286,0.019174868,101.667885,0.22251514421757343
112973428918,0.013565076,0.029495524,102.44155,1.2602541703047931
109164172092,0.023241876,0.05486999,215.29642,0.7160824788202501
108212897716,0.01921084,0.026474057,287.60944,-1.9686009344564033
247904611242,0.016450355,0.04901106,209.64058,-0.44493703110221056
282832618738,0.05922329,0.07007267,198.48268,-4.369889762544184
346336568556,0.011557196,0.037856936,78.083626,1.6564441994681247
416522348420,0.018182922,0.058637977,68.10277,1.892087878460216
219683408814,0.027367674,0.06325216,238.15666,-0.7542006829940666
163786331996,0.016047336,0.013404283,105.34283,1.7506133660138936
239684800962,0.0130251525,0.058348704,184.53192,-2.265755024004374
583538772664,0.032643154,0.050918452,124.51593,0.1731390348948738
594330900840,0.03272495,0.021487582,139.0745,-0.06389595680903226
782001373558,0.046781164,0.056770317,462.28796,-1.202319290863199
774376483804,0.021934818,0.043003492,245.6861,0.36002601127322453
676562407498,0.013872929,0.029956238,116.1097,-0.2747749113132626
784517872244,0.047978017,0.070846476,272.844,-0.12495832841856969
793733840202,0.035803214,0.08011013,226.32065,0.03305957757383615
553701898820,0.10790475,0.06811652,190.72183,-0.05706883567383847
531164278916,0.08784952,0.100260966,392.51617,-3.271363819721725
897577721950,0.013813656,0.03672792,188.56967,0.3205639673806543
981084072002,0.011575903,0.040708072,73.52203,1.5050606546634717
188251321056,0.0055884994,0.00784012,134.11633,1.2841313281501305
51410734702,0.05698843,0.005990716,214.64877,-2.0335368120763873
117460565350,0.025490912,0.023750918,81.046425,1.3236091520153712
285413953320,0.038552597,0.02026782,182.63905,3.47023681250525
432117138616,0.007991111,0.062475674,200.57057,-1.2928790654307418
470225889684,0.012825891,0.027065996,209.8007,1.3301032401825075
284470314384,0.0447392,0.0514779,46.97618,1.2186474143570774
235595316806,0.021856181,0.09453355,201.9045,-0.7836952536563929
70482649476,0.022073777,0.025695555,72.736015,1.0000445110058807
373076688792,0.058529742,0.046215743,219.29393,-0.7560783203103835
471825408746,0.028109418,0.011954632,112.19755,0.24120049569493965
363875262388,0.019789288,0.03776915,164.53827,0.7755806130219887
211115711000,0.017530177,0.035704274,96.06991,-1.6196708468906402
145401923116,0.013623294,0.041669466,335.27103,-0.05241615531160637
468628589210,0.02136317,0.054995835,233.37773,-1.829305561726971
280345932356,0.015647698,0.015072584,233.58972,0.7841643501905502
473713343912,0.0032471241,0.050991196,176.80327,-0.601787097418791
473391112822,0.0077064713,0.017084247,84.19638,1.64870609008315
409257994808,0.020885905,0.07679318,283.4896,3.9255479599761784
430218246078,0.019603789,0.02626486,178.78308,-0.11141031781180061
184789976454,0.02122434,0.040516775,59.600163,2.7370193500819546
269251934888,0.017566513,0.017944647,190.48502,0.623100573120758
404832824548,0.09967288,0.06473659,273.702,-3.4503590672714903
748989020150,0.12958764,0.07937285,326.1009,-3.537055027896912
1002702897516,0.11736277,0.022702046,179.63979,-0.7877443479676234
640739118902,0.0072807,0.033355135,70.05258,2.6760933775749467
844280401228,0.04313015,0.014682548,287.22736,0.46777073437201866
827757996202,0.082080305,0.13690485,251.9086,-3.772652352929291
684535334698,0.026591076,0.034548182,203.93694,0.9414098533154287
882348203202,0.03830526,0.14404485,179.014,-2.577673759382317
841402763968,0.01255911,0.03299963,244.8071,-0.2781998230841456
896021319446,0.0058513014,0.018056555,89.14129,1.6035945528779334
628354177542,0.030103127,0.04189756,154.79504,-0.6529687037945502
656615246684,0.039124016,0.055948354,230.80237,-2.3934346995302542
562957203682,0.048280068,0.052556835,272.9176,0.024206992801476757
596618532376,0.07367491,0.025066318,369.962,-1.0778382421254724
561371494798,0.013331983,0.028490653,51.389507,1.682892669526367
1000486987646,0.011628189,0.036299266,93.31548,1.9200691745974794
886179283970,0.016041115,0.073760636,111.51576,-0.10596500747653187
777595256214,0.065461576,0.02957037,65.28379,0.5522976672644915
813163418204,0.011865984,0.04761793,94.0387,0.6900432145664203
841745888178,0.038243894,0.05116507,137.28853,2.16958734912936
915092730812,0.059772544,0.036485046,334.6673,-3.4095702728256247
950329261184,0.07068432,0.034121383,57.372814,1.9333336368634448
58358277266,0.03457682,0.072266206,235.57088,-1.2787367508471512
224739185208,0.018841822,0.017586796,118.25331,2.2394546997164833
109789058158,0.072919406,0.010213395,93.38207,2.458688640576561
123769212466,0.017177738,0.032046687,136.23085,0.4498766259189745
401593038352,0.028021988,0.02270221,246.22212,-0.2628671188872763
339047318820,0.06663415,0.03512662,131.24158,1.3484084962561274
245384764336,0.015692208,0.03914418,118.68353,0.9154582720381096
177760817030,0.026014298,0.047931924,354.14944,-2.3820749095616023
485434823982,0.02584934,0.024422772,207.87622,-0.0075394508018220945
420344685848,0.013237123,0.023051703,166.46812,0.5340976396085984
7543663194,0.024675282,0.051242054,207.01595,-0.013343175803149143
58672598074,0.090570934,0.026749903,190.80235,-1.6697284139629294
86933667164,0.011399822,0.028840927,147.1196,0.9221421585590589
107891877476,0.026731353,0.039569996,217.11012,0.3043815803700288
261239573048,0.025473349,0.052113906,98.49493,0.9826544128183947
221253799910,0.02136649,0.05156629,244.55405,0.2856007964583407
82510109918,0.019655006,0.017666284,82.641624,1.293675659904323
146654088600,0.044142265,0.06387223,98.93231,1.6132167379707412
460360648614,0.13088898,0.07842419,405.25476,-4.142778369439904
599093829984,0.016328227,0.03570536,155.80714,1.4087220767818214
848342392790,0.025577588,0.026605159,171.56805,0.43843818695440623
753413967838,0.01130527,0.032680742,144.10829,0.7109999927308286
564824751790,0.0103625,0.07731082,264.3123,-0.3154061720825124
895669151086,0.015457724,0.024605291,107.264465,0.34515465419127794
808039553568,0.0070481845,0.013825599,67.433624,2.862980441428717
826130054702,0.017974589,0.04536728,251.68994,0.48896962217752926
950278963600,0.01776274,0.0247332,120.80779,0.3370362196929302
946475124382,0.03156342,0.10576303,133.8745,-0.9339326048975172
552741555338,0.019534685,0.03308254,274.5514,2.950836641373985
579403962932,0.09683188,0.078889295,391.7815,-2.885995823022112
580999953850,0.046625912,0.024317577,129.57513,-0.46913620638335807
571791546702,0.022209546,0.049821537,158.89847,1.7011494853251192
915014512558,0.04939703,0.06369457,204.42549,-0.8529103421904289
839454529966,0.014654418,0.017779687,154.70721,1.049141951143997
929950275196,0.045853097,0.05192547,223.96803,0.15954117231430093
879771834246,0.0477883,0.068090476,71.764404,1.0935652525044053
719446283356,0.019889362,0.10306047,133.65714,0.7384902800750657
520992907922,0.100946315,0.026019096,121.5648,0.2337953164357245
772152461466,0.01373661,0.050438464,243.19594,3.733769002950569
921084915278,0.026166448,0.048574105,155.86852,0.0342104212563466
24732052920,0.046454567,0.020959947,50.36503,0.08920886283574203
19341773036,0.11344571,0.046820343,136.06116,-0.7725910901084367
191756519196,0.02429414,0.03033875,82.3324,1.2838676943923586
400987934878,0.015118606,0.05968551,78.83358,2.149461108592792
411167071598,0.03141293,0.049281396,112.855385,1.431376630550854
295589288394,0.03570032,0.0733232,113.3653,-0.7460151894261936
80315540742,0.049089387,0.04639074,209.2064,-0.4282576384334347
222885422616,0.015177159,0.012431288,130.7618,0.8451806657751522
293702286394,0.033089917,0.007643059,142.08084,-0.3706699927913487
35843564992,0.033080842,0.085868925,189.76953,-1.2091520819769872
133021846518,0.02971697,0.03901687,160.48781,1.8274871474902428
281606263732,0.011538884,0.019484038,165.85718,0.13609113867369713
387026607736,0.0733971,0.09346299,322.03018,1.8532173014515778
31114105504,0.020454265,0.01824014,76.83614,-0.23877766472612438
52067225366,0.0389898,0.044982202,170.11197,1.4851337897781114
299401847430,0.016109243,0.06208066,296.93472,0.3789695932531114
504524556208,0.024547264,0.046962168,265.00717,0.09745745746769374
271156024490,0.05232587,0.045299284,122.41234,1.5077053805004426
481666342034,0.0028526518,0.027098462,115.0432,0.4169319917225079
300053318762,0.05322835,0.025790134,180.69907,0.4386282133143812
264804818994,0.007039195,0.051759604,114.967606,0.6391885518788096
377208159070,0.011087016,0.05590431,272.11444,-0.5309070342275772
549606774728,0.015375613,0.0475362,168.04007,0.2369782757175548
621997101214,0.028465306,0.04171153,277.3904,3.142334734532654
580718922522,0.10673189,0.100755624,191.11964,-1.7661512518519824
784561192144,0.026874103,0.03192198,136.88776,0.6166568435993688
828693499192,0.041756008,0.015314784,182.09853,4.033577653724068
959512898794,0.008515651,0.11548778,247.13187,0.5901440371577071
589306401124,0.028278807,0.07228024,283.91354,-4.35879141656356
1006837312926,0.022030791,0.034625087,118.15521,2.1060720681328675
944617076830,0.024733778,0.04455723,258.49136,0.024303406969912955
535937969692,0.018484505,0.02231626,374.23703,0.4441718995157862
714703946604,0.0072345003,0.02159999,196.71277,0.0499941946136776
624541597552,0.0232817,0.068255484,171.00525,-0.9631639842936405
784877353098,0.04330175,0.023380596,95.111176,0.7827878059468198
629941679500,0.010963394,0.024741292,370.43118,0.29019883804862756
569930173298,0.019068126,0.06561011,166.55768,0.8007435323040291
630591991232,0.013850883,0.031150276,75.90968,1.739382252126298
811887493966,0.01665114,0.02253746,121.370316,1.4505359417687251
912864347900,0.08945,0.1173038,275.34818,-3.8648789770215792
867460373846,0.04466418,0.021584243,168.13556,-1.405749144407352
943663410138,0.06687704,0.045992292,297.45963,-2.178903709941208
1179206292790,0.08153532,0.08820128,289.4165,-0.6755850346549599
1242704774518,0.031561505,0.028284848,208.16592,0.7207903714433838
1407813234868,0.044272404,0.028828492,123.845276,3.5040196828202013
1278911152276,0.09410365,0.05988558,388.77835,-2.0679305870737794
1418294645124,0.045095798,0.016873265,164.45413,-0.8294248653939362
1111265984532,0.0076397792,0.022472259,64.75682,0.36517142587808216
1114451944360,0.05581211,0.036438275,335.8752,-1.4767660768687219
1086823295372,0.050441537,0.013545045,221.49193,0.5656882151615719
1015989776002,0.033861175,0.020416839,183.87408,1.0901606337486907
1454802742834,0.015062628,0.023445593,335.008,0.6612833818879007
1484329733928,0.10232024,0.03940946,421.01318,-3.9213696521766686
1420824071060,0.023324318,0.050792117,217.95012,-2.605642172441545
1364003010332,0.013717444,0.032942384,191.46608,0.1681345441291105
1020773087926,0.05134864,0.061763454,311.18704,-1.1480971218767293
1000449263502,0.029777965,0.019178584,169.92885,0.9556616793194838
1091904272326,0.018341497,0.054676928,147.4251,1.7480985693939222
1247812109934,0.11153385,0.10034502,306.07703,-2.7484101639517675
1335759783302,0.06884418,0.09556652,341.5893,-2.300062545775493
1718666019190,0.03264848,0.018242272,289.43573,-3.164811234552373
1738360776748,0.029084928,0.027631588,62.408684,2.308339195690971
1584982212830,0.030977663,0.045646597,118.364,0.7992712892020255
1658332054176,0.02017171,0.08223325,159.05086,-1.3833948838194106
1964740844494,0.013047864,0.02603951,135.7073,0.669663339394641
1505312361282,0.029622845,0.032938864,138.27127,0.19299163281558776
1646284916478,0.023152215,0.030649919,190.174,0.18127673683423834
1665972869976,0.010208078,0.031801995,219.22206,0.1834283519022678
1736785247716,0.0061045396,0.01446302,269.19418,-0.932165172873198
1640898542410,0.07439473,0.091557875,201.73636,-0.13452419200064503
1898080141220,0.03442948,0.072798476,159.41708,-1.2266060456016517
2000648273530,0.013324249,0.024353357,134.54344,1.850582113142784
1670412481610,0.033053495,0.08765789,299.0772,-0.5033218800622646
1827266227080,0.0049149874,0.10204202,138.90486,-0.698519003684524
1931095418842,0.009628911,0.07014788,241.36603,0.7602675242262186
1881230818762,0.07735484,0.036588475,74.195366,-1.1965538705501775
1847898325074,0.01411279,0.026055854,166.6899,-0.6924913684521672
1926644897408,0.02931015,0.06450372,286.33215,-0.6271553051180999
1861244269572,0.012559837,0.017893601,101.92162,1.1963162993806933
1934280749232,0.016276566,0.052071895,192.99393,-0.77246600894661
1920629859250,0.025812,0.04086165,163.83284,0.19960924308487682
1946033072102,0.0052553453,0.0092967795,34.203598,3.5254654448047997
1186547934800,0.007839638,0.014874288,42.748512,3.8374422070293197
1463727900650,0.011522998,0.019443396,36.42069,4.902901145322285
1311339695956,0.01034148,0.033824228,21.146008,6.856251740202084
1469132924518,0.03624038,0.061648883,177.8457,-1.9236808768328122
1480573144882,0.02549493,0.023690777,219.56189,-1.240604589912522
1342435364074,0.0508981,0.014743454,132.75386,-0.6641214151909673
1389112568498,0.014156485,0.08014658,219.5597,0.8230649972397928
1448805698300,0.095569946,0.02465505,99.90077,0.7282899984062172
1301803387990,0.07777251,0.07150373,289.33337,-4.2675997980392335
1373882570008,0.03176024,0.033211324,227.40862,-0.3683334222443633
1204351157706,0.018541366,0.04692927,259.62662,0.599662643703419
1420571591832,0.009314333,0.02668991,36.382107,2.9934140127113658
1392949544794,0.06995072,0.04768754,312.9061,-2.3238137032218216
1381209998490,0.049139984,0.04206997,175.85208,2.9500001576059667
1380565030670,0.02282693,0.07181698,296.791,-0.0432978583198842
1426930434672,0.035177395,0.036919136,227.60028,-1.2727297031008686
1554557748122,0.113661,0.03237282,320.6749,-0.3310633171592624
1661229575060,0.02106256,0.032071292,129.38754,1.173905752638523
1574236756216,0.118445165,0.06225636,267.79532,-3.0067585432218387
1829220284700,0.05259883,0.03910587,288.52603,1.3364518934837466
1876209540766,0.046917684,0.052391995,190.66205,1.4102163735633158
1955271617368,0.03423717,0.050755437,199.16144,-0.21466497636338736
1953664412872,0.04221261,0.052950807,115.86782,-0.07966626078784445
1912078012246,0.043664318,0.096686326,292.41272,-0.47109527368766807
1688240271378,0.0049440986,0.020665066,187.8974,0.8755211589575114
1538683514384,0.0041051917,0.017928753,76.04371,3.336269330786549
1892729880940,0.08211961,0.034824543,345.75314,-0.12868724862265518
1990527427340,0.05818727,0.072921,278.62842,-0.6320732932361389
1490367227520,0.024084369,0.025754271,184.37132,4.159423948733917
1464657229492,0.01288382,0.013657451,309.85318,0.8696250842747174
1052521310000,0.034946196,0.1311611,203.05553,-0.8590940600773932
1176047627398,0.04905555,0.038013395,139.8027,-0.5251371108369939
1011881824542,0.08941334,0.026234785,175.62859,-1.2888296403878228
1129687666586,0.020925041,0.027164055,54.49018,1.958845462617805
1349726581874,0.02007567,0.048341732,277.1985,-2.8542375557115083
1324335617276,0.006700254,0.009298505,133.51497,-0.0871631249278198
1137921642706,0.08278686,0.03919895,509.9329,-1.2650494815119948
1009965719266,0.01886216,0.018262196,61.55049,1.46228787384648
1128088325660,0.07858026,0.023213107,135.47078,-0.8820742674783312
1221122441306,0.04794467,0.14035869,398.6345,-3.997815532021588
1366543274052,0.016632339,0.01786171,210.78484,1.3236443461594076
1419889708274,0.0945065,0.02360976,209.13716,-2.6262839647285525
1236998919122,0.08369439,0.03168354,225.77692,-0.6106228262933092
1101422617348,0.042515326,0.052043885,158.63988,-2.5205942592652173
1126829131594,0.034566075,0.042780627,335.41095,-1.5066460644146282
1199546830990,0.047566142,0.034579102,253.22804,-1.7329299449237072
1422751672778,0.007942362,0.045525726,141.26027,1.5490507192329894
1612609201848,0.056166608,0.066421136,238.99257,-1.0427732255150168
1583721660268,0.05431917,0.054755148,230.65433,-1.7516482175580328
1577689082628,0.04675155,0.108791225,246.63496,1.8355096160973599
1623417884630,0.018885102,0.035015665,172.5672,-0.08718281879167966
1657057592726,0.0513266,0.02765633,398.7402,-2.0263338413145386
1659931450688,0.009392929,0.043528065,82.11018,-0.0620367757807081
1868217917230,0.03779283,0.025964795,147.34215,0.28649000915249745
1877111097872,0.010794771,0.05879715,142.23647,0.958089546797545
1743771347274,0.03988674,0.016666638,200.06425,-1.1226034037896773
1972694924792,0.027587917,0.06370614,260.4659,-1.2097747405194204
1788530175562,0.047942486,0.06789171,81.71686,0.12210520896232674
1778371829102,0.10530645,0.017173104,180.27032,1.833160699089412
1930477668342,0.0088081015,0.031790964,87.06272,0.9716008720650017
1588161600274,0.07693823,0.023404134,103.92096,-0.035017272379494035
1738042884610,0.02697762,0.04018199,273.75482,-0.15133586033936508
1897423055746,0.041285574,0.016655171,142.74962,2.0412295002846474
1956801311742,0.07843549,0.028965,81.67322,-1.4930742595504765
1696775036848,0.05240915,0.054185785,130.07242,-1.57947635136378
1996522257312,0.061591063,0.048020955,273.03873,0.8507988852741994
1974918877930,0.033836413,0.03792659,136.58035,0.8091776440906608
1880615614144,0.034735754,0.020338494,143.26785,0.01634741208073584
1747262808236,0.037815504,0.046961818,148.37543,-0.11117290039224481
1207811067882,0.06302773,0.05374942,183.27121,-0.4176934142569978
1127491964800,0.011291272,0.017819898,121.669365,1.8580414977687578
1109708854910,0.06437763,0.030925713,173.85107,0.38530753683857955
1197355966132,0.011564898,0.06634815,139.33606,-0.5151428040336563
1151949018636,0.006802145,0.02352498,106.47782,1.992295472123657
1119887285064,0.008581731,0.05346948,162.3834,0.6150466550195461
1231011852488,0.026984988,0.04838171,188.18184,1.8316697352193376
1275461551834,0.019356132,0.05481002,171.37271,0.3250122371368273
1335789621646,0.014597633,0.014895181,123.26107,1.5847654068954522
1302770968704,0.03330018,0.0432244,144.77834,-0.08532150594253238
1337069353138,0.017677732,0.028045481,347.4769,-0.511877934508456
1340566055112,0.037753623,0.03031236,124.91289,1.8988915906156518
1470395926106,0.011525641,0.029695185,105.12796,1.8891725991512756
1291633931292,0.025543991,0.03269055,267.13724,-0.9705148297012711
1143370335020,0.055785026,0.035275653,263.20117,1.8069172801725883
1132573823638,0.009913316,0.026740557,58.028606,2.054427468058871
1177033906224,0.022602191,0.035919547,137.11462,0.1483467685264794
1056698942478,0.012360382,0.036549147,170.43114,-0.9857866313079966
1086862636602,0.02503583,0.051689517,239.08794,-1.4192671566397514
1052257971580,0.008906539,0.03088485,164.96902,0.9686087921592796
1042412735358,0.010788709,0.028742911,273.55063,-0.6551546755299698
1686000169424,0.030705744,0.039972626,181.18935,-0.467868772717842
1680282037762,0.09419528,0.08505503,136.35077,-3.0472283547163683
1699975081502,0.008569814,0.011695559,171.61438,0.9278756970265629
1666954160944,0.023238888,0.04605599,190.36636,1.1617812388136195
1504062772708,0.021956868,0.06726201,176.14465,-0.2874054840681924
1678069680478,0.12396455,0.018170256,68.42134,-0.17941576487633726
1883506479972,0.03444381,0.055066414,112.6306,0.12170791808620207
1793631991636,0.024740182,0.05916122,121.71551,0.44427293900512077
1933037534354,0.018142588,0.0047438284,205.00693,-0.35964385554671496
1560595394162,0.029221443,0.09732635,235.84952,0.6691817714074358
1573609505452,0.0191812,0.024660572,148.04543,0.8820257148694837
1589171110428,0.015969688,0.020130757,118.19253,3.6268394297186433
1515837623190,0.10703494,0.09998407,405.81738,-3.3011377233579298
1631091158686,0.025341626,0.02203485,213.89938,0.9471600907180364
1671091296014,0.037617445,0.117307,943.4355,-0.7465643226194572
1665060356266,0.0056463573,0.06699626,267.10974,-2.6477093285137867
1879396183932,0.013679778,0.024519296,140.3138,0.8355116615483498
1618712315680,0.011289692,0.04413695,43.930996,3.288054470503685
1850498992188,0.07856389,0.043261793,405.8236,-2.7968482774663745
1803195115058,0.037213273,0.025993956,48.705395,1.2513216727170422
1885102095756,0.096052304,0.020559167,380.82495,-1.5515312839563338
1931145645768,0.020678248,0.043731034,155.714,0.23540043552252363
1888289542850,0.014130018,0.03169713,186.92204,-0.32348583437800454
13195973872,0.03751461,0.04804149,182.01834,1.7888722537509885
68117182288,0.051492307,0.028252605,308.12994,1.9301147257972122
81456752056,0.049816016,0.1082649,359.44046,-4.392872188267363
106225303240,0.014499837,0.08750372,135.16188,0.6619947117363738
182748530390,0.032566227,0.017517861,54.075012,1.6431945832473946
411680196990,0.04205381,0.075167105,139.71425,-1.1960287959378735
353571517702,0.013690277,0.02361611,200.73152,1.0573301349544852
414854793374,0.054444738,0.067218654,174.35355,-0.49310123386810056
51632853564,0.14666829,0.05026281,150.76288,0.036388472451394566
103389621624,0.012512245,0.030663198,97.43459,0.8110964523448793
208800465714,0.019109644,0.05446179,109.28093,0.18756190836041983
235465897192,0.05878443,0.020287026,237.67079,3.0259407050545044
171010320052,0.013846981,0.022612428,124.40781,1.196328073035078
191974678296,0.02093795,0.06585101,115.651344,-0.03136994588017572
358025290462,0.053744413,0.03512757,120.11062,-1.5380159111490936
250371495754,0.014850063,0.03481101,124.35598,1.6526725335124346
68760136216,0.015930751,0.025434239,66.89299,-0.24900269576268896
199571446956,0.059601843,0.06049064,195.26147,-2.1332181284658693
203379393818,0.0064121075,0.055749174,117.45001,-0.19031454321146968
435482556110,0.010090947,0.038229067,155.25131,1.338720971787682
362776953602,0.031083254,0.091741376,181.02267,-1.098120463070519
474544674140,0.018543942,0.024264844,160.69261,0.061676714582822284
10667508134,0.0127969105,0.0107136555,28.187351,4.17093261795376
15120726336,0.026049273,0.06280074,191.88329,0.3399613191304346
109421747500,0.068863004,0.09118324,178.58997,-3.674211493579963
158634273346,0.020145146,0.0625307,238.06064,0.7356000666990046
468853782286,0.11265511,0.018852334,385.57663,-1.8820308718770429
316428886798,0.050467934,0.016644599,147.36255,0.6360872574684349
632358411592,0.020460358,0.035655018,187.27121,0.48032238781778436
745388400246,0.013233465,0.026539555,58.188763,2.0390445952159983
540264306690,0.09307232,0.060685344,159.4292,-0.9470925343943167
607895814936,0.017984023,0.022759479,164.78227,2.7104429642143377
949235006276,0.010674344,0.026672343,169.6155,0.36409523704940516
562836651760,0.020001274,0.054446496,253.9939,-1.1650106239098095
527264861762,0.059590902,0.06924111,158.05147,1.5705102299030658
593955199914,0.053688448,0.025139796,238.16096,-1.550132488054559
787950445228,0.0075883768,0.022790551,267.22928,-0.14280982176173285
994341796578,0.026066601,0.019379826,193.42761,-0.904395190376116
709831629942,0.029920122,0.03621517,152.52538,0.8087088368388359
773966260534,0.011358199,0.026169583,165.43759,-0.06430973802975812
993693956426,0.010719569,0.010582216,57.294445,1.7619206332222412
585382438298,0.020187909,0.038770054,48.974804,1.362691392813087
550758722650,0.11614584,0.10921847,843.7721,-3.5431666169992226
209780871710,0.022007247,0.033449832,63.839127,0.9722875994003359
70070308364,0.002535654,0.038239423,115.29035,0.19334352534602095
57046343678,0.009632172,0.013006916,108.59034,2.1595961973803224
247864421918,0.01463067,0.020059647,63.446106,0.6725990567355049
248190182284,0.02335454,0.06701056,70.770134,-0.5409926165086434
128819320524,0.040770676,0.032388136,68.22065,0.4197068890616241
70410205990,0.020461362,0.09724885,214.74043,0.20850365891534775
225039069216,0.096985936,0.015217583,354.6567,-2.7213359184252623
325044664636,0.037541606,0.047335908,162.05968,0.3094178979777779
335525092846,0.042228494,0.05154488,154.08644,-1.6022368243991563
486009287012,0.04590691,0.014973646,101.89385,0.5504666339860285
299305184374,0.009014001,0.032648347,170.41704,0.5546298371744215
251674916736,0.0060068555,0.05296975,164.5833,0.8977483553305968
195495548304,0.034062482,0.029972728,93.839516,1.6778790653008757
350769354340,0.016363453,0.031785097,189.77254,0.7794094873795443
369827307862,0.06840226,0.11019978,218.18141,1.8682521927628124
448881271112,0.019234952,0.053888906,265.87552,-0.8015209226616721
454273038366,0.049918853,0.027284257,234.14099,4.23759359938096
542206848712,0.0850973,0.042403735,231.06325,-1.2507648142409877
731156851258,0.021558551,0.018359497,121.79415,7.445156165290015
654326687698,0.017884318,0.03350268,147.07617,1.7393178475753084
713386366788,0.011239325,0.019676737,204.78383,-0.16657991532980615
773390161156,0.012274857,0.07060436,156.49117,-0.33458417725212725
967401433596,0.015878791,0.039022148,259.55362,-0.47349252813884485
777189515426,0.086597785,0.081906505,518.4494,-4.631479505888253
989614755340,0.017680395,0.017802183,39.76134,2.635892046778105
884836154160,0.0052265096,0.09322514,166.36781,0.34496439446857274
678422878864,0.044729225,0.005585153,173.30417,-0.39125949851529174
665408969492,0.011325963,0.044041384,143.62337,-1.0944230299247983
574280074862,0.03473117,0.02085399,223.13527,-1.560362004687529
678752117894,0.03297198,0.057339888,169.83203,-0.14070060297058767
681607429366,0.039413553,0.048120633,123.78643,0.5256214773991168
873386283080,0.021745326,0.0106164925,56.15457,1.8619734992863846
666706870166,0.010796157,0.035787154,149.93822,1.5791507030145953
635260773590,0.0132403895,0.02803121,88.00841,2.4036206309249897
654317038698,0.054934647,0.015383915,170.56635,-0.8354709395661675
811171766956,0.022989029,0.011386927,210.0694,-0.6909585588733776
850556544702,0.02422437,0.056526437,189.80054,-0.25486824586632495
812443662366,0.12476882,0.039512344,218.35686,-0.23296409574226112
775938084992,0.07238096,0.06909971,400.49728,0.5318792403203214
99549573700,0.014609447,0.024772128,33.256332,2.4298598561586617
208460319766,0.18309452,0.015993685,122.558426,-2.645246685699078
153839370712,0.017523965,0.026458634,159.64168,0.08806784561220582
191003800930,0.06088321,0.027070232,283.3884,-1.8907664980033472
443107574148,0.04954482,0.027613083,213.17749,-1.4322987495167963
277369921326,0.123122916,0.05466915,241.68314,-3.4105657751070977
66234870680,0.027808137,0.03277979,156.35898,0.6404267588191227
49726224850,0.031360764,0.029287433,192.07205,-0.5115940718602535
159270725708,0.05183149,0.022755744,192.13597,1.4994972143472225
275785748832,0.00962189,0.03394624,204.02364,0.1788827537165426
424711121270,0.035198852,0.04336828,410.1754,-0.6833519387635353
304382003252,0.033291817,0.038339585,165.73206,0.14686221650950007
124004814342,0.08154939,0.038535096,245.57433,-3.5881037105533364
476128118922,0.022593958,0.006813921,214.24751,-0.811172461730467
350077744140,0.020068074,0.012239787,229.26558,-1.5945923291736626
500274154412,0.009571735,0.02945456,227.79819,-0.2679158456717619
660285306618,0.03755103,0.026191868,212.82523,3.4241388278736204
624411847362,0.0842233,0.049400225,198.03326,-1.6198909323244992
486298182772,0.050505575,0.036036193,130.77773,0.006977243450223686
865402749256,0.018038085,0.018451985,56.52223,2.1011756231065273
674289652712,0.0070642834,0.029611511,166.24109,-0.6477087740688583
794301577910,0.08293132,0.050409343,187.30406,-0.9653864913641934
907984246592,0.008253995,0.014724668,94.215096,1.2229425716348181
612675426952,0.06533301,0.04389151,142.19244,-0.25394486245978387
742211466532,0.028046614,0.02690043,365.98953,0.9211896701624521
619333822244,0.08357776,0.07276054,93.73407,-0.8677264816884223
706972165204,0.04028594,0.06418248,332.83807,-0.2624048858734058
762852609366,0.07533614,0.026182152,89.15126,0.3205282408770164
797137588174,0.041585993,0.038867097,191.24724,-0.10505022599487512
920026648590,0.010339625,0.020071788,85.718376,1.6224960807234121
510129318992,0.0032638395,0.023431549,206.5577,1.2280097465887694
491396420268,0.022625709,0.0696267,144.9919,-1.1007154122119538
526309534362,0.007689227,0.032360815,137.25014,0.2987664626325113
530127712290,0.021565152,0.020250557,101.6994,0.7440979397207268
741285442534,0.048642058,0.066340625,177.06143,2.111519079720051
840343970384,0.12566929,0.055321686,239.74431,-2.490793321725302
842881383818,0.057565242,0.06427555,324.73804,-2.6148769259407754
912098903996,0.0714141,0.04111935,199.23155,-0.6283690562019437
839083921084,0.11191964,0.104766466,133.051,-1.2636442108484438
238355659596,0.033096537,0.030928537,171.35747,0.8236342752284966
391706605730,0.071425706,0.035624273,335.31436,-2.294734450030235
27529057220,0.032144304,0.0205977,245.7571,1.5779432807164473
116431936004,0.029684288,0.02370162,186.67311,0.45742982391040926
275512176650,0.008614698,0.017951608,110.43178,1.742986623464278
332663559070,0.029850377,0.041353296,85.02534,1.278567638152288
202150013772,0.010534275,0.04814168,100.73358,0.6791815748647604
3993969948702,0.030120617,0.036143854,149.51611,2.3380168385871203
77368132038,0.017941542,0.017496612,135.15807,0.3831813912471109
30064784024,0.007640186,0.0076855114,124.63387,1.5695545284762886
426947394838,0.014739634,0.04456459,387.99548,-0.43654566755163804
404090112766,0.043849133,0.052531835,168.27252,-1.1447461015056368
429493678456,0.012024464,0.049783677,96.38286,1.280881403537282
155804619528,0.031258762,0.10669284,191.39435,-0.8970548755333689
4000350564012,0.066882074,0.042962182,437.3584,-3.926809475163832
436183018624,0.10781934,0.07353846,516.50745,-3.056037695092825
277744217862,0.014104907,0.025654437,154.52907,0.49087991610854365
341884870866,0.028096637,0.039148465,197.07362,2.211714507602524
266947026414,0.068077825,0.055487238,133.62129,-0.10863958814588848
472067542788,0.019263826,0.04068885,136.2182,0.1756105113928241
537771272862,0.026187712,0.024588052,143.48428,1.2609073720191575
593331100106,0.03518524,0.046258703,105.462326,-0.08050039494060113
744149773726,0.07547976,0.027089551,77.97478,0.0771542762735376
833068099656,0.02484142,0.033270556,222.72218,-1.8327773206369722
683856202432,0.04121549,0.06269309,134.92188,-0.07000457042506636
697809442824,0.05420722,0.05169272,150.6018,-2.057624957503205
754977205994,0.024036178,0.056559116,198.19812,0.5159043903908525
677786733162,0.026275128,0.051266275,106.60678,2.1617878918527165
611441938418,0.014269443,0.036612038,138.51402,0.8253197662020608
628918264562,0.023852512,0.05083344,235.66971,0.8771472956931802
819740173426,0.019201986,0.064067304,247.00919,-0.9858990150608211
886113118296,0.07850461,0.060519483,135.50902,2.308595069292184
1038466944988,0.062434517,0.0640051,207.70465,2.397721927738947
1032745285356,0.020209808,0.038910296,138.7612,2.19328607946278
1113390326132,0.018077593,0.017055271,131.95363,1.005176971156587
1222309438366,0.020227011,0.035273623,26.78697,3.5607795037362506
1075955926628,0.021714685,0.018173644,218.02623,2.00691725608234
1044507839310,0.022044094,0.024418298,285.3444,-0.5790548632450342
1496657629596,0.02040646,0.011919577,216.04004,0.6158462424334419
1447132170240,0.01770768,0.00983771,122.25646,1.6297308898073544
1463949995462,0.07650419,0.04987503,203.81645,-2.2550738642160506
1239454032730,0.0138628455,0.02285469,202.3174,0.7445762464205933
1029568953314,0.104657054,0.047037393,161.25725,0.4929634109545955
1208651771140,0.020198507,0.058848377,123.419624,-0.9565286132181684
1424551963752,0.06307018,0.033373933,244.58162,-1.1616159242609008
1267390374948,0.05218817,0.049987208,107.31199,-1.0346770088727415
1358204925422,0.028780686,0.036597338,186.40646,-0.30895723473821407
1155952371806,0.017384266,0.042346187,126.202835,1.2173453075966085
1116277264906,0.038306672,0.020133793,68.246414,1.9571804504476757
1363940797278,0.023093715,0.04590936,134.64378,-0.6483993780315507
1292807120156,0.01927109,0.09887447,164.4722,-1.6269246635391774
1440455583848,0.013636155,0.047000613,244.8143,1.8950632808510086
1470629307260,0.015209837,0.038254857,285.52045,-3.114658818172579
1531241831972,0.045366757,0.046852928,193.79434,-0.33821685167026444
1638254615860,0.09511506,0.08625391,229.72966,-2.3280092646001807
1766205976940,0.03997579,0.0440802,340.3047,-2.349979571512016
2006579150870,0.13392037,0.03053107,98.35532,-2.0356187867083033
1675114126762,0.04531426,0.053561047,108.948135,-0.5560577985836614
1859582107062,0.028926793,0.046470743,283.0167,-0.31353773193851353
1606178090950,0.0050406274,0.060896423,214.28331,0.5477726556050854
1487435262526,0.019538905,0.065861076,285.3045,-0.7176711973266068
1663027299796,0.03677642,0.0560073,113.88606,0.620249691426387
1547439789570,0.030224377,0.06418813,115.37055,0.03172217576678599
1771606993522,0.03032249,0.06955587,132.0769,1.0786977496005257
1810355823758,0.02512544,0.044850443,304.18668,0.4766021652499668
1808446193666,0.12291404,0.12131141,303.12387,-3.893155790713207
1650658158234,0.017756961,0.091322295,128.73283,0.0006257880094510115
1855145221070,0.013194473,0.05573703,232.17635,0.03197239947788111
1925636727818,0.0040757945,0.011992059,170.68913,0.8469261380490684
1199483529848,0.124810725,0.045784548,169.5992,-1.0208626094979343
1334740171080,0.050180033,0.057372723,61.398808,0.9092545803269751
1347773711602,0.009768363,0.026130833,95.95813,1.825276664353173
1293162009420,0.038798317,0.025470607,427.81183,-0.7977866248472254
1272536716596,0.049778536,0.033471063,141.1065,0.5326666222633776
1317307667026,0.02349058,0.05781742,123.27255,-0.9494733931885052
1428115645836,0.019370072,0.020035913,51.408367,2.8349752638396604
1130256284314,0.018585771,0.054996517,46.592762,1.338829786865492
1145184462086,0.017344851,0.0246609,196.89482,-0.006576912512604373
1303625177424,0.05661761,0.041028567,225.68222,-1.2149876947978142
1481131961024,0.06157396,0.034988515,269.9952,-2.3585536926369284
1455409741578,0.005801763,0.03395058,137.23987,1.7228776549222728
1261396051170,0.026508966,0.029065525,167.42903,0.32878543919283465
1168691575994,0.012139834,0.05825493,41.06459,2.7953622481696923
1047405236098,0.065379396,0.07746796,61.76761,1.9981195826406977
1088687019748,0.006413993,0.03299146,293.2167,1.5130168994428579
1157266274298,0.019491835,0.03704194,155.30132,2.0672658118058047
1031539442828,0.014946006,0.03740986,205.1159,0.779453819802435
1182673418168,0.035972975,0.022755641,326.68448,-1.5897004656144689
1205223335958,0.046736438,0.0848411,178.0288,0.010458949916396398
1386530733060,0.06708825,0.028340027,177.76349,-1.2052782396129234
1271265656690,0.02105046,0.05909461,194.38858,1.4992809340390623
1484004736488,0.04604259,0.076905996,27.543524,-0.4727479264429544
1563356711800,0.019770024,0.010502888,234.93892,0.7559042904059431
1590354732322,0.0086018685,0.043380134,130.82484,1.6455346010441045
1705925939456,0.018724369,0.06180824,127.442825,0.5960320392982809
1710999405430,0.03564288,0.057033285,275.14142,0.5158944033829626
1773248872868,0.08183668,0.065439925,128.77907,-1.0200264023047545
1828173559076,0.010998556,0.06618995,178.27034,0.706015448521922
1630685442130,0.03183027,0.037577517,123.00369,0.6085969499601556
1537974087834,0.028805846,0.07926277,188.42154,-0.18238305219184542
1636717491306,0.04193007,0.032635227,272.78488,-1.0634661132367818
1520832796196,0.02634273,0.054424874,319.38422,-0.03884805961168242
1682140415438,0.023459865,0.043542523,178.11046,0.09766036855083726
1809778188156,0.030261671,0.035388574,204.41518,0.23588507278655646
1904720700522,0.06731718,0.079404704,469.4878,-4.346604956581006
1922802583044,0.04246163,0.026216688,94.39688,0.8387916872350354
1946940302422,0.044748113,0.04438604,230.07312,-0.23010538185844387
1983136876776,0.005412114,0.05345226,49.916306,1.6669889662126651
1867225445538,0.030342752,0.047047723,253.39836,1.507547526077337
1886603715736,0.09368986,0.047245853,163.32463,-0.22396344667482798
1941213477068,0.018319193,0.08879681,178.73566,0.6073008266737028
1910099541550,0.035496827,0.03968074,222.72876,-1.4892769505425827
1610689975154,0.009653753,0.04196135,104.572624,0.6667538252929489
1742782755348,0.063748665,0.053369995,239.55481,-0.06465802587168118
1778972450640,0.03573123,0.017338112,195.2956,0.17266662512402464
1075605196802,0.018242896,0.090101756,66.11985,0.579356397585912
1169591444088,0.09800009,0.049024165,178.54504,-2.083002172709036
1232788457748,0.009951402,0.02086396,69.322975,1.0841019495793802
1255636164436,0.031959962,0.024472132,131.11858,1.1470457604934121
1276286077830,0.041322503,0.018293923,236.52039,0.1425684563606328
1061023745348,0.04488399,0.0858346,119.39606,1.4080965717345237
1185175829268,0.058890972,0.0726907,462.17514,2.249818782171551
1164214193122,0.0058190688,0.031862598,110.02708,1.120773909202914
1068326479650,0.006647417,0.06801228,217.42558,-1.8763700094389568
1056566144828,0.06135562,0.032585308,105.372734,0.22319382810095362
1127362798494,0.019720636,0.024771176,185.2093,-0.12134321301295264
1298183922046,0.019698754,0.043978076,61.604973,2.1370502823644473
1077851652228,0.049729787,0.028810607,429.75806,-1.512055544133608
1038802135386,0.032130733,0.019408992,285.84598,-0.7226079396727927
1177558349642,0.008870652,0.038951974,146.56865,0.20036650112380142
1147713208470,0.0060683396,0.04267551,166.21109,0.7512898039441139
1309313929914,0.020350892,0.012071522,127.12003,0.5166783969318165
1343293887254,0.023605166,0.07604029,271.40558,-0.8663117713899539
1371867386128,0.04135202,0.109217346,4165.869,3.6200593435589643
1443313594612,0.023265291,0.07869227,129.59819,0.8003273843379775
1496984755696,0.017251628,0.04660904,119.10715,2.5821425460040355
1747158786444,0.025505261,0.032347437,194.81992,0.6545676583213915
1672863844566,0.042121887,0.034883097,235.98709,-2.3480588961840994
1549341459180,0.055166844,0.019425003,216.02321,-1.1003317327621263
1778912602140,0.032865137,0.048830498,279.96594,0.5953178815116313
1841158315404,0.026633367,0.058927592,116.527,1.0350647742259673
1668122313222,0.07331068,0.020702519,169.67125,-1.8150852215853828
1664952304296,0.011321909,0.037094634,193.96584,0.7518507807479333
1520155071158,0.013191786,0.026247643,106.58997,1.639476947072745
1697646936112,0.16311315,0.07743281,78.696884,-1.2191063066833905
1864024517926,0.056440342,0.012767546,223.01648,-1.4580679619565806
1882761499606,0.028595941,0.029804476,44.503143,2.332843198544741
1886571487876,0.029221322,0.028725207,182.10315,0.6900633874487007
1699223978676,0.01603138,0.02370414,215.51126,0.23612147919951376
1595714802970,0.030561952,0.053116236,174.51604,-0.5439405910767289
2005625990228,0.050918177,0.04346808,261.768,0.15669041076177803
1939262017954,0.059601303,0.026224071,245.12286,1.3870974942994003
1655411889616,0.010427705,0.023731204,188.39258,1.0243538537611088
1779881013454,0.013438562,0.04898831,257.80713,-2.9455796298692447
1163281919204,0.01961283,0.021338467,79.82405,2.2944390050405232
1189317904086,0.014887474,0.051916935,168.48523,0.034130258573434005
1316642339732,0.027355202,0.025478266,125.72286,0.03737702621929273
1283942417592,0.009226013,0.016613638,120.96502,1.655177484286145
1356026085016,0.012311032,0.036053054,198.44543,0.5367028317202178
1217604373914,0.047474887,0.06869306,72.36039,0.639048625720989
1020108245528,0.0030238444,0.04136953,120.5856,-0.3799569124707008
1468446611138,0.018645039,0.04721309,41.87246,3.2517396762066246
1257274795730,0.08045861,0.03978744,455.70407,-2.308812747055623
1269657899746,0.008380247,0.01934097,77.07497,1.954083349643992
1148383277314,0.020032294,0.05971649,149.14279,-0.25765621416428164
1411286888442,0.019192737,0.033139158,179.83107,0.4814042701402817
1495748417756,0.012748014,0.0338092,116.70559,1.7426199590328033
1638294308520,0.010955778,0.059176568,131.5146,0.30547367457231345
1773561003528,0.057060797,0.054975677,230.83743,-1.1249394452259085
1919298449538,0.009854949,0.043297242,229.51596,0.7341901677141055
1819595708622,0.0141845355,0.041010458,169.67094,0.6330348226042801
1622120495186,0.012300315,0.022169266,55.255863,2.866715345025505
1726904665496,0.01664948,0.03321152,77.25369,1.6140932196983562
1810734833722,0.030424241,0.032223847,97.682465,-0.5087903139098962
1966321750064,0.031178825,0.06466923,184.75995,0.9850104240883766
1830736905770,0.070064664,0.028227178,98.54143,0.08656518080062148
1868839658352,0.009202938,0.04719579,166.46289,-0.43507524753349736
1509699339914,0.021576218,0.030730827,110.96789,-0.16709466796007716
1578596669800,0.036189288,0.04526247,240.07404,0.48016556977697133
1681475316980,0.006521274,0.020925788,127.48631,2.0103472925811023
1722443889516,0.027865084,0.06570012,215.027,1.3822917893078324
1791338017156,0.06933183,0.029080601,185.02654,-0.8060482764145731
1889444364086,0.010819482,0.010951428,143.31993,1.3641575732650275
1877708977150,0.023572212,0.06603244,170.752,0.5288903650696422
1527822246928,0.028377384,0.025393112,187.24751,-0.14294865102876309
1600856710656,0.012667664,0.040288694,145.84303,1.6872400147731978
1503043062904,0.05551439,0.077088125,141.70064,0.6200175051957709
1722778368482,0.0077902707,0.045531157,247.4729,-0.5908552495704091
1886935628470,0.046701413,0.061011128,182.323,-0.8884759366558692
1937411683132,0.016205566,0.060687196,67.927666,0.9087022556627266
114231971936,0.01895133,0.030740412,59.25321,0.30300086410552773
112649437628,0.023587465,0.029154964,122.059105,0.5585210019339801
122184638158,0.004613798,0.023974402,63.574238,1.8131321044542097
125031583862,0.06948178,0.09424262,253.26212,-1.7687432252523823
336508597682,0.025522057,0.11232495,272.4323,-1.591168718582308
478757960962,0.028365375,0.118431956,146.75478,1.1901965724088885
283788912578,0.012009934,0.023542829,125.754166,0.6099363668592647
342843273530,0.0053645247,0.019748468,100.94092,1.9683633963708997
3986408053648,0.024776693,0.017990047,256.7187,1.4467894998437196
32018711350,0.033972505,0.05985458,145.68427,1.4191703011927854
226654389340,0.09196698,0.03598686,490.9098,-2.3476099740897847
480357379096,0.02968254,0.02076523,112.42587,-0.10505620248884684
430514375732,0.004631437,0.038708773,308.8408,-0.5376890085783557
24378299680,0.11641704,0.0854532,144.7001,-1.0023003817945781
332686817246,0.08042214,0.08307954,203.40926,-3.3868849842397464
313958126758,0.03789492,0.038602248,53.7774,1.8818761510929516
451440734536,0.0050487113,0.035337545,132.67918,-0.28437734031971296
200629543700,0.05194335,0.012021793,155.49036,-0.40057993410173265
668939613494,0.1262564,0.06910194,193.56279,-0.8512956252428774
759121593784,0.08348535,0.062171783,406.06152,-3.1474991142215325
729908443460,0.03045637,0.086623594,356.6793,-1.4929629259021668
521623941792,0.0636503,0.05540007,123.27756,-0.4673102046563288
861370165246,0.012460069,0.031132128,226.91492,0.012550274160636032
926128697452,0.0193263,0.037645552,105.19663,0.9514199272746476
817868489548,0.03788916,0.07911512,156.99065,-1.2389478275874113
882325453274,0.019262467,0.041125156,167.81541,0.1450623005942938
711202256438,0.04403994,0.01439331,354.41403,0.9072216981261232
997274521580,0.01905037,0.11952499,196.35576,-0.8885224208893077
962670436630,0.031036774,0.042652376,265.03455,-0.2940910252109265
951563914568,0.013019787,0.016582986,163.62776,-0.10600191746504084
580044196366,0.014945802,0.08453005,200.66832,-1.2316943543143792
583219396778,0.010826025,0.071837045,258.3416,-0.38897148653297337
595284602144,0.051894363,0.022179194,150.58882,-0.034813394045448476
924863305586,0.010360211,0.019550752,80.05225,1.6127631244298701
806109389776,0.033374958,0.054022443,74.80675,0.297967743728504
826427822896,0.011694647,0.024212362,52.531372,0.9665619701819312
776588093636,0.008576969,0.011111765,108.62894,0.732679875209403
525772543492,0.10152598,0.055320855,116.3045,-1.371299588470419
694367801554,0.016722485,0.081994854,292.07632,-0.7793770704246333
591179018592,0.018482897,0.054023482,152.35826,1.0982729751086635
44114736280,0.08705264,0.024128303,283.8281,-3.566476739041437
84438213910,0.07603765,0.063407294,107.96626,-1.8127693856206084
229860156116,0.025362968,0.024790678,128.20735,0.7564188005844568
98408389250,0.01805187,0.017817687,117.81611,-0.7900518277560091
401947428118,0.0045241755,0.026258148,179.04733,-0.22318167647488518
367654613390,0.12248567,0.046062537,114.1518,0.5623986332276465
338138811560,0.039045725,0.074383,183.72186,-2.1753014802305763
464825284204,0.030154888,0.035797022,248.9703,-1.2988966522762446
132075462052,0.0067050895,0.02315831,194.93279,-1.3150531811727348
52377615282,0.016671753,0.03861274,81.23161,1.6926105999014691
338145993346,0.07119903,0.04630749,151.35214,-0.7790250247496431
381340204390,0.008317664,0.03098744,251.2126,-0.4376093240276808
246990764630,0.031303056,0.020618824,2249.1946,-3.1969128770194213
366396982966,0.026440665,0.032107852,171.57774,0.1240921993020298
329872128944,0.06311933,0.046536583,95.141716,0.9458395199056577
399732728280,0.016149996,0.019968554,136.06665,1.8901994800790307
213368622342,0.008448354,0.0528444,166.38708,2.264861293889257
296239628844,0.08789024,0.019973347,257.63113,-1.2183654291642387
337516120126,0.0061002686,0.01393164,54.552055,2.125488585528343
329255006410,0.02660831,0.022445358,37.65864,3.0674090722911274
611201273274,0.044024054,0.028931642,254.69525,-0.2737401279508024
974765402240,0.039783712,0.03993571,213.88872,0.009129515195560024
963021849876,0.006952045,0.021369722,96.44247,0.4789989804282785
926201449840,0.021106873,0.042546224,143.93199,0.1321721951963498
694694368770,0.018416505,0.036126353,58.003387,0.6407184546026831
633748571886,0.011668847,0.016258288,116.47931,1.3906444193018674
709314401028,0.022252558,0.035489105,275.02484,-1.4054277549577383
918867697046,0.014188405,0.030766396,126.21816,-0.30545572572859603
994451745784,0.03623438,0.02802722,161.97879,-1.3024480624420276
557870111272,0.021199873,0.057503942,139.42813,0.2500776917424768
662657356320,0.122737564,0.046386614,255.89615,-2.7710856610734873
840456485512,0.02516287,0.038809855,249.29028,0.4207945768045928
997631481576,0.007840604,0.026226712,132.75209,-0.04333974793355891
206953837642,0.005634563,0.0350655,232.99509,-0.25369902743621053
209806528970,0.02941322,0.11330282,406.87115,-1.579520443190017
171729404604,0.010685292,0.026156569,54.74024,0.8431058860296732
145065713084,0.03706859,0.055713154,255.11655,-0.2054724930626645
328896260384,0.019397177,0.031637397,162.05745,0.5941406505298874
490528303998,0.023384612,0.049503,180.38976,-0.3962730672071638
275231550428,0.05844921,0.029639617,70.01184,1.4348445435110966
133913656678,0.013543041,0.02519639,116.0716,1.5314679451038835
443183402540,0.055573158,0.05350487,224.5126,-0.38701290008993944
365402620014,0.02819344,0.07292478,407.4147,-0.5635487370366783
457478606338,0.06309339,0.04563502,373.33206,-1.234726062845239
365716939742,0.027090818,0.020025834,223.73204,-0.0247970752184426
235228138722,0.010266234,0.033694815,223.88377,-0.17175096167690018
171724064052,0.006436504,0.01989522,166.00928,0.6607718926341584
86639539840,0.044996772,0.054731134,195.29208,-0.3913739759016006
438440284612,0.03357236,0.04588469,345.58966,-2.362262115641506
274287433784,0.029525112,0.059619583,298.0244,1.4584895645831981
510512584338,0.051497415,0.016866608,225.61218,-0.24244326308651765
746743811458,0.04912807,0.0428767,130.87054,0.295236617199386
732440391362,0.044205807,0.05045807,215.13086,2.174728728791475
817867509122,0.017069878,0.053924046,205.76158,0.20620674863694782
766749763186,0.00975662,0.011501738,71.66724,4.209072992336007
800717019874,0.10862182,0.043023184,247.21237,-2.9819405700134176
746748447608,0.07474053,0.040190894,117.36604,-1.315404551649923
944248407466,0.010719935,0.04371106,190.15033,0.8469165093038449
779753115330,0.013262381,0.031443533,163.19157,-0.2677207701311087
821664142548,0.046775658,0.01637226,101.75925,-0.11162582999972903
839130212454,0.05433379,0.046713248,165.63339,0.28788409784788827
867405041420,0.035738755,0.014444167,131.31627,0.0950161482730181
640703320908,0.03037601,0.038920857,203.43336,-3.3260582123250986
564502023646,0.015795758,0.09114321,266.73904,0.5673321829214302
599102304876,0.06868221,0.052755453,475.1242,-2.792724976697099
717860983696,0.02755828,0.01798001,237.97232,-0.9284765288423453
823905506074,0.018623995,0.027177831,133.0912,0.7542215754654653
855657178400,0.033995382,0.048496082,140.94139,0.8771766781763218
789933386934,0.012855272,0.042106878,212.54039,0.3393347171748726
127609018126,0.017558554,0.058685042,188.80547,0.781809379124527
106665751870,0.013812685,0.02377361,138.92293,-0.061670342433275016
332418539234,0.005748065,0.023559144,145.32516,-0.31027959876387284
346705025372,0.008737364,0.022869684,138.40459,0.7911615218892063
93332203942,0.035093125,0.043301623,140.72061,0.6561686735967475
167002261896,0.111436136,0.046640262,161.04863,1.2836850465336478
414985508440,0.020757508,0.06422256,144.89021,0.15745169147157442
435315332016,0.017945379,0.016327444,203.59743,0.37487109523648976
21242440300,0.04894581,0.05271354,85.73916,0.8001899662784343
30766982268,0.090294644,0.043600276,258.77695,0.023976879742404256
67930001486,0.06888942,0.0620681,213.20541,-3.065127944075402
209859778544,0.014811821,0.03476654,124.44491,1.1030582044082444
381949443788,0.015791876,0.07779203,227.32753,-2.003203068358872
499121027190,0.060016192,0.051285807,219.84824,-0.799674340013906
63803955230,0.043902062,0.07514561,225.62718,-2.376772857277508
186055480366,0.021549031,0.036920533,242.39125,0.7977282124522704
252746902482,0.034584932,0.082774736,237.54494,0.5001969238796352
423235459982,0.019863304,0.012031119,265.51083,1.1678591840176948
419433838860,0.054774765,0.036229398,224.20126,2.005208767447897
526727272802,0.039376363,0.07356546,148.4399,0.7732949184508104
725193098234,0.06991471,0.08638305,444.01538,-2.154588878811251
815995199584,0.057161074,0.02917983,270.77014,-1.4643966120640957
937602410922,0.05274309,0.025883997,42.2196,1.9654077837155755
753128155356,0.006102226,0.031777695,177.331,-0.2977529698430448
902041634040,0.06953532,0.061468624,406.91116,-4.271589389772252
793773437376,0.15299809,0.0779704,295.68643,-2.8538164256830685
850616069682,0.028609924,0.042509362,181.5062,-0.7282003212978384
916341550158,0.12125575,0.028229147,177.28044,-2.6645936636167846
815699099902,0.02558783,0.036251172,162.58582,-1.5714853392084174
969063779614,0.052096907,0.032200854,272.54523,-1.8245331484055083
672480521166,0.08962308,0.030536499,124.527435,-0.7540028359163458
502928520578,0.011868976,0.025885593,76.07326,1.4535510780938605
700424700488,0.020631492,0.06607674,215.43196,-2.299794293158354
745829859500,0.0864298,0.04998448,271.3102,-1.5069829581592717
810600461122,0.075869426,0.07652058,414.80634,-2.1560873135924767
1013185100082,0.10477689,0.056300472,103.42179,-0.7370905440418796
949668425414,0.0050487937,0.025082842,157.22644,0.5645871187944295
880780193320,0.09584393,0.020486966,209.27434,-2.7014840754971994
557875708784,0.036704626,0.02774347,284.90308,-1.4618043432483157
651862309964,0.029730212,0.04995191,111.76916,0.44417299915705255
693142808276,0.007877086,0.04450362,222.77655,1.2925209956539772
837603873716,0.028843325,0.043349303,140.93597,-0.3985266420949406
979223160888,0.02843433,0.041394137,175.79643,0.0702822717102668
1229048119408,0.03107071,0.035568476,217.91502,1.1532221327490502
1137283656038,0.05066613,0.03434954,140.52124,-0.6464680924869133
1342411327422,0.019645214,0.014772108,189.18085,-0.014171627201977455
1263339196174,0.03528139,0.07482115,150.37804,-1.4852193719829092
1406235997828,0.05267612,0.041634496,199.25206,-1.6464394371200142
1112228151936,0.05665426,0.048628528,352.671,-2.183313926878527
1063010359942,0.021092702,0.022296578,250.73332,0.8972116076782115
1040788849238,0.020237751,0.040879972,196.87706,0.5892643917938023
1097622862672,0.016119689,0.015732503,176.19371,-0.3809357896044774
1267494146928,0.08855176,0.04871356,142.52805,-3.221335264738463
1491025328438,0.0139809055,0.05110335,158.23108,0.04709069830555988
1460862037622,0.02528282,0.055369575,232.21495,-1.3113266513585549
1111256290718,0.030789956,0.06776481,205.04482,-1.229952946833203
1494174599024,0.049642168,0.030432262,222.73714,-1.6913000836792424
1365586231408,0.045519855,0.07870449,159.49503,2.083324495517899
1458944369804,0.027259896,0.020660939,183.72556,-0.2568910284007781
1247177202582,0.023615358,0.03558566,195.01399,-0.14658798642116577
1006814714626,0.041594505,0.030512564,198.58392,-1.0655253848773236
1427523900674,0.08403738,0.039450686,74.59293,-0.9846514831866221
1310664999410,0.01045072,0.049528908,445.7478,-2.7980462462090556
1540544033734,0.012061883,0.030166226,80.60429,1.48609286330739
1573568558728,0.03295057,0.054804783,99.67355,1.8754924577225829
1687245355168,0.08425379,0.112108454,203.753,-5.038968043855467
1560243327444,0.019433383,0.06890476,159.36469,0.5752947368767876
1645024645586,0.048092306,0.08517414,166.83066,-0.062419927150412224
1610721448200,0.033555374,0.04349524,135.51012,1.269164910907118
1519916675464,0.026275666,0.013313362,129.6072,-0.38078242979443433
1914914402610,0.029544821,0.055880036,178.40617,-0.09435056330609247
1707556607700,0.02964061,0.02957114,152.8319,1.9572254284655575
1646598664042,0.10272895,0.039914913,432.8938,-2.139400458952825
1533232709696,0.047787115,0.109451436,289.0253,-0.9653511472167917
1735175253526,0.05574934,0.03805322,217.30052,1.601748081364043
1559276481362,0.04365032,0.070658214,197.023,-0.1812467083822622
1723749825322,0.046160225,0.06295604,224.83939,-2.1370419025041567
1693279522212,0.05893275,0.039248366,236.77303,-2.9733569131586925
1549765018756,0.004939877,0.03164688,118.22797,-0.4079892135593315
1955867402646,0.018210253,0.047541823,201.293,0.3115663181916484
1797757588062,0.01255006,0.014322119,78.57292,1.6375585996853477
1984769307774,0.013519009,0.021480968,99.57397,1.4713969698646485
1924126491214,0.05984584,0.02755903,273.92984,0.8860505821554188
1976503129140,0.008361767,0.036811672,70.37632,1.3525925897885567
1954596239996,0.07879398,0.03453512,257.6879,0.017956586052151557
1335769892734,0.04331913,0.038398877,334.50073,0.622492114452027
1374832110940,0.02754938,0.053046912,707.7828,-2.1816630893611677
1458023383770,0.020960078,0.025780125,281.51105,0.0013374943246082793
1109085157874,0.046777744,0.049338117,262.6702,-0.7324541112800622
1344368561170,0.04782773,0.062541395,310.26263,-1.902192964887616
1353900739014,0.047380295,0.06663918,68.29474,-1.1210475158306275
1184635137078,0.026899239,0.124173105,376.49445,-2.820130819156263
1167813985372,0.0040510716,0.11688901,349.52948,-0.5261411289210982
1128763234106,0.015340877,0.025393771,223.69766,1.369710462727478
1031265064898,0.037999593,0.035933465,291.98376,-0.7719981126716715
1192888364104,0.008162296,0.034878246,53.751175,3.140180622626404
1499308016318,0.0942815,0.05435024,1377.8516,-4.049316883935825
1046210704896,0.016162116,0.030460684,34.856026,3.686021794963582
1150993742614,0.053884484,0.036312506,171.51778,0.8486575082036245
1104651698714,0.072990224,0.031003168,185.23598,-1.5596789303351881
1204667071258,0.078023195,0.027540773,100.03988,-0.8602165584010393
1322459682218,0.021095445,0.017954335,180.32516,1.9988517443947362e-05
1273245645400,0.030920146,0.036477152,138.48734,1.257451515471158
1325324444700,0.0094930595,0.020407999,34.48376,4.0688285281113865
1438357582702,0.016361596,0.01744979,128.6603,1.7177626167856874
1518356190250,0.048214167,0.032006178,133.4872,0.9974524069121398
1592975834820,0.029887564,0.04336469,104.45569,0.24803389517572777
1762842684422,0.036106206,0.02202549,355.4957,-2.761923386566467
1624416336940,0.027732646,0.043455277,133.30276,0.9746460803025264
1632681735826,0.16336676,0.066438474,109.50065,8.445185132240054
1801593883454,0.022028286,0.020473396,212.45708,-0.21862479356151976
1745389567720,0.034102444,0.05246701,203.39009,1.7977672232251432
1975927256912,0.055829383,0.052249327,239.26956,-1.1018946803384477
2001959739410,0.010986928,0.023120668,118.232544,1.723711105070713
1958423816572,0.011759057,0.010552644,41.450455,2.6499600003183104
1928264760468,0.08144317,0.03325583,135.35324,-0.4111691791759351
1912073583998,0.028145533,0.05157738,123.914345,-0.16010730142254542
1627922289116,0.01690732,0.03394212,118.74838,-0.23463302660865193
1940029227772,0.06910506,0.10634064,198.80469,-0.3507627521661071
1784141271978,0.041735757,0.017347313,211.03635,0.05396541665235577
1827642620694,0.011043913,0.027357697,140.08772,0.5914022616266811
1840963064676,0.01523272,0.019339064,313.60367,-2.888542792613761
1938455841436,0.013949973,0.03096506,113.32941,0.9294659971132774
1222374608236,0.013430769,0.04023547,304.77408,-0.6553111381359897
1045525039770,0.026943823,0.04409431,229.3183,-0.2553360241783423
1157930194056,0.008648589,0.04882595,241.98804,0.3791137107887052
1156026611590,0.07045569,0.053207368,332.76617,-3.2483357589803283
1221108183268,0.036030695,0.052942432,338.1667,-1.1555480452683977
1206510579268,0.015161349,0.034294706,169.51862,3.6653980134367186
1449409472394,0.03342591,0.058781613,372.61517,-1.0040751304486772
1258253234464,0.026938915,0.043720584,179.00467,-0.4527106691019005
1491324431352,0.047030665,0.01724638,180.64865,0.34591247764060107
1003940402986,0.012836208,0.06652544,214.20842,0.5179234051325999
1208107250324,0.052552767,0.054185867,185.78242,-0.7745746905828104
1266214469300,0.07445533,0.06300109,305.30032,-2.354663677252102
1169363184278,0.1478608,0.042895235,200.3561,-3.040596570585757
1083305890328,0.020578949,0.037645694,149.12076,1.3562245926943488
1061077852720,0.02086622,0.085866176,159.0723,-0.6165985336380293
1238265553208,0.048074327,0.033108413,123.843094,-0.8810086578666423
1356687233332,0.015756436,0.03963349,63.092873,2.157392416503836
1260805643686,0.007041802,0.036326513,102.32354,1.013530657863289
1404964133494,0.020473765,0.0428426,320.06757,0.05204223987986156
1110327194146,0.060640514,0.044001948,169.52898,1.3850057082217246
1169066605482,0.07937762,0.08593701,229.89311,-4.940863889966495
1150951586236,0.009455723,0.008787187,276.20276,-1.6104801027918842
1063651579066,0.013370193,0.031903155,141.6837,-0.8294850014103838
1171923656342,0.012467688,0.020005807,144.36366,1.2533890228678164
1700894761596,0.044405393,0.06831885,203.31573,0.08494720750084113
1710735363008,0.056617923,0.03527644,250.22687,-0.6739116674196896
1987296315264,0.057932187,0.058217138,200.00148,-0.23966705746523076
1747562264796,0.008747971,0.07885305,151.35056,-0.8196586856110333
1599938421316,0.06430679,0.020032948,191.09843,2.7281074065035247
1683766977322,0.012571474,0.038384095,98.68156,2.0570599761193593
1681529974326,0.07278331,0.12417699,291.45657,-4.128703305393609
1633592392372,0.034504324,0.075578496,177.96387,0.2945234759623503
1915234420326,0.014398232,0.0057144966,141.04802,1.261077473633695
1835217062602,0.011832488,0.012220235,74.82863,3.1813505501433053
1530053026378,0.10053153,0.09935233,192.9089,-4.298992223999452
1748826197412,0.031973172,0.041250773,212.29213,0.6474744240293664
1699617275360,0.059964854,0.06557927,103.6293,1.3906789589439488
1874570064412,0.008476972,0.02097671,145.58235,0.4779306376899651
1923462221812,0.060267173,0.05135413,245.2689,-2.8854638387752423
1975223475860,0.04523807,0.044790715,262.12256,0.15809493203570296
1676143525976,0.01340575,0.030984558,101.67067,2.0005432176623508
1806324306306,0.033075586,0.07064738,104.152176,1.358289194110605
1774562050434,0.034669004,0.026939506,141.68843,1.1155657575721243
1013802776258,0.029683663,0.049464587,221.17213,-0.13078245285047863
1134160067904,0.04755819,0.05574346,205.31873,-3.2567936932384316
1255128584958,0.024886148,0.011104936,362.2229,-1.6211031475685673
1264972612298,0.0068566,0.03705883,124.48851,1.2421491673427396
1297360762060,0.08944457,0.04381793,584.00635,-3.6953572136736863
1177679459574,0.01164406,0.024500994,107.248314,1.535406446720759
1096063917876,0.048280846,0.040774614,80.91237,0.7535710974200849
1485037483850,0.012423702,0.0367886,175.58897,0.516495726439937
1335169960360,0.07450473,0.0558024,133.98303,-0.05140608890793846
1393268812038,0.019346304,0.039228003,189.65092,1.2593155289127127
1010628812766,0.031106116,0.042981226,240.81357,-0.1645571440952127
1203679359594,0.06062524,0.04774219,195.51491,-1.268516487716807
1080805496016,0.017226212,0.022957884,67.40672,2.321103111713608
1385304429316,0.06828318,0.027952433,133.84586,-2.286619612355213
1027487437122,0.017066317,0.051659033,164.83957,0.31481317413725185
1045907805532,0.009762656,0.010583727,299.83484,1.1819914993528569
1232603240100,0.024433952,0.031854793,139.50467,0.8253680857756985
1238963745496,0.059580658,0.037407637,330.39468,-2.175947257139416
1364367386742,0.024901561,0.011188938,238.08792,-2.1393652423703458
1499310135606,0.015969029,0.013529706,133.74211,1.581679084945153
1462170501528,0.041794583,0.027992288,135.1737,-0.7483561366197935
1308173453522,0.07920032,0.08383532,149.26884,-2.3281537036431628
1858100803938,0.061936148,0.04965895,127.686356,0.537816516505743
1988595249622,0.0097403405,0.013598598,178.77495,3.427901247228755
1543136462102,0.050637487,0.032895144,145.54955,-0.3001198950274143
1694589318952,0.0075696623,0.033001624,38.874626,4.63089171768731
1667596566376,0.015151431,0.08170967,273.54617,-2.014484637259958
1587596646132,0.11466835,0.07592879,187.21269,-1.1597383844226643
1539970586794,0.033089027,0.050255388,187.0904,-0.421476024115067
1976550935660,0.010965677,0.025414288,189.85677,0.17417336603918007
1925120960614,0.015153502,0.026658291,75.342865,1.2540540040028632
1972433028392,0.032414243,0.02509786,180.30032,0.4920859108508303
1611696490450,0.040929027,0.060935073,93.86811,0.32708578854707615
1579319153690,0.016440254,0.02605152,126.92465,0.8126856887003145
1740318980052,0.019141652,0.037026793,227.42003,-0.270840620528093
1786358371602,0.014147477,0.019722383,254.87376,-1.427940453111718
1785097086244,0.032278653,0.052566998,110.21387,1.8909888663283145
2189787680642,0.028423322,0.07132342,109.942154,0.7210652983574698
2086269029750,0.06567841,0.040218577,186.8311,-2.1396186136035915
2048490600434,0.06482378,0.045379184,102.371025,-1.1903171749469466
2016425944152,0.043044135,0.01941271,176.42062,1.7485251860473328
2120574041160,0.026607463,0.023859603,78.32306,2.2341029757445954
2498731943670,0.105568565,0.062797375,274.55795,-0.37795977206635634
2387918295692,0.006189937,0.018489819,165.75954,0.9941134314376716
2365061139298,0.0951938,0.07523185,220.3145,-1.846186989730469
2425388981788,0.022038372,0.07008263,329.25125,-0.44591253851305984
2435237873170,0.03707176,0.033037815,308.36636,0.4397411198243255
2073267491426,0.03601935,0.04290345,239.7703,-0.5629575136506173
2093271125950,0.019602997,0.03535295,142.10985,0.4258546566767185
2100578823726,0.015379982,0.035203267,183.20703,-0.6356092061005577
2134563442642,0.07494789,0.05430452,237.51866,-2.7700074574403812
2102814920678,0.10091162,0.050036054,113.83342,-2.5902695618958442
2267287860948,0.049039498,0.027666643,168.96263,-0.6266374298448885
2313325136968,0.006874944,0.015715716,45.4716,3.349582395136485
2441922728062,0.010170558,0.0153311305,139.13052,0.5640022753340842
2137394789772,0.077354,0.042009268,221.82263,-1.818063233589757
2070398548740,0.010007057,0.020697363,85.75095,1.2843644097294729
2182161658064,0.06848329,0.0195187,542.8583,2.3453182185305694
2163431430756,0.029374,0.017653512,163.5332,1.0375203119556342
2137071349144,0.033268288,0.024841284,314.2674,-0.8471260270740476
2161530519278,0.0153121445,0.0107548535,119.377686,1.560899320119415
2497470231452,0.026866285,0.03981243,184.87076,-0.3365243415857898
2289488155802,0.02604209,0.06069944,167.80821,-1.2172462085117892
2342836606496,0.01661782,0.035557188,106.166374,-0.5161083551740541
2447619793814,0.008058126,0.066628106,147.62823,1.5990665312976686
2396839524950,0.013390019,0.015953455,142.65753,1.040243196841511
2480023289366,0.008367153,0.0504401,45.13639,2.146383257412121
2358083564450,0.033680562,0.04387959,283.56964,-0.4346654205642457
2687334337828,0.012262198,0.02159795,180.84932,3.272402642345207
2736870860040,0.09691939,0.0701077,222.21423,-1.6421194502037926
2567960955488,0.04313781,0.0662608,72.92616,0.891886661547978
2548261335084,0.069004804,0.05054383,98.65995,0.3697951384971494
2583521276188,0.018402327,0.076152,131.04358,-0.5104473915573313
2633362188314,0.043662183,0.06980997,262.99405,-0.7114694630238803
2773699929318,0.060146775,0.06520303,253.27231,-1.990827906916231
2731499959326,0.008523619,0.042363215,124.16166,0.5527282421589894
2694356697146,0.01713522,0.07559633,195.66696,0.9967549879129547
2810563977286,0.010731235,0.055229962,254.66412,-1.000833082343428
2975034624210,0.009227065,0.011882836,60.261234,2.4735595438484994
2758777146248,0.045036692,0.041072145,684.8294,-0.9320305140249104
2583822417710,0.016643673,0.05343333,221.70946,-0.24833863109737864
2771165617194,0.07944169,0.0202369,151.81,-0.9885577042737168
2737520996362,0.023626834,0.032032225,281.23694,-0.24132161435517768
2765147882750,0.011252335,0.015858524,212.9024,-0.18655105138476807
2572739834604,0.0860647,0.077381074,353.94687,-4.053288112044723
2649889055516,0.02674048,0.07164597,154.59656,-1.321143429375931
2998523999018,0.005002914,0.033223882,153.26694,1.1075208130908505
2784200998634,0.01718076,0.0188892,146.04317,0.6284141797286344
2991223307926,0.063353956,0.03894967,298.64832,-1.2862275172760123
2080916649074,0.014436908,0.027933896,140.89395,1.545564421555067
2132682665646,0.044952627,0.05794145,211.03282,-0.695230143485594
2291754616546,0.045892246,0.07163132,284.54446,-2.2107979653381937
2324143395378,0.0608567,0.07012541,126.00473,-0.4333019549993541
2314927176368,0.11647918,0.032663018,196.39397,-2.799770161197857
2434316309270,0.018381998,0.028979732,281.7789,-0.15786709357191733
2042824556172,0.025060423,0.06683682,142.61536,-0.01524861212572623
2182545654306,0.06109127,0.051686957,73.59859,0.991085092347543
2435281518554,0.049428686,0.09578112,174.18347,-2.085365395225885
2343212739732,0.011382786,0.018050821,68.71977,2.0876458633053945
2223481367560,0.06847246,0.0584287,170.3009,-0.5155048285827358
2164113241800,0.035909515,0.039322022,301.46634,-0.7654012342943646
2273015872782,0.040764198,0.05336459,96.24859,2.161436597739439
2392719451296,0.099329755,0.0347659,258.16068,-0.9490647120797917
2415892062012,0.017753227,0.06676225,270.05624,-0.29558033880011353
2282542532472,0.024917504,0.03655319,156.39015,0.29658994343226697
2220328116206,0.019760488,0.03923624,121.30922,1.3739704043691714
2260967930262,0.061647825,0.048419803,215.04288,-3.5078647442783306
2642921908594,0.10869066,0.048677765,217.03856,-0.3910751846847855
2629590806802,0.033645887,0.03932709,536.148,-2.866108908762109
2677854477376,0.12161436,0.08194605,192.65546,-2.504283313070086
2665792698430,0.03121283,0.032501373,154.22774,0.611216230351274
2641977337774,0.024163477,0.0534725,193.74348,0.33052704906707137
2989020120774,0.00745316,0.016750908,96.74741,1.1342659229014145
2645808594604,0.005119558,0.040280417,119.02137,0.9140123341739878
2886798361696,0.014902498,0.050813187,53.64907,1.5611542353304584
2506392417558,0.031957094,0.0978777,115.08755,-0.2060629172593582
2715952694444,0.1081843,0.07649786,106.37513,-0.8690129941575178
2669922827880,0.10231257,0.075372644,147.98058,-1.1060527439394252
2627995270220,0.03049115,0.023790734,360.82742,-1.8063179482103844
2810886639460,0.042715747,0.05931564,190.84145,-2.244123402219559
2840744682958,0.05545682,0.024477465,211.64265,-1.2414946611152418
2919814269180,0.021632168,0.05271938,194.70984,-0.051253562639075934
2599766909898,0.072256856,0.05624251,327.51117,-2.658828856393388
2124685851728,0.06366258,0.014342002,161.42802,-2.645281219943021
2129771590490,0.02037295,0.021442812,145.78653,0.5312839179545823
2123751209384,0.022641838,0.03596981,165.85303,0.7471604015554516
2336796923550,0.019025274,0.026117548,201.9562,-0.7015219590571543
2309486625766,0.08893908,0.06782818,129.44957,-2.8188862669631787
2052958512376,0.012064922,0.034547172,158.05194,-0.1719383966479528
2072325216566,0.13484482,0.049639273,534.2342,-1.8420246097975683
2130109346558,0.0093335565,0.030294659,177.91061,-0.7023525126571617
2085655236088,0.049779728,0.04356484,209.0323,1.4624663360938888
2184724222928,0.030166676,0.041912712,154.52753,-0.6489080383968662
2033912655928,0.07106289,0.042030275,228.03673,-1.8610474599370623
2204421979412,0.011727418,0.030101798,123.06871,1.841050788455449
2306340481504,0.041836686,0.0339355,332.22366,0.08928153846187814
2053253732294,0.08781732,0.049770676,325.79614,-2.5163275191495247
2213293564190,0.012902255,0.029370556,99.78272,1.2938364597113508
2108184516782,0.0774379,0.049113274,155.85211,-2.1817070906887652
2245996260250,0.041855626,0.03352973,286.8196,-0.4172448728735646
2362200112268,0.04692204,0.02805509,103.340935,-0.13336842061970905
2335530776156,0.061245907,0.050784618,211.8026,-0.32030844305796763
2259976287304,0.08361192,0.096499056,123.16024,-1.171375426542045
2112015671952,0.038721062,0.043630246,58.429306,2.368646719749763
2334588623500,0.019385654,0.037356835,86.49881,1.5445481310448952
2457790692804,0.014158097,0.03964821,169.80411,0.13677117519742815
2486059423216,0.00900668,0.04263963,165.10834,1.084286020899451
2437469640534,0.0059067057,0.045648213,233.8479,-0.4929090692598263
2353971783866,0.10426779,0.03818964,160.8334,-2.3790046092332906
2593346809268,0.047593962,0.029124506,125.81412,1.3748010906606036
2609552727938,0.006766533,0.047432017,127.24101,2.517391174488838
2677181261788,0.05311616,0.0448557,154.12897,-1.0643932203193878
2754012936754,0.021231318,0.037464656,29.133923,3.3722624863548303
2780380226534,0.026264697,0.031189688,113.72168,-0.3014560418290735
2719756207516,0.032104563,0.06738755,209.55809,-0.004638859566184039
2708953270588,0.023423834,0.036716226,163.33798,-1.0164557037814834
2877866652424,0.021087866,0.022061506,139.59637,1.015616316033465
2975035610280,0.029945388,0.023576058,78.97049,1.6633745332694825
2892459445000,0.03249963,0.054718032,101.24561,0.8153543181840468
2776557892524,0.012118153,0.022114992,112.65897,0.5929391047511323
2793083094310,0.013768112,0.020435244,110.1639,3.254016252415863
2848646574190,0.028658642,0.054512464,212.53775,-0.4349020403161735
2753093591948,0.015830392,0.008987954,88.80604,1.974009646203633
2677835103182,0.10996289,0.04402251,154.66872,-1.2882221186302054
2577826080200,0.073814,0.07912966,147.2464,-0.7531173209985315
2683873854612,0.04341308,0.05556628,131.2411,0.29317846192517505
2961056944740,0.07308782,0.12120729,206.0912,-2.360066179878418
2929944546466,0.016223451,0.017970402,88.73745,1.5063872425108866
2942325482534,0.043167118,0.038691223,199.97165,-0.2869480892647038
2904862658960,0.0025763204,0.011169166,39.759888,3.546283278726776
2929952434142,0.014113555,0.015724594,95.12373,2.0960427655935487
2366678150810,0.046730574,0.03180357,248.32202,0.2235905860616495
2296197354522,0.03298206,0.054204285,501.2479,-3.23292370866499
2439081001950,0.053380925,0.021439526,202.33386,-0.8051504349606372
2066646875206,0.017780652,0.0058131698,179.62793,0.9371484933510976
2161274135310,0.060794063,0.014572329,199.10242,-1.3502188926953183
2115551734658,0.012311425,0.013804121,182.8161,0.8614583961073212
2346382322848,0.014591348,0.032771032,299.60703,-1.8944446604412186
2474661435940,0.013364194,0.02444453,85.134796,0.9976040824069288
2291129585276,0.028358752,0.085220344,305.53665,-2.764941364504763
2396553961024,0.051890537,0.048157677,400.50452,-1.6798512574053985
2449904528082,0.01703355,0.033264413,189.5189,0.005384405309139889
2018056716076,0.043965958,0.047592636,373.78613,-1.2634107510605275
2424785168948,0.07006677,0.06808278,193.80959,-0.9855395924646011
2481944842434,0.018274365,0.014044037,205.93526,0.8644946306307535
2457821059640,0.017656067,0.039123192,226.95451,-0.09747032637524244
2162849086298,0.01199707,0.040930983,113.31152,0.9543838829431588
2136186805784,0.028448941,0.028450005,88.67944,1.1308061874790027
2490222689534,0.02149275,0.09857572,254.38057,-0.8719923220309826
2432120486298,0.016317418,0.060613234,96.090805,0.7873587373185742
2562590964824,0.03053948,0.012550838,70.76332,0.6913974968866389
2741996820152,0.07814406,0.038328502,159.92012,-3.332499286441907
2692146156428,0.029426888,0.06110871,256.85208,0.10057642059576644
2920116720782,0.0673587,0.13128826,205.67944,-1.7665563361567453
2879161655740,0.0009862612,0.019939722,76.88597,1.5370622379054173
2818204216492,0.07636795,0.012757744,222.65985,-3.295079545791439
2966157650296,0.015908917,0.03186525,26.509937,3.0110431311096972
2631828997364,0.025710486,0.04188904,166.29732,-1.5527964172884041
2578803888384,0.015825314,0.030201608,62.266636,0.5685232574700183
2604219247790,0.03202435,0.035283487,246.58786,-0.9283290803469526
2575626421272,0.038581006,0.041831754,124.24129,-1.2881705480713932
2986494276876,0.014015513,0.037957046,70.16441,2.815258679262044
2998559054132,0.07318342,0.04277929,144.84645,1.33087399780777
2882039419828,0.03360942,0.06840321,462.19315,-2.013840974730591
2822349667156,0.050975263,0.028282313,327.88647,-2.0342216056820757
2550847363610,0.007981407,0.029529843,159.29633,0.2692423511541965
2997922402708,0.045226786,0.039438937,131.39752,1.0329967448737911
2763577447804,0.014730314,0.025227914,61.10002,1.8598668607549171
2802952977004,0.0055297515,0.05652106,92.46863,1.260068988502181
2523562088366,0.021452865,0.01845006,180.01791,-0.5137621435847194
2587696214868,0.008042653,0.022729069,73.57623,1.6984151541243149
2673115722514,0.04347962,0.06437491,252.73322,-2.6326674886048047
2893467898570,0.05742373,0.052929476,204.29977,-0.2812431585283097
2912832839348,0.0475571,0.0909984,284.44135,0.8116583332948744
3179811915404,0.028998617,0.06835218,156.00473,-0.44778257056681425
3357628332118,0.07006339,0.032351308,154.7232,-1.2968493851024316
3302703319356,0.060047198,0.025920758,186.99902,-1.4210802882007978
3008058543498,0.03608712,0.047605492,302.60223,-1.0583447592364115
3090284178756,0.012190665,0.02337828,68.56097,2.392595433781606
3163639463344,0.01803202,0.035372663,68.68819,2.7633980779916696
3113139269246,0.018224379,0.039959636,174.35243,-0.31547896220415106
3176643369820,0.05015927,0.05131623,105.03169,-1.0027880787069037
3137577373210,0.00438157,0.0031692032,30.421854,3.322899790986191
3211878439030,0.013298934,0.014456217,42.35556,2.850238176918228
3172827611974,0.0135015305,0.0655758,148.35696,1.1553380561950344
3471289758376,0.030239549,0.027400294,44.91147,2.285851415487668
3034735365742,0.024003543,0.059202056,216.98398,1.308269166658693
3237940000896,0.030830957,0.03547377,136.63939,-0.26422468535325233
3255089533148,0.041886084,0.057670753,161.25487,-1.3447971842086235
3461787518646,0.020428319,0.050565228,165.74129,0.6161534934218783
3384319266538,0.007222926,0.00255776,42.656796,2.9129176307018003
3665934606534,0.025738437,0.06947903,217.75844,-0.6100044002649991
3599893647550,0.041660756,0.018066313,218.59131,-2.759961390688061
3698961071542,0.031911314,0.0603134,177.77065,-0.3025275667412347
3696727773368,0.018154053,0.05312557,299.10306,-0.03617184176742029
3713890132430,0.05395887,0.038503245,107.97198,-1.7479919397764994
3895496250632,0.047910053,0.044563197,276.22885,4.472259571125806
3540218913348,0.052096184,0.03425001,103.169876,0.5486550556284344
5273793234,0.027804852,0.042127762,229.66153,0.5536886237452897
3765340039416,0.05509781,0.04736685,267.20264,0.13469993532326752
3716732189122,0.08202463,0.051854786,172.76944,-2.45734404926059
3817071910854,0.023717918,0.059975546,177.78546,-0.41318801172746006
3889784998970,0.0752205,0.055448327,145.57657,-1.5645384311548232
3917725801482,0.01580642,0.025839837,105.08249,0.9118016511704184
3896142278134,0.062093284,0.061910227,171.23471,-0.84840447956762
3762452625320,0.006297536,0.012310864,34.41473,3.7526745945558986
3586575171646,0.0675088,0.06163369,199.22243,-1.8725069568854404
3715170797058,0.12947631,0.07405157,230.91524,-2.967399329243126
3562434681238,0.02721586,0.062892,213.04501,0.5348680589366183
3634517869864,0.028550949,0.03858964,134.04958,-0.39807157252822184
3622464886184,0.035497736,0.006878632,286.0714,0.9813230453026913
3865355162420,0.014661678,0.039118525,43.177383,3.3436593750445587
3067460311876,0.050243497,0.03374247,265.09338,1.2425324306505448
3310348595640,0.015143766,0.02788041,149.79091,0.1641118238605524
3471655811816,0.014206889,0.05721371,121.13008,2.059035485425207
3242415645372,0.045741137,0.02907526,589.73474,-3.2698407617701397
3024287999450,0.0063509797,0.012768362,194.69264,1.2565311855750974
3177334378200,0.014210433,0.0117028225,62.34741,2.0856415490989266
3388807964036,0.033043683,0.022183804,310.63748,-0.12233550098202461
3317993495272,0.04086496,0.050555028,157.39832,0.4038080118344253
3294787043604,0.016289728,0.030038878,72.61776,1.543017929857366
3443073671426,0.09219709,0.06343933,330.03656,-2.571069533745561
3166850750770,0.07999846,0.014587592,393.53766,-2.19875450937551
3451042391010,0.008348307,0.07889697,100.989365,-1.3758271634990873
3725350612604,0.016509024,0.04259837,247.75111,1.0181859461828668
3678044694546,0.08543855,0.030382397,529.0373,-3.2696096222318323
3741230443674,0.015361582,0.028510004,142.20187,0.3606941709375685
3686933717478,0.008853499,0.019283388,79.72922,2.088723695561923
3927926181176,0.027033681,0.052172415,341.8992,-2.2403968845066062
3820297081698,0.038985286,0.08596356,225.27058,-0.16061730419783782
3847288474420,0.12310982,0.053692043,183.65147,-3.3687562616672055
3636143242296,0.020006703,0.06017759,197.93309,0.17048293572592282
3509784394864,0.017720068,0.019070495,154.00157,0.7588101665273339
3651069278610,0.027060255,0.07800855,126.12368,-1.804743737551023
3672981611120,0.08275005,0.030760845,156.9215,-1.1941026420041043
3602183849020,0.019436039,0.07706221,189.03905,0.25008566379121044
3832686838308,0.021206947,0.06261381,52.170097,1.3764711994018408
3909537690568,0.015445637,0.031154078,46.055138,2.9665801983527733
3714259112098,0.016687632,0.014056012,128.35881,0.4423952464627511
3921281647324,0.030782146,0.08476712,133.03613,-0.6596075964414239
3048051904712,0.02107961,0.045943044,411.25836,-1.6605093956841122
3320148929378,0.019551858,0.03361727,189.98755,0.10421328654653272
3069964842322,0.025930155,0.06813328,147.8389,1.7409946371000302
3411947161682,0.040457323,0.09375645,319.20697,-1.4336325168739248
3332550958760,0.06697008,0.035422735,130.72922,-0.5307542459542565
3325573809860,0.026390271,0.024377622,245.02419,0.5026721416897549
3364316188536,0.016043166,0.023328854,156.03172,0.14472668124624033
3056609548852,0.030073142,0.021693937,198.44453,3.0184705238148877
3430334721104,0.03370389,0.05321053,182.19626,0.4996877545459376
3047116834594,0.008635827,0.018904379,186.3909,0.32798799283857144
3165228453362,0.008234509,0.02347756,99.14912,1.751004312733376
3174427184594,0.015199327,0.05423232,213.56941,0.39494172753617773
3183335510804,0.008276123,0.040444937,167.99045,0.7395754823170108
3460835718092,0.014868582,0.05358976,132.78073,1.2923048956872583
3290333148252,0.037352808,0.05317784,225.26254,-0.8297277808098114
3268745971868,0.026152162,0.059966043,263.7759,-0.6503736900259599
3448778451252,0.09021813,0.06405617,118.28991,-2.727631531886477
3569087331252,0.05549051,0.06364616,196.84239,-0.6377572375352809
3546875572348,0.009995872,0.031395923,120.16647,1.7185438234981545
3690710167164,0.02880377,0.05309714,295.19644,0.02867048692698959
3497348727142,0.035402454,0.01234917,96.19213,-0.2001371224478865
3911393899930,0.015117062,0.039662596,247.12672,1.3431249725842809
3943792103670,0.090797246,0.03576478,139.90228,-1.6267675470571243
3891086782666,0.021106154,0.024161877,140.64684,1.550452883448488
3649418003446,0.0061237225,0.033408325,97.16026,0.947049262690456
3760874755674,0.025085658,0.039848857,228.21162,1.3998081470405594
3951705409568,0.058601648,0.050637472,208.32657,-2.6719553114141146
3866618264716,0.047375463,0.058318574,179.4619,0.8514147157830566
3903763065144,0.072258905,0.111223064,98.37816,0.0927819935874683
3625958491244,0.09878741,0.060846258,351.92264,-1.791230434123313
3826946131546,0.019340392,0.026441932,83.37784,1.6728269535193694
3028071252744,0.007773887,0.02484059,230.51122,-0.9232448114278464
3399574945104,0.046334736,0.04653565,172.38211,0.3522932908749523
3316722511248,0.11987442,0.10847897,215.42152,-1.3031070939485816
3203347611186,0.08782495,0.07758752,342.18976,-3.1407474435086056
3094760887972,0.017535843,0.02621454,161.87025,0.5905050469241013
3182078408684,0.023410002,0.12720053,481.0713,-2.183205491459901
3424979796702,0.040373217,0.07237088,203.92622,-1.6152765646648084
3160496422308,0.01754285,0.06534982,132.9741,-0.5437941984202186
3157010229266,0.005787638,0.030702299,132.59023,0.6914822768071067
3020799667980,0.06657845,0.042454083,263.38226,-3.7225297881700508
3667561724164,0.048484415,0.015658155,62.282814,2.2463795271940543
3579619897900,0.016881354,0.04998823,130.31462,-0.6056946884278889
3614532532772,0.022141527,0.03590577,46.453808,2.2345466663099636
3725671714746,0.03921733,0.06182291,159.04971,0.5910505672176036
3794884194974,0.013263126,0.017647587,33.110905,3.713023359781037
3783455693072,0.020841805,0.08929163,175.17894,0.6598221469040979
3833009450856,0.021464737,0.016634637,211.30678,0.3824222198387123
3849200375462,0.024904873,0.062046204,559.2604,0.8717216910337429
3794275337286,0.047852863,0.018388836,261.90958,2.6390597803315123
3939696625266,0.021870352,0.04669647,360.52707,-0.27631574266357584
3786022539360,0.0080232015,0.04541252,59.976913,2.1989519079356166
3827618693012,0.014836036,0.042499077,167.69322,-0.06952881800042887
3999395602042,0.040484685,0.031870164,213.59018,-1.108585126883006
3608824355724,0.03325982,0.0476695,131.50688,0.6202071167991726
3624703429830,0.051892266,0.03931243,155.52211,-0.07256937169519509
3725361629942,0.06327322,0.058465153,268.01276,-1.8571772028767333
3964120566738,0.044439044,0.086125575,207.71834,-1.1621206116727747
3760278347068,0.06181731,0.04510245,151.00334,-1.0386913094245136
3850132223674,0.02688151,0.05910338,201.49995,-1.840052831970488
3873310629162,0.020897744,0.013996608,143.29388,0.05866430256996005
3690438638144,0.05750066,0.019965325,337.7649,-1.365801235546213
3559314571928,0.019475477,0.042021967,180.92728,-1.0211045739370397
3988273658428,0.044628497,0.05143445,167.1269,-0.4034984292003051
3939061939356,0.0030621435,0.016638625,82.44434,1.0633352908217442
3979706162556,0.039601248,0.05600282,129.91565,-0.7625648510258234
3864133368354,0.06732429,0.028121728,171.24673,-0.4718168360842864
3792057512794,0.015273526,0.019262515,45.699272,1.2927671079156935
3814606170138,0.05256897,0.018252784,105.78876,-1.273753300207292
2254964456538,0.027177492,0.09340529,147.5652,-0.1218518567919524
2290526066404,0.08341128,0.03226436,136.55864,-0.6724953950024348
2264794977126,0.045545906,0.08265959,608.2435,-2.241870364426373
2263213827942,0.044748932,0.063862324,97.49766,1.9298584825241898
2309580618350,0.027641239,0.043656252,59.252254,1.2394452406622618
2472144684448,0.012556706,0.04242671,127.54715,0.26231910906744627
2473735737024,0.012535439,0.019446606,71.12711,0.32961141061507604
2034297556282,0.08764419,0.0936399,144.86632,0.37971426338598324
2107963658018,0.040875945,0.050993256,88.20016,0.8660785848726951
2201644230464,0.10361171,0.025928728,124.74475,-1.0085208045920722
2270212648822,0.03085547,0.049027525,202.36342,1.0412177541276963
2459465757450,0.13169226,0.035876032,215.79881,-2.841591173603513
2082863199662,0.060007785,0.03319627,106.69546,-1.4816569032539981
2242572912714,0.013895813,0.019278927,189.12146,1.3663729937999358
2256553317402,0.016027214,0.020430561,326.04938,0.4320956286751564
2334027794846,0.048354447,0.037528656,176.13582,-0.66169496232966
2054948302704,0.0142084025,0.05362418,195.79707,0.15190130228012377
2086681832008,0.053871777,0.13284482,342.15936,-2.337739518920756
2291168088114,0.054293495,0.04618971,298.85938,-1.1819191371396724
2462634986936,0.04927731,0.03416274,178.80754,-2.2575986580526566
2694717560192,0.031946283,0.03361918,278.969,0.6825475682094143
2562955555220,0.026076196,0.015409311,213.15132,-1.072539830864069
2737588229210,0.03299455,0.029622557,202.14906,-0.3146294136258969
2529617946534,0.027388945,0.09583333,176.77348,-0.8878855662026567
2545172873300,0.01703385,0.053142942,118.67344,1.3334498401063493
2528028683382,0.06781475,0.081206955,184.80727,-0.7010269275987077
2805529898146,0.026372753,0.049748838,68.36713,2.170530143225834
2834121717062,0.0076879263,0.013977645,232.46815,-0.5168282735916471
2957317890064,0.030913107,0.09518078,131.23013,-0.012406561817142822
2900476594244,0.018663073,0.08266937,261.0202,0.9914801879565319
2740146709220,0.029041477,0.06112969,49.88076,2.3153458833062444
2554397787014,0.036315043,0.08127152,145.31291,0.7794969170265164
2645209414134,0.016291518,0.03789505,177.05531,-1.497925637580384
2841745448384,0.051744416,0.0458176,81.48969,1.733220875256949
2929702267934,0.045820314,0.05958228,110.52201,-0.6124027311129198
2925894901878,0.04929913,0.02692053,126.578445,2.454812471052552
2955110773448,0.050499145,0.046915192,206.29909,-1.8451000325954643
2717272569544,0.020675166,0.029515993,88.39811,1.2807094846462908
2513091535952,0.044015706,0.07539559,167.66086,-0.5270893017397527
2736313791570,0.058804795,0.07181128,80.1788,1.0928318125482945
2842369326066,0.01894719,0.033093452,261.13562,-1.1166026918370249
2875078044776,0.027637193,0.05514704,427.8965,-1.8223416615123653
2560114433194,0.042741027,0.025140425,122.93636,0.18695059003489878
2750312944730,0.05272463,0.062129993,131.50261,-0.5440604750066301
2751583453404,0.118784994,0.08724258,137.7533,-0.47652252105430226
2227680894986,0.03906301,0.015715148,152.50446,1.7791755882035485
2189597949598,0.020783374,0.026622886,126.770905,1.2847001664124076
2346123239324,0.07875987,0.03674498,112.31946,-0.5763340606368524
2404539964208,0.03862597,0.051621187,43.78286,2.4473564288591017
2509322597500,0.032583695,0.050874177,281.5787,0.19442563395312104
2421061008186,0.011366826,0.061365336,218.44167,-0.6586645445740579
2436936277348,0.033752806,0.057754587,194.37556,-1.884793096304798
2213746530042,0.06934772,0.017195072,389.81393,-1.3214069524286698
2344556983052,0.0065659555,0.043603968,207.90552,0.5320175432150279
2389003205452,0.024947744,0.037548658,230.87888,-1.2801044909606745
2456648322254,0.06576687,0.01988486,178.01591,-3.236049698183014
2122590823072,0.039882038,0.050781544,84.67736,1.6952609179223521
2124176659828,0.048252665,0.052807372,68.58016,0.9882546615491868
2363593266548,0.033260778,0.099808075,154.50006,-1.491822320555808
2298508345050,0.11326502,0.023103118,131.75288,0.9664269160852805
2431555197292,0.029971622,0.051144652,189.2821,1.2079602163575887
2486497296046,0.04850066,0.053173896,103.91798,0.8185046938218844
2515998505310,0.03716842,0.005987705,111.7667,1.4012489557744239
2524264005060,0.015573426,0.0313096,34.81687,2.2959424564621935
2656024749786,0.043151304,0.05300989,75.53968,0.09520471327055657
2531570568160,0.080043286,0.06623427,179.10966,0.3904037071502051
2910068393398,0.011101606,0.036838602,120.64706,2.1452453930800273
2907836304188,0.048602406,0.04151445,327.16718,0.8011785318157276
2988163169754,0.028188888,0.05882989,352.5698,-1.1708025470972308
2793534144638,0.02051884,0.07225658,290.6664,0.23935843002684432
2726826595858,0.040707342,0.041141156,97.29236,-1.2742355802527614
2660794154510,0.045754623,0.052595343,202.6124,-1.6299525283730227
2965605692190,0.05029013,0.056621596,100.622765,0.9207743346273827
2917985908000,0.021431167,0.05650366,363.952,0.35779871406421027
2887493429500,0.016478565,0.04497634,307.62994,-0.5437778026274068
2562067080734,0.042663183,0.071305096,202.71849,-0.6663326536257543
2766850999258,0.03370535,0.056762055,175.02612,0.3776262536562107
2842110044268,0.012350271,0.015467468,153.47029,0.12569268846841009
2789722318292,0.0062415665,0.08203597,306.378,-0.45566554137058113
2063497555414,0.08042182,0.07817765,361.3202,-4.792157452388531
2085726702530,0.008622989,0.032252654,163.35037,0.9246060727229601
2319102869012,0.10764511,0.0438995,331.235,-3.3106113111006374
2456897931850,0.056031726,0.043298867,105.38391,0.5602670850059649
2095581616398,0.07598205,0.037529316,221.59781,-2.498028846755889
2326416161624,0.017388212,0.035596665,126.76846,-0.22409768841458155
2410879379430,0.02376496,0.029734213,178.39899,0.0004188030951290389
2364528995242,0.03270805,0.037414055,160.42444,-0.6805511548396657
2093662713112,0.014977891,0.021979261,180.16211,0.7968693234340241
2086983882690,0.015679507,0.028792799,97.39009,2.0593363534936695
2456273501790,0.017885402,0.08281237,194.403,1.1882079049783616
2404200928248,0.06849278,0.029629251,121.085,-0.2136078752103988
2028591626982,0.04045256,0.044903338,237.37607,0.1995714352888097
2478201331750,0.03525882,0.05509718,122.409256,-0.08363239861256955
2323562767396,0.010873307,0.014797899,97.79427,1.8261126441462872
2593114943734,0.13159147,0.06535368,111.30023,-0.5245106817740346
2734093445590,0.012766046,0.01116337,140.95772,1.014731763219408
2582981973214,0.036407243,0.035461426,410.60022,0.10981114754672727
2990346096824,0.023474243,0.012029518,137.90192,-0.0023169571666316613
2702987322574,0.011812712,0.023143375,63.96058,1.1475250394579155
2699171035128,0.03355402,0.024539923,154.37384,-1.4835611672275455
2524536245040,0.017188778,0.035926748,97.226524,1.4128176658201383
2808717073468,0.010610584,0.04393909,122.98915,1.9118395286701175
2884604152142,0.045832433,0.049121007,190.77057,0.8843900354679538
2621084223934,0.051473614,0.06892358,411.3283,0.028077759695701143
2874781241758,0.10092906,0.04700184,471.01602,-2.739668059234234
2812862473902,0.036342036,0.027068181,40.800133,2.1673153214540744
2109890479634,0.0228045,0.04725356,155.91577,-1.6574085610016853
2065771982068,0.028748913,0.077504784,87.604126,0.6761222018664781
2129595366538,0.04227853,0.018061023,139.41513,-1.8493229159555653
2095628992420,0.023122547,0.02739921,60.141094,1.930921656539102
2248989917098,0.08562923,0.117640294,108.442955,-2.005335875943293
2183578328004,0.016775176,0.037957646,145.0283,-0.8559074837502783
2133733357856,0.014435429,0.017002847,98.945045,0.6772545848255161
2245814893738,0.031154022,0.038531613,185.16267,1.3277651682824894
2188975059564,0.026556611,0.032252576,262.3916,2.826104535171826
2345515569256,0.023717927,0.01869399,123.99049,1.3768735700462775
2468079826158,0.008427758,0.019376036,95.855835,0.8824435384883935
2211172456090,0.012061425,0.033517014,164.27907,0.6157101007566582
2251822021456,0.0079461355,0.048551526,61.801483,1.7453263133475876
2162285086372,0.04284826,0.05733387,200.73071,-0.8656187144246859
2339451870910,0.023465874,0.029295508,2308.38,3.187840454776629
2412169646282,0.00817045,0.045280218,118.55692,-0.7711291283776891
2340411159456,0.040738016,0.043893844,60.42081,2.749143458699268
2262619112790,0.020731874,0.030796237,118.75071,1.4865331431563407
2134675083640,0.016665144,0.072136045,272.74704,-1.462130626008233
2089912499610,0.008450539,0.03556938,139.63132,1.0409906960634747
2239781738748,0.03353522,0.08753877,312.18048,-1.3692191599349182
2234693127242,0.050384942,0.084957436,135.99803,0.11288673589565265
2276919330900,0.051975895,0.032214504,144.74266,-0.7332763929668851
2372178708358,0.00811977,0.008315716,48.618114,2.510350071714335
2707137610616,0.041053027,0.10506316,202.40929,-0.277436974529962
2520446585160,0.016051073,0.022059022,133.55728,0.38162517833359244
2705562559364,0.0215699,0.02877511,259.99762,0.3620082063491089
2674751755570,0.042907808,0.04887097,242.81314,-1.0248597347551758
2798900940152,0.013348645,0.027374536,191.50288,0.1949413769432634
2773192227806,0.04645922,0.038551636,175.15993,-0.27247138669400583
2843036776078,0.089557365,0.10564424,331.7736,-3.799832006742612
2813205569832,0.040028445,0.040243357,69.15739,0.8926724082529313
2604290060512,0.01273291,0.05431175,210.95076,1.3537415198911766
2589056332990,0.029257325,0.092556536,186.7213,-0.0468688064803372
2814802845948,0.041343912,0.015118038,225.39175,0.13995941321888172
2977051030430,0.0112860305,0.04961132,214.94443,0.6646557383016114
2911970669796,0.068010665,0.012520621,270.1922,-0.9273154706958749
2851632142580,0.026616244,0.015321907,159.88057,-0.9290524998244085
2629358845194,0.07673248,0.041924085,185.80823,0.9677022803157791
2971957053538,0.055490244,0.03498054,239.23335,1.8828026472254924
2959249500740,0.010798235,0.0019859194,89.00431,1.3017583752153772
3008162171276,0.05528492,0.0400984,210.22235,-1.687437397735753
2702713222844,0.022319274,0.03511231,406.3757,-2.686140211804375
2654773776866,0.14615826,0.1707018,206.60909,-4.215062084060517
2626205241936,0.042998765,0.08383649,70.20007,0.8390589284649556
2596679485870,0.03368435,0.056227557,138.03217,1.2158790944361524
2826874353174,0.011273182,0.10173008,209.36267,0.25003146889574085
2829728430570,0.01247998,0.011341705,144.31284,1.0540611359374945
2869426494758,0.014170024,0.025778746,137.20355,-0.14917940859180617
2959914402836,0.0999098,0.058696948,198.1171,-1.7413342142565362
3171946063442,0.058427386,0.084261455,233.57605,2.7208006045169886
3036374523446,0.021392087,0.0170575,166.04852,-0.7836330057647883
3045272290904,0.065069474,0.03792062,149.41016,1.8296154015824302
3241486547732,0.046515018,0.029969506,108.46862,1.7627952697007543
3023356557212,0.05662269,0.03899937,209.16267,0.15264859050685675
3170060096116,0.007007205,0.02569937,105.10105,1.8928284068197987
3273556143256,0.016851457,0.03782638,169.42555,-0.6404452767663315
3292308293662,0.011519397,0.043310218,178.09927,-1.6615912752425372
3292639270376,0.0052512405,0.041628942,69.43066,0.43439269534128
3439967946310,0.042518366,0.039035857,63.73849,1.7793952644367401
3030031181308,0.017767726,0.08747694,214.62405,0.5726735941015629
3282766415926,0.014192108,0.053624053,80.28887,2.2307570058884485
3333881642828,0.010832064,0.017689286,131.66302,1.4362366700151028
3357378727824,0.020735946,0.04053756,122.52787,2.142983284465437
3259263737678,0.015091694,0.044666883,84.86225,0.6553666766527193
3346264847498,0.041473255,0.027119149,212.60292,-1.9235359199974016
3468526629296,0.017647916,0.050545823,248.01802,-0.28475818195715097
3035436353966,0.088140056,0.034171622,165.45166,-2.304957825122992
3022741879998,0.015027698,0.025254026,144.51823,1.0226163673286046
3252308184910,0.024528697,0.00910581,63.675022,1.7816996215929666
3514237612454,0.043874323,0.025843717,297.8992,-1.3337204631413682
3567589943940,0.05218647,0.011898897,170.19926,3.346024758714271
3635212078184,0.06280416,0.04426997,286.79126,-1.938746333229051
3812716568470,0.049981687,0.04363349,927.40173,0.8332500492693973
3930516337260,0.07265183,0.042659745,226.11841,-1.7270679061199807
3646040088874,0.00874075,0.041931335,111.132385,1.7683298645108907
3961641865606,0.011775424,0.023196064,145.68819,0.8432259038504324
3873688422884,0.03455996,0.02096524,294.69647,-0.815936573714066
3785425825472,0.022570563,0.07417449,85.79394,1.424986124505068
3759387799734,0.022588689,0.037753426,60.30774,2.782422930174838
3741263885336,0.02011271,0.023991378,81.06745,1.8505413970368207
3720306708674,0.024290275,0.03754994,183.78622,-0.4304221820667793
3655858137426,0.032085456,0.022480326,245.5469,-0.9343887562979303
3817474984612,0.04127069,0.02129262,224.61308,-1.85742223248082
3929242150728,0.04049669,0.10173527,196.95091,0.6444113971747379
3847951915886,0.018652959,0.093916185,176.76862,-2.4855940731973503
3846693453684,0.071516275,0.09436737,285.2008,-2.0624638325884352
3899089721246,0.029122103,0.029097324,140.64622,1.018483895674223
3890530037096,0.026939822,0.043143027,130.87434,0.7305164349007958
3114841728618,0.025698926,0.03499946,189.79295,0.10284012283118754
3011010774298,0.008967709,0.038607247,154.87079,0.9190451924165671
3116437897690,0.013376237,0.008935119,55.69487,1.2169190609184948
3487292840512,0.02990554,0.017176494,186.54436,0.40020532597528047
3288201425568,0.058274508,0.0838154,67.838875,0.3060331449734979
3402195641324,0.0656663,0.046800543,228.88486,0.37562622960597847
3424424989652,0.009470175,0.052148927,196.87175,0.13047730574850458
3032944527222,0.05513097,0.045729052,235.65472,-0.37282991129315723
3375857331546,0.0191623,0.029035967,152.51582,0.6601401917434697
3441271869800,0.032828625,0.04965016,822.3467,0.2167729874446669
3301890166424,0.037663795,0.060566843,165.13322,-0.16671631811180831
3321574818870,0.09784694,0.11395708,210.95926,0.28170004540515414
3205324321552,0.03652769,0.052884076,267.45007,0.29343734222198314
3114845183738,0.026527723,0.04047545,95.464905,-0.9104447774823468
3416478247298,0.037327714,0.07441588,256.23544,-0.7056966026035452
3473636760932,0.09710208,0.06481945,174.66742,-3.8033021561207745
3448239747782,0.039099164,0.047437195,130.85704,-0.24669961917939034
3242831472498,0.023262937,0.032800563,114.81971,1.4538543323574564
3090728859546,0.042854976,0.056514043,257.95355,-1.643575470452217
3461912359228,0.020010877,0.02306451,199.78055,0.3661508544715141
3741298861240,0.06733846,0.018835302,169.7611,0.8010767866996378
3554297245862,0.030313848,0.044552263,63.324013,0.4874997021939702
3712735896602,0.012784375,0.048115328,359.46906,-2.3448100438285864
3920709303652,0.06606206,0.045569446,108.11795,-1.8301149269633787
3732129815328,0.118066445,0.085475214,132.49544,-0.05594752877937062
3742285138866,0.02460494,0.036236502,116.720604,1.461649450893897
3606373399778,0.022034338,0.04920587,132.49815,0.6980603699144877
3572719731854,0.057641268,0.049315535,237.04793,-2.312351199785869
3552083275756,0.0761302,0.032602403,178.3236,-3.002616456545411
3614002170566,0.00648628,0.0588603,184.74634,0.004888602383986529
3497162042932,0.01993082,0.10495467,104.37925,0.9694670218775208
3981055818776,0.09930325,0.05409589,391.86813,-0.5687785912369567
3889281174930,0.020514496,0.046953484,233.14104,-0.8240729443881587
3694311018000,0.042600714,0.08269238,179.09454,0.6851560734899118
3620333923094,0.070049144,0.06907176,168.53925,-1.1307685826927105
3536833169392,0.053972278,0.108332485,142.76663,0.8620206778297229
3786077171430,0.008441598,0.054562353,278.42877,-0.027777208727992386
3506367250656,0.03443008,0.041973215,393.03235,0.1963593996790765
3711484063282,0.044768598,0.033643812,200.04095,0.3823903100310226
3684499323434,0.036022432,0.033234015,239.84888,-0.39554452636644855
3851513860098,0.056783814,0.033413257,202.85097,-1.7132109481876627
3989940963194,0.0061257477,0.026051223,28.262762,3.806299763619703
3826745234384,0.12824327,0.09738744,136.48186,-2.7576637940171382
3089074581606,0.026688341,0.046316374,102.398346,-1.0419995308461107
3374847166940,0.06472765,0.032171942,178.91563,-1.5382887290059417
3458672900844,0.013020929,0.009650021,224.14687,0.3023073033007942
3317382297888,0.023542535,0.050713822,109.03218,-0.52360930626782
3032265415620,0.021581214,0.036456656,202.13094,0.6052583665208056
3391390816362,0.035140064,0.09143612,195.92865,-1.0485013693847263
3286281944182,0.054418888,0.06409303,95.1397,0.6504532202252191
3457740905280,0.039971344,0.058179703,150.90698,-2.0534408800155233
2997946770706,0.08002058,0.047165908,188.76962,-0.24963972239318916
3010979883018,0.018133098,0.03402141,119.4275,0.9437705923745106
3027161156908,0.020874828,0.058899526,142.4525,-0.17478819177483326
3191016092790,0.06694437,0.052476525,214.28618,-1.8466211207411358
3477086491822,0.01539259,0.037394952,241.79744,0.19766688056381265
3306585257258,0.017421966,0.041508276,82.046936,1.3513086860481103
3452317261794,0.016081689,0.018939568,83.11255,1.1027759891541022
3357392213458,0.05316866,0.07086834,166.49008,1.354284220336798
3369138588744,0.0038600864,0.037647866,130.89828,0.6618698223955417
3184666700186,0.04107549,0.06161149,96.668594,0.5823395002699032
3231984287344,0.018694919,0.025987463,57.5855,2.920192838641055
3054183544976,0.033911355,0.10445446,148.44899,0.6582735271846583
3100537131236,0.008808877,0.04402236,84.6029,2.0614734566442348
3059898880432,0.034384534,0.033899684,259.2115,-1.018254699840601
3481560550650,0.10719306,0.07624482,291.6553,-2.7589823359708916
3325333756132,0.017590677,0.04346732,76.60466,2.462453261868873
3523134349642,0.0066126087,0.02143972,65.709404,1.8046341791350766
3679035963988,0.02807358,0.022954637,203.38223,-0.15352716197305905
3949235681292,0.02421814,0.026139708,54.03781,4.971006484013106
3803508693106,0.011792709,0.050478414,166.13531,1.0070644152311037
3970842312862,0.062308416,0.057349004,249.5264,-1.0888363801134202
3987039083686,0.005075967,0.03911832,51.758762,2.2227191004618763
3940354496604,0.028531814,0.026001306,302.9664,-0.19743736406306778
3641896052900,0.08038799,0.033124153,188.83029,-2.4692314169473066
3727950525086,0.021045184,0.043338023,85.759476,1.8429690527431917
3598090993402,0.06618396,0.057802793,239.80255,-3.178136781479817
3613337799876,0.012861352,0.0983525,189.25317,0.27028262174177
3615236142206,0.010371852,0.015349707,112.32453,2.0756753609287952
3800656632182,0.021140393,0.054532524,63.942493,-0.31481254710226625
3842901559684,0.024976125,0.021554774,198.14737,-0.9460512515728533
3679990517590,0.054520562,0.044273347,252.33957,0.9460097132586177
3954955805806,0.017154725,0.022744182,91.132286,1.9913621671686532
3582209703620,0.0290117,0.08361634,119.616264,-1.1483533443441754
3596503974742,0.026302531,0.045507748,175.8497,0.35340185500831556
3610779045024,0.13715988,0.037282716,231.99179,-1.487956834420276
3901640367840,0.019965308,0.03246056,237.01111,1.7075339759913504
3111669758276,0.036344893,0.055949215,176.19812,0.25506982095077446
3429819933896,0.013702889,0.030113425,69.19499,2.407311394191134
3457446719668,0.022844221,0.034118056,178.95271,3.7633458776065587
3162171540844,0.033530973,0.036604017,231.13576,-0.7063365228770955
3234243465660,0.015533263,0.056103848,199.40814,-1.1182094377088112
3468581113554,0.016824683,0.028780917,110.284904,1.2280292825513304
3125957982884,0.04438611,0.032327604,209.46059,0.9264340929840429
3222489254012,0.012316537,0.01645937,131.34723,2.310257356424671
3325994349312,0.044678148,0.031159054,178.91232,0.9588527116491253
3404119690724,0.050072443,0.11032463,156.09914,3.6671695302347276
3341890130428,0.015892534,0.065612145,194.58925,0.22684814114620244
3265043612804,0.034503005,0.037412066,186.08177,0.4770528186983794
3352693421194,0.033354245,0.036738697,54.975544,1.985167483403393
3475890198510,0.024480894,0.019791087,83.15985,1.28802695166935
3709241793420,0.015232157,0.03499124,183.79485,1.7892219987049949
3925156452450,0.028265806,0.04823352,220.87405,-1.352756285397282
3599087830408,0.009312097,0.022736784,246.90154,0.2908574683699192
3629553749070,0.0074447114,0.041507557,122.453735,0.7569963089907024
3722276468590,0.12841363,0.057103388,292.3117,-3.0099210412805673
3653041208134,0.035528783,0.028736176,245.87328,2.2428916801353522
3499678116662,0.0073885657,0.046429295,213.80579,1.4422912802432293
3864181853008,0.05380438,0.03438451,102.64803,0.002013451065360161
3802912664354,0.019383615,0.056100354,279.18018,-1.6506498448676397
3778464909490,0.016685868,0.029336328,227.36311,-0.6889839411383172
3937537792212,0.040597707,0.042483497,142.88603,-0.029899194265998352
3751472711184,0.014841473,0.028074406,251.1546,0.3415685665456825
3930235942492,0.06344722,0.044694286,215.87167,-1.16790953426255
3640037756120,0.051036496,0.03507107,161.95627,0.8690482795861683
3713386614732,0.007998097,0.02067077,78.297905,1.7015240926402695
3980730466882,0.008645586,0.06595045,220.02286,-0.05447073285236825
2170410575986,0.025190458,0.04543244,124.79879,0.42455265220371396
2150095646220,0.028364189,0.010648308,146.25157,1.4048026799334066
2371720648582,0.016874496,0.03489755,116.77451,1.6085864212284298
2504439245910,0.020345038,0.02882349,222.18893,-1.4633622717624692
2018353774474,0.020112332,0.03045302,260.27246,-1.8675941024201537
2234581291150,0.0056769853,0.015102325,103.02644,2.0730587745709186
2142181585280,0.034508158,0.036606655,167.72955,-0.2467648322665491
2435572989694,0.005782046,0.028210545,141.21855,1.0117132856007343
2173276219324,0.045073792,0.035336453,151.9056,-1.0736258889772594
2201530333938,0.034638703,0.031242423,250.4792,0.02536446900903533
2016738457018,0.008680154,0.034619965,116.55889,-0.5956079026216938
2140571257606,0.022956317,0.061870463,159.99303,0.0929414781553597
2095176078022,0.11672924,0.038313292,195.03804,-3.215150844339599
2282502747364,0.028493486,0.050667938,129.38243,-0.23940956642925748
1999289447282,0.016739545,0.042508293,114.8961,0.16243107508397867
2064384676262,0.028268522,0.03977271,165.65025,0.09202088554172472
2025336242802,0.087672934,0.073979534,314.14896,-3.764395309389934
2212358547098,0.01088558,0.034701213,96.98697,0.7512109217907389
2072640020178,0.016725896,0.046449773,111.2794,0.0008774301363242698
2418418090438,0.012772004,0.012233117,69.11488,2.1443531831411593
2339356417324,0.019956393,0.007859309,57.822517,0.8446937918382675
2422556031652,0.018650053,0.032071915,225.37523,-1.0958274167493725
2538738437784,0.016632408,0.029124938,167.82988,0.8285622167433653
2828637623900,0.13559847,0.0931076,264.7704,-3.701887745429425
2795301602706,0.0050070332,0.013037466,128.63379,1.639259337101652
2842600289522,0.032248195,0.050732158,130.39767,0.9164644422043677
2644172187878,0.03995231,0.054382633,297.04865,-2.1429542836329314
2744828649182,0.019468658,0.033483084,169.29459,0.38105649822938037
2510508465262,0.037092377,0.04417396,120.073044,-0.10624890338311782
2517810744824,0.009747479,0.033136547,23.432976,5.402487322062561
2886437377550,0.02346989,0.03484923,170.80264,0.18650754286155202
2862947424878,0.010821257,0.05642433,69.192505,2.299693004377234
2620333921680,0.011150307,0.012850006,57.491024,2.437879772311201
2584137776398,0.056837864,0.040552676,449.6211,-3.7055784879026388
2895316347532,0.051357914,0.038357988,116.8257,2.5169684283977523
2535904068220,0.11269586,0.059421014,604.5932,-4.484707113835379
2505093566554,0.017673297,0.025720134,237.29285,-0.7588993544716857
2743552168998,0.028407203,0.06419834,260.6554,-2.263287688466027
2956926869566,0.07150933,0.01698142,115.63638,-2.2532910153611625
2766413862042,0.05836038,0.019118447,111.84394,-0.06570682144777723
2799770673504,0.020935511,0.106180325,140.96754,-0.4489732775937815
2216506490650,0.01186391,0.05793374,241.67438,0.47255853135177295
2314287101966,0.05025373,0.06290714,99.54324,-0.23085712109699363
2474638582690,0.01855208,0.07184325,156.72963,-0.40230738685294615
2277787472414,0.015564977,0.07295024,227.6779,-1.3243742661667905
2353676945822,0.009230384,0.038045555,212.35158,1.5951053876356118
2052355000856,0.054174237,0.039092407,142.87178,0.46389190551746284
2003153009012,0.07778547,0.03315828,415.33185,-1.165531282073832
2222241783770,0.0361458,0.025326692,141.74399,0.8234710613285456
2008543440940,0.063317165,0.03541703,142.27797,0.4536476388167374
2362251598086,0.02306717,0.022476083,186.24547,-0.13535142541158432
2452438089156,0.0271174,0.0106110815,119.6852,0.7270770562237304
2482287338374,0.05187795,0.048884585,256.56772,3.5485798211329915
2125366332906,0.08248324,0.052490223,213.85187,-5.977021961552787
2098065837246,0.023410523,0.037049353,175.95166,4.3831005900399305
1993298627016,0.010169588,0.021181079,122.45128,1.349990486184514
2298118833884,0.03332663,0.0070021725,241.38828,-0.9498033691854296
2275264752192,0.013547902,0.031666983,583.43274,-0.8309803705109353
2735320437624,0.012183341,0.039403077,292.37988,0.20023011805021418
2797564990940,0.0021562576,0.018050069,103.10914,0.9315706883194379
2917583997762,0.04082121,0.031547733,132.79413,2.43675450508157
2807393269194,0.014861356,0.019226203,287.427,3.9053973663131067
2793749434296,0.055329654,0.03135281,99.29022,0.931473299527968
2849003710086,0.015513301,0.022709664,140.2417,1.4619334771949593
2910923941112,0.0032809821,0.036983885,67.35338,3.9164423571865656
2601661376450,0.025453076,0.040873345,129.75755,3.7814669702049137
2718508383288,0.043155506,0.05537055,173.96535,-2.9345202070606726
2953475626708,0.03806058,0.042489998,346.81445,0.6014713904832361
2986504082432,0.0745031,0.0556399,146.02965,0.7309528402654206
2956978149720,0.032979306,0.025625896,289.07278,1.0107867449374643
2522263459804,0.088230714,0.043551642,218.71281,-2.01489229004522
2640381529932,0.008751195,0.048098035,156.1487,0.5795469747820668
2695004646568,0.03720403,0.045172,139.46773,0.3269905027053427
2670553868216,0.039793685,0.07146961,233.2949,-2.999770599209051
2925512549056,0.040413186,0.09892492,119.6253,-0.25873052933063956
2883919697720,0.048766524,0.039177068,76.18694,0.8880741394014677
2601676144292,0.02415762,0.05301105,184.23949,0.20944019000222358
2570863651084,0.013826351,0.02237277,79.05119,3.4202295123675746
2966184770224,0.03764542,0.022043701,245.8839,1.101070971460526
2070084414462,0.01969681,0.037761133,153.35626,1.7051602971190971
2175187843708,0.11386304,0.048098315,252.7917,0.913075791689842
2456499373958,0.037315108,0.032212887,254.12321,-1.1642356059672736
2392056068978,0.0057415804,0.055855166,54.59857,1.841433345815271
2278372897286,0.030396802,0.049123883,130.19026,-0.03912371885825332
2353626750028,0.06493128,0.0323515,125.061584,-0.08784905992228409
2050736684984,0.03738202,0.04927229,223.79771,-0.19562005141682284
2195210780346,0.007321415,0.014788626,89.37768,0.7404405029633897
2030404670662,0.1326621,0.030975165,151.09648,-0.9421387705464583
2455248596996,0.018275823,0.026863405,196.32747,1.4669276448637858
2375242075134,0.087162,0.013730914,219.26591,1.1789753636292613
2474631000976,0.019011844,0.095695965,336.94995,-1.8080141046389515
2513367685442,0.0407764,0.0142126065,517.2585,-0.714603494243381
2185014861224,0.0089792395,0.027518773,83.84913,1.1176780812524258
2250432347674,0.034136727,0.050743744,151.17926,0.45709725212577623
2228849430954,0.008350171,0.026895097,194.12558,0.11494328411221577
2319963154654,0.030710263,0.07035904,140.5574,1.6440051428380218
2385383791010,0.018951194,0.058581308,147.63116,1.8540640207077845
2267571423006,0.035476856,0.030144164,90.248505,-0.037390161198651795
2342821571358,0.011385403,0.04085984,66.97225,2.857892883228069
2483172190612,0.056410752,0.06222644,79.40744,-0.5588184062050159
2517146526404,0.038470652,0.03972436,436.22714,-2.0303454943843686
2515561194348,0.042029914,0.051002704,170.62854,-0.6935344074268099
2692727727858,0.020121293,0.05456126,154.01486,-0.8160382803215699
2572404304914,0.012456623,0.028912464,125.91181,0.39828205805646066
2798158932626,0.06949092,0.05389161,98.78067,-0.021330895976525877
2786719771914,0.018848408,0.0682307,248.6022,0.2621278325360561
2974051682666,0.014017798,0.04406659,167.75774,1.2551769889153115
2767373025610,0.040029574,0.067673095,142.57658,-0.9096941504388096
2938526158604,0.00823117,0.018894587,35.27311,4.163426574570523
2803579906986,0.07815081,0.009129635,246.56696,2.488795127293299
2523816261774,0.09786173,0.07988097,235.12666,-1.8916794024499501
2681647313916,0.009756699,0.029795166,73.12011,1.5809483137560802
2754034187732,0.042797573,0.06320461,303.80328,0.3119697412205657
2942960201994,0.020130659,0.0405129,604.95605,-2.0355605278058126
2925819640682,0.051063325,0.04761743,229.00089,1.874138418320079
2086629977808,0.035490096,0.069319114,163.97182,-1.0097489129906185
2243488234192,0.04860215,0.04141961,126.392,0.19816225441931964
2135530855364,0.044214454,0.052313983,126.11194,0.7582467725245776
2151730498782,0.053215142,0.03016191,547.71606,-0.4154031224963579
2497179936290,0.033571858,0.08634199,159.14088,1.5688794514430489
2502261062896,0.04233928,0.010445903,218.28633,-0.3960199436797926
2281276214610,0.0040333103,0.023450332,154.0049,0.8260350213392805
2380025791924,0.0089535685,0.031274598,73.77487,1.0477801722092923
2435594739868,0.023139035,0.040842734,158.96132,0.9648620110083421
2233672179370,0.053889457,0.03803569,162.63014,1.01251042361263
2185074257156,0.010239389,0.016404675,47.85145,2.8178680867313624
2235878263660,0.015065872,0.044304,167.55064,-0.12500447599168138
2287639164440,0.044181168,0.00972148,143.4265,-2.317802089825962
2156162802012,0.0714211,0.057215754,209.84999,0.6441135065080887
2054885640380,0.013078189,0.016944313,151.7244,-0.47717990100790386
2218411791978,0.028598523,0.08103563,164.32098,3.5962896762552194
2411764537378,0.043316185,0.038944904,256.34607,-0.6120318190460186
2435577025494,0.0558286,0.06808589,111.20563,-0.6092918471971367
2417804725284,0.07327189,0.061300106,137.81296,-0.4599601019780578
2480983015708,0.025099928,0.026831767,75.43389,2.5476953203552952
2107281606096,0.023569556,0.026453853,210.99141,0.6163533562337351
2159680696978,0.018859552,0.06653371,86.83168,1.4814506172935709
2213667716372,0.0050116875,0.012512934,57.594524,3.146372335414097
2256212371156,0.019824484,0.03096696,168.90668,-0.43352841735625824
2425437352516,0.13275489,0.03723018,177.94931,-2.8965565897778633
2271776093680,0.029645622,0.03925698,233.13582,-1.735231339096892
2452438471810,0.05602206,0.010107671,77.51968,3.7505100163066087
2727378584126,0.10981065,0.11525446,270.82858,-2.8661864723812247
2563226062162,0.017415773,0.05129598,181.20685,-1.3990075669161637
2545126363974,0.07048762,0.05055831,418.81067,-0.05582844426737221
2617862181348,0.019363675,0.02505936,112.60204,-0.2456373350158232
2690569674694,0.030173583,0.049265396,392.75525,-0.9435160234971061
2620086938062,0.04811707,0.054230418,234.34244,-0.5988079919949885
2651842819236,0.043882266,0.05209446,168.53455,0.47348039961571575
2722968735490,0.057550244,0.04376816,263.0733,0.2618611706041649
2916974362230,0.025182426,0.014769094,99.456085,0.6393321463679829
2698178086566,0.05035692,0.08733119,303.2867,-1.3529117924757492
2761037469574,0.027826456,0.054505307,189.7791,0.04797672846697009
2874715299862,0.026241576,0.03487954,174.25789,-0.1953964000822745
2895032901014,0.056000452,0.06024107,213.62173,-0.06943858306890749
2592140971002,0.04800341,0.02781436,187.04544,1.9298559854948492
2677884323684,0.07711429,0.012493161,120.638176,-0.8052705076273176
2535628434510,0.01675137,0.014046233,74.43447,1.7775172948299607
2773126589702,0.02417679,0.05209599,95.404724,0.8270310613072358
2804555476770,0.104014315,0.09768675,196.69617,-2.357677419453336
3058199947450,0.032476828,0.015709804,179.80855,0.3127825602207239
3178536927700,0.02472486,0.032725945,180.84106,0.1893672451654539
3203319515216,0.01354015,0.0065031145,128.01149,0.8147698029672035
3403035840168,0.043536715,0.017191695,217.65884,0.42481498649964855
3141404148206,0.09386383,0.05121622,502.7625,-4.200215563575917
3049653896266,0.020512704,0.026429951,70.56803,1.656655700100164
3497041365412,0.033939086,0.03081523,354.35522,-0.35615420522011176
3485278988910,0.026912035,0.06338208,178.18602,2.2455700247886874
3337641538788,0.010923582,0.052953497,169.18735,-1.4865015618500563
3478305191680,0.011041579,0.036838077,180.00424,-0.34871362637816405
3223640317956,0.03238863,0.03245045,147.15738,-0.895510017642585
3207116905248,0.0026806358,0.026757881,91.13722,1.6743253173500579
3136318689464,0.05848201,0.062482096,135.12233,-0.25337288328480867
3167447215690,0.011376273,0.019822301,174.46687,0.9250754436036371
3261437017546,0.006758641,0.057547346,179.4138,-0.8124863282185041
3413201976136,0.044314664,0.03512264,92.40124,3.39722503322131
3565909109748,0.023206675,0.05277337,315.6365,2.873921065042652
3624333873346,0.076373205,0.0733066,137.97076,-1.8767834733705953
3517018842286,0.032441065,0.029979974,83.10255,1.0828627000465931
3916781511946,0.022498604,0.008238102,331.66568,2.177670383788267
3585310010436,0.06559018,0.040435094,274.79916,-1.604655850290004
3627547453336,0.032410517,0.061462007,129.97557,-0.0731524105715109
3621828817374,0.064840324,0.056076493,226.75027,-0.5814494495676004
3754227702530,0.029046934,0.07162283,267.91733,0.2889450425443262
3793279083390,0.042585105,0.06640871,170.54416,-1.846554482247702
3907265640032,0.01264574,0.04425799,87.4038,2.4214526901597013
3872987692318,0.03474487,0.08574852,63.10721,2.383520134715866
3505280532512,0.04548684,0.036395475,174.34836,0.709317788651227
3642763013118,0.008828513,0.028984582,56.93495,2.3547232529347575
3716425158618,0.014591661,0.03245681,268.39835,0.8054781103733714
3746592859910,0.031304363,0.023890926,192.75557,-1.350383534829422
3534170241714,0.0708617,0.051190596,107.565865,0.736040385813024
3933282523868,0.056116097,0.030805351,242.91164,-1.3452005216007525
3869783640160,0.012672772,0.060313486,142.75401,0.08578587333178905
3859304396776,0.04010952,0.03972657,137.80046,1.695915350054932
3665323162188,0.013771687,0.03819038,61.907013,2.079468297850182
3740579056220,0.066892415,0.069968686,140.38225,0.011368271433479469
3568787053146,0.016790625,0.052633125,182.33707,0.6221646229416459
3587846367564,0.027052809,0.039483123,270.60965,-1.3010470732230524
3974908942184,0.014586751,0.06646266,121.383224,1.137333670255035
3833608561354,0.02237425,0.08385983,236.77672,-1.7710648709887407
3815191796770,0.014520965,0.051023427,93.70102,0.4202671971005466
3260512931420,0.013060484,0.020497903,268.057,-0.6273377177361924
3253829815866,0.0029414662,0.020022826,162.94951,0.5710914149549103
3317657358676,0.010480679,0.04953565,183.37569,-0.5392078635939053
3056986138814,0.058272224,0.078052446,235.70125,-1.249669957607432
3104933574302,0.03718644,0.046034224,107.090225,4.294873698721415
3377366363994,0.017750114,0.057853878,208.46132,2.3806567968848054
3078245288508,0.005615248,0.015414994,27.078207,2.6670585417543657
3057293605674,0.038065966,0.07500071,91.95512,0.09952519659206704
3141761132526,0.0054230727,0.025038986,56.175415,1.9362911756451733
3137619563896,0.021779623,0.054846242,366.44495,-1.6468891063476214
3128098021036,0.022452017,0.057795484,118.542305,0.6265218794869498
3244636605464,0.021408772,0.07190785,157.62689,1.010001790470085
3489440165572,0.013113463,0.051484175,135.56898,0.625117454910911
3049688296686,0.010771975,0.037789408,120.76648,0.513045553500207
3183375581970,0.013006281,0.025649078,141.32426,0.9226563281817627
3268452168194,0.020237928,0.04743696,203.12292,-1.5096524956718933
3430073022858,0.107769586,0.08515383,581.51013,0.8757247897123981
3513565484254,0.018280867,0.016150074,101.102844,2.018115312355161
3625015659968,0.031739343,0.01779533,144.44519,0.701044961881539
3520888529580,0.012384644,0.021631343,80.78284,0.7670874522977886
3528825168746,0.07886816,0.06806434,181.9626,-1.226071244753393
3826345944268,0.0232399,0.06657143,134.48227,3.2147335591240838
3834604916600,0.02214776,0.032275237,204.33029,0.0221283237582119
3898105968246,0.008480085,0.02476729,144.62907,1.0343456732734548
3965101504362,0.03400151,0.018730432,158.9094,-2.0043370647422973
3897478110950,0.057713345,0.060912404,158.4136,0.4789908502431798
3730757960872,0.089325346,0.030292643,242.56696,-1.8414415175266647
3876492156806,0.066526406,0.018383848,136.8691,-0.08728895807266526
3903167541940,0.025946777,0.024203874,46.7194,1.8104560240939196
3696168995028,0.19525842,0.21461722,190.95793,-2.014730753196803
3687901052522,0.015644355,0.022004928,182.5448,0.7395435870146406
3793962006340,0.047713246,0.03266792,226.43031,-2.022620991157598
3017889349912,0.012482575,0.026035251,53.168026,2.466455359800304
3015023606814,0.0058032647,0.021383906,140.30046,0.7443044972678945
3353497709610,0.04650516,0.035459578,245.82462,-2.219897259550078
3147139722010,0.027001882,0.031069309,155.05795,0.07209747077975659
3322711348382,0.014197978,0.038436063,119.016266,0.8230478870382464
3205208990288,0.018779995,0.055641867,243.9691,-0.7410693760346455
3072814592372,0.015456911,0.042822473,144.4139,-0.10392732047471329
3124891651994,0.016868481,0.024386194,159.1187,-0.749573347285586
3278559386656,0.0073966635,0.010231398,39.853455,2.4829756368274656
3454779105324,0.0096880505,0.023931237,189.01602,1.7482608536924498
3412244101192,0.023053326,0.020350559,129.0012,0.7553050977164575
3257611559250,0.032029923,0.061054755,120.668564,1.0088087578190588
3236340642718,0.033926494,0.023354467,209.6568,-1.1662055575261856
3301751804098,0.034268513,0.022096837,150.03961,-1.558267542596203
3408754985280,0.0047614267,0.04896269,206.03255,-0.8330365176982364
3366525632348,0.023106191,0.026425775,158.03067,-0.08059751853842209
3084890154088,0.034507997,0.044701688,510.29227,0.09723421681686414
3145217694062,0.022885282,0.062232647,330.53717,-1.1911547279311938
3245885343276,0.006358485,0.008641283,159.62666,0.02301933012036661
3213819704048,0.01817274,0.10709228,177.52545,-0.667245349457022
2984564847546,0.014975031,0.039046653,171.4806,2.1003808800399764
3494811346826,0.0060660616,0.03356501,52.10016,1.3936965610473393
3488776955720,0.022101497,0.015197578,73.5326,0.4853837681556319
3649425366270,0.04019189,0.019530566,146.83246,1.0311895380204492
3858995042076,0.048867725,0.040636558,303.22528,-1.6668503564697388
3591654013194,0.0354859,0.016109865,190.13286,-0.4000984006694456
3642142691382,0.0941065,0.054889753,151.04343,-2.815330882726803
3822810664140,0.03873469,0.056111056,213.90369,0.7951657678249157
3868536442418,0.059199233,0.013782097,114.83233,1.0832291328109729
3954908837474,0.004283236,0.026065782,114.0559,0.13634753577966818
3657677409706,0.04399873,0.071120605,87.97712,-0.15284642126169712
3669437443808,0.022219269,0.02525938,318.19595,0.1791576872946219
3982181488426,0.009624968,0.055988632,244.7717,1.4260109692949121
3940599044856,0.011186589,0.02114643,117.67144,1.2982360268726567
3725020024718,0.013271275,0.0413115,290.66064,-0.8705919499223544
3546877268826,0.05739886,0.030563826,305.49887,-2.2358385168867323
3732945324814,0.011987949,0.016143925,76.17808,2.8107278565474854
3740576766770,0.0062153595,0.07462007,109.649574,0.5148838714790932
3018880566652,0.07230191,0.055733353,105.84665,-1.2449990861046274
3332589520780,0.049221754,0.033080306,417.9993,-2.0530122276554787
3426573903214,0.029411582,0.039036367,179.22441,0.08330751680418746
3115726863678,0.021503445,0.054273453,151.10164,0.16277291979052766
3015407552838,0.030374581,0.024883965,58.834827,3.0114387654188857
3129065375280,0.019193582,0.03520865,158.26369,-0.7374766345899174
3316725339406,0.025188103,0.025889315,452.03958,-0.2637883589307685
3501204610398,0.025465483,0.055337057,119.0352,0.5362867221412733
3262116536074,0.019305784,0.016929897,151.38179,0.9159932517576123
3064277360168,0.0028674884,0.040700667,354.7708,-0.7085597802352248
3220176782076,0.02223548,0.03786854,183.74948,-0.9521783895948923
3246205660970,0.028395386,0.046600755,193.00185,-1.28305085715011
3164288802560,0.015975976,0.020691998,267.51154,-0.7496517411649875
3346228140602,0.016356826,0.010279848,40.94271,2.854109974731625
3250015801096,0.012924232,0.029907562,58.00858,0.6717900994594119
3209720974798,0.12604883,0.048493363,165.19945,-0.8904356039988724
3208768591444,0.012532393,0.031752963,103.636,2.085228347999842
3474531067118,0.01952081,0.027565517,202.40314,-0.2636896919868876
3393887463336,0.13346805,0.056542728,291.58804,-3.9067164682525037
3365932776430,0.012967038,0.043752205,202.92242,-0.36060878114596884
3707251327516,0.0061753164,0.07191793,160.91013,0.7659804070698947
3712968048364,0.015124944,0.02018272,192.86688,-0.36393704853078496
3613913299584,0.103301816,0.11597633,132.435,-2.5710843005325996
3779957459972,0.018408898,0.04923646,151.444,-1.7168678652285534
3781232504228,0.08392842,0.07772496,216.32426,2.2838774908949335
3965708676294,0.024341075,0.023338675,188.87973,0.5289356408234323
3633283279478,0.014280788,0.019075716,76.16442,0.9770757387106671
3920967588254,0.021681016,0.019639667,107.72785,1.272960751394951
3959388995270,0.047284313,0.055771425,253.82286,-0.30070505913542844
3745037594164,0.103052,0.15290666,125.12538,1.2796863761048924
3591677476654,0.050743606,0.037513435,149.49496,4.920704179739088
3876490244482,0.05674078,0.06867533,228.41727,1.1575280880300534
3791396623386,0.041709863,0.036625326,59.994495,1.6930801164257097
3760592068182,0.029025072,0.042850804,50.89763,0.9743098797124552
3807583667358,0.086638905,0.08937725,72.97735,1.1798949655971056
3587251246992,0.0133188,0.039723538,195.92386,-0.15418061283491696
3712672050226,0.010334439,0.024156658,96.54413,0.070862684288159
3661242000722,0.0360198,0.049678285,130.7602,1.3956065043526302
3885086947336,0.011981039,0.023359051,75.51253,2.73863193689169
854430574,0.04429368,0.026300922,150.83652,-0.6137932676915924
2020939597504,0.017446728,0.088540964,162.96335,0.45039964213558803
2004747539802,0.043157935,0.050025217,121.30878,0.5401164388811769
2075898177118,0.010318257,0.039214596,29.685635,4.533633880247213
2355322152176,0.040986005,0.054009028,216.55074,-0.05115682654092746
2361989945980,0.02942323,0.0053588203,262.84872,2.205967931073423
2053973296124,0.016930232,0.041599635,86.19706,3.0372909094572815
2172085419848,0.03812289,0.04292193,386.8122,-2.092416339162943
2104139919698,0.047177233,0.014344555,288.43677,-1.0540801688688481
2180659719822,0.051599618,0.034629703,181.50545,-1.254813872796844
2341007117458,0.016327124,0.028197309,89.05501,0.6528603356079692
2436897729422,0.01586035,0.041707702,70.284935,1.59715514171475
2119075783498,0.008018978,0.037815854,142.2802,1.5401275805754642
2117492416594,0.026915554,0.06438013,211.58286,1.5475392081379524
2048280919018,0.11386792,0.05454524,497.15396,-3.9269161112670874
2028589261430,0.00853099,0.033402648,87.38834,-0.5051211929040366
2136226777064,0.032970484,0.06014393,130.7924,0.6751364244058535
2212114031838,0.013264565,0.03334386,134.2423,1.0636080858933363
2351495307316,0.022842081,0.058736313,131.85982,1.9174123964203014
2359127404140,0.012280493,0.026388906,100.69645,1.9113333914338158
2354673254864,0.016077735,0.017032506,189.69681,0.06962005320178205
2292761944566,0.028724432,0.044000506,42.147976,3.2101852866319303
2749340986044,0.062106878,0.04709986,407.8573,-3.0287461764470787
2618189929940,0.028011287,0.060714915,165.08115,-0.09124394926876939
2725196815948,0.014156366,0.04574648,97.17812,0.9607406904608835
2671857790290,0.021962596,0.0380125,407.6058,0.03400192932202528
2753784023088,0.017463772,0.026681324,76.49117,1.3383262553088888
2970651644226,0.02567382,0.047814704,161.63857,0.2734711496695563
2841727790482,0.0044001094,0.023242608,126.854416,0.30525881178180003
2594698742816,0.05608458,0.017724691,282.19095,-3.833792702168305
2537235938878,0.020281693,0.03443319,288.9771,-1.5889025369900045
2718211932190,0.06794365,0.12513706,357.1148,-2.3550938708052347
2632490276436,0.086784,0.06544188,188.94717,-1.7924653590260555
2793158444946,0.018333409,0.06448724,303.95657,-1.531459812518555
2770604142972,0.0611431,0.065935835,215.7828,0.21491078394768448
2714106272028,0.026528182,0.08249402,298.3165,0.16090114482066897
2786820166132,0.016082736,0.027072836,48.951042,2.619407809946609
2821119584440,0.021161327,0.08441063,254.25134,-0.6877296453516539
2043220278254,0.03275161,0.053708076,172.0489,2.558350140396605
2129888093894,0.009294196,0.011120715,52.13529,2.7723715418875097
2391538079772,0.05909028,0.048216976,134.43172,-1.9155492045379914
2344850141346,0.016330928,0.050915442,141.37878,0.31981415973386307
2312465999304,0.0032277624,0.008854854,150.21063,0.8053656958455488
2285786280950,0.029884156,0.031219387,193.06664,0.3026104234628309
2409305491996,0.007120108,0.020415641,51.38387,4.564811539007258
2434720901706,0.040516216,0.013827794,415.24283,-0.9413043550760801
2108002169748,0.025864553,0.025667483,255.71768,0.1533878582354188
2074661789398,0.03562988,0.039079048,216.04607,-1.8241453326741697
2268029856244,0.09992844,0.106458075,197.49168,-5.452454887979965
2281680318328,0.018279066,0.058927342,3482.3308,-0.38086892470652733
2449332138498,0.012596675,0.10447153,321.64645,-1.6662325306741734
2348369597992,0.040459204,0.03099707,140.08669,-0.3214309378772191
2309000042384,0.018354688,0.04729477,273.30908,0.007094986822198487
2496975686950,0.09812727,0.09794418,204.68904,-2.7433717547762626
2191165901408,0.011118206,0.021273619,165.37555,-0.2843797033900002
2142601468956,0.10974048,0.096332006,189.57925,-0.6497846552704263
2379470230882,0.035802305,0.041306585,113.55785,0.37716343695477705
2142923449446,0.029455358,0.020610742,294.15826,-1.226510180169797
2222302996346,0.0150160445,0.021374324,93.77043,-0.16865629913798186
2016235616360,0.011977633,0.014756087,174.97786,0.77121050778533
2407740673396,0.010436894,0.022573134,44.41415,2.704135375071247
2378844263028,0.009297835,0.05863482,254.78995,0.6053732392722926
2326142368578,0.05281174,0.102327116,208.15463,-3.9748297778624857
2598551115510,0.04888406,0.025403623,266.85443,-0.13712623991207873
2518224831202,0.056536663,0.077692844,236.15547,-1.1312395805429498
2786833621148,0.049347103,0.06785491,221.80127,-3.866162788244723
2922103341354,0.027482038,0.016107935,122.7448,0.6350799112205708
2519512727938,0.009938131,0.052395992,192.53651,0.42952924718283825
2851325990290,0.017811978,0.018611211,140.3645,2.0128330653271647
2852272906534,0.009911462,0.052436348,190.29323,0.8705243854686713
2956419894614,0.0208456,0.12540218,237.58885,-0.9097781871627608
2733507373514,0.011747323,0.040943768,173.38933,2.081401488757232
2600455003128,0.045787297,0.019287702,106.215,0.10773307344707528
2741433932440,0.011690675,0.014892235,240.36954,0.7989721349792344
2898299371386,0.02916525,0.07106679,148.54208,0.47854272806465054
2832885641180,0.028498668,0.060013454,175.48111,-2.519444492932653
2587773354460,0.052938744,0.08933813,234.41725,-2.672320816518617
2578259825232,0.028859045,0.07256413,519.94543,0.7591046365837906
2574127327980,0.07438319,0.113989614,143.02805,-1.9601487229601646
2663987276866,0.011260692,0.045451734,136.21426,0.31929281264574705
2737962456932,0.050234016,0.08770133,169.93967,-0.9578113278215827
2879893593968,0.011715282,0.036909826,155.5787,1.185978727366394
2962456782628,0.043986786,0.03230277,75.0019,-0.44048176013852625
2955775179380,0.03212527,0.06167608,213.51357,0.24286636589421523
2951969450414,0.03060822,0.01670245,193.06207,0.5389819009438759
2198116516154,0.027203554,0.023876965,123.59131,0.11749332007555638
2238124288346,0.067778386,0.15465054,257.45468,-2.6526343415085045
2021581546254,0.038988687,0.09196125,258.05307,-0.16296279940052105
2183840389478,0.01985802,0.044577893,36.759937,2.3772479357465364
2260672341112,0.024746833,0.0722457,265.03964,-0.552008532905909
2372443664818,0.06094982,0.03477299,120.40033,4.774018381519491
2439755737610,0.08096469,0.040591165,256.02985,-0.9170318332393991
2398155251096,0.07298776,0.02271468,155.19139,-4.06865329591518
2053997944380,0.010135516,0.015012433,188.99701,1.304082357923673
2206079565636,0.07024244,0.06272556,184.8978,-0.5773827491938537
2167027100962,0.026104324,0.07126356,260.83795,-0.04104100789862786
2261013423292,0.047372308,0.066931546,283.506,-1.7821837476649087
2327689876662,0.025644667,0.016555073,170.4174,0.10184512490846925
2428029826104,0.05398484,0.034259968,191.95644,-0.5152820362912094
2475345043984,0.04724487,0.066987544,160.1085,-1.263767355607321
2075866303658,0.0042507956,0.023205752,115.541504,-0.5579426788860278
2388949112736,0.03672509,0.07702395,239.0563,-0.6372617190164352
2313061102166,0.015324289,0.05883262,325.84772,-0.935395686504679
2277178822912,0.015630517,0.046125717,66.51354,0.9320600233341649
2457215912984,0.013922309,0.0076500257,216.57343,-0.028344517894659194
2444204170808,0.12779443,0.13630177,89.48337,-1.976877030729197
2207344380604,0.011585779,0.01603251,120.49645,-0.42261741622464055
2160044762314,0.05837026,0.045382086,191.54662,2.7546427712063846
2376592292514,0.10258598,0.0578225,118.23262,-0.8081157336631981
2414371503510,0.034635264,0.062086545,207.66238,-3.5202710631073066
2569305083184,0.11193347,0.04665455,204.60933,-1.9385287777404518
2646149106414,0.011984838,0.05782481,178.66435,-0.006133222216146206
2898882299742,0.009123314,0.018992634,139.83133,0.4049506441228087
2897292154840,0.032829054,0.033121217,104.996574,1.6122676928093322
2861105433566,0.022174628,0.025790052,221.00891,0.07195303983987056
2556295254774,0.012146557,0.04181952,146.28256,0.9843483012763727
2522338053454,0.07242666,0.08345575,184.16248,-1.1522568705172391
2854131560370,0.024962721,0.06569709,127.73121,0.900062440191554
2656623336142,0.026203085,0.04918789,109.07353,0.3467676429951042
2700751434568,0.024862383,0.013908846,124.08122,0.7195790694722511
2648362978718,0.053379495,0.04646211,273.88013,-1.8437899454445257
2595027657206,0.048460178,0.05194129,338.23636,-1.3875255434227476
2882374385550,0.013424118,0.031474568,163.91057,1.0327584951726578
2800767185062,0.03213911,0.01197054,209.95834,-0.2016848950056569
2811895429592,0.028869439,0.07130777,214.00276,-0.36197868765225505
2820455668608,0.04646407,0.09834054,169.9029,-0.4563507152665674
2938571671660,0.03214204,0.062205214,238.01439,-0.46843178859082335
2834447513826,0.029306177,0.041486345,167.98793,-2.024758272671924
2804607110494,0.022189705,0.022190684,111.88871,0.7049984011895705
2859854129794,0.0071010524,0.016311832,163.8843,0.9087778242523882
2154334943896,0.013147795,0.05078172,106.678024,0.8062091950685417
2155614978604,0.016556043,0.061134543,81.3872,1.4672966447455478
2429316335462,0.0035899626,0.01561201,69.06389,2.7377426473045454
2414704847140,0.016357198,0.061910525,184.86961,0.021774796132809082
2393116259306,0.003999586,0.03639398,127.65007,-0.003864092892662152
2502031969630,0.021199051,0.053146258,163.56772,-2.0587981346522937
1998776100648,0.010393792,0.054014664,264.54916,-0.9747743945096563
2353446015160,0.013929606,0.030879674,68.485954,2.2771796392213046
2368064939392,0.013044753,0.053856127,123.406586,1.519367137830861
2007654993700,0.09434287,0.07346988,93.46354,-1.028774726486767
2131175062158,0.009723542,0.015804425,22.611881,4.644266973404439
2060357947156,0.058611676,0.07401409,179.48772,-1.674331371126395
2079730295842,0.06727853,0.101275876,979.4671,-0.3859279938829787
2108945714010,0.018240191,0.013720381,193.84532,1.4954722376106546
2374072670336,0.022845736,0.039924826,193.12775,-1.103368074399436
2142616617484,0.01310147,0.023614757,141.06598,0.9209344766738745
2028301682326,0.007662069,0.01564579,92.61118,1.438608554254703
2037510644416,0.037329204,0.06170431,140.50352,0.38291954010751117
2164202132344,0.022644734,0.050479356,162.79039,0.3572187602584097
2024501446242,0.030480487,0.026013907,197.61629,0.8931449143079329
2359160772324,0.10978728,0.08278076,248.83495,-1.6128067227308027
2285501374388,0.022926081,0.043463565,218.8135,2.5620258627250903
2328051952500,0.015277704,0.056135055,280.34326,-0.503954745012366
2706516915816,0.04239601,0.078840286,308.20306,-1.4258349956604643
2958936923930,0.055316094,0.08775386,190.24329,-2.6954060912779747
2791289891920,0.073312834,0.124701485,128.88249,-0.679357450594299
2944325964822,0.018259255,0.09761921,258.3914,0.1951410413219179
2605237410572,0.015677579,0.025187159,166.48985,-0.7004213623649962
2884972782382,0.026115121,0.068070106,198.28915,-0.19083085022827
2895764379942,0.046625726,0.032803703,212.16467,-1.0031894501593408
2947205997084,0.09814175,0.114525,371.68503,-1.690054764681309
2553149791998,0.030728683,0.020628044,180.4293,3.5142418706667593
2567441770776,0.11612006,0.06822657,113.68624,-3.972923507070766
2717311614994,0.11187445,0.03930804,198.36526,-2.6218562693311074
2887174331946,0.02574479,0.028316135,121.414955,1.4474029814527525
2650959459418,0.057152256,0.03966668,835.397,-0.6655493966643942
2738604051446,0.022135256,0.03201764,89.299706,1.859810454963819
2536331565012,0.025325349,0.035360686,179.47879,-0.11717713704904364
2861162865302,0.010292434,0.03427367,77.81854,2.285592212669852
2905292400456,0.017476274,0.037150603,132.9503,-0.30611927698192876
2845613559308,0.018412946,0.03382477,119.94228,0.1795637695877481
3158299815762,0.14436416,0.07411734,528.7563,-4.119991861434408
3139259478104,0.0077921133,0.06796491,158.64078,0.22920925539483147
3302141088526,0.01495141,0.035757374,43.26412,2.035696910175988
3328817153178,0.025245782,0.03368914,82.842415,1.41605758914994
3249755026382,0.01654254,0.06054263,214.20259,1.0504911303035116
3372316461334,0.018528774,0.013152882,136.34187,1.1302683867577143
3093863566590,0.06958226,0.03408568,118.336945,0.10619985554437805
3158632935156,0.07775074,0.037358876,125.16734,-0.21954800959823498
3373278168040,0.046350557,0.08931873,155.97739,0.2014280200684115
3265327038776,0.06684808,0.073889256,250.9667,-3.3254784149154535
3247213960560,0.030114887,0.022707714,148.9179,-0.3696033133324022
3425329752966,0.016275605,0.010352791,113.554565,1.0963868038112354
3348500522692,0.0671234,0.047315165,239.6243,-0.9084731971512059
3270713893402,0.01741812,0.055075668,180.11111,-0.025621657778026802
3217071736010,0.11084873,0.076627195,116.91647,-2.249852640878651
3339625232646,0.013533498,0.08139886,153.9305,0.15216817041826516
3303104561956,0.024680803,0.05317176,90.88784,1.5372669677308926
3397738953730,0.053506102,0.027182953,288.1183,2.295794539484453
3613620749144,0.03419289,0.054636266,209.42554,0.7365730089785253
3607600544310,0.12480054,0.07604018,105.88524,-1.5124511291542309
3517098324038,0.016455967,0.016526127,75.53125,1.2988727955575872
3754607618260,0.025754552,0.005313453,114.33751,0.3954505493539868
3538716192910,0.07654528,0.039221343,222.66396,1.7169141225246345
3572681560668,0.058538478,0.04554547,161.82008,-0.7540854771140633
3624734328176,0.053024635,0.04775163,199.47534,0.4844132103947194
3601559198660,0.016826233,0.026306901,288.40067,-0.29098534806002174
3558064629220,0.00804244,0.02895514,144.10078,0.850997719048333
3692057465040,0.008849215,0.015305141,126.81564,1.0744873061169888
3812402634658,0.028878326,0.07297803,134.99434,0.2610144101730453
3881611865024,0.046851467,0.04558418,168.0853,2.122380203412472
3544099569848,0.0126931295,0.060958624,164.1349,1.2104911751166854
3526324825526,0.054288395,0.031323936,45.783947,2.302447794961706
3612059383378,0.045269962,0.06051584,150.46245,0.08694650422488384
3608573216016,0.018470457,0.024142174,44.923225,2.7700082456168738
3627617510748,0.0055983136,0.032254316,116.744675,1.238120884828836
3615874865798,0.010714424,0.0038739103,148.69354,1.3499071510374214
3903216605434,0.022792833,0.022891246,175.48628,0.5396924695831703
3972117765136,0.020835783,0.07539864,141.31653,-0.6856623090217349
3861939535254,0.020148661,0.030739648,219.21404,0.27149501238432144
3857192964384,0.058454994,0.07683227,184.05121,-0.8586831443296365
3985149844606,0.046788704,0.021161618,155.0621,-0.33493760864691496
3230414807090,0.027205022,0.039989606,53.79802,2.6249125103334876
3059592575086,0.0075876224,0.026644055,131.10957,1.4346710251289303
3124678405354,0.10156225,0.08271581,130.5328,-2.293267471491464
3310109101888,0.01671194,0.008939086,76.69797,2.0746424890412754
3365357506124,0.057237864,0.03668783,176.19873,0.4442725019598952
3198370638332,0.027191257,0.038017165,148.33727,-0.858686254729855
3007860579264,0.034975473,0.02705368,261.94525,-1.573852957486868
3108202645208,0.07893737,0.10815804,141.94144,-2.336438652416319
3416508038412,0.02501273,0.08238255,193.04344,0.19172550039646752
3055456449708,0.022054875,0.017435981,214.87567,-1.7598011656372743
3405680304274,0.036423247,0.029172817,178.17856,3.056223639876972
3410132237564,0.016372016,0.022095138,250.25604,-1.5776221021151597
3510154716190,0.034479752,0.10059029,129.35536,-0.7189303717514443
3447917571562,0.018366305,0.016045712,114.48398,0.957300469633575
3041199323518,0.017213527,0.042350836,61.71328,2.569776883197125
3120890443256,0.013882363,0.0125059225,206.47755,0.9941680424484944
3203124796482,0.03152177,0.053434394,207.6218,-0.1787544404452028
3225987094024,0.03643224,0.04717536,198.27388,0.5002216880163792
3475570387458,0.02915716,0.0968676,109.017044,-0.4090872179028423
3547309973892,0.03549658,0.037860736,40.123337,3.010629374604157
3861976627156,0.024672462,0.028062109,389.6479,0.014020736200409889
3859755625568,0.025708718,0.05196342,209.12779,0.03274980509298009
3805156649830,0.04545578,0.08006342,172.5994,-2.403297285095482
3502214499238,0.032117672,0.03595424,198.9641,-0.39602502708119347
3630171078336,0.06255794,0.07761794,311.25803,-3.168785361906721
3620343178820,0.029427635,0.10940017,220.8567,-0.26900361213261065
3982960922696,0.0041761887,0.023857895,349.8858,1.6969881867242267
3997258620962,0.100139156,0.050625164,141.55081,-0.32804934531715635
3051300291040,0.02740037,0.049326118,1496.4817,0.2613603434959353
3108777031044,0.029040858,0.026373364,57.502888,5.339396855245651
3155446120680,0.0118259955,0.035044387,141.2715,0.04972276814077936
3156719753972,0.03745532,0.04847898,161.3931,-1.4182927324173549
3018906448346,0.020285191,0.039975237,207.50555,-0.4832230058697719
3175126262706,0.024860336,0.061914876,291.0603,-0.3390652958479047
3272614932036,0.019202368,0.0585366,153.75584,0.7436481328576867
3474874592424,0.0063859466,0.037722863,71.656815,1.2606731065716505
3499323657774,0.09708103,0.1623413,181.50734,-2.528750381823556
3248806275134,0.01860324,0.03886923,178.27481,0.22696520473162307
3428216036244,0.020802919,0.03567064,211.05011,-0.3385843807730027
3353907007654,0.04515993,0.05778813,128.10341,-0.7509556611962804
3309784881850,0.07953541,0.046522446,386.214,-3.1600612318288617
3343761840282,0.034315906,0.029857634,230.86029,-0.05458251709043085
3063994187558,0.022657562,0.031281143,31.649574,2.605005337820127
3060815762732,0.063118845,0.033446573,1690.4851,-0.7831858296417258
3056691127546,0.007107039,0.014185458,74.60683,3.0043382564057812
3069713302892,0.007204459,0.037852213,153.96895,1.0426284002448014
3507895388298,0.031102898,0.03262996,433.45602,-2.8260464425816743
3337376791746,0.022300519,0.07843738,127.43042,0.5509012959124735
3462158220490,0.046136204,0.06313535,127.28067,0.2683579906438739
3503445195124,0.06518931,0.106655024,319.3927,-1.2033045164378207
3128148097220,0.0431269,0.027947642,125.83254,0.7969917222513427
3335494426536,0.060445577,0.06426093,327.09378,-2.5988825395536375
3480919443440,0.0431697,0.04594755,246.33621,0.49390772680110673
3451399760182,0.032999974,0.023582233,285.29895,-0.9187417043022326
3288179562600,0.041281577,0.02924146,166.83905,4.345565414080593
3544093851898,0.074650705,0.03464486,142.19217,1.522341226105735
3629186616356,0.007711253,0.030975306,129.33401,1.7546733276023119
3958446841780,0.104250915,0.042291097,120.33283,-0.7066138734416503
3831764250028,0.027973922,0.07830934,144.64178,-0.5788088085504612
3959434026736,0.0113028465,0.044244338,266.83282,-0.14414795700929428
3795589095648,0.015744252,0.0570089,183.98636,0.8305584022659671
3567897546628,0.06004462,0.07162478,80.22327,1.1747709578700405
3580915841322,0.010151049,0.031101555,95.29886,1.519946795310091
3670144379398,0.09008623,0.025426261,283.08926,-0.7564656789208506
3595528238148,0.033094477,0.01643785,447.8529,-1.2687262500599366
3890813900066,0.014988164,0.033013847,66.26057,2.20981593263274
3820336051840,0.012834262,0.06898924,438.4698,-0.7066967343146537
3742230567444,0.008821522,0.028358107,61.253613,2.3659631745214047
3856854026858,0.061416775,0.058114108,203.92377,-1.9413953249013611
3595225686378,0.034561746,0.032000937,152.97922,-0.21239329794825224
3687625291780,0.017266586,0.014803434,198.89021,0.21272776138425498
3985461621780,0.02345803,0.08911436,195.30449,-0.19673350253492722
3908931591154,0.09196577,0.07529049,284.92484,-0.7831146039598815
3037373863808,0.058941744,0.036173873,204.97223,3.0367283345444056
3224386769390,0.008717021,0.020206677,132.01912,1.5295495967553459
3220901710234,0.012090785,0.0648,156.93845,4.790560855491233
3496811469776,0.06548054,0.035772253,61.690254,1.6313855977069445
3488561544142,0.015773846,0.05096795,122.372246,0.9162504667098693
3194549439172,0.05952523,0.058584828,281.7557,-3.6783450604951478
3121218119712,0.06342601,0.043920904,355.27493,-2.7019494119968677
3175502498808,0.061264686,0.05744227,230.34956,-1.7714286429010921
3139307587700,0.018909482,0.09883096,216.89438,-0.4027669295222356
3154876979130,0.014816789,0.030861951,82.32522,1.9922097860239518
3323154514570,0.05182886,0.048316006,212.42758,-1.054566681685903
3503513534880,0.031372532,0.011368718,110.490425,0.36757100120498476
3302837191786,0.02209671,0.012511632,225.74876,0.8851154297386999
3231053001256,0.032281697,0.02257313,194.52257,0.01910542691356132
3107529708670,0.0077047977,0.018276943,180.13606,1.0382948105354504
3123410874486,0.0058998293,0.03154873,83.749054,1.938966009399549
3341872093418,0.0316193,0.08108882,156.91455,-0.49826096905367845
3196456123428,0.014380742,0.023986585,232.48169,0.4720669635334937
3218692679122,0.083846174,0.0506278,175.89421,-1.073581804327946
3018647192014,0.0073641124,0.023725908,556.94934,-0.9058254979880302
3022788383334,0.09869822,0.039776273,473.75452,-0.5123835935701164
3261247465386,0.018209597,0.05390391,250.48427,-0.4311968080879477
3313944445788,0.024323327,0.06366881,244.59113,0.3101536028363749
3885776114916,0.019572964,0.019452484,224.41385,0.29172915907184893
3917530181172,0.06798729,0.077164814,146.7359,-0.17602388730273558
3758452284242,0.009746097,0.042187113,131.21788,1.3173716601791696
3896265943976,0.067776315,0.08207795,-101.0,
3910884034514,0.022607438,0.05711416,136.29787,0.46757250545621065
3994700192802,0.02275624,0.044224862,57.380653,1.287101535509284
3959772866986,0.045399193,0.033319395,260.3424,-1.6881065022906245
3714634651042,0.029670246,0.091864765,195.09583,-0.6005525736074986
3567948299216,0.073381424,0.02402846,65.50794,-0.9133033227671203
3610800597550,0.025893845,0.092720926,282.85892,-1.4141096932549664
3595250231352,0.082422346,0.071361415,118.88143,-2.2492736194875627
3530479175788,0.02277051,0.072358616,155.92415,-0.722191900986012
3842913512128,0.010080341,0.015903942,52.155025,2.8036649129934057
3774013361260,0.016389957,0.03579181,115.545586,1.4590931920300538
3620677232198,0.012792145,0.0243883,137.79823,0.3853445327594226
3684813173882,0.011239695,0.023845319,123.18622,1.2455721005458151
3694662115028,0.010537242,0.054280683,123.418045,1.1885962478135628
3948344440562,0.003843322,0.038117036,89.7694,0.8390080673813308
3930887241238,0.078427464,0.027562581,178.4372,2.512690583489253
3836903489504,0.008524498,0.028284209,119.11646,1.1663305456524826
3873740169046,0.12553109,0.03815121,237.38992,-3.852384108247027
