fof_halo_tag,A1,A0,B1,B0,C1,C0,D1,D0
192428183948,True,False,True,False,False,True,True,False
376265811754,True,False,True,False,False,True,False,True
379452856022,True,False,True,False,False,True,False,True
286092198970,False,True,False,False,False,False,False,False
60678400122,True,False,True,False,True,False,True,False
203550455686,True,False,True,False,True,False,True,False
77188281888,True,False,True,False,False,True,True,False
343262329930,True,False,False,True,False,True,False,True
321682611786,True,False,False,True,True,False,False,True
258183450518,True,False,True,False,True,False,True,False
21600232684,True,False,True,False,True,False,True,False
236250430016,True,False,True,False,False,True,True,False
210524406320,False,True,False,False,False,False,False,False
488673034108,True,False,True,False,True,False,True,False
439776769184,True,False,True,False,False,True,True,False
19390369506,True,False,True,False,True,False,True,False
289600343344,False,True,False,False,False,False,False,False
310570724734,True,False,True,False,True,False,False,True
383600979994,True,False,True,False,False,True,True,False
609326324272,False,True,False,False,False,False,False,False
560434317276,True,False,False,True,True,False,True,False
506775327816,True,False,True,False,False,True,True,False
833494385770,True,False,True,False,False,True,False,True
862073706400,True,False,True,False,False,True,True,False
618236640198,True,False,True,False,False,True,True,False
727458757338,True,False,True,False,True,False,True,False
663320373872,True,False,True,False,False,True,False,True
957356820248,True,False,True,False,True,False,True,False
875110673710,True,False,False,True,True,False,True,False
885588531902,True,False,True,False,True,False,True,False
535025788684,True,False,True,False,False,True,True,False
818889424796,True,False,True,False,False,True,True,False
847148377668,False,True,False,False,False,False,False,False
974813668100,True,False,True,False,False,True,False,True
978946367306,True,False,True,False,True,False,True,False
245173421828,False,True,False,False,False,False,False,False
351865080166,True,False,True,False,False,True,True,False
467757915776,True,False,True,False,False,True,True,False
480461941258,True,False,False,True,False,True,False,True
80082249864,True,False,True,False,False,True,True,False
158828368520,True,False,True,False,True,False,True,False
175341198076,True,False,True,False,False,True,False,True
168045041766,True,False,True,False,False,True,True,False
270272294472,True,False,True,False,True,False,True,False
319822600694,True,False,True,False,False,True,False,True
84182668800,True,False,False,True,True,False,True,False
135636810392,True,False,False,True,False,True,False,True
291529604192,True,False,True,False,False,True,True,False
406152257310,False,True,False,False,False,False,False,False
293430642022,True,False,True,False,False,True,True,False
350587039726,True,False,True,False,False,True,False,True
189940238872,True,False,True,False,False,True,False,True
154704263648,True,False,True,False,False,True,False,True
3994467475180,True,False,True,False,True,False,True,False
75316981834,True,False,True,False,False,True,False,True
191542506064,False,True,False,False,False,False,False,False
164547838288,True,False,True,False,True,False,True,False
260113847250,True,False,True,False,False,True,True,False
296317780704,True,False,True,False,True,False,True,False
483333281304,True,False,True,False,True,False,True,False
683033981178,False,True,False,False,False,False,False,False
547771191504,True,False,True,False,True,False,True,False
848454037726,True,False,True,False,False,True,False,True
857978454198,True,False,True,False,False,True,False,True
969762579534,True,False,True,False,False,True,True,False
503648485974,True,False,True,False,False,True,True,False
651942547382,False,True,False,False,False,False,False,False
659250093810,True,False,True,False,False,True,False,True
556997869232,True,False,True,False,False,True,True,False
668455175838,True,False,True,False,False,True,False,True
944381138902,True,False,True,False,False,True,False,True
958353909086,True,False,True,False,False,True,True,False
698265919940,True,False,True,False,False,True,True,False
715106500310,False,True,False,False,False,False,False,False
651912738738,True,False,False,True,True,False,False,True
561112577536,True,False,True,False,False,True,False,True
630011216668,False,True,False,False,False,False,False,False
920227041100,True,False,False,True,False,True,False,True
524294670518,True,False,True,False,False,True,False,True
682092559732,True,False,True,False,True,False,True,False
512551471486,True,False,False,True,False,True,True,False
845316966856,True,False,True,False,True,False,True,False
876747616748,True,False,True,False,True,False,True,False
970729454208,True,False,True,False,False,True,True,False
139720672586,True,False,True,False,False,True,True,False
481679632708,False,True,False,False,False,False,False,False
404845235820,True,False,False,True,False,True,True,False
271492354836,True,False,True,False,True,False,True,False
285453256094,True,False,True,False,False,True,True,False
495348037580,True,False,True,False,True,False,True,False
120045067498,True,False,False,True,False,True,True,False
227372749476,True,False,True,False,False,True,True,False
81957510000,True,False,True,False,True,False,True,False
324850935182,True,False,True,False,False,True,True,False
341357213286,True,False,True,False,True,False,True,False
472811904598,True,False,True,False,False,True,True,False
468053842040,True,False,False,True,False,True,False,True
102245804404,True,False,True,False,False,True,False,True
98119734290,True,False,False,True,True,False,True,False
210208955806,True,False,False,True,False,True,False,True
381360023106,False,True,False,False,False,False,False,False
19725682884,True,False,True,False,True,False,True,False
146097433770,True,False,True,False,False,True,True,False
254354768486,True,False,True,False,False,True,False,True
282305979500,True,False,True,False,True,False,True,False
474724762602,True,False,False,True,False,True,False,True
366773506436,True,False,False,True,False,True,False,True
530906270490,True,False,True,False,False,True,False,True
904931776564,True,False,True,False,False,True,True,False
831269430782,True,False,True,False,True,False,False,True
946545192674,True,False,False,True,True,False,True,False
598228952692,False,True,False,False,False,False,False,False
709680464070,True,False,True,False,False,True,True,False
536959109394,True,False,True,False,True,False,True,False
566490409794,False,True,False,False,False,False,False,False
965924873794,True,False,True,False,True,False,True,False
797316109794,False,True,False,False,False,False,False,False
954169578360,False,True,False,False,False,False,False,False
674415005668,True,False,True,False,True,False,True,False
652507184208,True,False,True,False,False,True,True,False
614737701194,False,True,False,False,False,False,False,False
844926395400,True,False,True,False,True,False,True,False
949070183672,True,False,True,False,True,False,True,False
940498126974,False,True,False,False,False,False,False,False
836364292814,True,False,True,False,True,False,True,False
676347491956,True,False,False,True,False,True,False,True
893528853582,True,False,True,False,False,True,True,False
872890785216,True,False,True,False,True,False,True,False
914798965258,True,False,True,False,False,True,False,True
79116310354,True,False,True,False,False,True,True,False
355031161048,True,False,True,False,True,False,True,False
174697441032,True,False,True,False,False,True,True,False
161366439604,True,False,True,False,True,False,True,False
221060401304,True,False,True,False,True,False,True,False
93097876288,True,False,True,False,False,True,True,False
118193346810,True,False,True,False,False,True,True,False
38790768052,True,False,True,False,False,True,False,True
221364894950,True,False,True,False,False,True,False,True
473462646312,True,False,True,False,False,True,False,True
367426261990,True,False,True,False,False,True,True,False
28959493460,True,False,True,False,False,True,True,False
209001144886,True,False,True,False,False,True,False,True
469678815328,True,False,True,False,False,True,False,True
316638786880,True,False,True,False,False,True,False,True
549985517762,True,False,True,False,True,False,True,False
493472703530,True,False,True,False,True,False,True,False
790985139086,True,False,True,False,True,False,True,False
840833989974,True,False,True,False,False,True,False,True
774169859344,True,False,True,False,True,False,True,False
765599288994,True,False,False,True,False,True,True,False
667821145926,True,False,True,False,True,False,True,False
516354203516,True,False,True,False,False,True,False,True
792596275762,True,False,True,False,False,True,False,True
907830382840,True,False,False,True,False,True,False,True
898944989076,True,False,True,False,False,True,False,True
560166571712,False,True,False,False,False,False,False,False
529051022960,True,False,True,False,True,False,True,False
711000868930,True,False,True,False,False,True,False,True
519524617440,True,False,True,False,False,True,False,True
620818083852,False,True,False,False,False,False,False,False
506839945058,True,False,True,False,True,False,True,False
605579568068,True,False,True,False,True,False,True,False
644635636846,False,True,False,False,False,False,False,False
1216756951626,True,False,True,False,True,False,False,True
1024984976410,False,True,False,False,False,False,False,False
1113894910816,True,False,True,False,True,False,True,False
1081189368966,False,True,False,False,False,False,False,False
1379024893224,True,False,True,False,True,False,True,False
1243094733444,True,False,True,False,True,False,True,False
1254537750686,True,False,True,False,True,False,False,True
1464724323024,True,False,True,False,False,True,False,True
1357730541020,False,True,False,False,False,False,False,False
1317089442738,True,False,True,False,True,False,True,False
1307868738426,False,True,False,False,False,False,False,False
1407251288422,True,False,True,False,True,False,True,False
1362492863312,True,False,True,False,True,False,True,False
1012287126678,True,False,True,False,True,False,True,False
1134525775712,False,True,False,False,False,False,False,False
1029752970102,True,False,True,False,False,True,False,True
1109448978878,True,False,True,False,True,False,True,False
1127867104078,True,False,False,True,True,False,False,True
1338691714046,True,False,True,False,False,True,True,False
1335191611382,True,False,True,False,True,False,True,False
1429506719164,True,False,False,True,True,False,True,False
1546007828588,True,False,True,False,False,True,True,False
1708897554146,True,False,True,False,True,False,True,False
1759381143194,False,True,False,False,False,False,False,False
1836231994864,True,False,True,False,True,False,True,False
1853700358330,True,False,True,False,False,True,False,True
1588903823042,True,False,True,False,True,False,True,False
1491745323954,True,False,True,False,True,False,False,True
1542856972802,True,False,False,True,False,True,True,False
1568256808624,True,False,True,False,True,False,True,False
1531432653418,False,True,False,False,False,False,False,False
1511427734450,True,False,True,False,False,True,False,True
1819741291766,False,True,False,False,False,False,False,False
1626340440678,True,False,True,False,True,False,True,False
1511718644442,True,False,True,False,True,False,False,True
1803522624122,True,False,True,False,False,True,True,False
1633360455674,True,False,True,False,False,True,True,False
1865787438648,True,False,True,False,True,False,True,False
1802907215472,True,False,True,False,False,True,True,False
1105329129446,True,False,True,False,False,True,True,False
1061835214826,False,True,False,False,False,False,False,False
1212019100600,True,False,True,False,False,True,False,True
1051683545812,True,False,True,False,True,False,True,False
1263140096470,True,False,True,False,True,False,True,False
1429530631800,True,False,True,False,False,True,True,False
1406336829294,True,False,True,False,False,True,False,True
1102185757232,True,False,True,False,True,False,True,False
1423183709534,True,False,False,True,False,True,True,False
1476862682668,True,False,True,False,True,False,True,False
1428594729470,True,False,True,False,False,True,False,True
1412401310560,True,False,True,False,True,False,True,False
1051354208722,True,False,True,False,True,False,True,False
1377460503426,True,False,True,False,False,True,True,False
1312359605170,True,False,False,True,True,False,False,True
1351415119458,False,True,False,False,False,False,False,False
1168540231516,True,False,True,False,False,True,True,False
1094883504208,True,False,True,False,True,False,True,False
1311423096966,True,False,True,False,False,True,True,False
1401928771042,True,False,True,False,False,True,False,True
1277130786352,True,False,True,False,False,True,False,True
1412078046614,True,False,True,False,True,False,False,True
1508586837998,True,False,True,False,False,True,True,False
1516844499972,True,False,True,False,False,True,False,True
1682588830586,False,True,False,False,False,False,False,False
1754993345132,False,True,False,False,False,False,False,False
1828642133250,False,True,False,False,False,False,False,False
1808009759610,True,False,True,False,True,False,True,False
1956291020656,True,False,True,False,True,False,False,True
1505428243986,True,False,True,False,False,True,False,True
1530831028762,True,False,True,False,True,False,False,True
1550841189280,True,False,True,False,True,False,True,False
1827386392028,False,True,False,False,False,False,False,False
1778173261906,True,False,True,False,False,True,True,False
1788973981808,True,False,True,False,False,True,False,True
1759454701494,True,False,True,False,True,False,True,False
1826450488876,True,False,True,False,True,False,True,False
1961399614022,True,False,True,False,False,True,True,False
1965833806776,True,False,True,False,False,True,True,False
1506691924324,True,False,True,False,False,True,False,True
1724492879248,True,False,False,True,False,True,False,True
1816577735504,True,False,True,False,False,True,True,False
1821347491038,True,False,True,False,False,True,False,True
1768648873034,True,False,True,False,False,True,False,True
1821048115006,True,False,True,False,False,True,False,True
1879147093730,True,False,True,False,False,True,True,False
1199286147560,True,False,True,False,True,False,True,False
1199285341748,True,False,True,False,True,False,True,False
1382173358354,True,False,True,False,False,True,True,False
1057052987852,True,False,True,False,False,True,False,True
1235818335730,True,False,True,False,False,True,True,False
1193260551202,True,False,True,False,False,True,False,True
1321220127658,True,False,False,True,True,False,False,True
1298050063494,True,False,True,False,False,True,False,True
1311394244214,True,False,True,False,False,True,False,True
1477134039308,True,False,True,False,False,True,False,True
1466663061524,True,False,False,True,True,False,True,False
1325667651222,True,False,True,False,False,True,False,True
1333612908740,True,False,True,False,True,False,True,False
1027184336548,True,False,True,False,False,True,True,False
1060846597174,True,False,True,False,True,False,True,False
1238337757224,True,False,True,False,False,True,False,True
1295487048486,True,False,True,False,False,True,False,True
1371373345656,True,False,True,False,True,False,True,False
1433921813132,True,False,True,False,False,True,True,False
1137381769640,True,False,True,False,True,False,True,False
1034186661772,False,True,False,False,False,False,False,False
1487923270536,True,False,True,False,True,False,True,False
1364088127486,True,False,True,False,True,False,True,False
1401883943830,True,False,True,False,False,True,False,True
1591413393746,True,False,True,False,True,False,False,True
1564747837210,True,False,True,False,False,True,False,True
1646347831222,True,False,True,False,True,False,True,False
1638101736282,False,True,False,False,False,False,False,False
1859093438138,True,False,True,False,False,True,False,True
1533018365764,True,False,True,False,False,True,True,False
1565088490348,True,False,True,False,True,False,True,False
1667647981018,False,True,False,False,False,False,False,False
1944203867568,True,False,True,False,True,False,True,False
1876562784998,True,False,True,False,True,False,True,False
1576506436902,False,True,False,False,False,False,False,False
1962280787874,False,True,False,False,False,False,False,False
1515224950230,True,False,True,False,True,False,True,False
1773697922570,True,False,True,False,True,False,True,False
1987386489630,True,False,True,False,True,False,True,False
1983902085360,True,False,False,True,False,True,False,True
2002632640858,False,True,False,False,False,False,False,False
1246952602464,True,False,True,False,True,False,True,False
1488581392516,True,False,False,True,False,True,False,True
1249837801228,True,False,False,True,False,True,False,True
1074547382872,True,False,True,False,True,False,True,False
1027871792368,True,False,False,True,False,True,False,True
1301575921640,False,True,False,False,False,False,False,False
1017698780280,True,False,True,False,True,False,True,False
1265684168364,True,False,True,False,False,True,True,False
1288871671364,False,True,False,False,False,False,False,False
1088534114758,True,False,True,False,False,True,True,False
1322219158172,True,False,True,False,False,True,True,False
1718146411100,True,False,True,False,False,True,True,False
1812132230970,True,False,False,True,True,False,False,True
1881049467882,True,False,False,True,False,True,True,False
1619722622106,True,False,False,True,False,True,False,True
1585116243412,True,False,True,False,False,True,True,False
1660367979214,False,True,False,False,False,False,False,False
1795942215180,True,False,True,False,True,False,True,False
2008046180528,True,False,False,True,False,True,False,True
1677205510540,True,False,True,False,False,True,False,True
1689594611786,False,True,False,False,False,False,False,False
1826123523984,True,False,False,True,False,True,False,True
1981398893136,True,False,True,False,True,False,True,False
149955448156,True,False,True,False,True,False,True,False
151866314192,True,False,True,False,False,True,True,False
472551534166,True,False,True,False,False,True,True,False
320148033716,True,False,True,False,False,True,False,True
320470190676,True,False,True,False,True,False,True,False
11545027314,True,False,False,True,False,True,False,True
92516936770,True,False,True,False,False,True,True,False
111879433102,True,False,True,False,True,False,True,False
214440787116,True,False,True,False,True,False,True,False
321129195116,False,True,False,False,False,False,False,False
97259604646,True,False,True,False,True,False,True,False
294434180958,False,True,False,False,False,False,False,False
339833897458,True,False,True,False,True,False,True,False
366832244788,True,False,True,False,True,False,False,True
38845399320,True,False,False,True,True,False,True,False
16622250558,True,False,True,False,False,True,True,False
55995410876,True,False,True,False,True,False,True,False
280798813866,True,False,False,True,False,True,False,True
363358852728,False,True,False,False,False,False,False,False
412891946956,True,False,True,False,False,True,False,True
654503195082,True,False,True,False,False,True,False,True
790068838198,True,False,True,False,False,True,False,True
899614876870,False,True,False,False,False,False,False,False
574185226348,True,False,True,False,True,False,True,False
494177998384,True,False,False,True,True,False,True,False
899650533728,True,False,False,True,False,True,False,True
638943658812,True,False,True,False,False,True,True,False
961228045976,True,False,True,False,True,False,True,False
904065576428,False,True,False,False,False,False,False,False
682466527654,True,False,True,False,True,False,True,False
524338040382,True,False,True,False,False,True,True,False
103640267402,True,False,True,False,False,True,True,False
255102195672,True,False,True,False,True,False,True,False
235725639756,True,False,True,False,False,True,False,True
231609446086,True,False,True,False,False,True,True,False
347492351150,True,False,True,False,True,False,True,False
493547570070,True,False,True,False,True,False,False,True
327817628528,True,False,False,True,False,True,False,True
91279289740,True,False,True,False,False,True,True,False
264327890632,True,False,True,False,False,True,True,False
456734856058,True,False,True,False,False,True,True,False
383392272246,True,False,True,False,True,False,True,False
73801024278,True,False,True,False,True,False,True,False
412261116594,True,False,True,False,False,True,True,False
485954231694,True,False,False,True,True,False,False,True
504988974686,True,False,False,True,True,False,True,False
626287586372,True,False,True,False,False,True,False,True
698980339358,True,False,True,False,False,True,False,True
559923287044,True,False,True,False,True,False,True,False
847580555726,True,False,True,False,True,False,True,False
560878466614,True,False,True,False,False,True,True,False
631371913966,False,True,False,False,False,False,False,False
529143300698,True,False,True,False,False,True,False,True
527222985576,True,False,True,False,False,True,True,False
965084173936,True,False,True,False,True,False,True,False
891741792222,True,False,True,False,False,True,False,True
882863730794,True,False,True,False,True,False,True,False
743125397454,True,False,True,False,True,False,True,False
585308205748,True,False,True,False,True,False,True,False
728515522076,False,True,False,False,False,False,False,False
744713300642,True,False,True,False,True,False,True,False
998101366774,True,False,True,False,False,True,True,False
879675554520,True,False,True,False,False,True,False,True
882852014832,True,False,True,False,True,False,True,False
277592972260,True,False,True,False,False,True,True,False
343319940312,True,False,True,False,False,True,True,False
403013347242,True,False,True,False,False,True,True,False
480490974304,True,False,True,False,True,False,True,False
245218885250,True,False,True,False,False,True,True,False
417002069002,True,False,True,False,True,False,True,False
456374448188,True,False,True,False,True,False,True,False
494141915354,True,False,True,False,True,False,True,False
171885801866,True,False,True,False,False,True,False,True
125847493236,True,False,True,False,False,True,True,False
202058442298,True,False,True,False,True,False,True,False
248092643706,True,False,True,False,False,True,False,True
132203286738,False,True,False,False,False,False,False,False
275403394838,True,False,True,False,True,False,True,False
42637396862,True,False,True,False,False,True,True,False
207110212834,False,True,False,False,False,False,False,False
87411120012,True,False,True,False,False,True,False,True
377619812464,True,False,False,True,False,True,True,False
80450047876,True,False,True,False,False,True,True,False
240795480684,False,True,False,False,False,False,False,False
283964793474,True,False,True,False,False,True,False,True
302064492156,True,False,True,False,False,True,False,True
353507419194,True,False,True,False,True,False,True,False
313504637748,True,False,True,False,False,True,False,True
683392352748,True,False,True,False,False,True,False,True
637352809670,True,False,True,False,True,False,True,False
726889871698,True,False,True,False,False,True,True,False
763095441538,True,False,True,False,False,True,False,True
869132581730,True,False,True,False,True,False,True,False
786288740108,True,False,True,False,False,True,True,False
850754649736,True,False,True,False,False,True,True,False
968230094098,False,True,False,False,False,False,False,False
536382710662,False,True,False,False,False,False,False,False
537659570434,True,False,True,False,True,False,True,False
812306936492,True,False,True,False,False,True,False,True
856145510646,True,False,False,True,False,True,False,True
773580785506,True,False,True,False,True,False,True,False
954253395270,True,False,False,True,False,True,True,False
756443173010,True,False,False,True,False,True,False,True
737716397590,True,False,True,False,False,True,True,False
49019421266,True,False,True,False,False,True,True,False
134764463814,True,False,True,False,False,True,True,False
313520334970,False,True,False,False,False,False,False,False
404011444142,True,False,True,False,False,True,False,True
445923101564,True,False,False,True,False,True,False,True
151603607152,True,False,True,False,True,False,True,False
176053957520,False,True,False,False,False,False,False,False
46516129022,True,False,True,False,False,True,True,False
6185393876,False,True,False,False,False,False,False,False
139867362318,True,False,True,False,False,True,True,False
325290323884,True,False,True,False,True,False,True,False
218256424602,True,False,True,False,True,False,False,True
238918584720,True,False,True,False,False,True,True,False
356083716808,True,False,True,False,False,True,False,True
794559380126,True,False,True,False,True,False,True,False
911405127266,True,False,True,False,False,True,False,True
800917945754,True,False,True,False,False,True,True,False
548497331896,True,False,True,False,False,True,False,True
746645864256,True,False,True,False,False,True,False,True
637103631564,True,False,True,False,False,True,True,False
549457327072,False,True,False,False,False,False,False,False
613278695874,True,False,True,False,False,True,False,True
834583356402,True,False,False,True,False,True,False,True
974933596592,True,False,True,False,True,False,False,True
888564100486,True,False,True,False,False,True,True,False
824433048974,True,False,True,False,True,False,True,False
866951044090,True,False,True,False,False,True,False,True
503414684562,True,False,True,False,False,True,False,True
530094201890,True,False,True,False,True,False,True,False
844750953026,True,False,True,False,True,False,True,False
819675567840,True,False,True,False,False,True,False,True
1191429792868,True,False,True,False,False,True,True,False
1270496530952,True,False,True,False,True,False,True,False
1271446999868,True,False,True,False,True,False,True,False
1489570892640,True,False,True,False,False,True,False,True
1153023304498,True,False,True,False,True,False,True,False
1179059440846,True,False,True,False,False,True,True,False
1490858938956,True,False,True,False,True,False,True,False
1017108970208,True,False,True,False,True,False,True,False
1056159470644,False,True,False,False,False,False,False,False
1133642616394,True,False,True,False,False,True,True,False
1347960148046,True,False,True,False,False,True,True,False
1437817552150,True,False,True,False,False,True,False,True
1278746432780,False,True,False,False,False,False,False,False
1380671336426,True,False,True,False,True,False,True,False
1280640289728,True,False,True,False,True,False,True,False
1293669370006,True,False,True,False,True,False,True,False
1428937501414,True,False,True,False,True,False,True,False
1246065812976,True,False,True,False,False,True,False,True
1149535726534,True,False,True,False,True,False,True,False
1100312441016,True,False,True,False,True,False,True,False
1021885379518,True,False,True,False,True,False,True,False
1201600287680,True,False,False,True,False,True,False,True
1014277398514,True,False,True,False,True,False,True,False
1353379886880,True,False,True,False,True,False,True,False
1345444331222,False,True,False,False,False,False,False,False
1438477364150,True,False,True,False,False,True,False,True
1498480504840,True,False,True,False,False,True,True,False
1714688413256,True,False,True,False,True,False,True,False
1737869339716,True,False,False,True,False,True,True,False
1731833788914,True,False,True,False,True,False,True,False
1834708680538,True,False,True,False,False,True,False,True
1986812705710,True,False,False,True,False,True,False,True
1673132252972,True,False,True,False,False,True,False,True
1578494233122,True,False,True,False,False,True,True,False
1869985404074,True,False,True,False,True,False,True,False
1906188984386,True,False,True,False,False,True,True,False
1573716717164,True,False,True,False,False,True,False,True
1610231139128,True,False,True,False,True,False,True,False
1551812927614,True,False,True,False,True,False,True,False
1681998093984,True,False,True,False,True,False,True,False
1745505721806,True,False,True,False,False,True,True,False
1962370320104,True,False,True,False,False,True,False,True
1542619564448,True,False,True,False,True,False,False,True
1686771603524,True,False,True,False,False,True,False,True
1649947901558,False,True,False,False,False,False,False,False
1593103682458,True,False,True,False,False,True,True,False
1619140146164,True,False,True,False,False,True,False,True
1601992226862,True,False,True,False,False,True,False,True
1581679691606,True,False,True,False,True,False,True,False
1751222467992,True,False,True,False,True,False,True,False
1810609393124,True,False,True,False,False,True,True,False
1892202130004,True,False,True,False,True,False,True,False
1119714977096,True,False,True,False,True,False,True,False
1041912623690,True,False,True,False,True,False,True,False
1150180895866,True,False,True,False,False,True,False,True
1048587272324,True,False,True,False,False,True,False,True
1286079581138,True,False,True,False,False,True,False,True
1473411920994,True,False,True,False,True,False,True,False
1435004273390,True,False,True,False,False,True,True,False
1375625337300,True,False,True,False,True,False,True,False
1081617895024,True,False,True,False,False,True,True,False
1105111754660,True,False,True,False,True,False,True,False
1030495991194,True,False,True,False,False,True,False,True
1259443256824,True,False,True,False,False,True,False,True
1343577136652,True,False,True,False,True,False,True,False
1241311631262,True,False,True,False,False,True,True,False
1072720683304,True,False,True,False,True,False,True,False
1059374209464,True,False,True,False,False,True,False,True
1057469820508,True,False,True,False,False,True,True,False
1146372774104,True,False,False,True,False,True,True,False
1093037881894,True,False,True,False,True,False,True,False
1441667457266,True,False,True,False,True,False,True,False
1425163498812,True,False,True,False,True,False,True,False
1333407727810,True,False,True,False,False,True,True,False
1359766826776,False,True,False,False,False,False,False,False
1393106401806,True,False,True,False,False,True,True,False
1470256883424,True,False,True,False,False,True,False,True
1725530159138,True,False,True,False,True,False,False,True
1637578858974,True,False,True,False,False,True,True,False
1813167518946,True,False,True,False,False,True,True,False
1886823817734,True,False,True,False,False,True,True,False
1811901168494,True,False,True,False,False,True,False,True
1882071879522,False,True,False,False,False,False,False,False
1544558224244,True,False,True,False,False,True,True,False
1549643785924,True,False,True,False,True,False,False,True
1642040845600,True,False,True,False,False,True,True,False
1640452615810,True,False,True,False,True,False,True,False
1954489270002,False,True,False,False,False,False,False,False
1988145382116,False,True,False,False,False,False,False,False
1775080895078,False,True,False,False,False,False,False,False
1586451815434,False,True,False,False,False,False,False,False
1697612441400,True,False,True,False,False,True,False,True
1783985441504,True,False,True,False,True,False,False,True
1906549622870,True,False,False,True,False,True,False,True
1895742125388,True,False,True,False,True,False,True,False
1963054878394,True,False,True,False,True,False,True,False
1098394420496,True,False,True,False,True,False,True,False
1227941647648,True,False,True,False,False,True,False,True
1306376295142,True,False,True,False,True,False,True,False
1460364977272,True,False,True,False,False,True,True,False
1045380752100,True,False,True,False,True,False,True,False
1494671098612,True,False,False,True,False,True,False,True
1151742039696,True,False,True,False,True,False,True,False
1209843336922,True,False,True,False,False,True,True,False
1227306256790,True,False,True,False,True,False,True,False
1306680762436,True,False,True,False,False,True,False,True
1208899419956,True,False,True,False,False,True,False,True
1311140935134,True,False,True,False,False,True,True,False
1348925009182,True,False,True,False,True,False,False,True
1373060082454,True,False,True,False,True,False,True,False
1253999784334,True,False,True,False,False,True,True,False
1438482129918,True,False,True,False,False,True,True,False
1283845984984,True,False,True,False,False,True,True,False
1487060297044,True,False,True,False,False,True,False,True
1582288651042,True,False,True,False,True,False,True,False
1850277143400,True,False,True,False,True,False,True,False
1783918965964,True,False,True,False,False,True,True,False
1735987632762,True,False,True,False,True,False,True,False
1750920851488,False,True,False,False,False,False,False,False
1896968408060,False,True,False,False,False,False,False,False
1972862140670,True,False,True,False,True,False,False,True
1571496221900,True,False,True,False,False,True,True,False
1733112290416,True,False,True,False,False,True,False,True
1559752720592,True,False,True,False,False,True,True,False
1691205496706,False,True,False,False,False,False,False,False
1970305903216,True,False,True,False,True,False,True,False
1503248044782,True,False,True,False,True,False,True,False
1623898816972,False,True,False,False,False,False,False,False
1603275010602,False,True,False,False,False,False,False,False
1970632419768,True,False,True,False,True,False,True,False
1982067801596,True,False,True,False,False,True,False,True
1881089134910,True,False,True,False,True,False,True,False
1911587837522,True,False,True,False,True,False,True,False
1095883566884,True,False,True,False,True,False,True,False
1343864721240,True,False,True,False,True,False,True,False
1275923152950,True,False,True,False,True,False,True,False
1466748439574,False,True,False,False,False,False,False,False
1363248486538,True,False,True,False,True,False,True,False
1121625543504,True,False,True,False,True,False,True,False
1178460565240,True,False,False,True,True,False,True,False
1085108173742,True,False,True,False,False,True,True,False
1039073065814,True,False,True,False,False,True,False,True
1255620773232,True,False,True,False,False,True,False,True
1170846738724,True,False,True,False,True,False,True,False
1226736508274,True,False,True,False,False,True,True,False
1353738081470,True,False,True,False,False,True,False,True
1384220656598,True,False,True,False,True,False,False,True
1462649432586,True,False,True,False,False,True,True,False
1378179360798,True,False,True,False,False,True,False,True
1383271096708,True,False,True,False,True,False,True,False
1017779168504,True,False,True,False,False,True,False,True
1089545114530,False,True,False,False,False,False,False,False
1320376584016,False,True,False,False,False,False,False,False
1277185397360,True,False,True,False,True,False,False,True
1270847068172,True,False,True,False,True,False,True,False
1491206981188,True,False,True,False,False,True,False,True
1460726699528,True,False,True,False,False,True,True,False
1308301148374,True,False,True,False,True,False,False,True
1087331520502,True,False,True,False,False,True,False,True
1068913974442,True,False,True,False,False,True,True,False
1205770160350,False,True,False,False,False,False,False,False
1179419906284,True,False,True,False,True,False,False,True
1318175918364,True,False,True,False,False,True,False,True
1614080138554,True,False,True,False,False,True,False,True
1895088841014,True,False,True,False,False,True,True,False
1985903014512,True,False,True,False,True,False,True,False
1639499883128,True,False,True,False,True,False,True,False
1557271754092,True,False,True,False,False,True,False,True
1828423425974,True,False,True,False,False,True,True,False
1878913617006,True,False,True,False,True,False,True,False
1576308490098,True,False,True,False,False,True,False,True
1932550961842,True,False,False,True,False,True,False,True
1984304328166,True,False,True,False,True,False,True,False
1937000803298,True,False,True,False,False,True,True,False
1679505614534,True,False,True,False,False,True,False,True
1782068732632,False,True,False,False,False,False,False,False
1826530807092,True,False,False,True,False,True,True,False
248630816714,True,False,True,False,False,True,True,False
204486112996,True,False,True,False,True,False,True,False
154320170402,True,False,True,False,True,False,False,True
15259943374,True,False,False,True,False,True,False,True
352774302568,True,False,True,False,False,True,False,True
300073769184,True,False,True,False,True,False,False,True
318170216958,True,False,True,False,False,True,False,True
262926147212,False,True,False,False,False,False,False,False
346432875094,False,True,False,False,False,False,False,False
86406976152,True,False,True,False,False,True,False,True
153400419972,True,False,True,False,True,False,True,False
3997285974014,True,False,True,False,False,True,True,False
272138662110,True,False,True,False,False,True,True,False
389001343910,True,False,True,False,False,True,False,True
415972803610,True,False,True,False,False,True,True,False
320098119166,True,False,True,False,True,False,True,False
448057317988,True,False,True,False,True,False,True,False
85417197128,True,False,False,True,False,True,False,True
100349053948,True,False,True,False,False,True,False,True
118440915984,True,False,True,False,True,False,False,True
277834040544,True,False,True,False,True,False,True,False
477240833984,True,False,True,False,False,True,False,True
380076690282,True,False,True,False,False,True,True,False
423260368060,True,False,True,False,True,False,True,False
304207201066,True,False,True,False,False,True,True,False
523591570180,True,False,True,False,False,True,True,False
528036826114,True,False,True,False,False,True,True,False
756656543144,True,False,True,False,False,True,False,True
614739063076,True,False,True,False,True,False,True,False
656337333198,True,False,True,False,False,True,True,False
574745730698,True,False,True,False,True,False,False,True
658891302970,True,False,True,False,True,False,True,False
537251004894,True,False,True,False,False,True,False,True
498840459770,True,False,True,False,False,True,False,True
564561178236,True,False,True,False,False,True,True,False
751901581812,True,False,True,False,True,False,True,False
761744902852,True,False,True,False,False,True,True,False
788420413770,True,False,True,False,False,True,True,False
977354086650,True,False,True,False,False,True,False,True
905605629856,True,False,True,False,False,True,True,False
773186056132,True,False,True,False,True,False,True,False
330905792676,True,False,False,True,False,True,False,True
475378703092,True,False,True,False,False,True,True,False
407739938908,True,False,True,False,True,False,True,False
329325400958,True,False,True,False,False,True,True,False
32782081602,False,True,False,False,False,False,False,False
114063270972,True,False,True,False,False,True,True,False
28022054562,True,False,False,True,False,True,True,False
149940838858,True,False,True,False,False,True,False,True
316321746474,False,True,False,False,False,False,False,False
7665470056,True,False,True,False,True,False,True,False
54987743614,True,False,True,False,False,True,False,True
200728567322,True,False,True,False,False,True,False,True
67038384728,True,False,True,False,False,True,False,True
325823433536,True,False,True,False,True,False,True,False
393774754508,True,False,True,False,True,False,True,False
455997637954,True,False,True,False,True,False,True,False
176285852978,False,True,False,False,False,False,False,False
145175066888,True,False,True,False,True,False,True,False
182006530160,False,True,False,False,False,False,False,False
323306684342,True,False,True,False,False,True,True,False
662704239086,False,True,False,False,False,False,False,False
688750632320,True,False,True,False,True,False,True,False
761781945022,True,False,True,False,False,True,False,True
575408541404,True,False,True,False,True,False,True,False
619554985784,True,False,True,False,False,True,False,True
641152166304,True,False,False,True,False,True,False,True
837678070210,False,True,False,False,False,False,False,False
897387529794,True,False,True,False,True,False,True,False
896427712576,True,False,True,False,True,False,True,False
873248198272,True,False,True,False,False,True,True,False
534747082372,True,False,True,False,False,True,False,True
556335040550,True,False,True,False,False,True,False,True
704004747390,True,False,True,False,False,True,False,True
692579319820,True,False,False,True,False,True,False,True
909451552546,False,True,False,False,False,False,False,False
949460282258,True,False,True,False,True,False,False,True
977390678310,True,False,True,False,True,False,True,False
221634388746,True,False,True,False,False,True,True,False
47010812384,True,False,True,False,False,True,True,False
162585068208,True,False,True,False,False,True,False,True
277201219648,False,True,False,False,False,False,False,False
391832995310,True,False,True,False,True,False,True,False
467712792094,True,False,True,False,True,False,False,True
65115247122,True,False,True,False,True,False,True,False
323577031790,False,True,False,False,False,False,False,False
123198678580,True,False,True,False,True,False,True,False
197500601338,True,False,True,False,True,False,True,False
161634071480,True,False,True,False,True,False,True,False
171786446954,True,False,True,False,False,True,False,True
240053775880,False,True,False,False,False,False,False,False
136236806946,True,False,True,False,False,True,True,False
323880793750,True,False,True,False,False,True,False,True
229595094966,False,True,False,False,False,False,False,False
187994608096,True,False,True,False,True,False,True,False
175309507036,True,False,True,False,True,False,True,False
288012475522,True,False,True,False,False,True,True,False
430896374320,True,False,True,False,False,True,False,True
639806035312,True,False,False,True,False,True,False,True
651883791112,True,False,True,False,True,False,True,False
610918218170,False,True,False,False,False,False,False,False
749049345388,True,False,True,False,False,True,False,True
796349494420,True,False,True,False,False,True,False,True
971629354510,True,False,True,False,False,True,False,True
566163269174,True,False,True,False,False,True,False,True
806212194200,False,True,False,False,False,False,False,False
967513261624,True,False,True,False,False,True,False,True
986223910334,True,False,True,False,True,False,True,False
613805332140,True,False,True,False,True,False,True,False
682063867458,True,False,True,False,False,True,False,True
917019770828,True,False,True,False,False,True,True,False
795726199358,True,False,True,False,False,True,False,True
127056797694,True,False,True,False,False,True,True,False
462669616474,True,False,True,False,False,True,False,True
163598587354,True,False,True,False,False,True,True,False
464922142990,True,False,False,True,False,True,True,False
491270860230,True,False,True,False,True,False,True,False
126419515860,True,False,True,False,False,True,False,True
419484528552,True,False,False,True,False,True,True,False
364566421208,True,False,True,False,True,False,True,False
304238654396,True,False,True,False,True,False,True,False
404892343374,True,False,True,False,False,True,False,True
79125642186,True,False,True,False,True,False,False,True
5141517350,True,False,True,False,True,False,True,False
92467354604,True,False,True,False,True,False,True,False
13728240392,True,False,True,False,False,True,False,True
220751054176,True,False,True,False,True,False,True,False
20080002554,True,False,True,False,False,True,False,True
317911569056,True,False,True,False,False,True,False,True
436975597026,True,False,True,False,True,False,True,False
707162711988,True,False,True,False,True,False,True,False
660813234658,True,False,True,False,True,False,True,False
790040169678,True,False,True,False,False,True,False,True
858614435768,True,False,False,True,False,True,False,True
816393171208,True,False,True,False,False,True,True,False
857356351308,True,False,True,False,True,False,True,False
742747934408,True,False,True,False,True,False,True,False
571609443918,True,False,True,False,True,False,True,False
838630734744,True,False,True,False,False,True,False,True
881190939472,True,False,True,False,True,False,True,False
898652322104,True,False,True,False,True,False,True,False
699225318648,True,False,True,False,True,False,True,False
644299247698,True,False,True,False,True,False,True,False
837027336110,True,False,True,False,True,False,True,False
749087047672,True,False,True,False,False,True,False,True
892600845794,True,False,True,False,False,True,True,False
987867378480,True,False,True,False,False,True,False,True
920567754576,False,True,False,False,False,False,False,False
832612825516,False,True,False,False,False,False,False,False
833251318066,True,False,True,False,False,True,False,True
1071005777402,True,False,True,False,False,True,False,True
1177692700066,True,False,True,False,True,False,True,False
995131475688,True,False,True,False,True,False,False,True
1168816529228,True,False,True,False,True,False,True,False
1178661539292,False,True,False,False,False,False,False,False
1270751864432,False,True,False,False,False,False,False,False
1302502528742,True,False,False,True,False,True,False,True
1330439778358,True,False,True,False,False,True,False,True
1224998871136,True,False,True,False,False,True,False,True
1166575973288,True,False,True,False,False,True,False,True
1101811998734,False,True,False,False,False,False,False,False
1237393870358,True,False,True,False,False,True,False,True
1256751123390,True,False,True,False,True,False,True,False
1460916810952,True,False,False,True,False,True,False,True
1458687569662,True,False,True,False,False,True,True,False
1252009970550,True,False,True,False,False,True,True,False
1466661176122,True,False,True,False,True,False,True,False
1415221551452,True,False,True,False,True,False,False,True
1644441554772,True,False,False,True,False,True,True,False
1633331555516,True,False,False,True,False,True,False,True
1683496489982,True,False,True,False,False,True,False,True
1706995742166,True,False,True,False,False,True,False,True
1643493883664,True,False,True,False,False,True,False,True
1648263589280,True,False,True,False,True,False,True,False
1667945344222,True,False,True,False,True,False,False,True
1862577114354,True,False,True,False,False,True,False,True
1854328827154,True,False,True,False,True,False,True,False
1856875564604,False,True,False,False,False,False,False,False
1988010643786,True,False,True,False,False,True,True,False
1784792679056,True,False,False,True,False,True,False,True
1990545588092,True,False,True,False,True,False,True,False
1873060315456,False,True,False,False,False,False,False,False
1715263988436,True,False,True,False,False,True,False,True
1570460732450,True,False,True,False,True,False,True,False
1721918981478,False,True,False,False,False,False,False,False
1660006966950,True,False,True,False,True,False,True,False
1622845686476,True,False,True,False,True,False,True,False
1785745466990,True,False,False,True,True,False,False,True
1874654267666,True,False,True,False,False,True,False,True
1644470259254,True,False,False,True,False,True,False,True
1673048622634,True,False,True,False,True,False,True,False
1807028883336,True,False,True,False,False,True,False,True
1124391095398,True,False,True,False,False,True,False,True
1329832684830,True,False,True,False,False,True,False,True
1178059409454,True,False,True,False,False,True,True,False
998673008088,True,False,True,False,True,False,True,False
1126639793042,True,False,True,False,True,False,True,False
1273640111622,True,False,True,False,False,True,True,False
1326672704958,True,False,True,False,True,False,True,False
1261256378976,True,False,False,True,False,True,False,True
1294286245736,True,False,True,False,True,False,True,False
1171383023972,True,False,True,False,True,False,True,False
1032631018384,True,False,True,False,False,True,True,False
1464444307676,False,True,False,False,False,False,False,False
1271717580364,True,False,True,False,False,True,False,True
1289189370454,True,False,True,False,True,False,True,False
1439367964410,True,False,True,False,False,True,True,False
1414922528030,False,True,False,False,False,False,False,False
1030415433602,True,False,True,False,True,False,True,False
1015824407054,True,False,True,False,True,False,True,False
1041858603028,True,False,True,False,False,True,False,True
1442569547918,True,False,True,False,False,True,False,True
1366678135756,True,False,True,False,False,True,True,False
1293969609268,True,False,False,True,False,True,True,False
1488285070036,True,False,True,False,False,True,True,False
1478132494004,True,False,True,False,True,False,True,False
1971535690654,True,False,True,False,False,True,True,False
1897558923448,True,False,True,False,False,True,False,True
1903575575188,True,False,True,False,True,False,False,True
1989001810978,True,False,False,True,True,False,True,False
1562898211950,True,False,True,False,True,False,True,False
1671811905982,True,False,True,False,False,True,True,False
1626099004876,True,False,True,False,True,False,True,False
1735003879678,True,False,False,True,True,False,True,False
1795642488028,True,False,True,False,False,True,True,False
1600670643548,False,True,False,False,False,False,False,False
1595902677982,True,False,True,False,False,True,True,False
1592094907884,True,False,True,False,False,True,True,False
1846432585002,True,False,False,True,False,True,False,True
1881992532148,True,False,False,True,False,True,True,False
1807060533948,True,False,True,False,False,True,True,False
1588933164490,True,False,False,True,False,True,False,True
1965519620420,True,False,True,False,False,True,True,False
1815964500448,True,False,True,False,True,False,True,False
1812801421704,True,False,True,False,True,False,True,False
1229137746364,True,False,True,False,False,True,True,False
1464722088426,True,False,True,False,False,True,False,True
1340905189284,True,False,True,False,False,True,True,False
1377096850140,True,False,True,False,True,False,True,False
1426952681468,True,False,False,True,False,True,False,True
1056102324284,True,False,True,False,True,False,True,False
1409813531184,True,False,True,False,True,False,True,False
1312972376532,True,False,True,False,False,True,True,False
1458713829062,True,False,True,False,False,True,False,True
1345361407236,True,False,False,True,True,False,True,False
1132919460246,False,True,False,False,False,False,False,False
1023697242370,True,False,False,True,False,True,False,True
1071647929358,True,False,True,False,True,False,True,False
1378356876500,True,False,True,False,False,True,True,False
1271368814876,True,False,False,True,False,True,False,True
1370099694322,True,False,True,False,False,True,False,True
1085000047574,True,False,True,False,False,True,False,True
1272005417270,True,False,True,False,False,True,False,True
1335839612624,True,False,True,False,False,True,True,False
1458718769434,True,False,True,False,True,False,True,False
1342503602784,False,True,False,False,False,False,False,False
1419972939062,False,True,False,False,False,False,False,False
1438709819070,True,False,True,False,False,True,False,True
1433641544558,True,False,True,False,False,True,False,True
1663806523470,False,True,False,False,False,False,False,False
1573961492570,True,False,True,False,True,False,True,False
1608564873400,False,True,False,False,False,False,False,False
1740663877998,True,False,True,False,False,True,False,True
1605719313798,False,True,False,False,False,False,False,False
1644776214266,False,True,False,False,False,False,False,False
1722569270388,True,False,True,False,False,True,False,True
1683844631804,True,False,True,False,True,False,True,False
1825142770616,True,False,True,False,True,False,True,False
1691750779514,True,False,True,False,False,True,False,True
1688264888856,True,False,True,False,True,False,True,False
1532365744830,True,False,True,False,False,True,True,False
1653023874234,True,False,True,False,False,True,False,True
1754621958350,True,False,True,False,False,True,True,False
1828930206376,True,False,True,False,False,True,True,False
1735274707808,True,False,True,False,True,False,True,False
1537144848788,True,False,True,False,False,True,False,True
1640011879046,True,False,True,False,True,False,True,False
1529844636410,True,False,True,False,True,False,True,False
1795600357676,False,True,False,False,False,False,False,False
1867997035284,True,False,True,False,False,True,True,False
1419676685174,True,False,True,False,True,False,True,False
1448577582402,True,False,True,False,False,True,True,False
1007882552764,True,False,True,False,True,False,True,False
1244742443832,True,False,True,False,True,False,True,False
1394606969864,True,False,True,False,True,False,True,False
1307302981122,True,False,True,False,False,True,False,True
1027222546770,True,False,True,False,True,False,True,False
1491444195316,True,False,True,False,False,True,True,False
1084405152130,True,False,True,False,False,True,False,True
1037409395310,True,False,True,False,False,True,False,True
1414933340864,True,False,True,False,True,False,True,False
1352074158456,True,False,True,False,False,True,False,True
1252996201674,True,False,False,True,False,True,False,True
1662263704210,True,False,True,False,False,True,True,False
1614013465918,True,False,True,False,False,True,True,False
1654966616150,True,False,True,False,False,True,False,True
1933427498028,True,False,True,False,False,True,False,True
1862629181526,True,False,True,False,False,True,True,False
1760386633258,True,False,True,False,True,False,False,True
1658468332226,True,False,True,False,False,True,True,False
1978844474732,True,False,True,False,False,True,False,True
1824848031216,False,True,False,False,False,False,False,False
1756595569872,True,False,True,False,True,False,True,False
1612093428304,False,True,False,False,False,False,False,False
1765774142078,True,False,True,False,False,True,False,True
1865789464874,True,False,False,True,False,True,False,True
1575609776228,True,False,True,False,False,True,False,True
1680393795480,False,True,False,False,False,False,False,False
1774693858258,False,True,False,False,False,False,False,False
1758493737078,True,False,True,False,True,False,True,False
1904229267484,True,False,False,True,False,True,False,True
1851534681874,True,False,True,False,True,False,False,True
92804904134,True,False,True,False,False,True,False,True
478589561778,True,False,True,False,True,False,True,False
144905903654,True,False,True,False,True,False,True,False
11850307064,True,False,False,True,False,True,False,True
232216848406,True,False,True,False,False,True,True,False
33773198952,True,False,True,False,False,True,True,False
308731481814,True,False,True,False,True,False,False,True
495116276340,True,False,False,True,False,True,True,False
438257366610,True,False,True,False,True,False,True,False
74400387114,True,False,True,False,True,False,True,False
55038949988,True,False,True,False,True,False,True,False
22339455628,True,False,True,False,False,True,True,False
711008531868,True,False,True,False,True,False,True,False
685606352406,True,False,True,False,False,True,True,False
578299914352,True,False,True,False,True,False,True,False
791355858356,False,True,False,False,False,False,False,False
746904721862,True,False,True,False,True,False,True,False
912646936282,True,False,True,False,False,True,False,True
876136169210,True,False,True,False,False,True,True,False
517356158722,True,False,True,False,True,False,False,True
890744204590,True,False,True,False,False,True,True,False
785339081714,True,False,True,False,False,True,False,True
866294964520,True,False,True,False,True,False,False,True
729117479496,True,False,True,False,True,False,True,False
809449586076,True,False,True,False,True,False,True,False
804370853488,True,False,True,False,False,True,True,False
832633888734,True,False,True,False,False,True,False,True
979646606606,True,False,True,False,True,False,True,False
706581900842,True,False,True,False,True,False,True,False
738352977134,False,True,False,False,False,False,False,False
509091795210,True,False,False,True,False,True,True,False
706272748540,True,False,True,False,True,False,True,False
604667204736,True,False,True,False,True,False,False,True
762794784742,True,False,False,True,False,True,True,False
932666019306,True,False,True,False,False,True,True,False
213191175120,True,False,True,False,True,False,True,False
35049780460,True,False,True,False,False,True,False,True
34414639404,True,False,True,False,False,True,True,False
84916245798,True,False,True,False,False,True,False,True
33474326782,True,False,True,False,False,True,False,True
259228500904,False,True,False,False,False,False,False,False
291929533166,True,False,True,False,True,False,True,False
344963260826,True,False,True,False,False,True,False,True
377025044456,True,False,True,False,False,True,True,False
130643837244,True,False,True,False,False,True,True,False
126503580178,True,False,True,False,True,False,True,False
88711317350,True,False,True,False,False,True,False,True
44906510038,True,False,True,False,True,False,True,False
75715576194,True,False,True,False,False,True,True,False
190667946700,True,False,True,False,True,False,True,False
371320017444,True,False,True,False,True,False,True,False
316086077836,True,False,True,False,False,True,True,False
312901076126,True,False,True,False,True,False,True,False
239877146154,True,False,True,False,False,True,True,False
336404309308,True,False,True,False,True,False,False,True
272907541980,True,False,True,False,False,True,False,True
678032291228,True,False,True,False,False,True,True,False
997787757426,True,False,True,False,False,True,True,False
555810853458,True,False,True,False,False,True,False,True
515797840404,False,True,False,False,False,False,False,False
578990040302,True,False,True,False,False,True,False,True
759335504220,True,False,True,False,True,False,True,False
895550046378,True,False,False,True,False,True,False,True
922539020122,True,False,True,False,True,False,True,False
502757901410,True,False,True,False,True,False,True,False
650718138352,False,True,False,False,False,False,False,False
846325578062,True,False,True,False,True,False,True,False
992380997742,True,False,True,False,False,True,False,True
964437675432,True,False,True,False,True,False,True,False
752974396274,True,False,True,False,False,True,True,False
802823045362,True,False,True,False,False,True,False,True
839018435714,True,False,True,False,True,False,False,True
543433145136,True,False,True,False,False,True,False,True
791087380660,True,False,True,False,False,True,True,False
25799139954,True,False,True,False,True,False,True,False
171227886148,True,False,False,True,False,True,True,False
152186690572,True,False,False,True,True,False,True,False
99798890306,True,False,True,False,True,False,False,True
307127278214,True,False,True,False,False,True,True,False
396355665566,True,False,True,False,False,True,False,True
28997398578,True,False,True,False,True,False,True,False
267778661896,True,False,True,False,True,False,True,False
404311809360,True,False,True,False,True,False,True,False
155349745730,True,False,True,False,False,True,False,True
18181862978,True,False,True,False,True,False,True,False
427469753876,True,False,True,False,False,True,False,True
143625949444,True,False,True,False,True,False,True,False
92831317836,True,False,True,False,True,False,True,False
171574211542,True,False,True,False,False,True,False,True
56945208386,True,False,True,False,True,False,True,False
238878347028,True,False,False,True,False,True,False,True
140143285484,True,False,True,False,True,False,True,False
341446100656,True,False,True,False,True,False,True,False
320177678910,True,False,False,True,False,True,False,True
373518191878,True,False,True,False,False,True,True,False
450036353976,True,False,True,False,False,True,True,False
422735807964,True,False,True,False,False,True,True,False
806266828184,True,False,True,False,True,False,False,True
529095883056,True,False,True,False,False,True,False,True
604354826404,True,False,True,False,False,True,False,True
531326763978,True,False,True,False,False,True,False,True
639922081334,True,False,True,False,False,True,False,True
615448322012,True,False,True,False,True,False,True,False
722767435660,False,True,False,False,False,False,False,False
554793107116,True,False,True,False,True,False,True,False
876131107858,True,False,True,False,False,True,True,False
820872372430,True,False,True,False,False,True,True,False
930421257686,True,False,True,False,False,True,False,True
556719217786,True,False,False,True,False,True,True,False
724049184266,True,False,True,False,False,True,False,True
694849893760,True,False,True,False,True,False,True,False
937752037770,True,False,True,False,False,True,False,True
953946464750,True,False,False,True,False,True,True,False
882815282022,True,False,True,False,False,True,True,False
870436463030,True,False,True,False,False,True,True,False
912986360558,True,False,False,True,True,False,False,True
35374459578,True,False,True,False,False,True,False,True
244942347290,True,False,False,True,False,True,True,False
350354148282,True,False,True,False,True,False,True,False
283360049798,False,True,False,False,False,False,False,False
330991804994,True,False,True,False,False,True,False,True
46497362136,True,False,True,False,True,False,True,False
44929267280,False,True,False,False,False,False,False,False
305913746522,True,False,True,False,False,True,False,True
266235011394,True,False,True,False,True,False,True,False
70308213848,True,False,True,False,True,False,True,False
141426670768,True,False,True,False,True,False,False,True
203665379172,True,False,False,True,False,True,False,True
323373896186,False,True,False,False,False,False,False,False
192880962478,True,False,True,False,False,True,True,False
76673732832,False,True,False,False,False,False,False,False
598646497366,True,False,True,False,True,False,True,False
591980467608,True,False,True,False,False,True,True,False
658357418476,True,False,True,False,False,True,True,False
553882503490,False,True,False,False,False,False,False,False
779315301988,True,False,True,False,False,True,True,False
936814923874,True,False,True,False,False,True,True,False
785670238390,True,False,True,False,False,True,True,False
928231326226,True,False,True,False,False,True,True,False
623121116200,True,False,True,False,True,False,False,True
513270914134,True,False,True,False,False,True,True,False
525651775174,True,False,True,False,False,True,False,True
647255484030,True,False,True,False,True,False,True,False
828250072720,False,True,False,False,False,False,False,False
875240437480,True,False,True,False,True,False,True,False
964143945548,True,False,False,True,False,True,False,True
746925416152,True,False,True,False,True,False,True,False
663745508738,True,False,True,False,False,True,False,True
808843101076,False,True,False,False,False,False,False,False
792662332106,True,False,True,False,True,False,True,False
822197967150,True,False,True,False,False,True,False,True
934594352044,True,False,True,False,True,False,True,False
843135790786,True,False,True,False,False,True,False,True
803767796510,True,False,True,False,False,True,False,True
896486559814,True,False,True,False,True,False,True,False
658056179024,True,False,True,False,True,False,True,False
913966438274,True,False,True,False,True,False,True,False
1072666735350,True,False,True,False,False,True,False,True
1385747653494,False,True,False,False,False,False,False,False
1470207595836,False,True,False,False,False,False,False,False
1467349084332,True,False,True,False,False,True,True,False
1433683346626,True,False,False,True,False,True,False,True
1066976423756,True,False,True,False,True,False,True,False
1131432781706,True,False,True,False,False,True,False,True
1120322555350,True,False,True,False,True,False,True,False
1183192852138,True,False,False,True,False,True,False,True
1278763573422,True,False,True,False,True,False,True,False
1438482837636,True,False,True,False,False,True,False,True
978692231734,True,False,True,False,True,False,True,False
1142211226960,True,False,True,False,False,True,False,True
1229851257812,False,True,False,False,False,False,False,False
1045690691422,True,False,True,False,False,True,False,True
1152058605874,False,True,False,False,False,False,False,False
1432424683082,True,False,True,False,False,True,True,False
1373370222204,True,False,True,False,True,False,True,False
1111422573312,True,False,True,False,False,True,False,True
1095236889880,True,False,True,False,False,True,False,True
1371473241648,True,False,True,False,True,False,True,False
1370837194160,True,False,False,True,True,False,True,False
1305745569086,True,False,False,True,False,True,False,True
1492134344936,True,False,False,True,False,True,False,True
1395604762276,True,False,True,False,True,False,True,False
1484202166070,True,False,True,False,False,True,True,False
1719769899224,True,False,True,False,True,False,True,False
1907120458206,True,False,True,False,False,True,True,False
1994123081270,True,False,True,False,False,True,True,False
1599137599980,True,False,True,False,False,True,True,False
1663287198288,True,False,True,False,True,False,True,False
1603577286744,True,False,True,False,False,True,False,True
1813793165474,True,False,True,False,False,True,False,True
1640724808958,True,False,True,False,False,True,True,False
1723582131944,True,False,True,False,False,True,False,True
1685816025698,True,False,True,False,False,True,True,False
1719485266348,True,False,True,False,False,True,False,True
1943649044636,True,False,True,False,False,True,True,False
1089545215510,True,False,True,False,False,True,False,True
1287663937196,True,False,True,False,False,True,True,False
1150847644088,True,False,False,True,True,False,True,False
1267062709790,True,False,True,False,False,True,True,False
1130191280064,True,False,False,True,True,False,True,False
1154000870574,True,False,True,False,False,True,False,True
1124463396412,True,False,True,False,True,False,True,False
1402923521488,True,False,True,False,True,False,True,False
1374987079402,True,False,True,False,False,True,False,True
1472476203184,False,True,False,False,False,False,False,False
1011129596606,True,False,False,True,False,True,False,True
1138144223868,True,False,True,False,True,False,True,False
1089236139920,True,False,True,False,False,True,True,False
1168950947088,False,True,False,False,False,False,False,False
1454071659566,True,False,True,False,False,True,False,True
1424231155664,False,True,False,False,False,False,False,False
1726811157610,True,False,True,False,False,True,True,False
1853172525270,True,False,True,False,False,True,True,False
1857618083384,True,False,True,False,False,True,False,True
1749352810070,True,False,True,False,False,True,False,True
1968754140528,True,False,True,False,False,True,True,False
1681090922982,False,True,False,False,False,False,False,False
1595372468070,True,False,True,False,True,False,True,False
1667450340504,True,False,True,False,False,True,False,True
1672216819830,True,False,True,False,False,True,True,False
1976402869064,True,False,True,False,True,False,True,False
1922091149170,False,True,False,False,False,False,False,False
1541044571872,True,False,True,False,False,True,False,True
1717584154478,False,True,False,False,False,False,False,False
1692195910046,False,True,False,False,False,False,False,False
1729029616322,True,False,True,False,True,False,True,False
1769662599700,True,False,False,True,False,True,False,True
1659510905908,True,False,True,False,True,False,False,True
1723333055556,True,False,True,False,False,True,False,True
1846849871806,True,False,True,False,False,True,True,False
1801751171230,True,False,True,False,True,False,True,False
1092675487656,True,False,True,False,False,True,False,True
1037115283890,True,False,True,False,False,True,False,True
1467341552840,True,False,True,False,True,False,True,False
1323830577618,False,True,False,False,False,False,False,False
1046970726104,False,True,False,False,False,False,False,False
1201927945314,True,False,True,False,False,True,True,False
1303521494478,True,False,True,False,True,False,True,False
1239058559720,True,False,True,False,True,False,True,False
1450206461278,True,False,True,False,False,True,False,True
1494666191472,False,True,False,False,False,False,False,False
1352719985020,True,False,True,False,True,False,True,False
1305418450536,True,False,True,False,False,True,False,True
1177160479830,True,False,True,False,True,False,True,False
1204150965032,True,False,True,False,False,True,True,False
1035233324462,True,False,True,False,False,True,True,False
1286073543842,True,False,False,True,False,True,False,True
1342905567114,True,False,True,False,False,True,False,True
1393695790068,True,False,True,False,False,True,False,True
1350847473550,True,False,True,False,False,True,False,True
1514343408852,True,False,True,False,True,False,False,True
1836948616996,True,False,True,False,True,False,True,False
1991888776784,True,False,True,False,False,True,False,True
1545483956286,True,False,True,False,True,False,False,True
1744885080022,True,False,True,False,False,True,False,True
1814733456676,True,False,True,False,False,True,True,False
1907141831374,False,True,False,False,False,False,False,False
1952866677388,True,False,True,False,False,True,False,True
1629280862152,True,False,True,False,True,False,True,False
1713429331534,True,False,True,False,True,False,True,False
1650233931500,True,False,True,False,True,False,True,False
1935376441794,False,True,False,False,False,False,False,False
1897897037188,True,False,True,False,True,False,True,False
1687084445348,False,True,False,False,False,False,False,False
1575643241446,True,False,True,False,True,False,True,False
1633434300726,True,False,True,False,True,False,True,False
1702024340796,True,False,True,False,True,False,True,False
1733134119900,True,False,True,False,False,True,True,False
1827434333366,True,False,True,False,True,False,True,False
1849659397826,False,True,False,False,False,False,False,False
1935718759000,True,False,True,False,True,False,True,False
1969995346210,True,False,True,False,True,False,True,False
1143202369194,True,False,True,False,True,False,True,False
1192105161826,True,False,True,False,True,False,True,False
1173996795292,True,False,True,False,False,True,True,False
1292115998526,True,False,True,False,True,False,True,False
1332121553416,True,False,True,False,False,True,False,True
1496926580138,True,False,False,True,True,False,False,True
1096228712650,True,False,True,False,False,True,True,False
1122899409890,True,False,True,False,False,True,True,False
1420416481142,True,False,True,False,False,True,False,True
1289917374264,True,False,False,True,False,True,False,True
1396610595890,True,False,True,False,False,True,True,False
1505188626900,True,False,True,False,True,False,True,False
1479783600054,True,False,True,False,False,True,False,True
1296901403646,True,False,True,False,False,True,False,True
1509641668256,True,False,True,False,True,False,True,False
1431531572394,True,False,True,False,True,False,True,False
1246070308110,True,False,True,False,True,False,True,False
1254962405434,True,False,False,True,True,False,True,False
1290532912034,True,False,True,False,True,False,True,False
1373728141048,True,False,True,False,False,True,False,True
1384205091672,True,False,True,False,False,True,True,False
1207673899550,True,False,True,False,False,True,True,False
1246415649506,True,False,False,True,False,True,False,True
1499471705578,True,False,True,False,False,True,False,True
1514059227422,True,False,True,False,False,True,False,True
1731880241030,True,False,True,False,False,True,False,True
1943979493608,False,True,False,False,False,False,False,False
1718566602444,True,False,True,False,True,False,True,False
1812547533436,True,False,True,False,True,False,True,False
1869080381896,False,True,False,False,False,False,False,False
1548682290540,True,False,True,False,True,False,True,False
1915083487472,True,False,True,False,False,True,True,False
1857302886314,True,False,False,True,False,True,False,True
1782057702462,True,False,True,False,True,False,True,False
1539166544734,True,False,True,False,False,True,True,False
1650623019458,True,False,True,False,False,True,False,True
1650306961848,True,False,True,False,False,True,True,False
1911307594328,True,False,False,True,True,False,False,True
1930674575996,True,False,True,False,True,False,True,False
1976084068702,True,False,True,False,False,True,True,False
2084211385538,True,False,True,False,False,True,True,False
2125497427486,True,False,False,True,False,True,False,True
2394429458816,True,False,True,False,True,False,True,False
2067083575854,True,False,True,False,False,True,True,False
2209658295758,True,False,True,False,True,False,True,False
2064221108364,True,False,True,False,False,True,False,True
2283005919802,True,False,True,False,True,False,True,False
2497016139364,True,False,True,False,False,True,True,False
1984506705296,True,False,True,False,False,True,False,True
2182651482424,True,False,True,False,False,True,False,True
2071189918296,True,False,True,False,False,True,False,True
2150580174148,False,True,False,False,False,False,False,False
2353783953122,True,False,False,True,True,False,True,False
2361727522278,True,False,True,False,True,False,True,False
2175687059210,False,True,False,False,False,False,False,False
2168693632224,True,False,True,False,True,False,True,False
2430018487896,True,False,True,False,True,False,True,False
2314429818236,False,True,False,False,False,False,False,False
2355709611222,True,False,True,False,False,True,True,False
2602081364498,True,False,True,False,False,True,False,True
2633526932322,False,True,False,False,False,False,False,False
2737992046036,True,False,True,False,True,False,True,False
2684330788522,True,False,False,True,False,True,False,True
2937382081296,False,True,False,False,False,False,False,False
2674490843076,True,False,True,False,True,False,True,False
2699907764348,True,False,True,False,True,False,True,False
2654805007114,True,False,True,False,True,False,True,False
2643696494296,True,False,True,False,False,True,True,False
2665917854616,True,False,True,False,False,True,False,True
2817387821936,True,False,True,False,False,True,True,False
2761502689216,True,False,True,False,True,False,True,False
3001867445736,True,False,True,False,False,True,False,True
2961859094494,True,False,True,False,False,True,False,True
2717973066726,False,True,False,False,False,False,False,False
2741153135900,True,False,True,False,True,False,True,False
2709097425602,True,False,False,True,False,True,False,True
3003749911986,True,False,True,False,True,False,True,False
2982465564576,True,False,True,False,True,False,True,False
2606547915328,True,False,True,False,False,True,True,False
2969469445282,True,False,True,False,False,True,True,False
2972647972170,True,False,True,False,False,True,False,True
2835486564768,True,False,True,False,False,True,False,True
2078207964120,True,False,True,False,False,True,False,True
2055680524900,True,False,False,True,False,True,False,True
2041394393248,True,False,True,False,False,True,True,False
2193792023666,False,True,False,False,False,False,False,False
2250952453100,True,False,True,False,False,True,False,True
2328432953126,True,False,True,False,True,False,True,False
2048081414596,True,False,True,False,False,True,True,False
2249065501606,True,False,True,False,False,True,True,False
2054106130880,True,False,True,False,False,True,False,True
2162695148132,True,False,True,False,False,True,False,True
2123957053096,True,False,True,False,True,False,True,False
2089352589562,True,False,True,False,False,True,True,False
2165559934672,True,False,True,False,False,True,False,True
2491959002930,True,False,False,True,False,True,False,True
2378934558942,True,False,True,False,False,True,False,True
2170924512398,True,False,True,False,False,True,False,True
2352555023728,True,False,True,False,False,True,True,False
2287456796590,True,False,True,False,False,True,True,False
2328109714000,True,False,True,False,False,True,True,False
2137605852632,True,False,True,False,True,False,True,False
2163970420492,True,False,True,False,False,True,False,True
2176678200846,True,False,False,True,True,False,True,False
2023631873532,True,False,True,False,True,False,True,False
2137297430708,False,True,False,False,False,False,False,False
2404642995948,True,False,True,False,False,True,False,True
2659906746506,True,False,True,False,True,False,True,False
2626259001024,False,True,False,False,False,False,False,False
2631657018030,True,False,True,False,False,True,False,True
2702146785814,True,False,True,False,True,False,True,False
2838672245120,True,False,True,False,True,False,True,False
2759942154098,True,False,True,False,False,True,True,False
2632946702562,False,True,False,False,False,False,False,False
2659306532822,True,False,True,False,True,False,True,False
2707564961948,True,False,True,False,False,True,True,False
2733288693700,True,False,False,True,False,True,False,True
2832348810256,True,False,True,False,True,False,True,False
2978089607980,True,False,True,False,False,True,False,True
2557036063750,True,False,True,False,False,True,False,True
2619590099928,True,False,True,False,True,False,True,False
2849474680300,True,False,True,False,True,False,False,True
2640239357522,True,False,True,False,True,False,True,False
2541177401972,False,True,False,False,False,False,False,False
2711696376932,True,False,True,False,True,False,True,False
2821239768710,False,True,False,False,False,False,False,False
2896486793462,True,False,True,False,False,True,True,False
2013415190256,True,False,True,False,False,True,False,True
2338859782544,False,True,False,False,False,False,False,False
2340147578460,False,True,False,False,False,False,False,False
2300469271682,True,False,True,False,False,True,False,True
2283643509276,False,True,False,False,False,False,False,False
2213764111456,False,True,False,False,False,False,False,False
2247424885766,True,False,True,False,True,False,True,False
2056584706736,True,False,True,False,False,True,True,False
2452207444216,True,False,True,False,True,False,False,True
2257900223692,False,True,False,False,False,False,False,False
2184248939466,True,False,True,False,False,True,False,True
2336333433886,True,False,True,False,False,True,True,False
2325234648330,True,False,True,False,True,False,True,False
2414132815538,True,False,True,False,False,True,False,True
2544612112814,True,False,True,False,True,False,True,False
2555097908830,False,True,False,False,False,False,False,False
2789102058750,False,True,False,False,False,False,False,False
2751327511440,True,False,True,False,False,True,False,True
2950407360694,True,False,True,False,True,False,True,False
2878330698780,True,False,True,False,False,True,False,True
2750700233600,True,False,True,False,False,True,True,False
2861834399916,True,False,True,False,True,False,True,False
2765632619776,True,False,True,False,False,True,True,False
2711627231182,True,False,True,False,False,True,False,True
2654166746586,True,False,True,False,True,False,True,False
2875785978456,True,False,True,False,False,True,False,True
2917390851342,False,True,False,False,False,False,False,False
2936122742520,True,False,False,True,True,False,True,False
2838024206444,True,False,True,False,False,True,True,False
2886287977334,True,False,True,False,True,False,True,False
2870093248270,True,False,True,False,False,True,False,True
2824995252790,True,False,True,False,False,True,False,True
2182686790172,True,False,True,False,False,True,False,True
2303647444896,True,False,False,True,False,True,False,True
2437647360822,True,False,True,False,False,True,True,False
2490682928024,True,False,True,False,True,False,True,False
2330341955712,True,False,True,False,True,False,True,False
2315738833770,True,False,True,False,True,False,False,True
2496720824116,False,True,False,False,False,False,False,False
2264927923194,True,False,True,False,False,True,True,False
2057251775950,True,False,True,False,False,True,False,True
2167431064938,True,False,True,False,False,True,True,False
2006142295420,True,False,False,True,False,True,False,True
2225551084786,True,False,True,False,False,True,False,True
2490995813084,True,False,False,True,False,True,False,True
2468459604192,True,False,True,False,False,True,True,False
2472897853980,True,False,True,False,False,True,False,True
2230954871110,True,False,True,False,True,False,True,False
2157620074094,False,True,False,False,False,False,False,False
2011870960850,True,False,True,False,True,False,True,False
2081096116982,False,True,False,False,False,False,False,False
2229370976520,True,False,True,False,True,False,True,False
2366537548742,False,True,False,False,False,False,False,False
2331622621740,True,False,False,True,True,False,False,True
2494498084586,True,False,True,False,False,True,False,True
2685638922912,True,False,True,False,True,False,True,False
2622453350518,False,True,False,False,False,False,False,False
2632612328264,True,False,True,False,False,True,False,True
2925998085550,True,False,True,False,False,True,False,True
2905046452772,True,False,True,False,False,True,True,False
3000931747594,True,False,True,False,False,True,True,False
2521182765280,True,False,True,False,False,True,False,True
2540863109272,True,False,True,False,True,False,False,True
2654858610632,False,True,False,False,False,False,False,False
2925701002994,True,False,True,False,False,True,True,False
2714518930868,False,True,False,False,False,False,False,False
2578310260786,True,False,False,True,True,False,True,False
2560852910450,True,False,True,False,False,True,True,False
2694210630162,True,False,True,False,False,True,True,False
2992032949080,False,True,False,False,False,False,False,False
2760572586928,False,True,False,False,False,False,False,False
2791055414194,True,False,False,True,False,True,False,True
2897111277322,True,False,True,False,False,True,True,False
2498631009884,True,False,True,False,True,False,True,False
2705345500850,True,False,False,True,False,True,True,False
2769789133152,True,False,True,False,False,True,True,False
2879330635900,True,False,True,False,False,True,False,True
2921577402104,True,False,True,False,True,False,True,False
2914907895828,False,True,False,False,False,False,False,False
2994850530752,True,False,True,False,True,False,False,True
3238705915902,False,True,False,False,False,False,False,False
3237757640022,True,False,True,False,False,True,False,True
3357141707006,True,False,True,False,False,True,False,True
3039964907110,True,False,True,False,True,False,True,False
3069185516060,True,False,True,False,True,False,True,False
3279385267764,True,False,True,False,False,True,True,False
3245692012218,True,False,True,False,False,True,False,True
3159971365052,True,False,True,False,True,False,True,False
3309837478284,True,False,True,False,False,True,True,False
3468909631696,True,False,True,False,True,False,True,False
3379079695192,True,False,True,False,True,False,True,False
3371142072922,True,False,False,True,False,True,False,True
3445130281626,True,False,True,False,False,True,False,True
3539415146620,True,False,True,False,True,False,True,False
3663557075078,False,True,False,False,False,False,False,False
3661657575172,True,False,True,False,True,False,True,False
3523218552840,True,False,True,False,True,False,False,True
3844849983226,False,True,False,False,False,False,False,False
3562597256776,True,False,False,True,False,True,False,True
3587049044088,True,False,True,False,True,False,True,False
3791535375698,False,True,False,False,False,False,False,False
3855047162720,True,False,True,False,False,True,True,False
3876003432344,False,True,False,False,False,False,False,False
3916647404670,True,False,True,False,False,True,False,True
3535601103236,True,False,True,False,True,False,True,False
3701975056068,True,False,True,False,False,True,False,True
3744843684522,True,False,True,False,False,True,False,True
3649590859844,True,False,True,False,False,True,True,False
3949631962190,True,False,True,False,False,True,False,True
3831844718030,True,False,True,False,True,False,False,True
3863275745836,False,True,False,False,False,False,False,False
3673423103266,True,False,True,False,False,True,False,True
3687715435616,True,False,True,False,True,False,True,False
3956969194366,True,False,True,False,False,True,False,True
3808998197316,True,False,True,False,False,True,True,False
3120312661728,True,False,True,False,True,False,False,True
3210502654862,True,False,True,False,True,False,True,False
3171757278182,False,True,False,False,False,False,False,False
3332107826428,True,False,False,True,True,False,False,True
3009833467366,True,False,True,False,False,True,True,False
3084133475396,True,False,True,False,True,False,False,True
3050485653720,True,False,True,False,False,True,True,False
3034928485606,True,False,True,False,True,False,True,False
3116849930624,True,False,True,False,False,True,True,False
3311477946228,True,False,True,False,True,False,False,True
3470239660004,True,False,True,False,True,False,True,False
3409925072618,True,False,True,False,False,True,False,True
3474687990124,True,False,True,False,False,True,True,False
3511816991362,False,True,False,False,False,False,False,False
3060965730488,True,False,True,False,True,False,True,False
3242905874696,True,False,True,False,False,True,True,False
3215269111108,True,False,True,False,False,True,False,True
3387998302964,True,False,True,False,True,False,True,False
3451511249196,True,False,True,False,False,True,False,True
3292434888500,True,False,True,False,False,True,False,True
3572776115900,False,True,False,False,False,False,False,False
3700735820658,True,False,True,False,True,False,True,False
3718530044368,False,True,False,False,False,False,False,False
3862992495674,True,False,True,False,True,False,True,False
3864576921556,False,True,False,False,False,False,False,False
3768689082176,True,False,True,False,False,True,False,True
3737255559656,True,False,True,False,True,False,True,False
3512159886028,True,False,True,False,False,True,False,True
3883659293494,True,False,True,False,False,True,False,True
3866180825742,True,False,True,False,False,True,False,True
3756022730116,True,False,True,False,True,False,True,False
3941772837792,True,False,True,False,True,False,True,False
3560393569530,True,False,True,False,False,True,True,False
3861089242076,True,False,True,False,True,False,True,False
3557557284268,True,False,True,False,False,True,False,True
3641079131082,True,False,True,False,False,True,True,False
3184411989182,True,False,True,False,True,False,True,False
2998677027202,True,False,False,True,False,True,False,True
3132027489678,True,False,True,False,False,True,False,True
3034546607324,True,False,True,False,True,False,True,False
3178059977408,True,False,True,False,True,False,True,False
3082813427776,True,False,True,False,False,True,True,False
3246975954532,False,True,False,False,False,False,False,False
3266340617810,True,False,True,False,False,True,False,True
3197124357286,False,True,False,False,False,False,False,False
3313647669612,True,False,True,False,False,True,True,False
3374641901000,True,False,True,False,False,True,False,True
3320964137800,True,False,True,False,True,False,True,False
3377180045710,True,False,True,False,True,False,True,False
3064391900928,True,False,True,False,True,False,True,False
3203157062052,True,False,False,True,True,False,False,True
3331421835584,True,False,False,True,True,False,True,False
3200314350750,True,False,True,False,True,False,True,False
3467655933808,True,False,True,False,False,True,False,True
3259379722614,True,False,True,False,False,True,True,False
3826760569024,True,False,True,False,True,False,True,False
3792143607062,True,False,True,False,True,False,True,False
3789609193106,True,False,True,False,False,True,True,False
3955668045050,True,False,True,False,False,True,False,True
3569917356960,False,True,False,False,False,False,False,False
3814719606266,True,False,True,False,False,True,True,False
3694031389452,True,False,True,False,False,True,False,True
3713729800778,True,False,True,False,False,True,True,False
3607350874666,True,False,True,False,True,False,True,False
3682280781746,True,False,True,False,False,True,True,False
3662294737116,True,False,True,False,False,True,True,False
3707379780310,True,False,True,False,True,False,True,False
3808662761992,True,False,True,False,True,False,True,False
3687389098242,True,False,True,False,False,True,True,False
3750902119780,True,False,True,False,False,True,True,False
3516877960826,True,False,False,True,False,True,True,False
3776610983066,True,False,True,False,False,True,False,True
3872494538838,False,True,False,False,False,False,False,False
3954420646104,True,False,True,False,True,False,True,False
3164143553656,True,False,True,False,False,True,True,False
3282584561532,True,False,False,True,True,False,True,False
3245447347094,True,False,False,True,False,True,False,True
3327677443088,True,False,True,False,False,True,True,False
2999022571160,True,False,True,False,False,True,True,False
3424493878038,False,True,False,False,False,False,False,False
3427364737552,True,False,True,False,True,False,True,False
3488958099896,True,False,True,False,True,False,True,False
3026983659936,True,False,True,False,False,True,False,True
3134619563086,True,False,True,False,True,False,True,False
3223850520542,True,False,True,False,False,True,False,True
3120651808942,True,False,True,False,False,True,True,False
3159386149238,True,False,True,False,True,False,True,False
3265449319334,True,False,True,False,False,True,False,True
3596922784596,True,False,True,False,False,True,True,False
3592787112664,True,False,True,False,False,True,True,False
3749324472744,True,False,True,False,True,False,True,False
3961756086918,True,False,True,False,True,False,True,False
3680751491588,True,False,True,False,False,True,True,False
3627094593474,True,False,False,True,False,True,False,True
3615041584618,True,False,True,False,False,True,False,True
3528988801718,True,False,True,False,False,True,False,True
3995421120900,True,False,False,True,False,True,False,True
3794434160730,False,True,False,False,False,False,False,False
3687403008098,True,False,True,False,False,True,False,True
3639156146380,True,False,True,False,True,False,True,False
3724233640878,False,True,False,False,False,False,False,False
3979535116898,True,False,True,False,True,False,True,False
3973178947272,True,False,True,False,True,False,True,False
3631226639370,True,False,True,False,True,False,True,False
3530577763834,True,False,True,False,False,True,True,False
3715690033442,True,False,False,True,False,True,False,True
3673465115166,True,False,True,False,False,True,True,False
3602961311446,True,False,True,False,True,False,True,False
3750604886492,True,False,False,True,False,True,False,True
3823962438416,True,False,False,True,False,True,False,True
2094445886670,True,False,True,False,True,False,True,False
2159547214042,True,False,True,False,False,True,False,True
2093494638106,True,False,True,False,False,True,True,False
2214472706298,True,False,True,False,True,False,True,False
2265905401418,True,False,True,False,True,False,True,False
2242754463678,True,False,True,False,True,False,True,False
2117627494048,True,False,True,False,True,False,True,False
2005236376532,True,False,True,False,True,False,False,True
2067160159592,True,False,True,False,False,True,True,False
2020802794488,True,False,True,False,False,True,True,False
2453586989422,True,False,True,False,False,True,False,True
2543745204204,True,False,True,False,True,False,True,False
2578992116762,True,False,True,False,True,False,True,False
2571690744562,False,True,False,False,False,False,False,False
2737747908302,False,True,False,False,False,False,False,False
2606291327560,True,False,True,False,True,False,True,False
2929203749468,True,False,True,False,True,False,True,False
2861579674918,True,False,True,False,True,False,True,False
2827611183650,True,False,True,False,False,True,False,True
2890165119288,True,False,True,False,False,True,True,False
2612662794334,True,False,True,False,True,False,True,False
2567572813264,True,False,True,False,False,True,False,True
2746969420882,True,False,True,False,False,True,False,True
2975899046774,True,False,True,False,False,True,True,False
2790470719298,True,False,True,False,False,True,False,True
2609464059556,True,False,True,False,True,False,True,False
2675836626578,True,False,True,False,True,False,True,False
2849509532314,True,False,True,False,False,True,True,False
2832682963478,True,False,True,False,True,False,True,False
2972085608388,True,False,True,False,False,True,False,True
2590428232036,True,False,True,False,False,True,False,True
2822220073574,True,False,True,False,True,False,True,False
2784127274958,True,False,True,False,True,False,True,False
2819689994870,False,True,False,False,False,False,False,False
2128791092714,False,True,False,False,False,False,False,False
2041145670176,True,False,True,False,False,True,True,False
2021459757792,True,False,True,False,False,True,False,True
2164661882760,True,False,True,False,True,False,True,False
2082433324966,True,False,True,False,False,True,True,False
2278013170382,True,False,False,True,False,True,True,False
2359931918858,True,False,True,False,False,True,False,True
2200887788826,True,False,True,False,True,False,True,False
2118321401016,False,True,False,False,False,False,False,False
2056731592634,True,False,True,False,True,False,False,True
2007520277010,True,False,True,False,False,True,True,False
2154843987430,True,False,True,False,False,True,False,True
2120236575646,True,False,True,False,True,False,False,True
2359313889114,False,True,False,False,False,False,False,False
2206888162658,False,True,False,False,False,False,False,False
2112266497570,True,False,True,False,False,True,True,False
2369471833612,True,False,True,False,False,True,False,True
2091966007002,True,False,True,False,True,False,True,False
2155477340004,True,False,True,False,False,True,False,True
2115142649578,True,False,True,False,True,False,True,False
2302166817254,True,False,True,False,False,True,True,False
2312649261004,True,False,True,False,False,True,True,False
2296142152664,True,False,True,False,False,True,True,False
2602838700130,True,False,True,False,False,True,False,True
2593006693620,True,False,True,False,True,False,True,False
2627599389954,True,False,True,False,False,True,True,False
2695230393808,True,False,True,False,False,True,False,True
2818122375756,True,False,True,False,False,True,False,True
2980375851632,True,False,True,False,True,False,False,True
2872117635230,True,False,True,False,True,False,True,False
2646344082794,True,False,True,False,True,False,True,False
2915917327816,True,False,True,False,True,False,True,False
2918136667808,True,False,False,True,False,True,False,True
2698754489252,True,False,True,False,False,True,False,True
2727653547056,True,False,True,False,False,True,False,True
2858455632654,True,False,True,False,False,True,False,True
2882903387410,True,False,True,False,False,True,False,True
2911815750688,True,False,True,False,True,False,True,False
2768611333702,True,False,True,False,False,True,True,False
2087152179362,False,True,False,False,False,False,False,False
2151923587874,True,False,True,False,False,True,True,False
2336081079210,True,False,True,False,False,True,False,True
2487232872264,True,False,True,False,False,True,False,True
2293526066964,True,False,True,False,True,False,True,False
2413554019904,True,False,True,False,False,True,True,False
2498024520380,True,False,True,False,True,False,True,False
2155433241270,True,False,True,False,False,True,False,True
2125914465492,True,False,True,False,False,True,True,False
2108120922760,True,False,True,False,True,False,True,False
2043959833808,True,False,True,False,True,False,True,False
2217960617054,True,False,True,False,False,True,False,True
2215114630384,True,False,True,False,True,False,False,True
2187164529748,True,False,True,False,True,False,False,True
2308148519090,True,False,True,False,True,False,True,False
2464355583564,False,True,False,False,False,False,False,False
2364657428722,True,False,True,False,True,False,True,False
2402447045856,False,True,False,False,False,False,False,False
2255452976012,True,False,True,False,True,False,True,False
2294824497576,False,True,False,False,False,False,False,False
2308157894286,True,False,True,False,False,True,False,True
2576756804110,True,False,True,False,False,True,True,False
2726642700888,False,True,False,False,False,False,False,False
2686956857746,True,False,True,False,False,True,True,False
2634892926932,False,True,False,False,False,False,False,False
2705061445904,True,False,True,False,False,True,False,True
2720628972896,True,False,True,False,False,True,False,True
2928913095432,True,False,True,False,False,True,True,False
2763489283024,True,False,True,False,False,True,False,True
2957808398758,True,False,True,False,True,False,False,True
2525648055528,True,False,True,False,True,False,False,True
2764743942278,True,False,True,False,False,True,True,False
2865078675284,True,False,True,False,False,True,False,True
2624403201670,True,False,True,False,False,True,False,True
2548204121880,True,False,True,False,False,True,False,True
2869847749428,True,False,True,False,False,True,False,True
2013520701696,True,False,False,True,False,True,False,True
2218949791162,False,True,False,False,False,False,False,False
2223406386192,True,False,False,True,False,True,False,True
2299289206126,True,False,True,False,False,True,False,True
2482824561278,True,False,True,False,False,True,False,True
2080532163946,True,False,True,False,True,False,True,False
2064354117062,False,True,False,False,False,False,False,False
2373286662788,True,False,True,False,False,True,True,False
2221176918144,True,False,False,True,False,True,False,True
2241499785914,True,False,True,False,False,True,True,False
2201817850074,True,False,True,False,False,True,True,False
2060517670796,True,False,True,False,True,False,True,False
2078619587138,False,True,False,False,False,False,False,False
2450105991318,True,False,True,False,True,False,True,False
2439634005120,True,False,False,True,False,True,False,True
2466615444346,True,False,False,True,True,False,False,True
2066257978064,True,False,True,False,True,False,True,False
2067514022124,True,False,True,False,True,False,True,False
2304391149746,True,False,True,False,True,False,True,False
2394250292276,True,False,True,False,True,False,True,False
2566327557168,True,False,False,True,True,False,True,False
2715878369974,True,False,True,False,True,False,True,False
2882274599320,True,False,True,False,False,True,True,False
2670796200340,True,False,False,True,True,False,True,False
2566316824976,True,False,True,False,False,True,True,False
2729206449338,True,False,True,False,False,True,False,True
2912413951988,True,False,True,False,False,True,True,False
2843206260062,True,False,True,False,False,True,False,True
2964184302844,True,False,True,False,True,False,False,True
2603809207750,True,False,False,True,False,True,False,True
2700969470678,True,False,True,False,True,False,True,False
2947042833478,True,False,False,True,True,False,True,False
2789565993228,True,False,False,True,False,True,False,True
2954360537052,True,False,True,False,False,True,False,True
3070505441062,True,False,True,False,False,True,True,False
3175612675222,True,False,True,False,False,True,False,True
3235942811448,True,False,True,False,False,True,False,True
3237200342658,True,False,True,False,True,False,True,False
3090196293492,True,False,True,False,True,False,False,True
3160999927646,True,False,True,False,True,False,True,False
3410248590360,True,False,True,False,False,True,True,False
3404212812564,True,False,True,False,True,False,True,False
3261978444066,False,True,False,False,False,False,False,False
3045770053766,True,False,True,False,True,False,True,False
3109896141550,True,False,True,False,True,False,True,False
3165461360222,True,False,True,False,True,False,True,False
3288030984492,True,False,True,False,True,False,True,False
3446461822482,False,True,False,False,False,False,False,False
3444244247654,True,False,True,False,True,False,True,False
3436953258082,True,False,True,False,True,False,True,False
3000330650042,False,True,False,False,False,False,False,False
3178458387658,True,False,False,True,False,True,False,True
3176551024954,True,False,True,False,False,True,False,True
3091469222842,True,False,True,False,True,False,True,False
3479158673282,True,False,True,False,True,False,True,False
3239120481954,True,False,True,False,True,False,False,True
3178175643458,True,False,True,False,False,True,False,True
3337238269688,True,False,True,False,True,False,True,False
3341366281894,False,True,False,False,False,False,False,False
3340730209032,False,True,False,False,False,False,False,False
3345813251130,True,False,True,False,True,False,True,False
3444562525226,True,False,True,False,False,True,False,True
3445834369940,True,False,False,True,False,True,True,False
3456004106978,True,False,True,False,False,True,False,True
3619812067954,False,True,False,False,False,False,False,False
3583296612778,True,False,False,True,False,True,False,True
3715395416140,True,False,True,False,False,True,False,True
3702062449186,True,False,True,False,False,True,True,False
3927804098684,True,False,False,True,True,False,False,True
3871920806274,True,False,False,True,False,True,False,True
3893845134180,True,False,True,False,True,False,True,False
3680167227010,True,False,True,False,False,True,True,False
3513474418386,True,False,True,False,False,True,False,True
3685569351472,True,False,True,False,False,True,False,True
3743041076660,True,False,True,False,False,True,True,False
3545832932850,True,False,True,False,False,True,True,False
3515358950922,False,True,False,False,False,False,False,False
3603950256754,False,True,False,False,False,False,False,False
3567423512560,True,False,True,False,False,True,False,True
3807144610036,True,False,True,False,False,True,True,False
3795722836590,True,False,True,False,False,True,True,False
3850972651886,True,False,True,False,False,True,False,True
3905277493160,True,False,True,False,True,False,False,True
3856365150002,False,True,False,False,False,False,False,False
3563954253094,True,False,True,False,True,False,False,True
3662072418624,True,False,True,False,False,True,False,True
3742710857258,True,False,True,False,True,False,True,False
3948782092766,True,False,False,True,False,True,False,True
3877352162930,True,False,True,False,False,True,False,True
3978310999248,True,False,True,False,False,True,False,True
3981170972642,True,False,True,False,False,True,False,True
3031820518068,True,False,True,False,False,True,False,True
3114369645876,False,True,False,False,False,False,False,False
3407433877260,False,True,False,False,False,False,False,False
3299798856306,True,False,True,False,False,True,True,False
3432527810704,True,False,True,False,False,True,True,False
3189319661600,True,False,True,False,False,True,True,False
3080414811824,True,False,True,False,True,False,True,False
2989601018524,True,False,True,False,True,False,True,False
3096894026246,True,False,True,False,True,False,True,False
3086741046600,False,True,False,False,False,False,False,False
3202009249436,True,False,True,False,True,False,True,False
3147709449110,True,False,True,False,True,False,True,False
3259781937230,True,False,True,False,True,False,True,False
3321700202374,True,False,True,False,True,False,True,False
3388712143214,True,False,True,False,True,False,True,False
3465865572714,True,False,True,False,True,False,True,False
3080402566294,True,False,True,False,False,True,True,False
3076598475388,True,False,True,False,True,False,True,False
3177248988614,True,False,False,True,False,True,True,False
3236320384292,True,False,True,False,False,True,False,True
3186145522358,True,False,True,False,True,False,True,False
3406819753944,True,False,True,False,False,True,False,True
3664317107142,True,False,True,False,False,True,True,False
3724641800252,True,False,True,False,False,True,False,True
3756713991472,True,False,True,False,False,True,False,True
3660817886750,True,False,True,False,True,False,False,True
3950069609806,True,False,True,False,False,True,False,True
3695449616286,True,False,True,False,False,True,True,False
3988200888466,True,False,True,False,True,False,True,False
3815776416110,False,True,False,False,False,False,False,False
3896429998688,True,False,True,False,True,False,True,False
3525232286410,True,False,True,False,True,False,True,False
3553812614750,False,True,False,False,False,False,False,False
3968484410326,True,False,True,False,True,False,False,True
3508104552244,False,True,False,False,False,False,False,False
3757997000220,True,False,True,False,False,True,False,True
3149570796876,True,False,True,False,True,False,True,False
3088597407162,True,False,True,False,True,False,False,True
3385494028654,True,False,True,False,False,True,True,False
3480103599082,True,False,True,False,True,False,True,False
3314368466230,True,False,True,False,True,False,True,False
3260399792124,True,False,True,False,True,False,True,False
3343911055196,False,True,False,False,False,False,False,False
3444877123378,True,False,True,False,True,False,True,False
3470290541672,True,False,True,False,False,True,False,True
3279450287270,True,False,True,False,False,True,False,True
3346443705952,True,False,True,False,False,True,False,True
3234975564878,True,False,True,False,False,True,False,True
3263869960012,True,False,True,False,False,True,True,False
3448358832418,True,False,True,False,False,True,True,False
3328325865514,True,False,True,False,False,True,True,False
3443908538750,True,False,True,False,True,False,True,False
3282934012416,True,False,True,False,False,True,False,True
3148957607026,True,False,True,False,False,True,True,False
3076870260822,True,False,True,False,False,True,True,False
3138472820204,True,False,True,False,False,True,True,False
3038784543220,True,False,True,False,False,True,False,True
3422657176200,True,False,True,False,True,False,False,True
3521381450164,True,False,True,False,False,True,False,True
3724607607320,True,False,True,False,True,False,True,False
3975114079090,True,False,True,False,True,False,True,False
3974178276402,True,False,True,False,True,False,True,False
3575064229364,True,False,True,False,False,True,True,False
3741762079020,True,False,True,False,True,False,False,True
3937985053520,True,False,True,False,True,False,True,False
3928472154812,True,False,True,False,True,False,True,False
3532183255388,True,False,True,False,True,False,True,False
3578535027546,True,False,True,False,True,False,True,False
3617599714910,True,False,True,False,False,True,False,True
3733494036146,True,False,True,False,True,False,False,True
3755073929546,True,False,True,False,True,False,True,False
3779216890072,True,False,True,False,True,False,True,False
3884319790604,False,True,False,False,False,False,False,False
3796995818570,True,False,True,False,True,False,True,False
3772230291900,True,False,False,True,True,False,True,False
3618577096146,False,True,False,False,False,False,False,False
3572216934014,True,False,False,True,True,False,True,False
3834155107482,True,False,True,False,False,True,True,False
5829520888,True,False,True,False,False,True,False,True
3091504251342,True,False,True,False,True,False,True,False
3108965609384,True,False,True,False,False,True,True,False
3008632943424,True,False,False,True,False,True,True,False
3195341810150,True,False,True,False,False,True,True,False
3297889353198,True,False,True,False,True,False,True,False
3509994175070,True,False,False,True,True,False,False,True
3056592121724,True,False,True,False,False,True,True,False
3124222319872,False,True,False,False,False,False,False,False
3226443575364,False,True,False,False,False,False,False,False
3222955743954,True,False,True,False,False,True,False,True
3005132287186,True,False,True,False,True,False,True,False
3121360584134,True,False,True,False,True,False,True,False
3222013289668,True,False,True,False,False,True,True,False
3047378372498,True,False,True,False,False,True,True,False
3098190644428,False,True,False,False,False,False,False,False
3244893351626,True,False,True,False,False,True,True,False
3015956165772,True,False,True,False,True,False,True,False
3311557305746,False,True,False,False,False,False,False,False
3356975996916,True,False,True,False,False,True,True,False
3557933319830,False,True,False,False,False,False,False,False
3494432344654,True,False,True,False,False,True,True,False
3736379333322,True,False,True,False,True,False,True,False
3796083475264,True,False,True,False,False,True,False,True
3853243576934,True,False,True,False,False,True,False,True
3762762926428,True,False,True,False,False,True,False,True
3809759238496,True,False,True,False,True,False,False,True
3506498382140,True,False,False,True,True,False,False,True
3522065657126,True,False,False,True,True,False,True,False
3593185248660,True,False,True,False,False,True,False,True
3842127808074,True,False,True,False,False,True,True,False
3819886666964,True,False,False,True,True,False,True,False
3539859452970,True,False,True,False,True,False,True,False
3503337547120,True,False,True,False,True,False,True,False
2086108044606,False,True,False,False,False,False,False,False
2096918038430,True,False,True,False,False,True,False,True
2352508510086,True,False,True,False,False,True,True,False
2224582120008,True,False,True,False,False,True,False,True
2112815433758,True,False,True,False,True,False,True,False
2003581447762,True,False,True,False,True,False,True,False
2282355363704,True,False,True,False,True,False,True,False
2463029586556,True,False,True,False,True,False,True,False
2017847042324,True,False,True,False,True,False,True,False
2146440374370,True,False,True,False,False,True,False,True
2010238028334,True,False,False,True,False,True,False,True
2218206421144,True,False,True,False,True,False,True,False
2064836273344,True,False,True,False,True,False,False,True
2133740204678,True,False,True,False,False,True,False,True
2157235022192,True,False,True,False,False,True,False,True
2489375683522,True,False,True,False,False,True,True,False
2013098026276,True,False,True,False,False,True,True,False
2024861285756,True,False,False,True,True,False,True,False
2163926302180,False,True,False,False,False,False,False,False
2223300878916,True,False,True,False,False,True,False,True
2182020608108,True,False,True,False,True,False,True,False
2513495585204,True,False,True,False,False,True,False,True
2777995741910,True,False,True,False,True,False,True,False
2964695511142,True,False,True,False,True,False,True,False
2913265108512,True,False,True,False,True,False,True,False
2854508133550,True,False,True,False,False,True,False,True
2756407784812,True,False,True,False,True,False,True,False
2492565245142,True,False,True,False,False,True,True,False
2561776239920,True,False,True,False,False,True,False,True
2957407999804,True,False,True,False,False,True,True,False
2951061631178,True,False,True,False,False,True,True,False
2643993055266,True,False,True,False,False,True,True,False
2695755265908,True,False,True,False,False,True,True,False
2683062454440,True,False,True,False,False,True,True,False
2578913804028,True,False,False,True,False,True,False,True
2747194741604,True,False,True,False,False,True,False,True
2809107184368,True,False,True,False,True,False,False,True
2957705915334,True,False,True,False,False,True,True,False
2611312636320,True,False,True,False,False,True,False,True
2816107039052,False,True,False,False,False,False,False,False
2871992600332,True,False,False,True,False,True,True,False
2901215831834,True,False,True,False,True,False,True,False
2195690874766,True,False,True,False,False,True,False,True
2374783923330,True,False,True,False,False,True,True,False
2231598455546,True,False,True,False,False,True,False,True
2430047674182,True,False,True,False,True,False,True,False
2297019192654,True,False,True,False,True,False,True,False
2414810368066,False,True,False,False,False,False,False,False
2403381538220,True,False,True,False,True,False,True,False
2407819964658,True,False,True,False,True,False,True,False
2281777578520,True,False,False,True,True,False,False,True
2103309011826,False,True,False,False,False,False,False,False
2069970344446,True,False,True,False,False,True,False,True
2132517273782,True,False,True,False,False,True,False,True
2075992288196,False,True,False,False,False,False,False,False
2058857498006,True,False,True,False,False,True,False,True
2186179666564,True,False,True,False,True,False,True,False
2271594359674,True,False,True,False,False,True,False,True
2378901958618,True,False,False,True,True,False,False,True
2436058708540,True,False,True,False,True,False,True,False
2273180045864,False,True,False,False,False,False,False,False
2179532585696,False,True,False,False,False,False,False,False
2255724861812,True,False,True,False,False,True,True,False
2299235634848,True,False,True,False,False,True,True,False
2346545712598,False,True,False,False,False,False,False,False
2347182315212,True,False,True,False,True,False,True,False
2502763209158,True,False,True,False,False,True,False,True
2611330955496,True,False,True,False,False,True,True,False
2656746269898,True,False,True,False,True,False,True,False
2802472275368,False,True,False,False,False,False,False,False
2954572595292,True,False,False,True,False,True,False,True
2780574054486,True,False,True,False,False,True,False,True
2538953455532,True,False,False,True,True,False,False,True
2552294487320,True,False,True,False,False,True,True,False
2689776917442,True,False,False,True,True,False,True,False
2511341539042,True,False,True,False,True,False,True,False
2618340210030,True,False,False,True,False,True,True,False
2598979982990,True,False,True,False,True,False,False,True
2637996059842,True,False,True,False,True,False,True,False
2736111050240,True,False,True,False,True,False,True,False
2591014037346,True,False,True,False,False,True,False,True
2530690176360,True,False,True,False,False,True,True,False
2824063585864,True,False,True,False,True,False,True,False
2978712560010,False,True,False,False,False,False,False,False
2596740989270,True,False,True,False,True,False,True,False
2786300454890,True,False,False,True,True,False,True,False
2917118846264,True,False,True,False,False,True,True,False
2212484712968,True,False,True,False,False,True,False,True
2142956275292,True,False,True,False,True,False,True,False
2362675074626,False,True,False,False,False,False,False,False
2285519050558,True,False,True,False,True,False,False,True
2484279842144,True,False,True,False,True,False,True,False
2317592804488,True,False,True,False,False,True,True,False
2467161481828,True,False,True,False,False,True,True,False
2392220764806,True,False,True,False,False,True,True,False
2336977501006,True,False,False,True,True,False,True,False
2122638044970,True,False,True,False,True,False,True,False
2418553505814,True,False,True,False,True,False,True,False
2438245541966,True,False,False,True,True,False,True,False
2376019081390,False,True,False,False,False,False,False,False
2103278119854,True,False,True,False,False,True,True,False
2042629860376,True,False,True,False,True,False,False,True
2152499466354,False,True,False,False,False,False,False,False
2369362752616,True,False,True,False,False,True,True,False
2489703638706,True,False,True,False,False,True,False,True
2287133590952,True,False,True,False,True,False,True,False
2670668265718,True,False,True,False,False,True,False,True
2790692966702,True,False,True,False,True,False,True,False
2920250300144,True,False,True,False,True,False,True,False
2940568657040,True,False,True,False,True,False,True,False
2682112946498,True,False,True,False,True,False,True,False
2579571374190,True,False,False,True,False,True,True,False
2765946541550,True,False,True,False,False,True,True,False
2902166930530,True,False,False,True,False,True,False,True
2996784412642,True,False,True,False,False,True,True,False
2808809449440,True,False,True,False,False,True,False,True
2744647427870,False,True,False,False,False,False,False,False
2734178239396,False,True,False,False,False,False,False,False
2564958449374,True,False,True,False,False,True,True,False
2578934924882,True,False,True,False,False,True,True,False
2778957000224,True,False,True,False,True,False,False,True
2202048939644,True,False,True,False,False,True,False,True
2315410029672,True,False,True,False,False,True,False,True
2149041116924,False,True,False,False,False,False,False,False
2160476196252,True,False,True,False,False,True,True,False
2210647834158,True,False,True,False,True,False,True,False
2045854702322,True,False,True,False,False,True,True,False
2400832284154,True,False,True,False,True,False,True,False
2449735278482,True,False,True,False,True,False,True,False
2308441221410,True,False,True,False,True,False,True,False
2324324025682,False,True,False,False,False,False,False,False
2343375831100,True,False,True,False,True,False,True,False
2008679612876,True,False,True,False,False,True,False,True
2134420052986,False,True,False,False,False,False,False,False
2126477215722,True,False,True,False,True,False,True,False
2190622883380,True,False,True,False,False,True,False,True
2241758622298,True,False,True,False,True,False,True,False
2294781311506,True,False,False,True,False,True,False,True
2264621976642,True,False,True,False,True,False,True,False
2264618071378,True,False,True,False,True,False,True,False
2429729479222,True,False,True,False,False,True,False,True
2370038138604,True,False,True,False,True,False,True,False
2691987061200,True,False,True,False,False,True,False,True
2661819083118,True,False,True,False,False,True,True,False
2671984083006,True,False,True,False,False,True,False,True
2684363835836,True,False,True,False,True,False,True,False
2933298406670,True,False,True,False,False,True,False,True
2715821447952,True,False,False,True,False,True,True,False
2698664810090,True,False,True,False,False,True,False,True
2692002308628,True,False,True,False,True,False,True,False
2636439937366,True,False,True,False,True,False,True,False
2705984427502,True,False,True,False,False,True,True,False
2812983979454,True,False,True,False,True,False,True,False
2879659500572,False,True,False,False,False,False,False,False
2766303575538,True,False,True,False,True,False,False,True
2716754731678,True,False,True,False,False,True,False,True
2815175700930,True,False,True,False,False,True,True,False
2923138094766,True,False,True,False,True,False,True,False
2751988440002,False,True,False,False,False,False,False,False
2781838646736,True,False,True,False,False,True,False,True
2594205771150,True,False,True,False,False,True,False,True
2811705080972,True,False,True,False,False,True,False,True
2957773881844,True,False,True,False,False,True,False,True
2782179098122,True,False,True,False,True,False,True,False
3108857932002,True,False,True,False,False,True,True,False
3144098620352,False,True,False,False,False,False,False,False
3240619359040,True,False,True,False,False,True,True,False
3301263082220,True,False,True,False,False,True,False,True
3346990044368,True,False,True,False,False,True,True,False
3399065694188,True,False,True,False,False,True,True,False
3004077138392,True,False,True,False,False,True,False,True
3035199012390,True,False,True,False,False,True,False,True
3068224721858,True,False,True,False,False,True,True,False
3082830364692,False,True,False,False,False,False,False,False
3467345345300,True,False,True,False,True,False,True,False
3288584710604,True,False,True,False,True,False,True,False
3408922547894,True,False,True,False,False,True,False,True
3308908712376,False,True,False,False,False,False,False,False
3057735399696,True,False,True,False,True,False,True,False
3270786757990,True,False,True,False,True,False,True,False
3384129655858,True,False,True,False,True,False,True,False
3352070518188,False,True,False,False,False,False,False,False
3386362350290,False,True,False,False,False,False,False,False
3319372887614,True,False,True,False,True,False,False,True
3407978783570,True,False,True,False,False,True,False,True
3517814570236,True,False,False,True,False,True,False,True
3618780462524,True,False,True,False,False,True,False,True
3554988124020,True,False,True,False,True,False,True,False
3626109529662,True,False,True,False,False,True,True,False
3790588643740,True,False,True,False,False,True,False,True
3920134888576,True,False,True,False,False,True,False,True
3873455845774,False,True,False,False,False,False,False,False
3933457498966,True,False,False,True,True,False,True,False
3756299961598,True,False,True,False,True,False,True,False
3933474660382,True,False,True,False,True,False,True,False
3653087365280,True,False,True,False,True,False,True,False
3642926548918,True,False,True,False,True,False,True,False
3661661312970,False,True,False,False,False,False,False,False
3989321464688,True,False,True,False,True,False,True,False
3939158117694,True,False,True,False,True,False,True,False
3813435469426,False,True,False,False,False,False,False,False
3549902538576,True,False,True,False,False,True,True,False
3841386376924,False,True,False,False,False,False,False,False
3946797623868,True,False,True,False,True,False,True,False
3962989430694,True,False,True,False,True,False,True,False
3050775889126,False,True,False,False,False,False,False,False
3293693481958,False,True,False,False,False,False,False,False
3193358068482,True,False,True,False,False,True,False,True
3183516360130,True,False,True,False,False,True,False,True
3238450722294,True,False,True,False,False,True,True,False
3201948345764,True,False,True,False,True,False,True,False
3477233951316,True,False,True,False,False,True,True,False
3268929669080,True,False,True,False,True,False,True,False
3368633494200,True,False,True,False,False,True,False,True
3054584619082,True,False,True,False,True,False,True,False
3156837600730,True,False,False,True,False,True,True,False
3198456256958,True,False,True,False,False,True,True,False
3051430158414,True,False,True,False,True,False,True,False
3341653518058,True,False,True,False,False,True,False,True
3377532975390,True,False,True,False,False,True,False,True
3245127715506,True,False,True,False,False,True,True,False
3321010988828,False,True,False,False,False,False,False,False
3670894514756,True,False,True,False,True,False,True,False
3652486695990,True,False,True,False,False,True,False,True
3889350593334,True,False,True,False,False,True,False,True
3935382929666,True,False,True,False,True,False,True,False
3860784504048,True,False,True,False,False,True,True,False
3564230980258,True,False,True,False,True,False,True,False
3891585052022,True,False,True,False,True,False,False,True
3957322351762,True,False,True,False,True,False,True,False
3596603858454,True,False,True,False,False,True,False,True
3783302569978,True,False,True,False,True,False,True,False
3709967570304,False,True,False,False,False,False,False,False
3762353860174,True,False,True,False,True,False,True,False
3018668571382,True,False,True,False,True,False,True,False
3430486845660,False,True,False,False,False,False,False,False
3344773304448,True,False,True,False,False,True,False,True
3265383199770,False,True,False,False,False,False,False,False
3310477239442,True,False,True,False,False,True,True,False
3207299366568,True,False,False,True,False,True,True,False
3247626146502,True,False,False,True,False,True,False,True
3280008674456,False,True,False,False,False,False,False,False
3268901775538,True,False,True,False,False,True,False,True
3266657640512,True,False,True,False,False,True,True,False
3491767452184,True,False,True,False,False,True,False,True
3016461632762,True,False,True,False,False,True,True,False
3110130789354,False,True,False,False,False,False,False,False
3154275166342,True,False,True,False,False,True,False,True
3221909674044,True,False,True,False,True,False,True,False
3358762733422,True,False,True,False,False,True,True,False
3359700148916,True,False,True,False,True,False,True,False
3706098465776,True,False,True,False,True,False,True,False
3966777243918,True,False,True,False,True,False,True,False
3973139161294,True,False,True,False,False,True,True,False
3592451554982,True,False,True,False,True,False,True,False
3565149497410,True,False,True,False,False,True,True,False
3610545861312,True,False,False,True,False,True,False,True
3788366031416,True,False,True,False,False,True,True,False
3738802522186,True,False,True,False,True,False,True,False
3852473346752,True,False,True,False,True,False,True,False
3913442453590,True,False,True,False,True,False,True,False
3913439303642,True,False,True,False,True,False,False,True
3843596269682,True,False,True,False,False,True,True,False
3910904889552,False,True,False,False,False,False,False,False
3951865726250,True,False,True,False,False,True,False,True
3924561072554,True,False,True,False,True,False,True,False
3581659783118,False,True,False,False,False,False,False,False
3816945202248,True,False,True,False,False,True,False,True
3165404693956,True,False,False,True,True,False,True,False
3198421608402,True,False,True,False,True,False,True,False
3401317165344,True,False,True,False,True,False,True,False
3487682706226,True,False,True,False,True,False,False,True
3416558731114,True,False,False,True,False,True,False,True
3453723489754,True,False,True,False,True,False,True,False
3093339674680,True,False,False,True,True,False,True,False
3107965074466,True,False,True,False,True,False,True,False
3249896161458,True,False,True,False,True,False,True,False
3486746854106,True,False,True,False,False,True,False,True
3278149141276,True,False,True,False,False,True,True,False
3083166738916,True,False,False,True,False,True,False,True
3136186807774,True,False,True,False,True,False,False,True
3183813522386,True,False,True,False,True,False,True,False
3259703448800,True,False,True,False,False,True,True,False
3345131524404,True,False,False,True,True,False,False,True
3451492281990,True,False,True,False,True,False,True,False
3333684475178,True,False,True,False,True,False,True,False
3242892805598,True,False,True,False,True,False,True,False
3065734286070,True,False,True,False,False,True,False,True
3020945923302,True,False,True,False,False,True,False,True
3051434924136,True,False,True,False,True,False,True,False
3107628455352,True,False,True,False,False,True,True,False
3247974160002,False,True,False,False,False,False,False,False
3302277991768,True,False,True,False,False,True,True,False
3424198944586,True,False,True,False,False,True,True,False
3420711944988,True,False,True,False,False,True,True,False
3528019314128,False,True,False,False,False,False,False,False
3782019992326,True,False,True,False,True,False,True,False
3785215276438,True,False,True,False,True,False,True,False
3625823587292,True,False,True,False,False,True,False,True
3522952852982,True,False,True,False,False,True,False,True
3726162704432,False,True,False,False,False,False,False,False
3525821041490,True,False,False,True,False,True,False,True
3681721043500,True,False,True,False,False,True,True,False
3754419314280,True,False,True,False,True,False,True,False
3989715343098,True,False,False,True,True,False,True,False
3566759097988,True,False,True,False,True,False,True,False
3628040358004,True,False,True,False,True,False,False,True
3918239526244,True,False,False,True,False,True,False,True
3582004165858,False,True,False,False,False,False,False,False
3534067542324,True,False,True,False,False,True,False,True
3876044040478,True,False,True,False,True,False,True,False
3963988059566,True,False,True,False,False,True,True,False
2036340640142,False,True,False,False,False,False,False,False
2003330984064,False,True,False,False,False,False,False,False
2171932138288,True,False,True,False,False,True,False,True
2201131731654,True,False,True,False,True,False,True,False
2438637623254,True,False,False,True,True,False,True,False
2484991285046,True,False,True,False,False,True,True,False
2486588510896,True,False,True,False,True,False,True,False
2070665963874,False,True,False,False,False,False,False,False
2104944188316,True,False,True,False,False,True,True,False
2031595809050,True,False,True,False,False,True,False,True
2304662302180,False,True,False,False,False,False,False,False
2437075123594,True,False,True,False,True,False,True,False
2411364243858,True,False,True,False,False,True,True,False
2208446738038,True,False,True,False,False,True,False,True
2306228433884,True,False,True,False,False,True,True,False
2406884844574,True,False,False,True,True,False,True,False
2464988182488,True,False,False,True,True,False,False,True
2221480657932,True,False,True,False,True,False,True,False
2464705613912,True,False,True,False,False,True,False,True
2472643210864,True,False,False,True,False,True,True,False
2485020443018,True,False,True,False,False,True,True,False
2601211190292,True,False,False,True,False,True,True,False
2520555239250,True,False,True,False,False,True,False,True
2645039887422,False,True,False,False,False,False,False,False
2878093266782,True,False,True,False,False,True,False,True
2911746833466,True,False,True,False,True,False,True,False
2846332926104,True,False,True,False,False,True,True,False
2839982350024,True,False,True,False,False,True,False,True
2883170286434,True,False,True,False,False,True,True,False
2717752874504,True,False,True,False,False,True,True,False
2612667412900,False,True,False,False,False,False,False,False
2856509341794,True,False,False,True,False,True,False,True
2910804934146,True,False,True,False,True,False,False,True
2615501482202,True,False,True,False,True,False,True,False
2802828554128,True,False,True,False,True,False,False,True
2890150661740,True,False,False,True,False,True,True,False
2925395155228,True,False,True,False,False,True,False,True
2954617226610,True,False,True,False,False,True,True,False
2852043852490,True,False,True,False,True,False,True,False
2539002370448,True,False,True,False,False,True,False,True
2625038926212,True,False,True,False,False,True,True,False
2837149669308,True,False,False,True,False,True,False,True
2920347469096,True,False,True,False,True,False,True,False
2961301577040,True,False,False,True,False,True,False,True
2950830876044,True,False,True,False,True,False,True,False
2934304868330,True,False,True,False,True,False,True,False
2096401110760,False,True,False,False,False,False,False,False
2068764624408,True,False,True,False,False,True,True,False
2030993805620,True,False,True,False,True,False,True,False
2185623601352,True,False,True,False,True,False,False,True
2309768628898,True,False,False,True,False,True,False,True
2458361387420,True,False,True,False,True,False,True,False
2438363902026,False,True,False,False,False,False,False,False
2180236218792,True,False,True,False,False,True,True,False
2265013756416,True,False,True,False,True,False,True,False
2477753164512,False,True,False,False,False,False,False,False
2346949137200,False,True,False,False,False,False,False,False
2385369007194,False,True,False,False,False,False,False,False
2107198354638,True,False,True,False,True,False,False,True
2028453244090,True,False,True,False,True,False,False,True
2210072920244,False,True,False,False,False,False,False,False
2314541258060,True,False,True,False,True,False,True,False
2264686208554,True,False,True,False,True,False,False,True
2460903589500,True,False,True,False,False,True,False,True
2051320932932,True,False,True,False,True,False,True,False
2064022086038,True,False,False,True,False,True,True,False
2287559996708,True,False,True,False,True,False,False,True
2715566800028,True,False,True,False,True,False,True,False
2912740242516,True,False,True,False,False,True,False,True
2757470191676,True,False,False,True,False,True,False,True
2789558635952,True,False,True,False,False,True,False,True
2947999049698,True,False,True,False,True,False,True,False
2834657362304,True,False,True,False,True,False,True,False
2963888783180,True,False,True,False,False,True,False,True
2812110998490,True,False,True,False,True,False,True,False
2599988009666,True,False,True,False,True,False,True,False
2623806394048,True,False,True,False,True,False,True,False
2905753544016,True,False,True,False,True,False,True,False
2987033070034,True,False,True,False,False,True,True,False
2849872972508,True,False,True,False,False,True,False,True
2587935806166,True,False,True,False,False,True,False,True
2691764115164,True,False,True,False,False,True,True,False
2698750866434,True,False,True,False,True,False,True,False
2674930894524,False,True,False,False,False,False,False,False
2852117586740,True,False,True,False,True,False,False,True
2779393160046,False,True,False,False,False,False,False,False
2789246233514,False,True,False,False,False,False,False,False
2863544553318,True,False,True,False,True,False,True,False
2221148043818,True,False,True,False,False,True,False,True
2457698453120,True,False,True,False,False,True,False,True
2213545808420,False,True,False,False,False,False,False,False
2249730413644,False,True,False,False,False,False,False,False
2130349849164,True,False,True,False,False,True,True,False
2192900432474,True,False,False,True,False,True,False,True
2226251271586,True,False,True,False,True,False,False,True
2314830605984,True,False,True,False,False,True,True,False
2471994639780,True,False,True,False,False,True,False,True
2331977770012,True,False,True,False,False,True,False,True
2282116799062,True,False,True,False,False,True,False,True
2294517743898,True,False,True,False,False,True,False,True
2307192764808,True,False,True,False,False,True,False,True
2032558906152,True,False,True,False,False,True,True,False
2051281020336,True,False,True,False,True,False,True,False
2235445291494,True,False,False,True,False,True,False,True
2341183810196,False,True,False,False,False,False,False,False
2405320254396,True,False,True,False,False,True,True,False
2270696512514,True,False,False,True,False,True,True,False
2305933194288,True,False,True,False,False,True,False,True
2316091894102,True,False,True,False,True,False,True,False
2423729107730,False,True,False,False,False,False,False,False
2360241311470,True,False,True,False,False,True,True,False
2527859235108,True,False,True,False,False,True,False,True
2575168580946,True,False,True,False,False,True,False,True
2589157202188,True,False,True,False,True,False,True,False
2925715978878,True,False,True,False,False,True,False,True
2720622023018,True,False,True,False,True,False,True,False
2507891284732,True,False,True,False,True,False,False,True
2935575049718,True,False,True,False,True,False,True,False
2739995077280,True,False,True,False,False,True,False,True
2774605992750,True,False,True,False,False,True,False,True
2804139359792,True,False,False,True,False,True,True,False
2528181317030,True,False,True,False,False,True,False,True
2689162647344,False,True,False,False,False,False,False,False
2668840209086,False,True,False,False,False,False,False,False
2734254595630,True,False,True,False,True,False,False,True
2695851659032,True,False,True,False,False,True,True,False
2741582754262,True,False,True,False,True,False,True,False
2541546188306,True,False,True,False,False,True,True,False
2549164980334,True,False,True,False,False,True,False,True
2950816993694,True,False,True,False,False,True,True,False
2823506341654,True,False,True,False,False,True,False,True
2165940261694,True,False,True,False,True,False,False,True
2224993060102,False,True,False,False,False,False,False,False
2321203837388,True,False,False,True,False,True,False,True
2480912618540,True,False,False,True,False,True,True,False
2293893716016,True,False,True,False,False,True,True,False
2238658566090,True,False,True,False,False,True,False,True
2347571984350,True,False,True,False,True,False,False,True
2367262911650,True,False,True,False,False,True,True,False
2363124794888,True,False,True,False,False,True,False,True
2842877227500,True,False,True,False,False,True,True,False
2955287322132,True,False,True,False,False,True,True,False
2575545598378,True,False,True,False,True,False,True,False
2692085493284,True,False,True,False,True,False,True,False
2691429992328,True,False,True,False,True,False,True,False
2731445703024,True,False,True,False,False,True,False,True
2840020783910,True,False,True,False,False,True,True,False
2993708804958,True,False,True,False,False,True,False,True
2657479947120,True,False,True,False,False,True,False,True
2574602389308,True,False,True,False,True,False,True,False
2563810312710,True,False,False,True,False,True,False,True
2861320504928,True,False,True,False,True,False,True,False
2993673873796,True,False,True,False,True,False,True,False
3381352362256,True,False,True,False,True,False,True,False
3458831475726,True,False,True,False,False,True,False,True
3364540711340,True,False,True,False,False,True,True,False
3302305531674,True,False,True,False,False,True,True,False
3090223036942,True,False,True,False,False,True,False,True
3197539908654,True,False,True,False,False,True,True,False
3344224949682,True,False,True,False,False,True,True,False
3369958762050,True,False,True,False,True,False,True,False
3447748717514,False,True,False,False,False,False,False,False
3150840856718,True,False,True,False,False,True,True,False
3151160393326,True,False,True,False,False,True,True,False
3397864813868,False,True,False,False,False,False,False,False
3114981382464,True,False,False,True,False,True,False,True
3148950807028,False,True,False,False,False,False,False,False
3074663323674,True,False,True,False,False,True,False,True
3232152109588,True,False,True,False,False,True,True,False
3166426074812,True,False,True,False,False,True,False,True
3253417456320,True,False,False,True,False,True,True,False
3282002320616,True,False,True,False,False,True,False,True
3435995034674,True,False,True,False,True,False,False,True
3499497346760,True,False,True,False,True,False,True,False
3317548383262,True,False,True,False,True,False,True,False
3287396431916,True,False,True,False,False,True,True,False
3696020855676,True,False,False,True,False,True,False,True
3524569732186,False,True,False,False,False,False,False,False
3507733839312,True,False,True,False,True,False,True,False
3539479010390,True,False,True,False,True,False,True,False
3553134537788,True,False,True,False,True,False,False,True
3572502552086,False,True,False,False,False,False,False,False
3572824784510,True,False,True,False,False,True,False,True
3988146917356,False,True,False,False,False,False,False,False
3503627372794,True,False,True,False,True,False,True,False
3746847970394,False,True,False,False,False,False,False,False
3849080590526,True,False,True,False,True,False,True,False
3897664578106,True,False,True,False,False,True,False,True
3776692356274,True,False,True,False,False,True,False,True
3575688740260,True,False,True,False,False,True,False,True
3676651608422,True,False,True,False,True,False,False,True
3628079616780,False,True,False,False,False,False,False,False
3984642353462,True,False,True,False,False,True,True,False
3935119767122,False,True,False,False,False,False,False,False
3867475181362,True,False,True,False,True,False,True,False
3980832240326,True,False,True,False,False,True,False,True
3945910458558,True,False,True,False,False,True,False,True
3528713470340,True,False,True,False,False,True,False,True
3911318014600,True,False,True,False,True,False,True,False
3805913597450,True,False,True,False,True,False,True,False
3803056245386,True,False,True,False,False,True,False,True
3005458426424,True,False,True,False,True,False,True,False
3236294080588,True,False,True,False,True,False,True,False
3220093026318,True,False,True,False,False,True,True,False
3217885556732,False,True,False,False,False,False,False,False
3356319991602,False,True,False,False,False,False,False,False
3420780609692,True,False,True,False,True,False,True,False
3407440183552,True,False,True,False,True,False,False,True
3003249621298,True,False,True,False,False,True,True,False
3199168356658,True,False,True,False,True,False,True,False
3239777554496,True,False,True,False,True,False,True,False
3450938307916,True,False,True,False,False,True,True,False
3397914937410,True,False,True,False,True,False,False,True
3034053295948,False,True,False,False,False,False,False,False
3020398852756,True,False,False,True,False,True,False,True
3115976732564,True,False,True,False,False,True,False,True
3172487556336,True,False,True,False,True,False,True,False
3106137166330,True,False,True,False,False,True,True,False
3264880281494,True,False,True,False,True,False,True,False
3635419693682,True,False,True,False,True,False,True,False
3548731215548,True,False,True,False,True,False,True,False
3606526432726,True,False,True,False,False,True,True,False
3845605560368,True,False,True,False,True,False,True,False
3858949213876,True,False,False,True,False,True,False,True
3565586612830,True,False,False,True,False,True,False,True
3594796638646,True,False,True,False,False,True,True,False
3595111211184,True,False,True,False,False,True,True,False
3952960232320,True,False,True,False,True,False,True,False
3878341470060,False,True,False,False,False,False,False,False
3898031489936,True,False,True,False,False,True,True,False
3612236199776,True,False,False,True,False,True,False,True
3626212623572,True,False,True,False,True,False,True,False
3662722207892,True,False,True,False,False,True,True,False
3576685602628,False,True,False,False,False,False,False,False
3755765496072,True,False,True,False,True,False,True,False
3679887666382,True,False,False,True,False,True,False,True
3749429839002,False,True,False,False,False,False,False,False
3967882640580,True,False,True,False,False,True,False,True
3999624686978,True,False,False,True,False,True,False,True
3903098582152,True,False,True,False,True,False,True,False
3949135781774,True,False,True,False,False,True,True,False
3978043986294,True,False,True,False,True,False,True,False
3182267627620,True,False,True,False,True,False,True,False
3307062235272,True,False,True,False,True,False,True,False
3361995135652,True,False,True,False,False,True,False,True
3340391251982,False,True,False,False,False,False,False,False
3271496165810,True,False,True,False,False,True,True,False
3162614349722,True,False,True,False,True,False,True,False
3417576029922,True,False,True,False,True,False,True,False
3229259354802,True,False,True,False,False,True,True,False
3415016642602,True,False,False,True,False,True,True,False
3100369316600,True,False,True,False,True,False,True,False
3103867203364,True,False,False,True,False,True,False,True
3160704543298,False,True,False,False,False,False,False,False
3143230208464,True,False,True,False,True,False,True,False
3209593123338,True,False,True,False,False,True,True,False
3069255885956,True,False,True,False,False,True,False,True
3150860088014,True,False,True,False,False,True,False,True
3485207665206,True,False,True,False,False,True,False,True
3392801080144,True,False,True,False,False,True,False,True
3302635757188,True,False,True,False,True,False,False,True
3696346392230,True,False,True,False,False,True,False,True
3897652459148,True,False,True,False,True,False,False,True
1033790056,True,False,True,False,True,False,True,False
3549352600622,False,True,False,False,False,False,False,False
3764625364770,True,False,True,False,False,True,True,False
3540753152226,True,False,True,False,True,False,True,False
3603302047176,True,False,True,False,False,True,True,False
3651258378602,False,True,False,False,False,False,False,False
3749995202884,False,True,False,False,False,False,False,False
3892241643290,False,True,False,False,False,False,False,False
3850025418808,True,False,True,False,True,False,True,False
3700174677108,True,False,False,True,False,True,False,True
3904341801454,True,False,True,False,True,False,True,False
3062921309108,True,False,True,False,True,False,True,False
3013067393546,True,False,True,False,True,False,False,True
3130548835878,False,True,False,False,False,False,False,False
3021654823130,True,False,True,False,True,False,True,False
3178509073284,True,False,True,False,False,True,False,True
3392838700812,True,False,False,True,False,True,False,True
3461413798780,True,False,True,False,False,True,False,True
3040402110888,True,False,True,False,False,True,True,False
3163917567412,True,False,True,False,True,False,True,False
3157892247800,True,False,True,False,True,False,True,False
3356023164740,True,False,True,False,False,True,False,True
3335388750098,True,False,True,False,False,True,False,True
3048950179472,False,True,False,False,False,False,False,False
3111181100912,True,False,False,True,False,True,False,True
3236925446872,True,False,True,False,True,False,True,False
3257243903258,True,False,True,False,False,True,False,True
3339482515700,True,False,True,False,False,True,False,True
3261367782650,False,True,False,False,False,False,False,False
3432517841228,True,False,True,False,False,True,True,False
3377266741556,True,False,False,True,False,True,False,True
3067082486080,True,False,False,True,False,True,False,True
3061683159974,True,False,True,False,False,True,False,True
3242669509776,True,False,True,False,False,True,False,True
3297270298964,True,False,True,False,True,False,True,False
3630646438834,True,False,True,False,True,False,True,False
3539527573718,True,False,True,False,False,True,False,True
3612558534532,True,False,True,False,False,True,True,False
3861176191110,True,False,True,False,False,True,False,True
3532878578426,True,False,True,False,True,False,True,False
3562412475668,True,False,True,False,True,False,True,False
3690338184764,True,False,True,False,True,False,True,False
3726227042054,False,True,False,False,False,False,False,False
3599219067420,True,False,True,False,False,True,False,True
3521124620028,True,False,True,False,True,False,True,False
3571934447916,False,True,False,False,False,False,False,False
3696405161150,True,False,True,False,False,True,True,False
3766891248600,True,False,True,False,True,False,True,False
3743717605856,False,True,False,False,False,False,False,False
385630988872,False,True,False,False,False,False,False,False
440893531614,True,False,True,False,False,True,False,True
110674922888,False,True,False,False,False,False,False,False
136401804330,True,False,True,False,True,False,True,False
190062507876,True,False,True,False,False,True,False,True
18290765008,False,True,False,False,False,False,False,False
28133859902,True,False,True,False,False,True,True,False
221183676214,False,True,False,False,False,False,False,False
355490654750,True,False,True,False,False,True,True,False
387253743076,True,False,True,False,False,True,False,True
340257809844,True,False,True,False,False,True,True,False
222743709714,True,False,True,False,True,False,True,False
121784723224,True,False,True,False,False,True,False,True
446607934410,True,False,True,False,False,True,False,True
97976821108,False,True,False,False,False,False,False,False
141803779576,True,False,True,False,False,True,False,True
267543311844,True,False,True,False,True,False,True,False
271977302492,True,False,True,False,True,False,True,False
719984462724,True,False,True,False,False,True,False,True
687283506124,True,False,True,False,True,False,True,False
622191630120,True,False,False,True,False,True,False,True
641877970584,True,False,True,False,True,False,True,False
788245744624,True,False,True,False,True,False,True,False
867630910696,True,False,True,False,False,True,True,False
902241774974,True,False,True,False,True,False,True,False
793337732288,True,False,True,False,True,False,True,False
860340500428,True,False,True,False,True,False,True,False
617444528530,True,False,True,False,False,True,True,False
534886154352,False,True,False,False,False,False,False,False
650779795436,True,False,True,False,True,False,True,False
555214515430,True,False,True,False,False,True,False,True
551092576558,True,False,True,False,False,True,False,True
646664131422,True,False,True,False,True,False,True,False
980062675556,True,False,True,False,False,True,False,True
792726455942,True,False,True,False,False,True,False,True
940372323462,True,False,False,True,False,True,False,True
892746516320,True,False,True,False,False,True,False,True
968945696454,True,False,True,False,True,False,True,False
607276279862,True,False,True,False,True,False,True,False
708877287868,True,False,True,False,False,True,False,True
775867430978,True,False,True,False,True,False,True,False
1002578046114,True,False,True,False,True,False,False,True
544093000166,False,True,False,False,False,False,False,False
674916381186,True,False,True,False,True,False,False,True
620944407456,False,True,False,False,False,False,False,False
697144470424,False,True,False,False,False,False,False,False
850185380014,False,True,False,False,False,False,False,False
974031561376,False,True,False,False,False,False,False,False
981632763540,True,False,True,False,False,True,False,True
83075152506,True,False,True,False,False,True,True,False
346307599164,True,False,True,False,False,True,True,False
424424499884,False,True,False,False,False,False,False,False
294886243240,False,True,False,False,False,False,False,False
459042193370,False,True,False,False,False,False,False,False
140862281340,True,False,True,False,True,False,False,True
36412793072,True,False,True,False,False,True,True,False
296453155470,True,False,True,False,True,False,True,False
305660933328,True,False,False,True,False,True,False,True
190733132258,True,False,True,False,True,False,True,False
40872914898,True,False,True,False,False,True,False,True
32294256544,True,False,True,False,True,False,True,False
45640327194,True,False,True,False,False,True,False,True
282830614124,False,True,False,False,False,False,False,False
304737629180,True,False,False,True,False,True,True,False
416823626054,True,False,True,False,True,False,True,False
426014116958,True,False,True,False,True,False,True,False
367595628546,True,False,False,True,True,False,False,True
627319022630,True,False,True,False,False,True,False,True
933397266164,False,True,False,False,False,False,False,False
538427762822,True,False,True,False,False,True,False,True
886109440918,True,False,True,False,True,False,True,False
692088921418,True,False,True,False,True,False,True,False
593967883458,True,False,True,False,True,False,True,False
521250763684,True,False,True,False,False,True,False,True
711446528920,True,False,True,False,False,True,True,False
678112170564,False,True,False,False,False,False,False,False
780033645248,True,False,False,True,False,True,False,True
941338795244,True,False,True,False,False,True,True,False
611772438986,True,False,True,False,True,False,True,False
636224175348,True,False,True,False,False,True,True,False
712423255908,True,False,True,False,False,True,False,True
917854158818,True,False,True,False,False,True,False,True
962625889972,True,False,True,False,False,True,False,True
1006126734988,True,False,True,False,False,True,False,True
815942108258,True,False,True,False,True,False,True,False
781013724382,True,False,True,False,False,True,True,False
18585558422,True,False,True,False,False,True,False,True
79223990896,True,False,True,False,False,True,False,True
34141015010,True,False,True,False,False,True,False,True
218940905336,True,False,True,False,False,True,False,True
448817144478,True,False,True,False,False,True,False,True
265298925726,True,False,True,False,False,True,True,False
351656857052,True,False,True,False,False,True,False,True
125921984066,True,False,True,False,True,False,True,False
14485644276,True,False,True,False,True,False,True,False
94169229114,True,False,False,True,False,True,False,True
96395271416,True,False,True,False,True,False,False,True
129427808770,True,False,True,False,False,True,False,True
407250702322,True,False,True,False,True,False,True,False
400580766632,True,False,True,False,True,False,True,False
228470060388,True,False,True,False,False,True,False,True
336416553134,True,False,False,True,False,True,False,True
231026524428,True,False,True,False,True,False,True,False
288807830878,True,False,False,True,True,False,True,False
523446263668,True,False,True,False,True,False,True,False
695547068394,False,True,False,False,False,False,False,False
715218819312,True,False,True,False,False,True,True,False
943512750044,True,False,True,False,False,True,False,True
545999030220,True,False,False,True,False,True,False,True
522821834040,True,False,True,False,False,True,False,True
861629583550,True,False,True,False,False,True,True,False
924168802524,True,False,True,False,True,False,True,False
553930881598,True,False,True,False,False,True,False,True
633938967658,True,False,True,False,False,True,False,True
952722697360,False,True,False,False,False,False,False,False
919704901208,False,True,False,False,False,False,False,False
749216568870,True,False,True,False,False,True,True,False
869237666302,True,False,True,False,False,True,True,False
921949338168,True,False,True,False,True,False,False,True
937508221240,True,False,True,False,True,False,True,False
974651157060,False,True,False,False,False,False,False,False
964179272506,True,False,True,False,False,True,True,False
62446258708,False,True,False,False,False,False,False,False
426007792396,False,True,False,False,False,False,False,False
486645444608,True,False,True,False,False,True,True,False
498086497116,True,False,True,False,False,True,False,True
67231889780,False,True,False,False,False,False,False,False
328227080588,True,False,True,False,True,False,False,True
338068411910,True,False,True,False,False,True,True,False
460631887694,True,False,True,False,True,False,True,False
419653111554,True,False,True,False,False,True,True,False
462526879324,True,False,True,False,True,False,True,False
38955576218,True,False,True,False,False,True,False,True
186612254860,True,False,True,False,False,True,False,True
129786255824,True,False,True,False,False,True,True,False
453330945010,True,False,True,False,True,False,True,False
347594567680,True,False,True,False,True,False,True,False
323146082126,True,False,True,False,True,False,True,False
641588173396,False,True,False,False,False,False,False,False
647627731918,True,False,True,False,True,False,True,False
801938948684,True,False,True,False,True,False,True,False
776553778360,True,False,True,False,False,True,False,True
720683286808,True,False,True,False,True,False,True,False
636846491604,True,False,True,False,True,False,False,True
516206859224,True,False,True,False,True,False,False,True
602887122890,True,False,True,False,True,False,True,False
798152068954,True,False,True,False,True,False,True,False
890869899330,True,False,True,False,True,False,True,False
778777881338,True,False,True,False,True,False,True,False
658106623876,True,False,True,False,True,False,True,False
808609743798,True,False,True,False,False,True,False,True
842272836240,True,False,True,False,False,True,True,False
610822125860,True,False,True,False,False,True,True,False
752441941308,True,False,True,False,False,True,True,False
1360739293934,True,False,True,False,True,False,True,False
1381387115832,True,False,True,False,False,True,True,False
1013385139130,False,True,False,False,False,False,False,False
1032129605592,True,False,True,False,False,True,True,False
1213113007156,True,False,True,False,True,False,True,False
1064842834580,True,False,True,False,False,True,True,False
1196605847998,True,False,True,False,True,False,False,True
1268036960466,False,True,False,False,False,False,False,False
1415369012470,False,True,False,False,False,False,False,False
1420453012186,True,False,False,True,False,True,False,True
1324567566404,True,False,True,False,False,True,False,True
1408704167866,True,False,True,False,True,False,True,False
1397282822684,False,True,False,False,False,False,False,False
1135297525416,True,False,True,False,False,True,False,True
1042285837132,True,False,True,False,False,True,False,True
1187400188276,True,False,True,False,False,True,False,True
1108008470930,True,False,True,False,True,False,True,False
1376315214514,True,False,True,False,False,True,False,True
1422672453578,True,False,True,False,False,True,False,True
1567124622902,True,False,True,False,True,False,False,True
1696676462544,True,False,True,False,True,False,False,True
1844331174484,True,False,True,False,True,False,True,False
1926243926272,True,False,True,False,False,True,True,False
1984029365982,True,False,True,False,True,False,True,False
1707804707102,True,False,True,False,False,True,True,False
1895784761342,True,False,True,False,True,False,True,False
1769413692266,True,False,True,False,True,False,True,False
1930717103172,True,False,False,True,False,True,False,True
1572848224014,False,True,False,False,False,False,False,False
1734782039332,True,False,True,False,False,True,True,False
1825898938954,True,False,True,False,True,False,True,False
1921473920768,True,False,True,False,False,True,False,True
1595719089272,True,False,True,False,False,True,False,True
1678910186778,True,False,True,False,False,True,False,True
1947848921006,True,False,True,False,False,True,False,True
1068020629970,True,False,True,False,False,True,True,False
1009605467372,True,False,True,False,True,False,True,False
1012147896228,True,False,True,False,False,True,False,True
1201708872768,True,False,False,True,False,True,False,True
1462709154194,True,False,False,True,False,True,True,False
1187440027606,False,True,False,False,False,False,False,False
1027713557850,True,False,True,False,True,False,False,True
1054068877348,True,False,True,False,False,True,False,True
1059791696698,True,False,True,False,False,True,False,True
1057891969436,True,False,True,False,False,True,True,False
1015643186834,False,True,False,False,False,False,False,False
1129317438652,True,False,True,False,True,False,False,True
1102960103796,True,False,True,False,False,True,False,True
1016913721384,True,False,True,False,True,False,True,False
1132173859428,True,False,True,False,False,True,False,True
1284257118488,True,False,True,False,True,False,True,False
1263626232354,True,False,True,False,True,False,False,True
1499865421878,True,False,True,False,False,True,True,False
1049309278580,True,False,True,False,False,True,False,True
1048046758560,True,False,True,False,True,False,False,True
1232519856658,True,False,True,False,False,True,True,False
1329052688750,True,False,True,False,False,True,True,False
1276975982412,True,False,True,False,True,False,True,False
1347473915630,True,False,True,False,False,True,True,False
1430977769598,False,True,False,False,False,False,False,False
1549714900102,True,False,True,False,False,True,True,False
1793874348058,True,False,True,False,False,True,False,True
1794187760676,True,False,True,False,False,True,False,True
1806579054512,True,False,True,False,True,False,False,True
1982478583098,True,False,True,False,False,True,False,True
2004719573922,True,False,True,False,True,False,True,False
1984077220892,True,False,True,False,True,False,True,False
1577663994366,True,False,True,False,False,True,False,True
1748486326652,True,False,False,True,False,True,False,True
1767225550250,False,True,False,False,False,False,False,False
1761838016718,True,False,True,False,False,True,False,True
1830420270652,True,False,True,False,False,True,True,False
1878359012076,True,False,True,False,True,False,True,False
1694811940252,True,False,True,False,False,True,False,True
1885955805620,True,False,True,False,True,False,True,False
1862139588216,True,False,True,False,True,False,True,False
1772601241892,True,False,True,False,False,True,False,True
1905319889188,True,False,True,False,True,False,False,True
1728797441984,True,False,True,False,True,False,True,False
1519887753126,True,False,True,False,True,False,True,False
1844377014648,True,False,True,False,False,True,False,True
1915504039840,True,False,True,False,True,False,True,False
1801518189990,True,False,True,False,True,False,False,True
1870097143318,True,False,False,True,False,True,True,False
1256586940462,True,False,True,False,False,True,True,False
1199444605594,True,False,True,False,True,False,True,False
1285800117098,True,False,True,False,True,False,True,False
1363906710628,True,False,False,True,False,True,False,True
1260089918294,True,False,True,False,False,True,True,False
1184214305718,True,False,True,False,True,False,True,False
1425537090276,True,False,True,False,True,False,True,False
1297887573932,False,True,False,False,False,False,False,False
1428717809364,True,False,True,False,False,True,True,False
1030845518886,True,False,True,False,False,True,True,False
1251831601394,True,False,True,False,True,False,False,True
1305815067652,True,False,True,False,True,False,True,False
1478543831056,False,True,False,False,False,False,False,False
1455054936244,True,False,True,False,False,True,False,True
1042923752380,True,False,False,True,False,True,False,True
1003867482474,True,False,False,True,False,True,False,True
1414413912596,True,False,True,False,True,False,True,False
1394738760682,False,True,False,False,False,False,False,False
1502687345686,True,False,False,True,False,True,True,False
1703337000850,True,False,False,True,False,True,False,True
1663657686586,True,False,True,False,False,True,False,True
1586831857196,True,False,True,False,False,True,False,True
1668751890870,False,True,False,False,False,False,False,False
1666527563534,True,False,True,False,True,False,False,True
1688451664558,True,False,True,False,False,True,False,True
1913873904214,True,False,True,False,True,False,True,False
1948495528964,True,False,False,True,False,True,False,True
1955159568366,True,False,True,False,True,False,True,False
1774815314952,False,True,False,False,False,False,False,False
1523956649456,False,True,False,False,False,False,False,False
1527443271988,True,False,True,False,True,False,True,False
1660804469002,True,False,True,False,False,True,False,True
1862744919838,False,True,False,False,False,False,False,False
1788433447234,True,False,True,False,False,True,True,False
1648425371678,False,True,False,False,False,False,False,False
1530004750424,True,False,True,False,True,False,False,True
1918961482916,True,False,True,False,False,True,False,True
1770684103366,True,False,True,False,False,True,False,True
1975485511580,True,False,True,False,False,True,False,True
1770676065858,True,False,True,False,False,True,True,False
1801805776894,False,True,False,False,False,False,False,False
1946912769370,True,False,True,False,False,True,False,True
1964050559048,True,False,True,False,True,False,False,True
1258854059046,True,False,True,False,False,True,False,True
1197893192912,True,False,True,False,True,False,False,True
1081688407776,False,True,False,False,False,False,False,False
1133438825334,True,False,True,False,False,True,False,True
1159798882524,True,False,True,False,False,True,True,False
1296953460074,True,False,True,False,True,False,True,False
1316004181278,True,False,True,False,True,False,True,False
1483027236878,True,False,True,False,False,True,True,False
1121382011856,True,False,True,False,False,True,False,True
1183953082342,True,False,True,False,False,True,True,False
1438591144444,False,True,False,False,False,False,False,False
1324931987776,True,False,True,False,True,False,True,False
1134701926706,True,False,True,False,True,False,True,False
1214401764800,True,False,True,False,False,True,True,False
1002304579266,True,False,True,False,False,True,False,True
1335382277020,True,False,True,False,True,False,True,False
1072184556022,True,False,False,True,False,True,True,False
1436690007050,True,False,True,False,True,False,True,False
1553517432752,True,False,True,False,True,False,True,False
1678941486428,True,False,True,False,True,False,True,False
1894847525866,True,False,True,False,True,False,True,False
1887858079502,True,False,True,False,False,True,True,False
1572582013008,True,False,False,True,False,True,False,True
1734214310148,True,False,True,False,False,True,True,False
1521452096838,True,False,False,True,False,True,False,True
1635118008116,True,False,True,False,False,True,True,False
1578283288860,True,False,True,False,False,True,False,True
1648462920236,True,False,True,False,False,True,False,True
1601801062944,False,True,False,False,False,False,False,False
1814857007740,True,False,True,False,True,False,True,False
1972667597668,False,True,False,False,False,False,False,False
49783356198,True,False,True,False,False,True,False,True
4376459830,True,False,True,False,True,False,True,False
378105110494,True,False,True,False,False,True,False,True
57425181610,True,False,True,False,False,True,False,True
92356716136,True,False,True,False,False,True,False,True
240633642112,True,False,True,False,False,True,True,False
488924352346,True,False,True,False,False,True,False,True
273021589496,True,False,True,False,True,False,True,False
223777059972,True,False,True,False,True,False,True,False
205687870738,True,False,True,False,True,False,True,False
26286727598,True,False,True,False,False,True,True,False
14857746640,True,False,True,False,False,True,False,True
166317911522,True,False,True,False,False,True,True,False
273307409002,True,False,True,False,False,True,True,False
175219054722,True,False,True,False,False,True,True,False
75841367508,True,False,True,False,False,True,False,True
77748957202,True,False,True,False,True,False,True,False
243494347558,True,False,True,False,True,False,True,False
365419708824,True,False,True,False,False,True,False,True
570835995182,True,False,True,False,True,False,False,True
711495188550,True,False,False,True,True,False,False,True
795955557974,True,False,True,False,False,True,False,True
875649198126,True,False,True,False,False,True,True,False
690247732056,True,False,True,False,False,True,False,True
528303057290,True,False,False,True,False,True,False,True
738815693230,False,True,False,False,False,False,False,False
639120234386,False,True,False,False,False,False,False,False
895355672526,True,False,True,False,True,False,True,False
784538774544,True,False,True,False,False,True,True,False
763878227758,True,False,True,False,False,True,True,False
960421872654,False,True,False,False,False,False,False,False
983294652638,True,False,True,False,True,False,True,False
894074129146,True,False,True,False,False,True,False,True
565130616718,True,False,True,False,False,True,False,True
532434598860,True,False,True,False,True,False,False,True
557202973232,True,False,False,True,False,True,False,True
702944073550,True,False,True,False,True,False,True,False
645468997950,True,False,True,False,False,True,False,True
995061792640,True,False,True,False,False,True,False,True
975696727762,True,False,True,False,False,True,True,False
123811229522,True,False,True,False,True,False,False,True
243503216082,True,False,False,True,True,False,True,False
272741692150,True,False,True,False,False,True,False,True
271794576250,True,False,True,False,True,False,False,True
162859512972,True,False,True,False,False,True,True,False
82206535656,True,False,True,False,False,True,False,True
270817169902,True,False,True,False,False,True,False,True
378452846880,False,True,False,False,False,False,False,False
183197223286,True,False,True,False,False,True,False,True
244480625018,True,False,True,False,False,True,False,True
401026527276,False,True,False,False,False,False,False,False
290837688306,True,False,True,False,True,False,True,False
325131965340,True,False,True,False,True,False,True,False
689629802808,False,True,False,False,False,False,False,False
555638279126,True,False,True,False,False,True,True,False
854733701164,True,False,True,False,True,False,True,False
809335951804,False,True,False,False,False,False,False,False
947453623296,True,False,True,False,True,False,True,False
976350690506,True,False,False,True,False,True,False,True
537543166658,True,False,False,True,False,True,True,False
703940581098,True,False,True,False,False,True,False,True
871260567652,True,False,True,False,False,True,False,True
588014281656,True,False,True,False,True,False,True,False
709618015854,True,False,True,False,False,True,True,False
505468154170,True,False,True,False,True,False,True,False
909977293648,True,False,True,False,False,True,True,False
549930454270,True,False,True,False,False,True,False,True
516916740638,True,False,True,False,False,True,True,False
790291809684,True,False,True,False,False,True,True,False
24704950206,True,False,True,False,True,False,True,False
336503944750,True,False,True,False,True,False,True,False
454303839810,True,False,True,False,False,True,False,True
315549212790,False,True,False,False,False,False,False,False
227617366360,True,False,False,True,True,False,True,False
306357487356,True,False,True,False,False,True,False,True
293655830848,True,False,False,True,False,True,False,True
161870037826,True,False,True,False,False,True,False,True
226960403958,True,False,True,False,True,False,True,False
298725341508,True,False,True,False,True,False,True,False
425094621976,True,False,True,False,False,True,True,False
19631787738,True,False,True,False,False,True,False,True
100604251514,True,False,True,False,False,True,False,True
138398103328,False,True,False,False,False,False,False,False
316521657030,True,False,True,False,False,True,False,True
269201601594,True,False,True,False,True,False,False,True
516536827446,True,False,True,False,True,False,False,True
563536365504,True,False,True,False,False,True,True,False
859133826278,True,False,True,False,True,False,False,True
942013703090,True,False,True,False,True,False,True,False
804848011568,False,True,False,False,False,False,False,False
791196768738,True,False,True,False,False,True,True,False
711820472440,True,False,True,False,False,True,False,True
754687159918,True,False,True,False,True,False,True,False
628960504738,False,True,False,False,False,False,False,False
989650749448,False,True,False,False,False,False,False,False
922022189862,True,False,True,False,False,True,False,True
972520470152,True,False,True,False,True,False,True,False
942983777592,True,False,True,False,False,True,True,False
561308509456,True,False,True,False,False,True,False,True
517493572198,True,False,True,False,False,True,False,True
485743814882,True,False,True,False,False,True,False,True
681328297950,True,False,True,False,False,True,True,False
725150015044,True,False,True,False,True,False,True,False
798489523808,True,False,True,False,True,False,False,True
773102640346,True,False,False,True,False,True,False,True
790554648964,False,True,False,False,False,False,False,False
712467005458,True,False,True,False,False,True,True,False
720726103902,True,False,True,False,False,True,False,True
785815864000,True,False,True,False,True,False,True,False
820423855856,True,False,True,False,True,False,True,False
886788130974,True,False,True,False,False,True,True,False
203509987240,True,False,True,False,True,False,True,False
118088993192,True,False,True,False,False,True,False,True
149207717438,True,False,True,False,True,False,True,False
404164407936,True,False,True,False,True,False,True,False
384813529502,False,True,False,False,False,False,False,False
427344149560,True,False,True,False,True,False,False,True
447663993066,True,False,True,False,True,False,True,False
457837535630,True,False,True,False,True,False,False,True
56186478318,True,False,True,False,False,True,False,True
149218325960,True,False,False,True,False,True,False,True
243202431270,True,False,True,False,False,True,True,False
146673630426,True,False,True,False,False,True,False,True
260355341720,True,False,True,False,False,True,False,True
246709843606,True,False,True,False,True,False,False,True
355928710174,True,False,True,False,False,True,False,True
292431262042,True,False,True,False,True,False,True,False
328951102128,True,False,True,False,True,False,True,False
109838086720,True,False,True,False,True,False,True,False
123814913244,True,False,True,False,False,True,True,False
407051674582,True,False,True,False,False,True,False,True
512454628534,True,False,True,False,True,False,True,False
574681518084,False,True,False,False,False,False,False,False
519126178170,True,False,True,False,False,True,False,True
725191215152,True,False,True,False,True,False,True,False
766464177626,True,False,False,True,False,True,False,True
888386213906,True,False,True,False,True,False,True,False
781071685694,True,False,True,False,False,True,True,False
594384768176,True,False,True,False,False,True,True,False
555333537572,True,False,True,False,True,False,False,True
596929590394,True,False,False,True,True,False,False,True
910635141492,True,False,True,False,True,False,False,True
765536439490,True,False,False,True,False,True,True,False
909979388552,True,False,True,False,True,False,False,True
922677140484,True,False,True,False,False,True,True,False
981104121892,True,False,True,False,True,False,True,False
817930089080,False,True,False,False,False,False,False,False
1130935328752,False,True,False,False,False,False,False,False
1225246228008,True,False,False,True,False,True,False,True
1400827277752,True,False,True,False,True,False,True,False
1404947528782,True,False,True,False,False,True,False,True
1437658111646,True,False,True,False,True,False,True,False
1474173642326,True,False,True,False,False,True,False,True
1248750165656,False,True,False,False,False,False,False,False
1378615266068,True,False,True,False,False,True,False,True
1441164186366,True,False,False,True,False,True,False,True
1324957940300,True,False,True,False,False,True,False,True
1391322114982,True,False,True,False,False,True,True,False
1099811691132,True,False,True,False,False,True,False,True
1187772392632,True,False,True,False,True,False,False,True
1505606459370,True,False,True,False,True,False,False,True
1450681723698,False,True,False,False,False,False,False,False
1034738865026,True,False,True,False,False,True,False,True
1426241856714,True,False,True,False,True,False,True,False
1669142060716,True,False,True,False,False,True,True,False
1830109756406,True,False,True,False,True,False,True,False
1520240626794,True,False,True,False,True,False,True,False
1649152965570,False,True,False,False,False,False,False,False
1674229335750,False,True,False,False,False,False,False,False
1611052658330,True,False,False,True,True,False,True,False
1717107639366,True,False,True,False,False,True,False,True
1820611598636,True,False,True,False,False,True,False,True
1807273440846,False,True,False,False,False,False,False,False
1936820290486,True,False,True,False,True,False,False,True
1524969862204,True,False,True,False,False,True,False,True
1707863473826,True,False,True,False,True,False,False,True
1571010263230,True,False,True,False,False,True,True,False
1629763029692,True,False,True,False,True,False,False,True
1810116077250,True,False,True,False,True,False,True,False
1739319247988,True,False,True,False,True,False,False,True
1493872937526,True,False,True,False,False,True,True,False
1761226212372,True,False,True,False,True,False,True,False
2001587390904,True,False,True,False,True,False,True,False
1789499277282,True,False,True,False,False,True,True,False
1957148047790,True,False,True,False,False,True,False,True
1796804531204,True,False,True,False,False,True,False,True
1150341721246,True,False,True,False,False,True,True,False
1180183990148,True,False,True,False,True,False,False,True
1077314239166,True,False,True,False,True,False,True,False
1084300611766,True,False,True,False,True,False,True,False
1090972689808,True,False,True,False,False,True,False,True
1264658649194,True,False,True,False,False,True,True,False
1240224704560,True,False,True,False,True,False,True,False
1285623738738,True,False,False,True,False,True,True,False
1492657337760,True,False,True,False,True,False,True,False
1105564926670,True,False,True,False,True,False,False,True
1149716536212,True,False,True,False,True,False,True,False
1047153141994,True,False,True,False,False,True,False,True
1271631817666,True,False,True,False,False,True,False,True
1447863557534,True,False,False,True,False,True,False,True
1418324924678,False,True,False,False,False,False,False,False
1490717569470,True,False,True,False,True,False,True,False
1117650494958,True,False,True,False,False,True,True,False
1346599121422,True,False,True,False,True,False,True,False
1322464956062,True,False,True,False,True,False,True,False
1466938799126,True,False,True,False,True,False,True,False
1408833470888,True,False,True,False,True,False,True,False
1672983093522,True,False,True,False,False,True,True,False
1651707792622,True,False,True,False,True,False,True,False
1549786795642,True,False,True,False,False,True,True,False
1521524794614,False,True,False,False,False,False,False,False
1840323316084,True,False,True,False,False,True,False,True
1916846089406,True,False,True,False,True,False,True,False
1985095905268,True,False,True,False,False,True,False,True
1499317169088,True,False,True,False,False,True,False,True
1783491973568,True,False,True,False,False,True,True,False
1775235194228,True,False,True,False,False,True,False,True
1665685477814,True,False,True,False,True,False,True,False
1639325799228,False,True,False,False,False,False,False,False
1582497128718,True,False,True,False,False,True,False,True
1786014395206,True,False,True,False,True,False,True,False
1817139998338,True,False,True,False,True,False,True,False
1526302034794,True,False,True,False,True,False,True,False
1723483895088,True,False,True,False,False,True,True,False
1866379437300,True,False,True,False,True,False,True,False
1872409948108,False,True,False,False,False,False,False,False
1753979802450,True,False,True,False,True,False,True,False
1030274384518,True,False,True,False,False,True,False,True
1128394792928,True,False,True,False,True,False,True,False
1110937290970,True,False,True,False,False,True,True,False
1209049031480,True,False,True,False,True,False,True,False
1323041634102,True,False,True,False,True,False,True,False
1514817868568,True,False,True,False,False,True,False,True
1321450254610,True,False,True,False,True,False,True,False
1053483736306,True,False,True,False,False,True,True,False
1401489763296,True,False,True,False,True,False,False,True
1410067491144,True,False,True,False,False,True,True,False
1055052361510,False,True,False,False,False,False,False,False
1100779299770,True,False,True,False,False,True,False,True
1151577685982,True,False,True,False,False,True,False,True
1218259657994,True,False,True,False,False,True,False,True
1394158227980,True,False,False,True,False,True,False,True
1485929446092,True,False,False,True,True,False,True,False
1243676302198,True,False,True,False,True,False,False,True
1282424200068,True,False,True,False,False,True,False,True
1362753811902,True,False,True,False,False,True,True,False
1307811360914,True,False,False,True,False,True,False,True
1269723073356,True,False,True,False,False,True,True,False
1688181520134,True,False,False,True,True,False,False,True
1955845410956,True,False,True,False,True,False,True,False
1891387112504,True,False,True,False,False,True,False,True
1708204154068,True,False,True,False,False,True,True,False
1565324262082,True,False,True,False,False,True,False,True
1699642329142,True,False,True,False,True,False,True,False
1797757520584,False,True,False,False,False,False,False,False
1986667859204,True,False,False,True,False,True,False,True
1574839355222,True,False,True,False,False,True,False,True
1651043324572,True,False,True,False,True,False,True,False
1967277241636,True,False,True,False,False,True,True,False
1859647361352,True,False,True,False,False,True,False,True
1934264913720,True,False,True,False,False,True,False,True
1997132136032,True,False,True,False,True,False,True,False
1987607089940,True,False,True,False,True,False,True,False
1637709903540,True,False,True,False,False,True,False,True
1871087858534,True,False,False,True,False,True,False,True
1916502115390,False,True,False,False,False,False,False,False
1118905984798,True,False,True,False,False,True,False,True
1082087197308,True,False,False,True,False,True,False,True
1003963745274,True,False,False,True,False,True,False,True
1074779072184,False,True,False,False,False,False,False,False
1073513074450,True,False,True,False,True,False,True,False
1231634153362,False,True,False,False,False,False,False,False
1484052044416,True,False,True,False,False,True,False,True
1385953685596,True,False,True,False,True,False,True,False
1198626210512,True,False,True,False,False,True,False,True
1294842102878,False,True,False,False,False,False,False,False
1480596141362,True,False,True,False,False,True,True,False
1481535976382,True,False,False,True,False,True,True,False
1016351084246,True,False,True,False,False,True,True,False
1226860040336,True,False,True,False,False,True,False,True
1079857024402,False,True,False,False,False,False,False,False
1343708331568,True,False,True,False,False,True,True,False
1482474072126,True,False,True,False,False,True,True,False
1146867503378,False,True,False,False,False,False,False,False
1088449643924,True,False,True,False,True,False,True,False
1058609643976,True,False,True,False,False,True,True,False
1085598717754,True,False,True,False,True,False,True,False
1202437914220,True,False,True,False,False,True,False,True
1205296375414,True,False,True,False,False,True,False,True
1099882128982,False,True,False,False,False,False,False,False
1084640589836,True,False,True,False,False,True,False,True
1179584966634,True,False,True,False,False,True,False,True
1416769659890,True,False,False,True,False,True,True,False
1662814268204,True,False,True,False,False,True,True,False
1794592678108,True,False,True,False,False,True,False,True
1915245489542,False,True,False,False,False,False,False,False
1900326081910,True,False,True,False,True,False,True,False
1954933776458,True,False,False,True,False,True,False,True
1962872658878,True,False,True,False,False,True,True,False
1651087070056,True,False,False,True,False,True,False,True
1942900221286,True,False,True,False,False,True,True,False
1780001222958,True,False,True,False,True,False,True,False
1583121889482,True,False,True,False,True,False,False,True
1547880798766,True,False,True,False,True,False,True,False
1539298989202,True,False,True,False,False,True,False,True
1900642293024,True,False,True,False,True,False,True,False
1917467426020,True,False,True,False,True,False,True,False
1599648124756,True,False,True,False,True,False,True,False
1710152545494,True,False,True,False,True,False,True,False
1693648308820,True,False,True,False,True,False,True,False
1786677712196,False,True,False,False,False,False,False,False
1776201216196,True,False,True,False,True,False,True,False
163700669068,False,True,False,False,False,False,False,False
435179260986,True,False,True,False,True,False,True,False
235792627124,True,False,True,False,False,True,True,False
348181375982,True,False,True,False,False,True,False,True
308815625422,True,False,False,True,True,False,True,False
449470609234,True,False,True,False,True,False,True,False
135745579282,True,False,True,False,False,True,False,True
225291436362,False,True,False,False,False,False,False,False
284354010824,True,False,True,False,False,True,False,True
501859923190,True,False,True,False,True,False,False,True
409139321262,True,False,True,False,False,True,True,False
497725990696,True,False,True,False,False,True,True,False
55118909830,True,False,True,False,True,False,False,True
222776727578,True,False,True,False,False,True,True,False
106229777718,False,True,False,False,False,False,False,False
77665451546,True,False,True,False,True,False,True,False
366917804004,True,False,True,False,False,True,True,False
427577732614,False,True,False,False,False,False,False,False
560907427884,False,True,False,False,False,False,False,False
558995504534,True,False,True,False,True,False,True,False
649503471698,True,False,True,False,True,False,False,True
676491261044,True,False,True,False,False,True,False,True
1000347472642,False,True,False,False,False,False,False,False
861605949656,True,False,True,False,True,False,True,False
880339327732,False,True,False,False,False,False,False,False
667924519958,True,False,True,False,True,False,True,False
736514384590,True,False,True,False,False,True,False,True
969893927394,True,False,True,False,False,True,False,True
797481601346,True,False,True,False,True,False,True,False
953701214684,True,False,True,False,True,False,True,False
608217883892,False,True,False,False,False,False,False,False
695542008174,True,False,True,False,False,True,False,True
565691875988,False,True,False,False,False,False,False,False
503138445594,True,False,True,False,False,True,False,True
708577690708,True,False,True,False,False,True,True,False
493303843598,True,False,False,True,False,True,False,True
579672937618,False,True,False,False,False,False,False,False
688573477632,True,False,True,False,False,True,True,False
753981867304,True,False,True,False,True,False,False,True
850507769538,True,False,True,False,False,True,False,True
4973982424,True,False,True,False,True,False,True,False
219934871584,False,True,False,False,False,False,False,False
377415946350,True,False,True,False,False,True,True,False
294870575446,True,False,True,False,False,True,False,True
88491369068,True,False,True,False,True,False,False,True
369510126996,True,False,True,False,True,False,True,False
393002096868,True,False,True,False,True,False,True,False
417133364906,True,False,True,False,True,False,True,False
429521306738,True,False,True,False,True,False,True,False
1482549422,True,False,True,False,False,True,True,False
36715375988,True,False,True,False,False,True,False,True
140243805212,True,False,True,False,False,True,False,True
421230382032,True,False,True,False,False,True,True,False
71030996536,True,False,False,True,False,True,False,True
18648587470,True,False,True,False,False,True,True,False
363783302172,True,False,True,False,True,False,True,False
318702720158,True,False,True,False,True,False,True,False
241232351132,True,False,True,False,False,True,False,True
381259099978,True,False,True,False,False,True,True,False
733047494196,True,False,True,False,False,True,False,True
684462826686,True,False,True,False,False,True,True,False
528564135826,True,False,True,False,False,True,True,False
875289246354,True,False,True,False,False,True,False,True
796546228202,True,False,True,False,True,False,True,False
640989323896,False,True,False,False,False,False,False,False
719092364742,True,False,True,False,True,False,True,False
763539772114,True,False,True,False,False,True,False,True
908340382868,True,False,True,False,True,False,True,False
954382169060,True,False,True,False,False,True,True,False
571111186706,False,True,False,False,False,False,False,False
753678912612,True,False,True,False,False,True,False,True
543492794100,False,True,False,False,False,False,False,False
947705127748,True,False,True,False,False,True,True,False
811820251838,True,False,True,False,False,True,False,True
366271551718,True,False,True,False,True,False,True,False
457086404746,True,False,True,False,False,True,False,True
395485433430,True,False,True,False,False,True,False,True
227525290764,True,False,True,False,True,False,True,False
85258642304,True,False,True,False,False,True,False,True
12227077494,False,True,False,False,False,False,False,False
225289725484,False,True,False,False,False,False,False,False
276725167864,True,False,True,False,False,True,True,False
443425763404,True,False,True,False,False,True,True,False
409137408588,True,False,True,False,True,False,False,True
451055869556,True,False,True,False,False,True,False,True
339275197084,True,False,True,False,True,False,True,False
308154810316,True,False,True,False,False,True,False,True
115447436376,True,False,True,False,True,False,True,False
424712343912,True,False,True,False,False,True,True,False
391050915342,True,False,True,False,False,True,False,True
366603413290,True,False,True,False,True,False,True,False
637421838470,False,True,False,False,False,False,False,False
614880489406,True,False,True,False,True,False,False,True
618387749682,True,False,False,True,False,True,False,True
586331988074,True,False,False,True,True,False,True,False
654597805858,True,False,True,False,True,False,True,False
639029825568,True,False,False,True,False,True,True,False
727622618108,True,False,True,False,True,False,True,False
639033101998,True,False,True,False,False,True,False,True
663171576744,False,True,False,False,False,False,False,False
945446554992,True,False,True,False,False,True,True,False
921954636136,True,False,True,False,False,True,True,False
756496174610,True,False,True,False,False,True,False,True
630123114462,True,False,True,False,False,True,True,False
626326432144,True,False,True,False,True,False,True,False
899692150836,True,False,True,False,False,True,True,False
622850695490,True,False,True,False,False,True,False,True
539977849938,True,False,True,False,True,False,True,False
841935111736,True,False,True,False,True,False,True,False
778438974304,True,False,True,False,False,True,False,True
174204862686,True,False,True,False,False,True,False,True
225335461554,True,False,True,False,False,True,False,True
203741582556,True,False,True,False,False,True,False,True
309155097270,False,True,False,False,False,False,False,False
374573516310,True,False,True,False,False,True,True,False
7217188806,False,True,False,False,False,False,False,False
12620347386,True,False,True,False,False,True,False,True
216462769302,True,False,True,False,True,False,True,False
356169376828,True,False,True,False,False,True,False,True
287565200130,True,False,True,False,True,False,False,True
468861484830,True,False,True,False,True,False,True,False
64047877540,False,True,False,False,False,False,False,False
234557554330,True,False,True,False,True,False,True,False
230754118498,True,False,True,False,False,True,True,False
220912560884,True,False,True,False,False,True,True,False
208196943826,False,True,False,False,False,False,False,False
163441340936,True,False,False,True,False,True,False,True
350141587598,True,False,True,False,False,True,False,True
289815509948,True,False,False,True,False,True,False,True
534603167298,False,True,False,False,False,False,False,False
627633402966,False,True,False,False,False,False,False,False
644469270892,True,False,True,False,True,False,False,True
764498331622,True,False,True,False,True,False,True,False
597141026118,False,True,False,False,False,False,False,False
796547114722,True,False,True,False,False,True,False,True
868937465842,True,False,False,True,False,True,False,True
879098005148,False,True,False,False,False,False,False,False
712102568618,False,True,False,False,False,False,False,False
550806240506,True,False,True,False,False,True,True,False
604155900000,False,True,False,False,False,False,False,False
856584903886,True,False,True,False,False,True,True,False
865479496018,True,False,True,False,True,False,True,False
1364237941488,True,False,True,False,False,True,False,True
1506170616610,True,False,False,True,False,True,False,True
1429013559498,True,False,True,False,True,False,True,False
1327394736122,True,False,True,False,True,False,True,False
1399480696736,True,False,True,False,False,True,True,False
1127700989298,True,False,True,False,False,True,False,True
1055621883540,True,False,True,False,True,False,False,True
1192470659458,True,False,True,False,True,False,False,True
1104530849884,True,False,True,False,False,True,False,True
1061333715694,True,False,True,False,False,True,True,False
1068959337132,True,False,True,False,True,False,True,False
1403312280932,False,True,False,False,False,False,False,False
1210865123848,True,False,True,False,False,True,True,False
1050519893706,False,True,False,False,False,False,False,False
1241987905906,True,False,True,False,True,False,True,False
1160390809806,True,False,True,False,False,True,False,True
1258174722242,True,False,True,False,False,True,True,False
1438528702526,False,True,False,False,False,False,False,False
1400757506640,True,False,True,False,True,False,True,False
1403920409510,True,False,True,False,True,False,False,True
1138171036582,True,False,True,False,False,True,False,True
1244541900414,False,True,False,False,False,False,False,False
1282328417896,True,False,True,False,False,True,True,False
1463947614788,True,False,True,False,False,True,True,False
1435695164054,True,False,True,False,True,False,True,False
1338848717266,True,False,True,False,False,True,False,True
1845907566610,True,False,True,False,False,True,False,True
1992295954036,True,False,True,False,False,True,True,False
1932600279122,True,False,True,False,True,False,True,False
1942752578824,True,False,True,False,False,True,True,False
1991970195028,True,False,False,True,False,True,False,True
1536664632800,True,False,True,False,True,False,False,True
1543650577234,False,True,False,False,False,False,False,False
1596675484862,True,False,True,False,False,True,True,False
1567788523478,True,False,True,False,True,False,True,False
1932942469658,True,False,True,False,True,False,True,False
1953896723820,True,False,True,False,False,True,False,True
1935160473768,True,False,True,False,False,True,False,True
1650640555370,True,False,True,False,False,True,True,False
1719869919486,True,False,True,False,True,False,False,True
1690666420354,True,False,True,False,True,False,False,True
1551275922360,True,False,True,False,False,True,True,False
1745599196270,True,False,True,False,True,False,True,False
1976110373742,True,False,True,False,True,False,False,True
1118510423534,True,False,True,False,True,False,True,False
1207428145006,True,False,True,False,True,False,False,True
1062307418490,True,False,True,False,True,False,True,False
1022312070346,True,False,True,False,False,True,False,True
1215380130666,True,False,True,False,True,False,True,False
1116945075952,True,False,True,False,False,True,True,False
1479562289508,True,False,True,False,True,False,True,False
1470034270602,True,False,True,False,True,False,True,False
1435742816864,False,True,False,False,False,False,False,False
1051840322320,True,False,True,False,False,True,False,True
1223293436804,False,True,False,False,False,False,False,False
1464606645304,True,False,True,False,True,False,True,False
1269016795620,True,False,True,False,True,False,True,False
1253140821258,True,False,True,False,False,True,False,True
1492241873494,True,False,True,False,False,True,False,True
1048679385694,False,True,False,False,False,False,False,False
1011204164272,True,False,True,False,True,False,True,False
1002001149144,True,False,True,False,True,False,False,True
1132508471260,True,False,True,False,False,True,False,True
1346189552462,True,False,True,False,False,True,True,False
1735454933932,True,False,True,False,True,False,True,False
1865952327138,True,False,True,False,False,True,True,False
1545593270876,False,True,False,False,False,False,False,False
1539571050290,False,True,False,False,False,False,False,False
1588785768674,True,False,True,False,True,False,True,False
1638640288832,True,False,True,False,False,True,True,False
1851044284492,True,False,True,False,True,False,True,False
1808196900586,False,True,False,False,False,False,False,False
1718303739750,True,False,True,False,True,False,True,False
1624000577150,False,True,False,False,False,False,False,False
1593837664452,True,False,True,False,True,False,True,False
1618920786684,True,False,True,False,False,True,True,False
1869447619218,True,False,True,False,False,True,False,True
1945009467380,True,False,True,False,False,True,False,True
1706263885268,True,False,True,False,False,True,False,True
1517657257314,True,False,True,False,False,True,True,False
1882174627368,False,True,False,False,False,False,False,False
1105781453146,True,False,True,False,False,True,True,False
1231837144880,True,False,True,False,False,True,False,True
1331846998810,True,False,True,False,False,True,False,True
1214699355584,True,False,True,False,False,True,True,False
1057219289234,True,False,True,False,False,True,True,False
1181689271572,True,False,True,False,True,False,True,False
1379808974962,True,False,True,False,False,True,True,False
1327738744952,True,False,True,False,False,True,True,False
1396003629036,False,True,False,False,False,False,False,False
1318858818716,True,False,True,False,False,True,False,True
1158808253152,True,False,False,True,True,False,False,True
1477899195004,True,False,False,True,False,True,True,False
1373757121170,True,False,True,False,False,True,True,False
1344864363990,True,False,True,False,True,False,False,True
1442019108536,True,False,True,False,False,True,True,False
1075310093568,True,False,False,True,False,True,False,True
1012444333582,True,False,True,False,True,False,True,False
1188040781760,True,False,True,False,False,True,True,False
1195648838796,True,False,True,False,False,True,False,True
1496987061018,True,False,True,False,False,True,False,True
1414426595210,True,False,True,False,True,False,True,False
1614432717496,True,False,True,False,True,False,True,False
1740175148338,True,False,True,False,False,True,False,True
1706201591956,True,False,True,False,False,True,False,True
1634124780126,True,False,True,False,True,False,True,False
1801770954850,True,False,True,False,True,False,True,False
1610966835726,True,False,True,False,False,True,False,True
1558581051336,True,False,True,False,False,True,True,False
1704643527132,True,False,True,False,True,False,True,False
1918653216370,True,False,True,False,False,True,False,True
1771948166626,True,False,True,False,False,True,True,False
1648726467432,True,False,True,False,False,True,False,True
1678893739930,True,False,True,False,True,False,True,False
1641743370936,False,True,False,False,False,False,False,False
1518873236074,True,False,True,False,False,True,False,True
1579838966770,True,False,True,False,False,True,False,True
1785581467844,True,False,True,False,True,False,True,False
1909103526412,True,False,True,False,True,False,False,True
1962433581572,True,False,True,False,False,True,False,True
1893867657788,True,False,True,False,True,False,True,False
1539840240320,True,False,True,False,False,True,False,True
1925956556158,True,False,True,False,False,True,True,False
1885618513690,True,False,True,False,False,True,False,True
1125174491266,True,False,False,True,True,False,False,True
1018186933072,True,False,True,False,False,True,True,False
1016598753622,True,False,True,False,True,False,True,False
1193132516356,True,False,True,False,False,True,True,False
1311571230248,True,False,True,False,True,False,True,False
1306165528992,True,False,True,False,True,False,True,False
1196960622184,True,False,True,False,True,False,False,True
1026776933536,True,False,True,False,False,True,False,True
1306826069970,True,False,True,False,False,True,False,True
1079770166166,True,False,True,False,False,True,True,False
1069296390890,True,False,True,False,False,True,True,False
1173437280718,True,False,True,False,False,True,False,True
1294745898426,True,False,True,False,False,True,True,False
1064235625564,True,False,True,False,False,True,False,True
1167741475730,False,True,False,False,False,False,False,False
1212202214334,True,False,True,False,False,True,False,True
1367146026432,False,True,False,False,False,False,False,False
1496694715530,True,False,True,False,False,True,True,False
1477962975962,True,False,True,False,True,False,True,False
1268090042822,True,False,True,False,False,True,False,True
1476706252062,False,True,False,False,False,False,False,False
1364293160598,True,False,True,False,False,True,True,False
1425885765474,True,False,True,False,False,True,True,False
1404608523984,False,True,False,False,False,False,False,False
1333502767290,True,False,False,True,False,True,False,True
1430659930964,True,False,False,True,False,True,False,True
1373827328640,True,False,True,False,True,False,True,False
1748799471350,True,False,True,False,True,False,True,False
1776733620882,True,False,True,False,False,True,False,True
2008212404260,True,False,False,True,True,False,False,True
1535124487644,True,False,True,False,False,True,True,False
1733256992694,True,False,True,False,True,False,False,True
1739594641912,True,False,True,False,False,True,False,True
1581485431954,True,False,True,False,False,True,True,False
1569736940444,True,False,True,False,True,False,True,False
1745638358094,True,False,True,False,False,True,True,False
1664044008792,True,False,True,False,False,True,False,True
1910423929728,True,False,False,True,True,False,False,True
1912023549732,True,False,True,False,True,False,True,False
1856137813160,True,False,True,False,True,False,True,False
1576381928866,True,False,True,False,False,True,False,True
1537637030458,True,False,True,False,False,True,True,False
1771328222670,False,True,False,False,False,False,False,False
1925007172006,True,False,True,False,False,True,False,True
1727534024586,True,False,True,False,True,False,True,False
1923132619022,True,False,True,False,True,False,False,True
372068380342,True,False,True,False,True,False,False,True
38062338312,False,True,False,False,False,False,False,False
20590070296,True,False,True,False,False,True,True,False
261275824686,True,False,True,False,False,True,False,True
348896779438,True,False,True,False,False,True,True,False
434319941062,True,False,True,False,False,True,False,True
75809092414,True,False,True,False,False,True,False,True
83434436164,True,False,True,False,False,True,False,True
159643218788,True,False,True,False,False,True,False,True
306022131278,True,False,True,False,True,False,True,False
407635511394,True,False,True,False,False,True,False,True
77422825156,False,True,False,False,False,False,False,False
454315461046,True,False,True,False,True,False,True,False
455906967136,True,False,True,False,True,False,True,False
472421711454,True,False,True,False,False,True,True,False
408926431756,True,False,True,False,False,True,False,True
401622338016,True,False,True,False,False,True,False,True
593683076956,False,True,False,False,False,False,False,False
669254929884,False,True,False,False,False,False,False,False
637828261724,True,False,True,False,False,True,False,True
630210351482,True,False,True,False,True,False,True,False
864845988696,True,False,True,False,True,False,True,False
916603638954,True,False,True,False,False,True,False,True
895962546184,False,True,False,False,False,False,False,False
814052894858,True,False,True,False,True,False,True,False
722313604786,True,False,True,False,True,False,True,False
819783702666,True,False,True,False,False,True,True,False
614335461342,True,False,True,False,False,True,False,True
563527726436,True,False,True,False,True,False,True,False
773736071778,True,False,True,False,True,False,True,False
891529792060,True,False,True,False,False,True,True,False
962651575566,True,False,True,False,True,False,True,False
602913662338,True,False,True,False,True,False,True,False
718186375368,True,False,True,False,True,False,True,False
553381424826,True,False,True,False,True,False,True,False
763903610202,True,False,True,False,True,False,True,False
168893481918,True,False,True,False,False,True,True,False
67302756502,True,False,True,False,False,True,True,False
325131364376,False,True,False,False,False,False,False,False
325754989826,True,False,True,False,False,True,False,True
486120909568,True,False,True,False,False,True,False,True
186671982234,False,True,False,False,False,False,False,False
108557173704,True,False,True,False,True,False,True,False
255883277564,True,False,False,True,False,True,False,True
256848237114,True,False,True,False,True,False,True,False
166367031546,True,False,True,False,False,True,False,True
66671421260,True,False,True,False,True,False,True,False
447067539112,True,False,False,True,False,True,False,True
515620936290,True,False,True,False,False,True,True,False
595311123404,True,False,True,False,False,True,False,True
524512378154,True,False,True,False,False,True,False,True
517213904544,True,False,True,False,False,True,True,False
999207651258,True,False,True,False,False,True,False,True
994762120250,True,False,True,False,True,False,False,True
677896588554,True,False,True,False,True,False,True,False
662327625594,True,False,True,False,False,True,True,False
735048223706,False,True,False,False,False,False,False,False
525173803306,True,False,True,False,False,True,False,True
588363357946,False,True,False,False,False,False,False,False
645831781564,False,True,False,False,False,False,False,False
756000763234,True,False,True,False,True,False,True,False
580396907888,True,False,True,False,False,True,False,True
554050786668,True,False,True,False,True,False,True,False
732495893822,True,False,True,False,True,False,True,False
774712142160,True,False,True,False,False,True,True,False
778203022648,True,False,False,True,False,True,False,True
890928822092,True,False,True,False,True,False,True,False
789326101618,True,False,True,False,False,True,True,False
904584450686,True,False,True,False,True,False,False,True
513098972796,True,False,True,False,False,True,False,True
558818653012,False,True,False,False,False,False,False,False
628361303762,True,False,True,False,True,False,False,True
692510448870,True,False,True,False,True,False,False,True
961114551208,True,False,True,False,False,True,True,False
908087854710,True,False,True,False,True,False,True,False
798241887126,True,False,True,False,True,False,True,False
275211150348,True,False,True,False,False,True,True,False
247908312188,True,False,True,False,False,True,False,True
203793091406,True,False,True,False,True,False,False,True
72033580716,True,False,True,False,True,False,True,False
328271641068,True,False,True,False,False,True,True,False
55176192738,True,False,False,True,True,False,True,False
150750342704,True,False,False,True,True,False,True,False
71368100896,True,False,True,False,False,True,False,True
172669379056,True,False,True,False,True,False,True,False
412384554956,True,False,True,False,False,True,False,True
374286791232,True,False,True,False,False,True,True,False
373657749580,False,True,False,False,False,False,False,False
22179816480,True,False,True,False,False,True,False,True
84414140262,False,True,False,False,False,False,False,False
152996822542,True,False,True,False,False,True,False,True
262214301948,True,False,True,False,False,True,False,True
375571941184,True,False,True,False,False,True,True,False
563523367088,True,False,True,False,True,False,True,False
677827467464,True,False,True,False,False,True,False,True
759747955672,True,False,True,False,False,True,False,True
526387185662,True,False,True,False,False,True,False,True
863265926778,True,False,True,False,False,True,True,False
960741542702,True,False,True,False,False,True,False,True
607997486482,False,True,False,False,False,False,False,False
748337748328,True,False,False,True,False,True,False,True
762312056248,False,True,False,False,False,False,False,False
753423688880,False,True,False,False,False,False,False,False
581020585404,True,False,True,False,True,False,True,False
935998544240,True,False,True,False,False,True,False,True
893132438258,True,False,True,False,True,False,False,True
654970893362,True,False,True,False,False,True,False,True
687046386040,True,False,True,False,True,False,True,False
602592995364,True,False,True,False,False,True,False,True
609264065270,False,True,False,False,False,False,False,False
724529243254,True,False,True,False,True,False,True,False
554980417742,True,False,True,False,False,True,True,False
780405556932,True,False,True,False,True,False,True,False
976951948872,True,False,True,False,False,True,True,False
903295725668,True,False,True,False,False,True,True,False
887109059986,True,False,True,False,True,False,True,False
215256192534,False,True,False,False,False,False,False,False
198099377968,True,False,True,False,True,False,True,False
28233409906,True,False,True,False,False,True,True,False
177468289228,True,False,True,False,True,False,True,False
383861706254,True,False,True,False,False,True,True,False
504201004720,True,False,True,False,False,True,False,True
341295278032,True,False,True,False,False,True,False,True
358764926472,True,False,False,True,False,True,False,True
417190647424,True,False,True,False,False,True,True,False
184793524664,True,False,True,False,True,False,True,False
35863516554,True,False,True,False,False,True,True,False
368941492670,True,False,True,False,False,True,False,True
388289600394,True,False,True,False,True,False,False,True
77779307648,True,False,True,False,False,True,True,False
159074154880,True,False,True,False,False,True,False,True
206380502504,False,True,False,False,False,False,False,False
169229024818,True,False,True,False,False,True,True,False
358468525266,True,False,True,False,True,False,True,False
528963910920,True,False,True,False,False,True,False,True
646758010930,True,False,True,False,False,True,True,False
831234307590,True,False,True,False,False,True,True,False
817904288326,False,True,False,False,False,False,False,False
908072510630,True,False,True,False,False,True,False,True
735997232354,True,False,True,False,True,False,False,True
649627660564,True,False,True,False,False,True,False,True
862690636470,True,False,True,False,False,True,True,False
843302589812,True,False,True,False,True,False,False,True
789642490784,True,False,True,False,False,True,True,False
823307448246,True,False,True,False,True,False,True,False
920150090686,True,False,True,False,True,False,True,False
542306128606,True,False,True,False,True,False,True,False
698531538588,False,True,False,False,False,False,False,False
965878918120,True,False,True,False,False,True,False,True
782994680348,True,False,True,False,True,False,True,False
905875877744,True,False,True,False,True,False,True,False
1242072021544,False,True,False,False,False,False,False,False
1325257498934,True,False,True,False,True,False,True,False
1383052514870,True,False,False,True,False,True,False,True
1214147573130,True,False,True,False,True,False,True,False
1017604734636,False,True,False,False,False,False,False,False
1018867809658,True,False,True,False,True,False,True,False
1224628380524,True,False,True,False,True,False,True,False
1274801604992,False,True,False,False,False,False,False,False
1405934240146,True,False,True,False,True,False,False,True
1363703576922,True,False,True,False,False,True,False,True
1206501919888,True,False,True,False,True,False,True,False
1198881969414,True,False,True,False,False,True,True,False
1216030670206,True,False,True,False,True,False,True,False
1061403848686,True,False,True,False,False,True,False,True
1309377996650,True,False,True,False,False,True,False,True
1477665159498,True,False,True,False,True,False,True,False
1318901455824,True,False,True,False,False,True,True,False
1349068753884,True,False,True,False,False,True,False,True
1464964915028,True,False,True,False,False,True,True,False
1104921602366,False,True,False,False,False,False,False,False
1262101764544,True,False,True,False,True,False,True,False
1703735869942,True,False,True,False,False,True,False,True
1911401232384,False,True,False,False,False,False,False,False
1587862918250,True,False,True,False,False,True,True,False
1684703444936,True,False,True,False,True,False,True,False
1492300260076,True,False,True,False,True,False,False,True
1519574069886,True,False,True,False,True,False,True,False
1524976017952,True,False,False,True,False,True,False,True
1587219564336,True,False,True,False,False,True,True,False
1944734156342,True,False,True,False,False,True,True,False
1560874072502,True,False,True,False,False,True,False,True
1599298150534,False,True,False,False,False,False,False,False
1509749850304,True,False,True,False,True,False,True,False
1723764957158,True,False,True,False,False,True,True,False
1641837238228,False,True,False,False,False,False,False,False
1842528021212,True,False,True,False,True,False,False,True
1812990017832,False,True,False,False,False,False,False,False
1915230249158,True,False,True,False,True,False,True,False
987779426136,True,False,True,False,False,True,True,False
1210362130562,True,False,False,True,True,False,True,False
1117636236238,True,False,True,False,False,True,True,False
1406576083928,True,False,True,False,True,False,True,False
1460248177544,True,False,True,False,True,False,True,False
1143375238530,False,True,False,False,False,False,False,False
1057325907808,True,False,True,False,True,False,True,False
1246567701264,True,False,True,False,True,False,True,False
1366594973942,True,False,True,False,False,True,True,False
1312624739240,True,False,True,False,True,False,True,False
1239559481818,False,True,False,False,False,False,False,False
1156378641324,True,False,True,False,True,False,True,False
1226870400020,True,False,True,False,True,False,True,False
1097308708310,True,False,True,False,True,False,True,False
1449757620930,True,False,True,False,True,False,False,True
1412935708976,True,False,True,False,True,False,True,False
1227835257830,True,False,True,False,False,True,False,True
1196402314766,True,False,True,False,False,True,True,False
1085910696962,True,False,True,False,False,True,False,True
1092582018868,True,False,True,False,False,True,False,True
1034477849928,True,False,True,False,True,False,True,False
1041464298012,True,False,False,True,False,True,False,True
1455175242778,True,False,True,False,True,False,True,False
1348180654356,True,False,True,False,False,True,True,False
1473606322012,True,False,True,False,False,True,True,False
1571049705212,True,False,True,False,True,False,True,False
1564071397246,True,False,True,False,False,True,False,True
1875550679606,False,True,False,False,False,False,False,False
1793014833254,False,True,False,False,False,False,False,False
1996851636136,True,False,True,False,True,False,False,True
1911766809912,True,False,False,True,False,True,False,True
1563132268302,True,False,True,False,False,True,True,False
1726340093830,True,False,True,False,True,False,False,True
1542188044010,True,False,True,False,False,True,True,False
1846686523856,True,False,True,False,True,False,True,False
2004818741774,True,False,True,False,False,True,True,False
1601536338862,True,False,True,False,False,True,False,True
1722840570938,True,False,True,False,False,True,False,True
1688863714150,True,False,True,False,False,True,True,False
1869219333134,True,False,True,False,True,False,True,False
1583137012352,True,False,True,False,False,True,False,True
1675228950704,True,False,True,False,True,False,True,False
1748574861210,True,False,True,False,False,True,True,False
1981951230160,True,False,True,False,False,True,False,True
1862569758636,True,False,True,False,True,False,False,True
1813668528848,True,False,True,False,True,False,True,False
1109657515576,True,False,True,False,True,False,True,False
1308423699840,True,False,True,False,False,True,True,False
1280493128726,True,False,True,False,True,False,True,False
1297652161602,True,False,True,False,True,False,False,True
1429420114030,True,False,False,True,False,True,True,False
1097905647828,True,False,True,False,False,True,True,False
1140471926450,True,False,True,False,False,True,True,False
1398921412078,True,False,True,False,False,True,True,False
1277313521142,True,False,False,True,False,True,False,True
1454816928000,True,False,True,False,False,True,False,True
1427208084894,True,False,True,False,True,False,True,False
1324326741348,True,False,True,False,True,False,True,False
1745663910474,True,False,True,False,False,True,True,False
1784702414398,True,False,True,False,False,True,False,True
1794868421918,True,False,False,True,True,False,False,True
1744694214328,True,False,True,False,True,False,True,False
1861876734162,True,False,True,False,True,False,True,False
1866636913984,False,True,False,False,False,False,False,False
1806309222954,True,False,False,True,False,True,True,False
1523099853818,True,False,True,False,False,True,False,True
1699008857642,False,True,False,False,False,False,False,False
1793627549180,True,False,True,False,False,True,True,False
1948261351390,True,False,True,False,False,True,False,True
2008892728420,False,True,False,False,False,False,False,False
2013661551412,False,True,False,False,False,False,False,False
1622771626590,True,False,True,False,False,True,True,False
1785021372630,True,False,True,False,True,False,True,False
1918063713898,True,False,True,False,True,False,True,False
1912359164924,True,False,True,False,True,False,True,False
1840585760376,True,False,True,False,True,False,False,True
1897111451938,True,False,True,False,True,False,True,False
1682799134616,True,False,True,False,False,True,True,False
1564689532364,False,True,False,False,False,False,False,False
1628511254266,True,False,True,False,False,True,True,False
1546261806380,True,False,True,False,True,False,True,False
1547868760164,True,False,True,False,False,True,False,True
1818066686916,True,False,True,False,False,True,True,False
1986988687372,True,False,True,False,False,True,True,False
1989844503148,True,False,False,True,False,True,False,True
1747898420726,True,False,True,False,True,False,True,False
1807911893406,True,False,True,False,True,False,False,True
1859981721658,True,False,False,True,False,True,False,True
1838067449088,True,False,True,False,True,False,True,False
1841570500648,True,False,True,False,False,True,True,False
1013807122876,True,False,True,False,True,False,True,False
1216061895036,True,False,True,False,True,False,True,False
1326558099204,True,False,False,True,True,False,True,False
1027483717844,True,False,True,False,False,True,True,False
1129404035022,True,False,True,False,False,True,False,True
1276737219874,True,False,True,False,False,True,False,True
1368491730538,True,False,True,False,True,False,True,False
1245936520962,True,False,True,False,True,False,True,False
1503755981572,True,False,True,False,False,True,True,False
1070005871910,True,False,True,False,True,False,True,False
1241472821110,True,False,False,True,False,True,False,True
1297358079334,True,False,True,False,False,True,False,True
1090360290512,True,False,True,False,False,True,True,False
1375168799674,True,False,True,False,False,True,True,False
1393900891454,True,False,True,False,True,False,True,False
1308496075916,True,False,True,False,True,False,True,False
1317057852230,False,True,False,False,False,False,False,False
1704724771732,True,False,True,False,True,False,True,False
1600901099684,True,False,True,False,False,True,False,True
1832691001836,False,True,False,False,False,False,False,False
1766017875322,True,False,True,False,True,False,True,False
1892393884576,True,False,True,False,True,False,True,False
1595203555008,True,False,True,False,False,True,True,False
1607594622082,True,False,True,False,True,False,True,False
1896859147860,True,False,True,False,True,False,True,False
1769529193462,True,False,True,False,False,True,True,False
1654561048632,True,False,True,False,True,False,False,True
1806971178134,True,False,True,False,False,True,False,True
1550755217560,True,False,True,False,True,False,True,False
1536476166262,True,False,True,False,False,True,False,True
1532013071064,False,True,False,False,False,False,False,False
1957818276542,True,False,True,False,False,True,True,False
1909553725226,False,True,False,False,False,False,False,False
2219951034078,True,False,True,False,True,False,True,False
2286624514234,True,False,True,False,False,True,True,False
2350128539396,False,True,False,False,False,False,False,False
2367915934032,True,False,True,False,False,True,True,False
2392683149002,False,True,False,False,False,False,False,False
2200924227578,False,True,False,False,False,False,False,False
2101214103514,False,True,False,False,False,False,False,False
2022469471230,True,False,True,False,True,False,True,False
2133597287700,True,False,True,False,False,True,True,False
2215520849992,True,False,True,False,True,False,True,False
2117727638330,True,False,True,False,False,True,True,False
2229186457064,True,False,True,False,False,True,True,False
2423178601858,True,False,True,False,False,True,True,False
2447946195146,True,False,True,False,False,True,False,True
2448270871722,True,False,True,False,False,True,False,True
2333964730688,True,False,True,False,True,False,True,False
2030401902878,True,False,True,False,True,False,True,False
2042467335342,True,False,True,False,True,False,False,True
2167884913126,True,False,True,False,True,False,True,False
2302191413320,False,True,False,False,False,False,False,False
2174242973408,True,False,True,False,True,False,True,False
2066616696844,True,False,True,False,True,False,True,False
2051678414902,True,False,True,False,True,False,True,False
2282516663400,True,False,True,False,False,True,True,False
2355547524276,False,True,False,False,False,False,False,False
2441916366372,True,False,True,False,False,True,False,True
2407310315452,True,False,True,False,False,True,True,False
2544773743566,False,True,False,False,False,False,False,False
2584149826730,False,True,False,False,False,False,False,False
2800060226134,True,False,False,True,True,False,True,False
2806411180878,True,False,True,False,False,True,False,True
2929613577352,True,False,True,False,True,False,True,False
2606393060612,True,False,True,False,False,True,False,True
2703558287692,True,False,True,False,False,True,True,False
2751815228624,True,False,True,False,False,True,True,False
2920427319670,True,False,True,False,False,True,False,True
2976612812712,False,True,False,False,False,False,False,False
2563830438304,True,False,True,False,False,True,False,True
2816897858780,True,False,False,True,True,False,False,True
2886116741074,True,False,True,False,True,False,False,True
2861666365720,True,False,False,True,False,True,False,True
2731170584008,True,False,True,False,True,False,True,False
2728317616598,True,False,True,False,False,True,False,True
2743246499886,True,False,True,False,False,True,True,False
2620990363792,True,False,True,False,True,False,True,False
2830237076526,True,False,True,False,False,True,False,True
2861362277498,False,True,False,False,False,False,False,False
2160618264718,True,False,True,False,True,False,True,False
2122188945584,True,False,True,False,False,True,False,True
2010745473820,True,False,True,False,True,False,False,True
2462595232682,True,False,True,False,False,True,False,True
2189506513920,True,False,True,False,True,False,True,False
2200306376438,True,False,True,False,True,False,True,False
2363502054486,True,False,True,False,False,True,True,False
2436861220748,True,False,True,False,True,False,False,True
2505448162274,False,True,False,False,False,False,False,False
2008533972986,False,True,False,False,False,False,False,False
2115855707684,True,False,True,False,True,False,True,False
2060933668256,True,False,True,False,False,True,True,False
2371461676068,True,False,True,False,False,True,False,True
2375907989800,True,False,True,False,True,False,True,False
2467362670566,True,False,False,True,False,True,False,True
2425764728768,True,False,True,False,False,True,True,False
2523859456094,True,False,True,False,False,True,False,True
2724531062690,True,False,True,False,True,False,True,False
2878206836362,True,False,False,True,False,True,True,False
2832804878684,False,True,False,False,False,False,False,False
2706453263498,True,False,True,False,False,True,False,True
2506408456826,False,True,False,False,False,False,False,False
2582309748044,True,False,True,False,True,False,False,True
2860765916728,False,True,False,False,False,False,False,False
2926168535156,False,True,False,False,False,False,False,False
2864902572576,False,True,False,False,False,False,False,False
2894115018192,True,False,True,False,False,True,True,False
2687705321968,True,False,False,True,True,False,False,True
2788343512396,True,False,True,False,False,True,True,False
2819467352000,True,False,True,False,False,True,False,True
2924258930950,True,False,True,False,False,True,True,False
2933466103636,True,False,True,False,False,True,False,True
2960136322370,True,False,True,False,True,False,False,True
2787088754662,True,False,True,False,False,True,False,True
2578810854612,True,False,True,False,False,True,False,True
2633429284130,True,False,True,False,False,True,True,False
2673746134026,True,False,False,True,False,True,False,True
2640093449732,True,False,True,False,True,False,True,False
2969996931218,True,False,True,False,True,False,False,True
2771865510548,True,False,True,False,False,True,True,False
2936973869394,False,True,False,False,False,False,False,False
2165015919336,True,False,True,False,False,True,False,True
2186291170560,True,False,True,False,True,False,True,False
2214878857100,True,False,True,False,True,False,True,False
2237410606362,True,False,True,False,True,False,True,False
2410467800446,True,False,True,False,True,False,True,False
2413646982166,False,True,False,False,False,False,False,False
2357747309258,True,False,False,True,False,True,False,True
2420619066320,True,False,True,False,False,True,False,True
2044388735850,True,False,True,False,True,False,True,False
2353010263544,True,False,True,False,True,False,True,False
2295223589276,True,False,True,False,True,False,False,True
2497808229032,True,False,True,False,True,False,False,True
2088809230906,True,False,True,False,True,False,True,False
2088180440934,True,False,True,False,True,False,True,False
2079610248480,True,False,True,False,False,True,True,False
2072311925778,True,False,True,False,True,False,True,False
2477774860026,False,True,False,False,False,False,False,False
2318701775174,True,False,True,False,True,False,True,False
2314571294010,True,False,True,False,True,False,True,False
2308547964858,True,False,False,True,False,True,True,False
2465716383918,True,False,True,False,False,True,True,False
2025964639132,False,True,False,False,False,False,False,False
2144395718612,False,True,False,False,False,False,False,False
2070428149246,False,True,False,False,False,False,False,False
2095187930910,True,False,True,False,False,True,False,True
2117097340884,True,False,True,False,True,False,True,False
2273306899004,True,False,True,False,False,True,True,False
2346036669758,True,False,True,False,True,False,True,False
2876575619286,True,False,True,False,True,False,True,False
2976916273644,True,False,True,False,True,False,True,False
2634337317944,True,False,False,True,True,False,True,False
2979159048174,True,False,False,True,True,False,True,False
2676550847100,True,False,True,False,True,False,True,False
2768625851516,True,False,True,False,False,True,False,True
2928649656954,True,False,False,True,False,True,False,True
2684818941868,False,True,False,False,False,False,False,False
2555910080658,True,False,True,False,False,True,False,True
2598768477860,True,False,True,False,True,False,True,False
2503837557190,False,True,False,False,False,False,False,False
2572109044522,True,False,True,False,False,True,True,False
2068221031870,True,False,False,True,False,True,False,True
2268249004392,True,False,True,False,False,True,False,True
2297144282292,True,False,True,False,True,False,True,False
2351444007264,True,False,True,False,True,False,True,False
2266990743520,True,False,True,False,True,False,False,True
2469883881482,True,False,True,False,True,False,True,False
2370175975158,False,True,False,False,False,False,False,False
2239692138064,False,True,False,False,False,False,False,False
2096812598274,True,False,True,False,True,False,True,False
2171425590592,True,False,True,False,False,True,True,False
2485137341518,True,False,False,True,False,True,False,True
2263833461374,False,True,False,False,False,False,False,False
2085995046478,True,False,True,False,False,True,True,False
2340327483732,True,False,True,False,True,False,True,False
2393031998572,True,False,True,False,False,True,True,False
2121252391584,False,True,False,False,False,False,False,False
2241600964346,True,False,True,False,False,True,False,True
2369563767450,True,False,True,False,False,True,True,False
2863595804420,True,False,False,True,False,True,False,True
2756285208174,True,False,True,False,True,False,True,False
2830262505106,True,False,True,False,False,True,True,False
2957908065246,True,False,True,False,False,True,True,False
2547054899588,True,False,True,False,True,False,True,False
2598183809644,True,False,False,True,False,True,True,False
2635960576478,True,False,True,False,False,True,False,True
2574337782016,True,False,True,False,True,False,True,False
2508612301588,True,False,True,False,True,False,False,True
2595932166438,True,False,True,False,False,True,False,True
2632765973204,True,False,True,False,False,True,True,False
2618790632992,True,False,True,False,True,False,True,False
2568954079470,True,False,True,False,True,False,True,False
2631182002018,True,False,True,False,False,True,False,True
2592119986398,True,False,True,False,True,False,True,False
2514651255394,True,False,True,False,False,True,True,False
2965840471412,True,False,True,False,False,True,True,False
2786451448956,True,False,True,False,False,True,True,False
2896316090856,False,True,False,False,False,False,False,False
2888363853570,True,False,True,False,False,True,True,False
2511499112746,True,False,False,True,False,True,True,False
2575639337220,False,True,False,False,False,False,False,False
2690578201118,True,False,True,False,True,False,True,False
2722336878926,True,False,True,False,True,False,True,False
2801703975852,True,False,True,False,False,True,True,False
2877284950480,True,False,True,False,False,True,True,False
3018825256196,True,False,True,False,True,False,True,False
3352553745130,True,False,True,False,True,False,True,False
3252529048844,True,False,False,True,False,True,False,True
3032509235074,True,False,True,False,False,True,False,True
3387817818768,True,False,True,False,False,True,True,False
3493551777614,True,False,True,False,True,False,True,False
3390994027544,True,False,True,False,False,True,True,False
3215695973782,True,False,True,False,True,False,True,False
3123606808292,True,False,True,False,False,True,False,True
3490038293300,True,False,True,False,False,True,True,False
3063613318684,True,False,True,False,True,False,False,True
3201744119622,True,False,False,True,False,True,True,False
3162686640592,False,True,False,False,False,False,False,False
3322720676062,True,False,True,False,False,True,True,False
3501482218272,True,False,True,False,True,False,True,False
3276043120134,True,False,True,False,False,True,True,False
3453536220470,True,False,True,False,False,True,False,True
3687208661164,True,False,False,True,False,True,False,True
3628795186968,True,False,True,False,True,False,True,False
3702143668392,True,False,True,False,True,False,True,False
3712290272386,True,False,True,False,False,True,True,False
3848822814076,True,False,True,False,False,True,False,True
3564660961406,True,False,True,False,True,False,True,False
3938715598222,True,False,True,False,False,True,True,False
3772652462626,True,False,True,False,True,False,True,False
3833296766418,True,False,True,False,False,True,False,True
3510988011116,True,False,True,False,True,False,True,False
3507811778076,True,False,False,True,True,False,True,False
3616394924468,True,False,False,True,True,False,True,False
3719909619772,True,False,True,False,False,True,False,True
3812323563264,True,False,False,True,False,True,False,True
3762784950372,True,False,False,True,False,True,False,True
3705957815722,True,False,True,False,False,True,False,True
3603089853106,True,False,True,False,False,True,False,True
3718040409222,True,False,True,False,False,True,False,True
3135393879094,True,False,True,False,True,False,True,False
3140802480126,True,False,True,False,True,False,True,False
3325909129798,True,False,True,False,False,True,False,True
3298285041682,True,False,True,False,False,True,False,True
3225595086422,True,False,True,False,False,True,False,True
3128759777470,True,False,True,False,True,False,False,True
3402777697434,True,False,True,False,False,True,True,False
3332910168828,True,False,True,False,True,False,True,False
3330384272504,True,False,True,False,True,False,False,True
3360204617102,True,False,True,False,True,False,True,False
3276705652344,True,False,False,True,False,True,False,True
3231633310170,True,False,True,False,True,False,True,False
3057954483252,True,False,True,False,False,True,False,True
3423103666314,True,False,True,False,True,False,True,False
3446280308344,True,False,True,False,True,False,False,True
3442149600404,True,False,False,True,False,True,False,True
3688211470306,True,False,False,True,False,True,False,True
3600892210756,True,False,True,False,False,True,True,False
3940306222078,True,False,True,False,True,False,True,False
3828233606310,True,False,True,False,False,True,True,False
3792038972772,True,False,True,False,False,True,False,True
3797751460580,True,False,True,False,True,False,True,False
3754575392668,True,False,True,False,True,False,True,False
3746322896678,True,False,True,False,False,True,True,False
3568835113954,True,False,True,False,False,True,False,True
3952711980608,True,False,True,False,True,False,True,False
3808554524404,True,False,True,False,True,False,True,False
3984462544846,True,False,True,False,False,True,False,True
3626923357596,True,False,False,True,False,True,False,True
3696767527328,True,False,True,False,True,False,True,False
3592337996120,True,False,True,False,False,True,False,True
3696793584188,True,False,True,False,True,False,True,False
3830793626266,False,True,False,False,False,False,False,False
3847615710314,True,False,False,True,False,True,True,False
3089958760752,True,False,True,False,False,True,True,False
3033113256520,True,False,True,False,False,True,True,False
3149645112500,True,False,True,False,False,True,False,True
3203621319912,False,True,False,False,False,False,False,False
3184584358682,True,False,True,False,False,True,False,True
3398909979872,True,False,True,False,False,True,True,False
3342730083024,True,False,False,True,False,True,False,True
3036934736558,True,False,True,False,False,True,True,False
3473845684082,True,False,True,False,False,True,False,True
3263313443732,True,False,True,False,False,True,False,True
3271251393354,False,True,False,False,False,False,False,False
3354126003182,True,False,True,False,False,True,False,True
3084260362076,True,False,True,False,False,True,True,False
3303659551158,True,False,False,True,False,True,False,True
3598297570412,True,False,True,False,False,True,False,True
3753571781128,True,False,True,False,False,True,True,False
3739614686318,True,False,True,False,False,True,True,False
3672622905312,False,True,False,False,False,False,False,False
3604358700814,True,False,True,False,True,False,True,False
3634532097068,True,False,True,False,False,True,False,True
3791693913194,False,True,False,False,False,False,False,False
3638949532276,True,False,True,False,True,False,True,False
3563690211466,True,False,True,False,True,False,True,False
3802788542478,True,False,True,False,False,True,True,False
3913927648932,True,False,False,True,False,True,True,False
3923135779484,True,False,True,False,False,True,True,False
3855194159496,True,False,True,False,False,True,False,True
3104914859944,False,True,False,False,False,False,False,False
3119216893246,False,True,False,False,False,False,False,False
3400539008348,True,False,True,False,True,False,True,False
3440859235978,True,False,True,False,True,False,True,False
3237977563238,True,False,True,False,False,True,False,True
3150982853630,True,False,False,True,False,True,True,False
3174471900994,False,True,False,False,False,False,False,False
3400540899210,True,False,True,False,False,True,False,True
3452948835370,True,False,True,False,True,False,False,True
3113489389012,True,False,True,False,True,False,True,False
3093801460904,True,False,False,True,True,False,True,False
3364967850092,True,False,True,False,False,True,True,False
3188123724020,True,False,True,False,False,True,True,False
3284331855628,True,False,True,False,False,True,True,False
3482472324192,False,True,False,False,False,False,False,False
3342444719706,True,False,False,True,False,True,False,True
3302118142890,False,True,False,False,False,False,False,False
3473906567728,True,False,True,False,False,True,True,False
3629469542240,True,False,False,True,False,True,False,True
3733293013788,False,True,False,False,False,False,False,False
3729485294078,False,True,False,False,False,False,False,False
3840291759712,True,False,True,False,True,False,True,False
3912369707106,True,False,True,False,True,False,True,False
3818391396860,False,True,False,False,False,False,False,False
3807281195718,True,False,True,False,False,True,False,True
3527551342592,True,False,True,False,False,True,False,True
3518027582402,True,False,True,False,False,True,True,False
3717761094142,True,False,True,False,False,True,True,False
3658054205176,True,False,False,True,False,True,False,True
3512006522342,True,False,True,False,True,False,True,False
3958757664942,False,True,False,False,False,False,False,False
3899056119308,False,True,False,False,False,False,False,False
3898745151494,True,False,True,False,True,False,True,False
3659618697766,True,False,True,False,False,True,True,False
3682495560082,True,False,True,False,False,True,True,False
3574843656252,True,False,True,False,False,True,False,True
3722169055390,True,False,False,True,False,True,True,False
3749477084848,True,False,True,False,False,True,False,True
3902837002158,True,False,True,False,False,True,True,False
3873319914150,True,False,True,False,True,False,True,False
3758691087744,True,False,True,False,False,True,False,True
3921576050626,True,False,True,False,False,True,True,False
3503742585622,True,False,False,True,False,True,False,True
3917148988848,True,False,True,False,False,True,False,True
2166999610094,False,True,False,False,False,False,False,False
2138105719034,True,False,True,False,False,True,True,False
2317502578784,True,False,True,False,False,True,True,False
2461344783242,True,False,True,False,True,False,True,False
2007631030184,True,False,True,False,False,True,True,False
2183856419054,True,False,True,False,False,True,False,True
2167335577066,True,False,True,False,False,True,True,False
2360403939854,True,False,False,True,False,True,False,True
2315300905554,True,False,True,False,True,False,True,False
2381983179812,True,False,True,False,True,False,False,True
2403900702942,False,True,False,False,False,False,False,False
2115880353384,True,False,False,True,True,False,True,False
2002538742440,False,True,False,False,False,False,False,False
2049866357798,True,False,True,False,True,False,True,False
2139091140932,True,False,True,False,True,False,False,True
2138121722386,True,False,True,False,False,True,False,True
2474700910230,True,False,True,False,True,False,True,False
2433738436688,True,False,True,False,True,False,False,True
2344196613066,False,True,False,False,False,False,False,False
2305463809416,True,False,True,False,False,True,True,False
2660123088242,True,False,True,False,False,True,False,True
2756330841872,True,False,True,False,True,False,True,False
2580415514518,False,True,False,False,False,False,False,False
2635981463766,True,False,True,False,False,True,False,True
2843000345162,True,False,True,False,False,True,True,False
2781729670442,True,False,True,False,False,True,True,False
2965890464630,True,False,False,True,False,True,False,True
2510254731740,True,False,True,False,True,False,True,False
2612831079698,True,False,False,True,False,True,True,False
2668080568008,True,False,True,False,True,False,True,False
2675700846852,True,False,True,False,True,False,True,False
2820481624912,True,False,True,False,False,True,True,False
2824930005170,True,False,True,False,False,True,False,True
2890337336372,True,False,True,False,True,False,True,False
2983374702996,True,False,True,False,True,False,True,False
2598507023528,True,False,True,False,True,False,False,True
2506133197690,True,False,True,False,True,False,True,False
2719182717314,True,False,True,False,True,False,True,False
2583920079584,True,False,True,False,False,True,False,True
2854765017100,True,False,False,True,False,True,False,True
2946850202240,True,False,True,False,True,False,True,False
2979249766092,True,False,True,False,True,False,False,True
2974167153470,False,True,False,False,False,False,False,False
2837627379732,True,False,True,False,False,True,False,True
2878276416206,True,False,True,False,True,False,False,True
2107359904406,True,False,True,False,True,False,True,False
2196256483070,True,False,True,False,True,False,True,False
2393754376306,True,False,True,False,False,True,True,False
2135308971746,False,True,False,False,False,False,False,False
2216907303622,True,False,True,False,False,True,False,True
2441085066086,True,False,True,False,False,True,True,False
2250861331244,True,False,True,False,True,False,True,False
2127033571636,True,False,True,False,False,True,True,False
2381378734210,True,False,True,False,True,False,True,False
2243895092908,True,False,False,True,True,False,False,True
2455365429340,True,False,True,False,False,True,False,True
2368057206980,True,False,True,False,True,False,True,False
2449025184836,True,False,True,False,True,False,True,False
2341378420910,True,False,True,False,False,True,False,True
2731604274290,True,False,True,False,False,True,False,True
2902096562516,True,False,False,True,True,False,False,True
2880829904434,True,False,True,False,False,True,False,True
2911002167414,True,False,True,False,True,False,True,False
2762071579284,True,False,True,False,True,False,True,False
2795735175820,True,False,True,False,False,True,True,False
3013875119966,True,False,True,False,False,True,False,True
2560471276812,True,False,True,False,False,True,True,False
2830363099266,True,False,False,True,False,True,False,True
2762413996956,True,False,True,False,True,False,False,True
3010389204122,True,False,True,False,True,False,True,False
2833861541150,True,False,True,False,False,True,True,False
2985638822158,True,False,True,False,False,True,True,False
2903401193256,True,False,True,False,True,False,True,False
2555680782680,False,True,False,False,False,False,False,False
2579825406320,True,False,True,False,True,False,True,False
2974184189258,True,False,True,False,True,False,False,True
2821796235162,True,False,True,False,False,True,False,True
2808763803606,True,False,True,False,False,True,True,False
2896719363616,True,False,False,True,False,True,True,False
2933557077140,True,False,True,False,False,True,False,True
2234639286662,True,False,False,True,False,True,False,True
2210510185436,True,False,True,False,True,False,False,True
2313389386714,False,True,False,False,False,False,False,False
2483251171788,True,False,True,False,True,False,False,True
2408002938918,False,True,False,False,False,False,False,False
2201628420126,True,False,True,False,True,False,False,True
2023826266706,True,False,True,False,False,True,False,True
2040007313514,True,False,True,False,True,False,True,False
2285149409946,False,True,False,False,False,False,False,False
2347381112822,True,False,True,False,True,False,True,False
2194306914392,False,True,False,False,False,False,False,False
2034602846958,True,False,True,False,True,False,True,False
2052067454690,True,False,False,True,False,True,False,True
2202882222922,True,False,True,False,True,False,True,False
2472777775690,True,False,False,True,False,True,True,False
2490881279132,True,False,True,False,False,True,False,True
2210837660784,False,True,False,False,False,False,False,False
2191792861440,True,False,True,False,True,False,True,False
2297522561348,True,False,True,False,False,True,True,False
2360402231898,True,False,False,True,True,False,False,True
2272131067232,True,False,True,False,False,True,False,True
2628038425904,True,False,True,False,False,True,False,True
2578829756170,True,False,True,False,True,False,True,False
2669637805142,True,False,True,False,False,True,False,True
2693779556346,False,True,False,False,False,False,False,False
2510875815008,False,True,False,False,False,False,False,False
2636611593234,True,False,True,False,True,False,True,False
2895705871328,True,False,True,False,False,True,True,False
2757915521976,True,False,True,False,False,True,False,True
2964297473522,False,True,False,False,False,False,False,False
2745835802012,True,False,True,False,True,False,False,True
2680133454012,True,False,True,False,False,True,True,False
2772850831464,True,False,True,False,True,False,True,False
2969077510704,True,False,True,False,True,False,True,False
2835091580608,True,False,True,False,True,False,False,True
2961144752442,True,False,False,True,False,True,False,True
2898582477228,True,False,True,False,True,False,True,False
2579142716860,True,False,True,False,True,False,True,False
2829351928856,True,False,True,False,False,True,False,True
2987791461280,True,False,True,False,False,True,True,False
2531533666866,False,True,False,False,False,False,False,False
2602668302620,True,False,False,True,False,True,False,True
2690934729686,True,False,True,False,True,False,False,True
2700143616432,False,True,False,False,False,False,False,False
2632181056682,True,False,True,False,False,True,False,True
2545835650800,True,False,False,True,False,True,False,True
2714433680068,True,False,True,False,False,True,True,False
2923680191176,True,False,True,False,False,True,False,True
2835080847368,True,False,True,False,True,False,True,False
2852227380750,True,False,False,True,False,True,True,False
2064482585512,True,False,True,False,False,True,True,False
2071786427816,True,False,True,False,True,False,True,False
2029553269774,False,True,False,False,False,False,False,False
2075915927516,True,False,True,False,False,True,False,True
2103539764408,True,False,True,False,False,True,True,False
2233411265144,False,True,False,False,False,False,False,False
2428677421220,True,False,True,False,True,False,True,False
2278186296864,False,True,False,False,False,False,False,False
2386145793244,True,False,True,False,True,False,True,False
2315662905850,True,False,True,False,False,True,True,False
2439174985826,False,True,False,False,False,False,False,False
2188005730208,True,False,True,False,False,True,True,False
2441390722920,True,False,True,False,True,False,True,False
2434725775652,True,False,True,False,True,False,True,False
2680484112178,False,True,False,False,False,False,False,False
2558546227074,False,True,False,False,False,False,False,False
2785253793428,False,True,False,False,False,False,False,False
2516023292142,True,False,True,False,True,False,False,True
2665577656486,True,False,True,False,True,False,True,False
2978652351856,True,False,True,False,True,False,True,False
2951974321660,True,False,True,False,True,False,True,False
2787824520962,True,False,True,False,False,True,False,True
2555681339970,True,False,False,True,False,True,True,False
2696027196448,True,False,False,True,False,True,False,True
2593484817800,True,False,True,False,False,True,False,True
2656665451618,True,False,True,False,False,True,True,False
2754781021408,True,False,True,False,True,False,True,False
2933861848112,True,False,True,False,False,True,True,False
2972588780192,False,True,False,False,False,False,False,False
2675412386428,True,False,True,False,True,False,True,False
2509987843472,True,False,True,False,True,False,True,False
2553163684484,False,True,False,False,False,False,False,False
2512524753518,True,False,True,False,True,False,True,False
2537617829688,True,False,True,False,True,False,True,False
2843069650412,True,False,True,False,False,True,True,False
2825291907316,True,False,True,False,False,True,False,True
3233557278350,True,False,True,False,False,True,False,True
3218943799062,True,False,True,False,False,True,False,True
3004316684682,True,False,True,False,False,True,True,False
3465685314574,True,False,False,True,False,True,False,True
3354550896166,True,False,True,False,True,False,True,False
3020495287032,True,False,True,False,False,True,False,True
3027490051078,True,False,True,False,True,False,False,True
3056372779242,True,False,True,False,False,True,True,False
3257372439754,True,False,True,False,False,True,False,True
3131338998934,True,False,True,False,True,False,True,False
3163719412178,True,False,False,True,True,False,True,False
3357093702622,True,False,True,False,False,True,False,True
3394874827630,True,False,True,False,False,True,True,False
3336763048926,True,False,True,False,False,True,False,True
3409789524796,True,False,False,True,False,True,False,True
3357729449590,True,False,False,True,True,False,False,True
3867003126174,False,True,False,False,False,False,False,False
3963840854516,True,False,False,True,False,True,False,True
3956857986058,True,False,True,False,False,True,False,True
3913055396346,True,False,True,False,False,True,True,False
3511716870102,True,False,True,False,False,True,False,True
3560307434178,True,False,True,False,True,False,True,False
3673026757556,True,False,True,False,False,True,False,True
3792084231836,True,False,True,False,False,True,True,False
3816533876902,True,False,False,True,True,False,False,True
3970215345818,True,False,True,False,True,False,False,True
3970538838488,True,False,False,True,False,True,False,True
3973081241888,True,False,True,False,True,False,True,False
3518366369436,True,False,True,False,False,True,False,True
3719357789338,True,False,True,False,True,False,True,False
3836516042312,True,False,True,False,True,False,False,True
3756196384468,True,False,True,False,True,False,False,True
3644121803398,False,True,False,False,False,False,False,False
3664448249880,False,True,False,False,False,False,False,False
3717466732384,True,False,False,True,False,True,False,True
3692390841636,True,False,True,False,False,True,True,False
3920048623712,True,False,True,False,False,True,False,True
3012282631124,True,False,True,False,True,False,True,False
3074837246510,True,False,True,False,False,True,False,True
3254875647530,True,False,True,False,True,False,True,False
3392354826616,False,True,False,False,False,False,False,False
3473322175346,True,False,True,False,True,False,False,True
3308236470256,True,False,False,True,True,False,True,False
3418721032600,True,False,True,False,False,True,True,False
3301246847888,True,False,True,False,True,False,True,False
3358404152536,True,False,True,False,False,True,True,False
3121507219550,False,True,False,False,False,False,False,False
3399338782120,True,False,True,False,True,False,False,True
3074848637330,True,False,True,False,True,False,True,False
3199010071360,False,True,False,False,False,False,False,False
3832436765012,True,False,True,False,False,True,False,True
3499699418624,False,True,False,False,False,False,False,False
3539394155980,True,False,True,False,False,True,False,True
3771178463304,True,False,True,False,False,True,True,False
3799758363020,True,False,True,False,False,True,True,False
3776564157396,True,False,True,False,True,False,True,False
3782262281382,True,False,False,True,False,True,True,False
3831161671880,True,False,True,False,False,True,True,False
3659084934112,True,False,True,False,True,False,True,False
3693373969248,True,False,True,False,False,True,True,False
3696250120878,True,False,True,False,False,True,False,True
3754654397446,True,False,True,False,False,True,False,True
3755304885028,True,False,True,False,False,True,True,False
3842619734912,True,False,True,False,False,True,True,False
3050987388968,True,False,True,False,False,True,False,True
3148144654668,True,False,True,False,False,True,True,False
3359613906180,True,False,True,False,False,True,False,True
3244044286742,True,False,True,False,False,True,False,True
3211024424660,True,False,True,False,True,False,True,False
3196100355282,True,False,True,False,False,True,False,True
3171667468536,True,False,True,False,True,False,True,False
3467897550440,True,False,True,False,False,True,False,True
3058916495802,True,False,True,False,True,False,True,False
3295466224844,True,False,True,False,False,True,True,False
3498368358932,True,False,True,False,False,True,True,False
3056704918706,True,False,True,False,False,True,True,False
3436779784946,False,True,False,False,False,False,False,False
3255803565670,True,False,True,False,False,True,False,True
3287867164668,True,False,False,True,False,True,False,True
3427255999788,True,False,True,False,False,True,False,True
3595526251708,True,False,True,False,False,True,True,False
3729203835518,True,False,True,False,True,False,True,False
3665707924410,True,False,True,False,False,True,True,False
3835890503832,False,True,False,False,False,False,False,False
3943221310680,False,True,False,False,False,False,False,False
3885097511854,True,False,True,False,True,False,True,False
3897823712260,True,False,True,False,False,True,False,True
3657443206738,True,False,True,False,False,True,True,False
3716825344184,True,False,False,True,False,True,False,True
3509787461546,True,False,True,False,True,False,True,False
3633941839004,True,False,True,False,True,False,True,False
3727947414668,True,False,True,False,True,False,False,True
3575541065606,False,True,False,False,False,False,False,False
3504101611370,False,True,False,False,False,False,False,False
3644445677770,False,True,False,False,False,False,False,False
3985462610906,True,False,True,False,False,True,True,False
3903218732372,False,True,False,False,False,False,False,False
3040863112428,True,False,True,False,False,True,True,False
2995774290686,True,False,True,False,False,True,True,False
3331069538062,True,False,True,False,False,True,False,True
3414904923522,True,False,True,False,True,False,False,True
3455230190676,False,True,False,False,False,False,False,False
3323138166364,True,False,True,False,False,True,True,False
3425058836230,True,False,True,False,True,False,True,False
3093897193704,True,False,True,False,False,True,True,False
3506367995496,True,False,True,False,False,True,True,False
3255831260180,True,False,True,False,False,True,False,True
3315857130538,True,False,True,False,False,True,False,True
3289185249266,True,False,False,True,False,True,True,False
3229143250728,True,False,True,False,True,False,False,True
3181515125166,True,False,True,False,False,True,True,False
3245667672362,True,False,True,False,True,False,True,False
3204059222640,True,False,True,False,False,True,True,False
3132311849008,True,False,True,False,False,True,False,True
3417123029464,True,False,True,False,False,True,False,True
3272324384106,True,False,True,False,True,False,True,False
3353625405798,True,False,True,False,False,True,False,True
3339980159488,True,False,True,False,False,True,False,True
3277755965904,True,False,True,False,False,True,True,False
3446345478984,False,True,False,False,False,False,False,False
3705424711374,True,False,True,False,False,True,True,False
3573986349828,True,False,True,False,False,True,False,True
3732409098944,True,False,True,False,True,False,False,True
3544132388830,True,False,True,False,False,True,False,True
3642883502774,True,False,True,False,False,True,True,False
3647647361838,True,False,True,False,True,False,True,False
3758448838540,False,True,False,False,False,False,False,False
3821962111896,True,False,True,False,True,False,False,True
3942620367306,False,True,False,False,False,False,False,False
3641308099292,True,False,False,True,False,True,False,True
3728950498576,True,False,True,False,False,True,True,False
3608922395566,True,False,False,True,False,True,False,True
3516833304744,False,True,False,False,False,False,False,False
633707874,True,False,True,False,True,False,True,False
3899447828146,True,False,True,False,True,False,True,False
3734951275264,True,False,True,False,True,False,True,False
3731474733772,True,False,True,False,True,False,True,False
3843230105958,True,False,True,False,False,True,False,True
3937545012246,True,False,True,False,True,False,True,False
3961978454410,True,False,True,False,False,True,True,False
3952467747118,True,False,False,True,True,False,False,True
3503513971832,True,False,True,False,True,False,False,True
3578751217970,True,False,True,False,False,True,True,False
3655588790200,True,False,True,False,True,False,True,False
3855001429310,True,False,True,False,False,True,True,False
3995030521488,True,False,True,False,False,True,True,False
2266634091992,True,False,True,False,True,False,False,True
2238393182932,True,False,True,False,False,True,True,False
2448576705220,True,False,False,True,True,False,True,False
2420004592458,True,False,True,False,True,False,True,False
2336495825072,False,True,False,False,False,False,False,False
2480342591116,True,False,True,False,False,True,False,True
2283449095066,False,True,False,False,False,False,False,False
2359658279906,True,False,True,False,False,True,True,False
2317113221814,True,False,True,False,True,False,True,False
2236157389602,True,False,True,False,True,False,True,False
2308868032480,True,False,True,False,False,True,True,False
2459055270414,True,False,True,False,False,True,True,False
2344131074210,True,False,True,False,False,True,False,True
2356193583038,True,False,True,False,False,True,True,False
2570819939898,True,False,True,False,True,False,False,True
2649243372746,True,False,True,False,False,True,False,True
2546992685186,True,False,True,False,False,True,True,False
2667643808854,True,False,False,True,False,True,True,False
2954368626942,True,False,True,False,False,True,False,True
2820377556096,True,False,True,False,False,True,True,False
2716568020142,True,False,False,True,True,False,True,False
2508286517344,True,False,False,True,False,True,True,False
2777213963332,False,True,False,False,False,False,False,False
2566994303994,True,False,True,False,False,True,False,True
2491755470500,True,False,True,False,False,True,False,True
2674321684248,True,False,True,False,True,False,True,False
2913728260614,False,True,False,False,False,False,False,False
2937865652292,True,False,True,False,False,True,True,False
2918505475404,False,True,False,False,False,False,False,False
2909609875756,True,False,True,False,True,False,True,False
2533989763754,True,False,True,False,True,False,False,True
2896614058862,True,False,True,False,True,False,True,False
2147270637380,True,False,True,False,False,True,True,False
2273021711500,True,False,True,False,False,True,True,False
2386056891940,False,True,False,False,False,False,False,False
2034253274188,True,False,True,False,False,True,True,False
2253347618152,True,False,True,False,False,True,False,True
2232388476138,True,False,False,True,False,True,False,True
2432422118786,True,False,True,False,False,True,False,True
2437819732794,True,False,True,False,False,True,True,False
2277485060598,True,False,True,False,True,False,True,False
2117111530370,True,False,True,False,False,True,True,False
2133950044864,True,False,True,False,False,True,False,True
2049172205552,True,False,True,False,False,True,False,True
2228255727986,True,False,False,True,False,True,False,True
2365405744394,True,False,True,False,False,True,True,False
2370823014534,True,False,False,True,True,False,False,True
2241285765906,False,True,False,False,False,False,False,False
2163174006584,True,False,False,True,False,True,False,True
2201277212666,True,False,False,True,True,False,False,True
2190161669502,True,False,True,False,True,False,True,False
2238419946706,True,False,True,False,True,False,True,False
2200636150664,False,True,False,False,False,False,False,False
2459410589516,True,False,True,False,True,False,True,False
2468303417728,False,True,False,False,False,False,False,False
2432120501546,True,False,True,False,True,False,False,True
2380348060430,True,False,True,False,False,True,False,True
2642606221764,True,False,True,False,False,True,True,False
2878201601470,True,False,True,False,True,False,True,False
2855986163458,True,False,True,False,True,False,False,True
2908379206300,True,False,True,False,False,True,False,True
2973775298926,True,False,True,False,False,True,False,True
2990302643344,True,False,True,False,False,True,False,True
2684217445032,True,False,True,False,True,False,True,False
2653740086942,True,False,True,False,False,True,True,False
2992536320142,True,False,True,False,True,False,True,False
2951587101338,True,False,True,False,False,True,False,True
2573716630254,True,False,True,False,True,False,True,False
2603563914628,False,True,False,False,False,False,False,False
2891538779630,True,False,True,False,False,True,False,True
2887425383580,True,False,True,False,False,True,False,True
3004918265568,True,False,True,False,False,True,False,True
2068810238694,False,True,False,False,False,False,False,False
2064370175240,True,False,True,False,True,False,True,False
2032931563090,True,False,True,False,False,True,True,False
2186925386552,True,False,True,False,False,True,False,True
2049128837998,True,False,True,False,False,True,False,True
2225987452314,True,False,True,False,False,True,True,False
2500951607172,True,False,True,False,True,False,False,True
2272024702538,True,False,True,False,False,True,False,True
2022474368372,True,False,True,False,False,True,True,False
2096444408002,False,True,False,False,False,False,False,False
2141549938322,False,True,False,False,False,False,False,False
2031656016474,True,False,True,False,False,True,False,True
2506982346954,True,False,True,False,True,False,True,False
2454597469312,True,False,True,False,False,True,True,False
2201229613010,True,False,True,False,True,False,True,False
2230449718088,True,False,True,False,False,True,False,True
2248550903476,True,False,True,False,False,True,True,False
2051363626118,True,False,True,False,False,True,False,True
2183131048812,True,False,True,False,False,True,False,True
2405393939562,True,False,True,False,False,True,False,True
2273640401658,True,False,True,False,False,True,False,True
2424777301362,True,False,True,False,False,True,False,True
2616842475808,True,False,True,False,False,True,True,False
2724169452368,True,False,True,False,False,True,False,True
2723537286070,True,False,True,False,True,False,True,False
2760685386262,True,False,True,False,True,False,True,False
2805136221018,True,False,True,False,False,True,True,False
2785767350390,False,True,False,False,False,False,False,False
2871813632342,True,False,True,False,True,False,True,False
2701332457148,True,False,True,False,True,False,False,True
2853415766792,False,True,False,False,False,False,False,False
2820716348320,True,False,True,False,False,True,False,True
2947082101054,True,False,False,True,False,True,False,True
2736875671858,True,False,True,False,True,False,True,False
2566674922890,True,False,True,False,False,True,False,True
2772432016016,True,False,True,False,True,False,True,False
2522576711566,True,False,True,False,False,True,False,True
2716578331612,True,False,False,True,False,True,False,True
2515903575486,False,True,False,False,False,False,False,False
2826752656820,True,False,True,False,False,True,True,False
2117742439692,True,False,False,True,False,True,False,True
2190452251734,True,False,True,False,True,False,True,False
2220934398658,False,True,False,False,False,False,False,False
2337785865788,True,False,True,False,True,False,True,False
2264763800344,True,False,True,False,False,True,False,True
2414312999070,True,False,True,False,False,True,False,True
2037753229452,True,False,True,False,False,True,False,True
2253030403192,False,True,False,False,False,False,False,False
2221912436074,True,False,True,False,True,False,False,True
2053318690958,True,False,True,False,False,True,True,False
2436232563590,True,False,True,False,True,False,True,False
2456884468106,True,False,True,False,True,False,True,False
2380043419426,True,False,False,True,False,True,False,True
2473394702364,True,False,True,False,False,True,True,False
2218403513802,True,False,True,False,False,True,False,True
2297476652896,True,False,True,False,True,False,True,False
2494977394402,True,False,True,False,True,False,True,False
2318445069646,True,False,True,False,False,True,True,False
2566398023008,True,False,True,False,False,True,False,True
2565779287274,True,False,True,False,False,True,False,True
2753415388774,False,True,False,False,False,False,False,False
2856295497784,True,False,True,False,True,False,True,False
2762316456998,True,False,False,True,True,False,True,False
2620406083752,True,False,True,False,True,False,True,False
2718202823256,True,False,True,False,True,False,True,False
2722653294666,True,False,True,False,False,True,False,True
2627070753192,True,False,True,False,False,True,True,False
2783616277900,True,False,True,False,True,False,False,True
2857279154472,True,False,True,False,True,False,False,True
2842332329348,True,False,True,False,False,True,False,True
2946159832176,True,False,True,False,False,True,True,False
2890906161554,True,False,True,False,False,True,False,True
2959802483010,True,False,True,False,True,False,True,False
2613412832794,True,False,True,False,False,True,False,True
2672793734628,False,True,False,False,False,False,False,False
3154099290926,False,True,False,False,False,False,False,False
3203938138196,True,False,True,False,True,False,False,True
3193477794580,True,False,True,False,False,True,False,True
3405253603700,False,True,False,False,False,False,False,False
3389381434318,True,False,True,False,True,False,True,False
3309036653028,True,False,True,False,True,False,True,False
3335712793374,True,False,True,False,True,False,True,False
3481467703688,False,True,False,False,False,False,False,False
3055054193602,True,False,True,False,False,True,True,False
3238568733804,True,False,True,False,True,False,True,False
3277004655406,True,False,True,False,False,True,True,False
3379244305918,True,False,True,False,True,False,True,False
3339222800920,True,False,True,False,True,False,True,False
3333834713082,True,False,True,False,False,True,False,True
3468764913518,True,False,True,False,False,True,False,True
3381124706464,True,False,True,False,False,True,False,True
3264899031382,True,False,True,False,False,True,True,False
3124271640706,False,True,False,False,False,False,False,False
3284290859030,True,False,True,False,False,True,False,True
3419877720598,True,False,True,False,True,False,True,False
3474494108848,False,True,False,False,False,False,False,False
3558943162094,True,False,True,False,False,True,False,True
3664345615452,True,False,False,True,True,False,False,True
3724355383618,True,False,True,False,False,True,True,False
3950743009644,True,False,True,False,False,True,False,True
3953293074354,True,False,True,False,False,True,False,True
3518624195512,True,False,True,False,True,False,False,True
3668806091298,True,False,True,False,False,True,False,True
3688508786454,True,False,True,False,True,False,True,False
3844727416890,True,False,True,False,False,True,False,True
3953638465262,True,False,True,False,False,True,False,True
3886950672258,True,False,True,False,True,False,True,False
3629112539080,True,False,False,True,False,True,False,True
3816431472414,True,False,True,False,False,True,False,True
3941560434306,True,False,True,False,True,False,True,False
3863142671450,True,False,True,False,False,True,False,True
3133488942068,True,False,True,False,True,False,True,False
3250339628884,True,False,True,False,False,True,False,True
3117303814248,True,False,True,False,True,False,True,False
3485626030474,True,False,True,False,False,True,False,True
3362117806028,True,False,True,False,True,False,True,False
3033809055844,True,False,True,False,False,True,False,True
3013171768266,True,False,True,False,True,False,True,False
2997932824330,True,False,True,False,True,False,True,False
3356731936154,True,False,True,False,False,True,True,False
3116986748492,True,False,True,False,True,False,True,False
3452928125758,True,False,True,False,False,True,True,False
3058577658848,True,False,True,False,False,True,True,False
3049379356706,True,False,True,False,False,True,True,False
3030314171112,True,False,True,False,True,False,True,False
3104307722044,True,False,True,False,False,True,True,False
3336094851446,True,False,True,False,False,True,False,True
3256720345454,True,False,True,False,True,False,True,False
3262117429550,True,False,True,False,True,False,True,False
3673604421944,True,False,True,False,True,False,True,False
3557072163652,True,False,True,False,True,False,True,False
3767271738838,True,False,True,False,True,False,True,False
3884103904208,True,False,True,False,False,True,False,True
3667269419824,True,False,True,False,True,False,True,False
3735529819530,True,False,True,False,False,True,True,False
3684102566314,False,True,False,False,False,False,False,False
3850785395850,True,False,True,False,True,False,True,False
3872382148164,True,False,True,False,False,True,True,False
3787282253102,True,False,True,False,True,False,True,False
3795553170456,False,True,False,False,False,False,False,False
3853975539828,True,False,True,False,False,True,True,False
5948744536,True,False,True,False,False,True,True,False
3693912700724,True,False,True,False,True,False,True,False
3748537707680,True,False,True,False,False,True,True,False
3694245820012,False,True,False,False,False,False,False,False
3939680312410,True,False,True,False,False,True,True,False
3812662686860,True,False,True,False,False,True,True,False
3769805046772,True,False,True,False,False,True,True,False
3960944274598,True,False,True,False,False,True,True,False
3783145926482,True,False,False,True,False,True,False,True
3524704554114,True,False,True,False,False,True,False,True
3633920749864,True,False,True,False,True,False,False,True
3866042434952,True,False,True,False,False,True,True,False
3808236936522,True,False,True,False,True,False,True,False
3907317818106,True,False,True,False,False,True,False,True
3191242506432,True,False,True,False,True,False,True,False
3041698851762,True,False,False,True,False,True,False,True
3135036779582,True,False,False,True,False,True,False,True
3445267150292,True,False,True,False,True,False,True,False
3163325845686,True,False,True,False,False,True,False,True
3036307136234,True,False,True,False,True,False,True,False
3153164399688,False,True,False,False,False,False,False,False
3353517653956,False,True,False,False,False,False,False,False
3336056851210,True,False,True,False,False,True,False,True
3089315815412,True,False,True,False,True,False,False,True
3292527004270,True,False,True,False,False,True,True,False
3484959646682,True,False,True,False,True,False,True,False
3090606055678,True,False,False,True,False,True,False,True
3130300541318,True,False,True,False,True,False,True,False
3117282700694,True,False,True,False,False,True,False,True
3205238613460,True,False,True,False,False,True,False,True
3301767843016,True,False,True,False,False,True,False,True
3441472208194,True,False,True,False,False,True,True,False
3451319310122,True,False,True,False,True,False,True,False
3410673726330,True,False,True,False,True,False,True,False
3746908957410,True,False,True,False,False,True,False,True
3570354810190,True,False,True,False,True,False,True,False
3525273395940,True,False,True,False,True,False,True,False
3622117424002,True,False,True,False,False,True,True,False
3962812301030,False,True,False,False,False,False,False,False
3874229639200,True,False,True,False,False,True,False,True
3518309752884,True,False,True,False,False,True,True,False
3638647010618,True,False,True,False,True,False,True,False
3689140905914,False,True,False,False,False,False,False,False
3829787953400,True,False,True,False,True,False,False,True
3992680224076,True,False,True,False,True,False,True,False
3860605284954,True,False,True,False,True,False,True,False
3719592235484,True,False,True,False,True,False,True,False
3864383597166,True,False,False,True,True,False,False,True
178150892,True,False,True,False,False,True,False,True
3523700539428,False,True,False,False,False,False,False,False
3932996494454,True,False,True,False,True,False,True,False
3773922830274,True,False,False,True,False,True,False,True
3228427273172,True,False,True,False,False,True,False,True
3066496005162,False,True,False,False,False,False,False,False
3181762518918,True,False,True,False,False,True,True,False
3261768713276,True,False,True,False,True,False,True,False
3378300266720,True,False,True,False,False,True,True,False
3497056526290,False,True,False,False,False,False,False,False
3479915360892,True,False,True,False,False,True,True,False
3116371113404,False,True,False,False,False,False,False,False
3024612798252,True,False,True,False,False,True,True,False
3112248116940,True,False,True,False,False,True,True,False
3179879423096,True,False,True,False,False,True,True,False
3412295923522,True,False,True,False,True,False,True,False
3355466294786,True,False,True,False,False,True,True,False
3043947146770,False,True,False,False,False,False,False,False
3063632883322,True,False,True,False,False,True,True,False
3226527724276,True,False,True,False,True,False,False,True
3232882861528,True,False,True,False,False,True,False,True
3227484997576,True,False,False,True,True,False,True,False
3458316039390,True,False,True,False,False,True,True,False
3273530311546,True,False,True,False,True,False,True,False
3462465924344,True,False,True,False,False,True,False,True
3516742616206,True,False,True,False,True,False,True,False
3573582677940,True,False,True,False,False,True,True,False
3788217225966,True,False,True,False,False,True,False,True
3952372495640,True,False,True,False,False,True,False,True
3972074787754,False,True,False,False,False,False,False,False
3692591848,True,False,False,True,False,True,True,False
3899994926596,True,False,True,False,True,False,False,True
3666631005510,False,True,False,False,False,False,False,False
3614565084586,True,False,True,False,True,False,True,False
3711402309378,True,False,True,False,True,False,True,False
3870787495434,True,False,True,False,False,True,False,True
3846983600304,True,False,True,False,True,False,True,False
3926370606504,True,False,True,False,False,True,False,True
3815857417998,True,False,True,False,True,False,True,False
3853015473130,True,False,True,False,False,True,True,False
3912396828880,True,False,True,False,False,True,True,False
3690115189386,True,False,True,False,False,True,True,False
3814257395060,True,False,True,False,False,True,True,False
3537396158918,True,False,True,False,True,False,True,False
3748548672220,True,False,True,False,True,False,False,True
3655517782030,False,True,False,False,False,False,False,False
3625681637648,True,False,True,False,True,False,True,False
3704408454184,True,False,True,False,False,True,False,True
3768234636486,True,False,True,False,False,True,True,False
3890156369388,True,False,True,False,True,False,True,False
3973044511132,True,False,True,False,False,True,False,True
2207005926366,True,False,True,False,True,False,True,False
2092060562284,True,False,True,False,False,True,False,True
2352118337028,True,False,True,False,False,True,False,True
2343548397844,True,False,True,False,False,True,True,False
2257824750664,True,False,True,False,True,False,True,False
2239091373438,True,False,True,False,False,True,True,False
2053672570874,True,False,True,False,False,True,True,False
2033673220852,True,False,True,False,False,True,False,True
2287990460850,True,False,True,False,False,True,False,True
2466770273210,True,False,True,False,False,True,False,True
2339124765100,True,False,True,False,False,True,False,True
2068257399256,True,False,True,False,True,False,True,False
2210827810914,True,False,True,False,True,False,True,False
2147630596508,False,True,False,False,False,False,False,False
2315612484828,True,False,True,False,False,True,False,True
2404188217768,True,False,True,False,False,True,True,False
2013335410720,True,False,True,False,False,True,True,False
2157188476618,True,False,False,True,False,True,True,False
2430880964574,True,False,True,False,True,False,True,False
2274355625290,True,False,True,False,False,True,True,False
2315629949590,False,True,False,False,False,False,False,False
2927147158512,True,False,True,False,False,True,True,False
2707767777624,True,False,True,False,True,False,True,False
2913838862630,True,False,True,False,False,True,False,True
2736326131922,True,False,True,False,True,False,True,False
2527067349100,True,False,True,False,True,False,True,False
2715686804274,True,False,True,False,False,True,False,True
2863000408894,True,False,True,False,False,True,False,True
2823314440896,True,False,True,False,False,True,False,True
2742053033626,False,True,False,False,False,False,False,False
2573757858518,True,False,True,False,True,False,True,False
2910649954456,True,False,False,True,True,False,True,False
2800484072674,True,False,True,False,True,False,True,False
1997163460156,False,True,False,False,False,False,False,False
1994629398430,True,False,True,False,True,False,True,False
2127039925772,True,False,False,True,True,False,False,True
2156556711474,True,False,True,False,True,False,False,True
2360726203694,True,False,True,False,True,False,True,False
2369936274912,True,False,True,False,False,True,False,True
2394071852418,True,False,True,False,False,True,True,False
2437572042302,True,False,True,False,False,True,True,False
2197542345030,True,False,True,False,False,True,True,False
2426481369914,True,False,True,False,False,True,True,False
2374716513638,True,False,True,False,False,True,True,False
2021934961598,True,False,True,False,False,True,True,False
2099731520154,True,False,False,True,False,True,False,True
2319770737536,True,False,True,False,False,True,False,True
2255634696312,False,True,False,False,False,False,False,False
2012106028348,True,False,True,False,True,False,True,False
2047037915694,True,False,True,False,True,False,False,True
2461717145920,True,False,True,False,False,True,False,True
2297572612102,True,False,True,False,True,False,True,False
2485228948178,False,True,False,False,False,False,False,False
2623328045724,False,True,False,False,False,False,False,False
2697936653262,True,False,True,False,False,True,True,False
2501397871694,True,False,True,False,False,True,True,False
2706830892318,True,False,True,False,False,True,True,False
2631274663770,True,False,False,True,False,True,False,True
2592550202260,True,False,True,False,True,False,True,False
2688755889736,True,False,True,False,True,False,True,False
2667482402860,True,False,True,False,False,True,False,True
2976737306578,True,False,True,False,False,True,False,True
2984668427492,True,False,True,False,False,True,False,True
2747480510166,True,False,True,False,False,True,False,True
2999897771054,True,False,True,False,True,False,True,False
2965296533162,True,False,True,False,True,False,True,False
2547451728812,True,False,True,False,False,True,True,False
2499824762524,True,False,True,False,True,False,False,True
2649061505792,True,False,True,False,True,False,True,False
2850055243904,True,False,True,False,True,False,True,False
2197162910954,True,False,True,False,True,False,True,False
2063820387748,False,True,False,False,False,False,False,False
2307346736364,False,True,False,False,False,False,False,False
2462295312028,True,False,True,False,True,False,True,False
2472463083642,True,False,False,True,False,True,False,True
2162574247790,True,False,True,False,False,True,False,True
2120667807596,True,False,True,False,False,True,False,True
2398492892746,True,False,True,False,False,True,True,False
2482964981214,True,False,True,False,False,True,True,False
2420081052698,True,False,True,False,True,False,True,False
2256567047542,False,True,False,False,False,False,False,False
2037766259478,True,False,True,False,True,False,True,False
2144774959572,True,False,True,False,False,True,True,False
2070482033112,True,False,False,True,False,True,False,True
2122865248752,True,False,True,False,True,False,True,False
2251146856794,True,False,True,False,False,True,False,True
2238448299770,True,False,False,True,False,True,False,True
2304810911314,True,False,True,False,False,True,True,False
2322914288952,True,False,True,False,False,True,True,False
2477863368252,True,False,True,False,False,True,True,False
2395609460888,True,False,True,False,False,True,True,False
2430865671702,True,False,True,False,False,True,True,False
2488024614458,True,False,True,False,False,True,True,False
2200678085058,True,False,True,False,False,True,False,True
2328969672976,True,False,True,False,True,False,True,False
2378810107408,True,False,True,False,False,True,True,False
2635656242382,True,False,True,False,False,True,True,False
2972227340684,True,False,True,False,True,False,True,False
2922701579136,True,False,True,False,False,True,True,False
2997327800416,True,False,True,False,True,False,False,True
2643311673710,True,False,True,False,True,False,True,False
2894153002956,True,False,True,False,False,True,True,False
2800791388946,True,False,True,False,True,False,True,False
2770317784892,True,False,True,False,False,True,True,False
2699495578974,False,True,False,False,False,False,False,False
2681077756020,True,False,True,False,True,False,True,False
2623287882600,True,False,True,False,False,True,False,True
2930635699756,True,False,True,False,True,False,True,False
2962079378528,True,False,True,False,True,False,True,False
2522959474004,True,False,True,False,True,False,True,False
2508357813202,True,False,True,False,True,False,True,False
2662037870872,True,False,True,False,True,False,True,False
2570281017782,False,True,False,False,False,False,False,False
2849692846112,True,False,True,False,False,True,False,True
2796659295546,True,False,True,False,False,True,False,True
2933510138608,True,False,True,False,False,True,True,False
2763647976054,True,False,True,False,False,True,True,False
2983691981952,True,False,False,True,False,True,False,True
2445199278240,True,False,True,False,True,False,True,False
2082598292538,True,False,True,False,False,True,False,True
2081974266066,True,False,True,False,True,False,False,True
2293109340728,True,False,True,False,True,False,True,False
2252479506936,True,False,True,False,True,False,False,True
2453159279078,True,False,True,False,True,False,False,True
2071793945040,True,False,True,False,True,False,True,False
2337233483334,False,True,False,False,False,False,False,False
2446456659162,True,False,True,False,True,False,False,True
2375022848642,True,False,True,False,True,False,True,False
2308667016148,True,False,True,False,False,True,False,True
2016234674110,True,False,True,False,False,True,True,False
2044187445940,True,False,True,False,False,True,True,False
2048939461602,True,False,True,False,False,True,False,True
2326457459628,True,False,False,True,False,True,False,True
2366151793650,True,False,True,False,False,True,False,True
2330273722544,True,False,True,False,False,True,False,True
2341376213202,True,False,True,False,True,False,True,False
2417897398578,True,False,True,False,True,False,True,False
2717949966318,True,False,True,False,False,True,False,True
2692546501772,True,False,True,False,True,False,True,False
2797631282944,True,False,True,False,True,False,True,False
2898298403982,True,False,True,False,True,False,True,False
2498553827080,True,False,True,False,True,False,True,False
2728434955344,False,True,False,False,False,False,False,False
2748128856392,True,False,True,False,True,False,True,False
2937042622992,True,False,True,False,False,True,True,False
2981178205216,True,False,True,False,False,True,False,True
2910057706696,True,False,False,True,False,True,True,False
2530928772744,True,False,True,False,True,False,True,False
2775419500924,True,False,True,False,False,True,False,True
2533489925304,True,False,True,False,False,True,True,False
2670970717674,True,False,True,False,False,True,True,False
2828456882592,True,False,True,False,False,True,False,True
3022400159244,True,False,True,False,True,False,True,False
3131945416216,True,False,False,True,True,False,True,False
3207517899008,True,False,True,False,False,True,False,True
3017325711842,True,False,True,False,False,True,True,False
3376427727692,True,False,True,False,True,False,True,False
3135135585412,True,False,True,False,False,True,True,False
3045918463644,False,True,False,False,False,False,False,False
3455523924978,False,True,False,False,False,False,False,False
3214814811554,True,False,True,False,True,False,True,False
3156077643864,True,False,True,False,False,True,False,True
3033524046236,True,False,True,False,False,True,True,False
3271337429496,True,False,True,False,False,True,False,True
3488837066862,True,False,True,False,True,False,True,False
3242774389114,True,False,True,False,True,False,True,False
3200862706560,True,False,False,True,True,False,True,False
3266904345738,True,False,True,False,True,False,True,False
3367245655128,True,False,False,True,False,True,False,True
3924801625538,True,False,True,False,False,True,True,False
3511081734638,True,False,False,True,False,True,True,False
3511402103452,True,False,True,False,True,False,False,True
3891163052780,True,False,True,False,False,True,False,True
3919100806134,True,False,True,False,False,True,False,True
3856230939550,True,False,True,False,True,False,True,False
3911170266510,False,True,False,False,False,False,False,False
3579331274756,True,False,True,False,True,False,True,False
3792073302658,True,False,True,False,False,True,False,True
3917175932130,False,True,False,False,False,False,False,False
3988614555384,True,False,True,False,False,True,True,False
3582525803194,True,False,True,False,False,True,False,True
3580947754194,True,False,True,False,False,True,True,False
3735257258110,True,False,True,False,True,False,True,False
3889576211048,False,True,False,False,False,False,False,False
3256450679240,True,False,True,False,False,True,True,False
3351389561456,True,False,True,False,False,True,False,True
3473003326008,True,False,True,False,False,True,True,False
3495556796620,True,False,True,False,False,True,True,False
3169784754152,True,False,True,False,False,True,True,False
3189479234540,False,True,False,False,False,False,False,False
3043737226756,True,False,True,False,True,False,True,False
3167895056746,True,False,True,False,True,False,True,False
3283142947340,True,False,True,False,True,False,False,True
3294577523142,False,True,False,False,False,False,False,False
3209141157828,False,True,False,False,False,False,False,False
3188188365512,True,False,True,False,False,True,True,False
3204385690986,True,False,True,False,False,True,False,True
3196124073444,False,True,False,False,False,False,False,False
3277409696784,True,False,True,False,True,False,False,True
3397123783694,True,False,True,False,False,True,True,False
3150739427356,True,False,True,False,False,True,True,False
3209472891268,False,True,False,False,False,False,False,False
3087878001888,True,False,True,False,True,False,True,False
3397767618482,True,False,True,False,False,True,False,True
3584764871376,True,False,True,False,False,True,True,False
3505713328488,True,False,True,False,False,True,False,True
3667965115614,True,False,True,False,True,False,False,True
3526675645896,True,False,True,False,False,True,False,True
3636864687494,True,False,True,False,False,True,False,True
3723224230074,True,False,True,False,True,False,True,False
3691787759722,True,False,True,False,False,True,True,False
3895957933684,True,False,True,False,False,True,False,True
4723370522,False,True,False,False,False,False,False,False
3802916838212,True,False,True,False,False,True,True,False
3888006981158,True,False,True,False,False,True,True,False
3841644022270,False,True,False,False,False,False,False,False
3884499318514,True,False,True,False,True,False,True,False
3667984798898,True,False,True,False,False,True,True,False
3745457738552,True,False,True,False,True,False,True,False
3825144170348,True,False,True,False,True,False,True,False
3801662181274,True,False,True,False,False,True,False,True
3055420428442,True,False,True,False,True,False,False,True
3148144684654,True,False,True,False,False,True,True,False
3495191625476,True,False,True,False,True,False,True,False
3482494455666,True,False,True,False,True,False,True,False
3057985510686,False,True,False,False,False,False,False,False
3070049809138,True,False,False,True,False,True,False,True
3213248960312,True,False,True,False,False,True,True,False
3242460271596,True,False,True,False,True,False,True,False
3210705650848,True,False,True,False,False,True,False,True
2993519779040,False,True,False,False,False,False,False,False
3118627875142,True,False,True,False,True,False,True,False
3017984216348,True,False,True,False,False,True,True,False
3314851556248,True,False,True,False,False,True,True,False
3099558935048,False,True,False,False,False,False,False,False
3099235770848,True,False,True,False,False,True,False,True
2997329088144,True,False,True,False,True,False,True,False
3508199590246,True,False,True,False,True,False,False,True
3404387358712,True,False,True,False,False,True,False,True
3464717444104,True,False,True,False,False,True,False,True
3144036305210,True,False,True,False,False,True,False,True
3217374505566,True,False,True,False,False,True,False,True
3116732736152,True,False,True,False,True,False,True,False
3223416054404,True,False,True,False,True,False,True,False
3291676251340,True,False,True,False,False,True,False,True
3386619494716,True,False,True,False,True,False,True,False
3466000905934,True,False,True,False,False,True,False,True
3517744895216,True,False,True,False,False,True,False,True
3738412802934,True,False,True,False,False,True,False,True
3933049362278,True,False,True,False,False,True,True,False
3523784200690,False,True,False,False,False,False,False,False
3618724646874,True,False,True,False,True,False,True,False
3726674869322,True,False,False,True,False,True,False,True
3586341134628,False,True,False,False,False,False,False,False
3797798164684,True,False,True,False,False,True,False,True
3888613573278,False,True,False,False,False,False,False,False
3949261178250,True,False,False,True,True,False,True,False
3884492818886,True,False,True,False,False,True,True,False
3834013993254,True,False,True,False,False,True,False,True
3910209015016,False,True,False,False,False,False,False,False
3892755369460,True,False,False,True,False,True,True,False
3960984596990,True,False,True,False,False,True,False,True
3867960183024,True,False,True,False,False,True,True,False
3919076141432,True,False,True,False,True,False,True,False
3987987330146,True,False,True,False,True,False,True,False
8827924598,False,True,False,False,False,False,False,False
3693978955002,True,False,True,False,False,True,False,True
3723497554880,True,False,True,False,True,False,True,False
3708272723200,True,False,True,False,False,True,False,True
3985775046642,True,False,True,False,True,False,True,False
3966723166852,True,False,False,True,False,True,True,False
3837188362958,True,False,True,False,False,True,True,False
3910531929860,True,False,True,False,True,False,False,True
3050704525254,True,False,True,False,False,True,True,False
3240590355502,True,False,True,False,True,False,True,False
3100574192156,True,False,True,False,False,True,False,True
3203454376810,True,False,False,True,False,True,True,False
3323786820292,True,False,True,False,True,False,True,False
3012593030576,True,False,True,False,True,False,True,False
3465701908146,True,False,True,False,True,False,False,True
3085325093368,True,False,True,False,False,True,False,True
3105968026252,True,False,True,False,False,True,True,False
3214875521178,True,False,False,True,True,False,True,False
3028816084312,True,False,True,False,False,True,False,True
3433328752458,True,False,True,False,False,True,True,False
3367598509338,True,False,True,False,False,True,False,True
3570155653808,True,False,True,False,True,False,True,False
3600327286352,True,False,False,True,False,True,False,True
3756544026650,True,False,False,True,True,False,True,False
3678128481670,True,False,True,False,True,False,False,True
3833070882164,False,True,False,False,False,False,False,False
3819427098940,False,True,False,False,False,False,False,False
3839429120446,True,False,True,False,False,True,True,False
3581935418814,True,False,True,False,True,False,False,True
3759102834158,False,True,False,False,False,False,False,False
3869279200088,True,False,True,False,True,False,True,False
3846421767254,True,False,True,False,False,True,False,True
3829252453502,True,False,True,False,True,False,True,False
3985160922542,True,False,True,False,True,False,True,False
3752740843488,True,False,True,False,True,False,False,True
3768619691124,True,False,True,False,True,False,True,False
3842599634096,False,True,False,False,False,False,False,False
3842913928752,True,False,True,False,False,True,False,True
3813057422878,False,True,False,False,False,False,False,False
3793690668534,True,False,True,False,False,True,False,True
3878784793902,True,False,True,False,False,True,False,True
3827679067612,True,False,True,False,False,True,True,False
3924524607480,True,False,True,False,False,True,True,False
3586691063512,True,False,False,True,False,True,True,False
3630512578214,True,False,True,False,False,True,False,True
3614008468390,True,False,False,True,True,False,True,False
3675913680002,True,False,True,False,False,True,True,False
358482487106,True,False,True,False,True,False,True,False
408016766156,False,True,False,False,False,False,False,False
381029784820,True,False,True,False,True,False,True,False
4467746196,False,True,False,False,False,False,False,False
385169943760,True,False,False,True,False,True,False,True
65431914994,True,False,True,False,False,True,False,True
131156237016,True,False,False,True,False,True,False,True
205790825128,True,False,True,False,True,False,True,False
1609791290,False,True,False,False,False,False,False,False
50828692926,True,False,True,False,False,True,True,False
84811497422,True,False,True,False,False,True,False,True
494721500346,True,False,True,False,False,True,False,True
313738679794,True,False,True,False,False,True,True,False
987185997068,True,False,True,False,True,False,True,False
850674825240,True,False,True,False,True,False,False,True
795736331032,True,False,True,False,True,False,True,False
603295726666,True,False,True,False,True,False,True,False
733483387278,True,False,True,False,False,True,True,False
820475550428,True,False,True,False,False,True,False,True
844304368870,False,True,False,False,False,False,False,False
750335911604,True,False,False,True,False,True,False,True
786524673712,True,False,True,False,True,False,False,True
802074863592,True,False,True,False,False,True,True,False
942115270964,False,True,False,False,False,False,False,False
145786171284,False,True,False,False,False,False,False,False
142612029720,True,False,True,False,False,True,False,True
123245930724,True,False,True,False,False,True,True,False
252157614352,True,False,True,False,False,True,False,True
287720130710,True,False,True,False,True,False,False,True
413451876898,False,True,False,False,False,False,False,False
358531727930,True,False,False,True,False,True,False,True
451886338496,False,True,False,False,False,False,False,False
84209114566,True,False,True,False,False,True,False,True
148026501774,True,False,True,False,False,True,True,False
175652808774,False,True,False,False,False,False,False,False
282653520340,False,True,False,False,False,False,False,False
323302128418,True,False,True,False,False,True,False,True
464920811360,False,True,False,False,False,False,False,False
462069129150,True,False,True,False,False,True,True,False
233108054512,True,False,True,False,True,False,False,True
155000805110,False,True,False,False,False,False,False,False
481726994946,True,False,True,False,False,True,False,True
304237019420,True,False,True,False,True,False,True,False
130561945294,True,False,True,False,False,True,False,True
336644369874,True,False,True,False,False,True,True,False
431269942624,True,False,True,False,True,False,True,False
577292020514,True,False,True,False,True,False,True,False
614761548558,False,True,False,False,False,False,False,False
572860248506,True,False,True,False,False,True,True,False
774792358648,True,False,True,False,False,True,False,True
907203515790,True,False,True,False,True,False,False,True
895772594134,True,False,True,False,False,True,False,True
849087579264,False,True,False,False,False,False,False,False
501751871456,True,False,True,False,False,True,True,False
824030185264,True,False,True,False,False,True,True,False
988516532228,True,False,True,False,False,True,True,False
968505893646,False,True,False,False,False,False,False,False
596979194252,True,False,True,False,True,False,True,False
621753768838,True,False,True,False,True,False,True,False
699235931394,True,False,True,False,True,False,True,False
929424751298,True,False,True,False,False,True,False,True
799254252644,True,False,True,False,True,False,True,False
838627816426,False,True,False,False,False,False,False,False
997707327294,True,False,True,False,True,False,False,True
203544247126,True,False,True,False,True,False,True,False
408978754004,False,True,False,False,False,False,False,False
421671919266,False,True,False,False,False,False,False,False
135925262966,False,True,False,False,False,False,False,False
197520136410,True,False,False,True,True,False,True,False
243874755042,True,False,True,False,True,False,True,False
248655095058,True,False,True,False,True,False,False,True
258805754856,True,False,True,False,True,False,False,True
268969544602,False,True,False,False,False,False,False,False
334061397014,True,False,True,False,False,True,False,True
432818281884,True,False,True,False,False,True,False,True
347399178354,True,False,True,False,False,True,False,True
469966484934,False,True,False,False,False,False,False,False
8575502964,True,False,True,False,True,False,False,True
156230291600,True,False,False,True,False,True,False,True
132754096738,True,False,True,False,True,False,True,False
218487596728,True,False,True,False,False,True,True,False
464878101012,False,True,False,False,False,False,False,False
429951203726,True,False,True,False,False,True,False,True
431222871692,True,False,True,False,False,True,False,True
304536499644,True,False,True,False,False,True,True,False
543915429808,True,False,False,True,False,True,False,True
673777582212,True,False,True,False,False,True,True,False
814758150500,True,False,True,False,False,True,True,False
889382582794,True,False,True,False,False,True,False,True
771898268374,True,False,True,False,True,False,True,False
806831793538,True,False,True,False,False,True,True,False
562045343202,True,False,True,False,False,True,False,True
658568928370,True,False,True,False,False,True,False,True
633168865894,True,False,True,False,False,True,True,False
513782581612,True,False,True,False,True,False,True,False
796996132528,True,False,True,False,False,True,False,True
767472064624,True,False,True,False,True,False,True,False
976392867490,True,False,True,False,True,False,True,False
957652031606,True,False,False,True,False,True,False,True
742400812564,False,True,False,False,False,False,False,False
646180358658,True,False,True,False,True,False,False,True
660465508536,True,False,True,False,True,False,True,False
756682030470,True,False,False,True,False,True,False,True
849715138654,True,False,True,False,False,True,True,False
820195077530,False,True,False,False,False,False,False,False
205809751950,True,False,True,False,False,True,True,False
199133541790,True,False,True,False,False,True,False,True
136270125940,True,False,True,False,True,False,True,False
321054870848,True,False,True,False,False,True,True,False
374395004576,False,True,False,False,False,False,False,False
229000656594,True,False,True,False,True,False,True,False
122313332060,True,False,True,False,False,True,False,True
150247860378,True,False,True,False,True,False,True,False
218512770318,True,False,True,False,False,True,True,False
328061982282,True,False,True,False,True,False,True,False
301708477848,True,False,True,False,False,True,False,True
309652904572,True,False,False,True,True,False,False,True
316323672402,True,False,True,False,True,False,True,False
14971262334,True,False,True,False,False,True,True,False
141022518674,True,False,True,False,True,False,True,False
402971983098,True,False,True,False,False,True,True,False
296921084782,True,False,True,False,False,True,True,False
14985524978,True,False,True,False,False,True,True,False
24192949840,True,False,True,False,True,False,False,True
272505535890,True,False,True,False,False,True,True,False
599211916126,False,True,False,False,False,False,False,False
771623966038,True,False,True,False,False,True,True,False
876411261854,True,False,True,False,False,True,False,True
687499410600,True,False,False,True,True,False,False,True
524602352848,True,False,True,False,True,False,True,False
842125803946,True,False,True,False,False,True,True,False
800856897986,True,False,True,False,True,False,False,True
903411600310,True,False,True,False,False,True,False,True
600801382474,True,False,True,False,True,False,True,False
718275567900,True,False,True,False,True,False,True,False
670650491348,True,False,True,False,True,False,True,False
565878971166,True,False,True,False,False,True,False,True
674153769946,True,False,True,False,False,True,True,False
947537506214,True,False,True,False,True,False,True,False
764948412638,True,False,True,False,False,True,False,True
704953940338,True,False,True,False,True,False,True,False
757675565442,True,False,True,False,True,False,True,False
696707819552,True,False,False,True,False,True,True,False
544626450172,False,True,False,False,False,False,False,False
779574240712,False,True,False,False,False,False,False,False
1101175955246,True,False,True,False,False,True,True,False
1336129691956,True,False,True,False,False,True,False,True
1500605152368,True,False,False,True,False,True,False,True
1444096873884,True,False,True,False,False,True,False,True
1418381105816,True,False,True,False,True,False,True,False
1399327587602,True,False,True,False,True,False,True,False
1304694431100,False,True,False,False,False,False,False,False
1297075438116,True,False,True,False,False,True,False,True
1331048591444,False,True,False,False,False,False,False,False
1131354013764,True,False,True,False,True,False,True,False
1189757660506,True,False,True,False,False,True,True,False
1028145676770,True,False,True,False,True,False,False,True
1352008288838,True,False,True,False,False,True,False,True
1398686022408,True,False,True,False,True,False,True,False
1377102374016,True,False,True,False,False,True,True,False
1304069574120,True,False,True,False,True,False,True,False
1250096641106,True,False,True,False,False,True,False,True
1233585777628,True,False,True,False,False,True,False,True
1168503754430,True,False,True,False,True,False,True,False
1295516844144,True,False,True,False,True,False,True,False
1365363684842,False,True,False,False,False,False,False,False
1362829673288,True,False,True,False,False,True,False,True
1384424712796,True,False,True,False,False,True,True,False
1588554538702,True,False,True,False,False,True,False,True
1644770270394,True,False,False,True,False,True,False,True
1681598811328,True,False,False,True,False,True,False,True
1639693050632,True,False,True,False,False,True,True,False
1609542913646,False,True,False,False,False,False,False,False
1974365278654,True,False,True,False,False,True,False,True
1922616549376,True,False,True,False,True,False,True,False
1760660435394,True,False,True,False,True,False,False,True
1745113219426,True,False,True,False,True,False,True,False
1572381634242,True,False,True,False,False,True,True,False
1928319286120,True,False,True,False,False,True,False,True
1154545900588,True,False,True,False,False,True,False,True
1059924840496,True,False,True,False,False,True,False,True
1304099585770,True,False,True,False,False,True,True,False
1020889107376,True,False,True,False,True,False,True,False
1015815339622,True,False,False,True,False,True,False,True
1123141081280,True,False,True,False,True,False,False,True
1501621065286,True,False,True,False,True,False,False,True
1390494458578,True,False,True,False,False,True,False,True
1346030218540,True,False,True,False,False,True,True,False
1112329602544,True,False,False,True,False,True,False,True
1423802333670,True,False,True,False,True,False,True,False
1380314341334,False,True,False,False,False,False,False,False
1142819661426,True,False,True,False,True,False,False,True
1145997759410,False,True,False,False,False,False,False,False
1160279028460,True,False,True,False,False,True,False,True
1180606332078,True,False,True,False,False,True,False,True
1324449921734,True,False,True,False,False,True,True,False
1476847628172,True,False,True,False,False,True,True,False
1585424598298,True,False,True,False,True,False,True,False
1536845777856,False,True,False,False,False,False,False,False
1718157055988,True,False,True,False,False,True,False,True
1895326411036,False,True,False,False,False,False,False,False
1621957491422,True,False,True,False,False,True,True,False
1735321681934,True,False,True,False,False,True,False,True
1657205034584,True,False,True,False,True,False,True,False
1926782335880,True,False,True,False,False,True,False,True
1808973848872,True,False,True,False,False,True,False,True
1744501993712,True,False,True,False,True,False,True,False
1718149497010,True,False,True,False,False,True,True,False
1719100722124,True,False,True,False,False,True,True,False
1710533629282,True,False,True,False,True,False,True,False
1935648907154,True,False,True,False,False,True,True,False
1634979870710,True,False,True,False,True,False,True,False
1963609038236,True,False,True,False,True,False,True,False
1945519192734,True,False,True,False,False,True,True,False
1977906383932,True,False,True,False,True,False,True,False
1826435207348,True,False,True,False,False,True,True,False
1858512211904,True,False,True,False,True,False,True,False
1787392646080,True,False,True,False,False,True,False,True
1755322294426,False,True,False,False,False,False,False,False
1876298649416,True,False,True,False,False,True,False,True
1150375304924,True,False,True,False,False,True,False,True
1152950919890,True,False,True,False,True,False,True,False
1150092283054,True,False,True,False,False,True,True,False
1292011753084,True,False,True,False,True,False,True,False
1345360405464,False,True,False,False,False,False,False,False
1367904905078,True,False,True,False,False,True,False,True
1313300814096,True,False,True,False,True,False,True,False
1344410390842,False,True,False,False,False,False,False,False
1207536567142,True,False,True,False,True,False,True,False
1193260993472,True,False,True,False,True,False,True,False
1335494505546,True,False,True,False,False,True,False,True
1352968941556,True,False,True,False,False,True,True,False
1447584054744,True,False,True,False,False,True,True,False
1285645781460,True,False,True,False,False,True,False,True
1454244490910,True,False,True,False,False,True,False,True
1359954357064,True,False,False,True,True,False,False,True
1199927652708,True,False,True,False,True,False,True,False
1118660199066,True,False,True,False,False,True,True,False
1138340895388,True,False,True,False,True,False,True,False
1383144757002,True,False,False,True,True,False,False,True
1292653699112,True,False,True,False,False,True,True,False
1980698217994,False,True,False,False,False,False,False,False
1945131820166,True,False,False,True,False,True,False,True
1980699403538,True,False,True,False,False,True,True,False
1546663069508,True,False,True,False,False,True,False,True
1635887248400,True,False,True,False,True,False,True,False
1700339750830,True,False,True,False,False,True,False,True
1866730387000,True,False,True,False,False,True,True,False
1927371919546,False,True,False,False,False,False,False,False
1906742469008,False,True,False,False,False,False,False,False
1666983595942,True,False,True,False,False,True,False,True
1519337250656,True,False,True,False,True,False,False,True
1694615976826,True,False,True,False,False,True,False,True
1963544075664,False,True,False,False,False,False,False,False
1953708893318,False,True,False,False,False,False,False,False
2000713924288,True,False,True,False,False,True,True,False
1955931206764,True,False,True,False,True,False,True,False
1642568727188,True,False,True,False,False,True,False,True
1806715302580,True,False,False,True,False,True,False,True
1811796076388,True,False,True,False,False,True,True,False
1892123697184,True,False,True,False,True,False,True,False
1890226666736,True,False,False,True,True,False,False,True
1870221420434,False,True,False,False,False,False,False,False
1905793211280,True,False,True,False,False,True,False,True
1121205724356,True,False,True,False,False,True,True,False
1199631802888,True,False,False,True,False,True,False,True
1233614305822,True,False,True,False,True,False,True,False
1257424248928,True,False,True,False,False,True,False,True
1276162867710,True,False,True,False,False,True,False,True
1298075401436,True,False,True,False,False,True,True,False
1355234269654,True,False,True,False,True,False,True,False
1035495156246,True,False,True,False,True,False,False,True
1177436146982,True,False,True,False,True,False,True,False
1130422550000,True,False,True,False,True,False,True,False
1176148706420,True,False,True,False,False,True,False,True
1193922897090,False,True,False,False,False,False,False,False
1240289208624,False,True,False,False,False,False,False,False
1349183951576,True,False,True,False,True,False,True,False
1417146940530,True,False,True,False,False,True,False,True
1347277245108,True,False,False,True,False,True,False,True
1130748058840,False,True,False,False,False,False,False,False
1246008524178,True,False,True,False,True,False,True,False
1153629683248,True,False,True,False,True,False,False,True
1086297829662,True,False,True,False,True,False,False,True
1087254497594,True,False,True,False,False,True,True,False
1343503821512,True,False,True,False,False,True,True,False
1395894948950,True,False,True,False,False,True,False,True
1367305222454,False,True,False,False,False,False,False,False
1615906974292,False,True,False,False,False,False,False,False
1713067490230,True,False,False,True,False,True,True,False
1574957706284,True,False,True,False,True,False,True,False
1983919836190,False,True,False,False,False,False,False,False
1774344642172,True,False,True,False,True,False,True,False
1945173451524,False,True,False,False,False,False,False,False
1872782570592,True,False,False,True,False,True,True,False
1872473593334,True,False,True,False,True,False,True,False
1557825283762,True,False,True,False,False,True,False,True
1566086373568,True,False,True,False,False,True,True,False
1683244147730,True,False,True,False,True,False,True,False
1829293770768,True,False,True,False,True,False,True,False
1980442589560,True,False,True,False,False,True,True,False
2001399892502,True,False,False,True,False,True,False,True
1793113349942,True,False,True,False,True,False,False,True
1935355808834,True,False,True,False,False,True,True,False
1537802095672,True,False,True,False,False,True,False,True
1565416937040,True,False,True,False,False,True,True,False
1551456565716,True,False,True,False,True,False,True,False
1993131521866,True,False,True,False,False,True,True,False
1996931052470,True,False,True,False,False,True,True,False
1741031705048,True,False,True,False,False,True,False,True
1770562400008,True,False,True,False,True,False,True,False
1797869976816,True,False,True,False,True,False,True,False
42948045212,True,False,True,False,False,True,True,False
207106615942,True,False,True,False,True,False,True,False
408420545976,False,True,False,False,False,False,False,False
383011084104,True,False,True,False,False,True,False,True
113454218306,False,True,False,False,False,False,False,False
68688712336,True,False,True,False,True,False,True,False
207441549874,False,True,False,False,False,False,False,False
303649932844,True,False,True,False,False,True,False,True
394794326008,True,False,True,False,False,True,False,True
409719379782,True,False,True,False,True,False,False,True
38830895984,True,False,True,False,True,False,True,False
79477161464,True,False,True,False,False,True,True,False
334129335336,True,False,True,False,False,True,False,True
266500624116,True,False,True,False,False,True,True,False
413520750824,True,False,True,False,True,False,True,False
535423228556,True,False,True,False,True,False,True,False
521142061460,False,True,False,False,False,False,False,False
845001876660,True,False,True,False,True,False,True,False
892945759000,True,False,True,False,False,True,False,True
916778004036,True,False,True,False,False,True,True,False
945025466004,True,False,True,False,False,True,False,True
817704431598,True,False,True,False,True,False,True,False
525918015670,True,False,False,True,False,True,False,True
675463710756,True,False,True,False,False,True,True,False
716123382052,False,True,False,False,False,False,False,False
747223962266,False,True,False,False,False,False,False,False
688171063428,True,False,True,False,True,False,True,False
898695920234,True,False,True,False,False,True,True,False
757069779160,True,False,True,False,False,True,False,True
851692301422,True,False,True,False,True,False,True,False
679892260202,True,False,True,False,False,True,True,False
701800812842,True,False,True,False,True,False,False,True
587509513784,True,False,True,False,False,True,True,False
816428329344,True,False,True,False,True,False,True,False
859923731332,False,True,False,False,False,False,False,False
774201244300,False,True,False,False,False,False,False,False
773881759242,False,True,False,False,False,False,False,False
896126631300,True,False,True,False,True,False,True,False
491942343998,True,False,True,False,True,False,True,False
581493718828,True,False,True,False,False,True,True,False
581800202558,False,True,False,False,False,False,False,False
566575470788,True,False,True,False,False,True,False,True
857731104970,True,False,True,False,True,False,True,False
56016639046,False,True,False,False,False,False,False,False
165239663500,True,False,True,False,False,True,True,False
161113390524,True,False,True,False,False,True,False,True
345917289246,True,False,True,False,False,True,True,False
176683916972,False,True,False,False,False,False,False,False
154786502860,True,False,True,False,False,True,False,True
363714107680,True,False,True,False,True,False,True,False
357678229570,True,False,True,False,True,False,True,False
472304461458,True,False,True,False,True,False,True,False
57272609530,True,False,True,False,False,True,True,False
402735880834,False,True,False,False,False,False,False,False
389401376790,True,False,True,False,True,False,True,False
420522797018,True,False,True,False,True,False,True,False
184939060100,True,False,False,True,False,True,True,False
36345370810,True,False,False,True,False,True,False,True
292899287410,True,False,False,True,False,True,False,True
401166804008,True,False,True,False,False,True,False,True
489766122764,True,False,True,False,False,True,False,True
687562558610,True,False,True,False,False,True,False,True
961580076574,False,True,False,False,False,False,False,False
669796861336,False,True,False,False,False,False,False,False
722513069158,True,False,True,False,True,False,False,True
986041438444,True,False,True,False,True,False,True,False
918413030350,True,False,True,False,False,True,True,False
853651021538,False,True,False,False,False,False,False,False
610712664976,True,False,True,False,True,False,False,True
689782378012,True,False,True,False,True,False,True,False
880616408646,True,False,True,False,False,True,True,False
890129157096,True,False,True,False,False,True,True,False
870457206118,True,False,True,False,True,False,True,False
669160335720,True,False,True,False,True,False,True,False
655192832264,True,False,True,False,True,False,True,False
755842816890,True,False,True,False,False,True,False,True
889517073702,True,False,True,False,False,True,True,False
857778379108,True,False,True,False,True,False,False,True
17237546776,True,False,True,False,True,False,True,False
235692996040,True,False,False,True,False,True,False,True
149646562546,True,False,True,False,False,True,False,True
313791625380,True,False,True,False,False,True,False,True
289676662280,True,False,True,False,True,False,True,False
280783936150,True,False,True,False,True,False,True,False
113141515152,True,False,True,False,False,True,True,False
235388605190,True,False,True,False,True,False,True,False
173800006864,True,False,True,False,False,True,False,True
266823186310,True,False,True,False,True,False,True,False
486547732024,True,False,True,False,False,True,False,True
133122722588,True,False,True,False,True,False,True,False
44232923534,True,False,True,False,False,True,False,True
148055890418,True,False,True,False,True,False,False,True
267750900040,True,False,True,False,False,True,True,False
250604190276,False,True,False,False,False,False,False,False
361450169320,True,False,False,True,True,False,False,True
711336745706,True,False,True,False,True,False,True,False
867878163768,True,False,True,False,True,False,False,True
884071607782,True,False,True,False,True,False,False,True
698660515728,True,False,True,False,False,True,True,False
917419297120,True,False,True,False,False,True,True,False
931077243500,False,True,False,False,False,False,False,False
618616875094,True,False,True,False,False,True,False,True
616391639722,True,False,True,False,False,True,False,True
683702503724,True,False,True,False,False,True,True,False
616403635388,True,False,True,False,False,True,True,False
780233975672,True,False,True,False,True,False,True,False
859931420264,True,False,True,False,False,True,False,True
850725331316,True,False,True,False,False,True,False,True
883123560218,True,False,False,True,False,True,False,True
510044766520,True,False,False,True,True,False,True,False
759609766284,True,False,True,False,True,False,False,True
641505001730,True,False,True,False,True,False,True,False
689127181094,True,False,True,False,False,True,True,False
910756771968,True,False,True,False,False,True,False,True
156662645958,True,False,True,False,False,True,False,True
301766892308,True,False,True,False,False,True,False,True
69363949410,True,False,True,False,False,True,True,False
187793794106,True,False,False,True,False,True,False,True
38568692438,True,False,True,False,False,True,False,True
458641326388,True,False,True,False,False,True,False,True
472616919552,True,False,False,True,False,True,False,True
375783349412,True,False,False,True,False,True,False,True
489449183716,True,False,True,False,False,True,True,False
391339309564,True,False,True,False,False,True,False,True
26486880922,True,False,True,False,True,False,True,False
464663422314,True,False,True,False,False,True,False,True
376714162606,False,True,False,False,False,False,False,False
39513466312,True,False,True,False,False,True,False,True
114138402806,True,False,True,False,False,True,True,False
182716146620,True,False,True,False,False,True,False,True
200813602244,True,False,True,False,False,True,False,True
451023771642,False,True,False,False,False,False,False,False
681206743808,True,False,True,False,False,True,False,True
659937993782,True,False,True,False,False,True,True,False
728840893346,True,False,True,False,True,False,False,True
663768924060,True,False,True,False,False,True,False,True
769180850996,True,False,True,False,False,True,True,False
974308599010,True,False,True,False,True,False,True,False
981594323018,True,False,True,False,False,True,False,True
588802982154,True,False,False,True,True,False,False,True
582774235184,True,False,True,False,False,True,True,False
513884944914,True,False,True,False,False,True,True,False
524993483366,True,False,True,False,False,True,False,True
618665058106,True,False,True,False,False,True,True,False
990466462336,True,False,True,False,True,False,True,False
819325098770,True,False,True,False,False,True,False,True
785674933822,True,False,True,False,False,True,False,True
874268608360,True,False,True,False,False,True,False,True
498016428892,True,False,True,False,False,True,True,False
732345483144,True,False,True,False,True,False,True,False
634240673390,True,False,True,False,True,False,True,False
542791184694,True,False,True,False,False,True,True,False
647888667000,True,False,True,False,True,False,True,False
770444632236,True,False,True,False,False,True,False,True
944460158090,True,False,False,True,False,True,False,True
1047264662530,True,False,True,False,False,True,True,False
1021876846236,True,False,True,False,True,False,True,False
1009802115902,True,False,True,False,False,True,True,False
1050443920128,True,False,True,False,True,False,False,True
1451151891136,True,False,True,False,False,True,False,True
1414964061586,True,False,True,False,False,True,True,False
1319384922944,True,False,True,False,True,False,True,False
1329880243070,True,False,False,True,False,True,True,False
1431805574816,True,False,True,False,True,False,True,False
1253665969534,True,False,True,False,False,True,True,False
1120292551050,True,False,True,False,False,True,False,True
1402889785142,True,False,False,True,False,True,False,True
1439081371004,False,True,False,False,False,False,False,False
1268583513338,False,True,False,False,False,False,False,False
1257790353246,True,False,False,True,True,False,False,True
1225413543462,False,True,False,False,False,False,False,False
1183832108514,False,True,False,False,False,False,False,False
1480698565392,False,True,False,False,False,False,False,False
1649279835176,True,False,True,False,False,True,True,False
1621029602294,True,False,True,False,False,True,True,False
1602619666488,False,True,False,False,False,False,False,False
1606109539210,True,False,True,False,True,False,True,False
1649294199468,True,False,True,False,True,False,False,True
1540061927524,False,True,False,False,False,False,False,False
1576909846544,True,False,True,False,True,False,False,True
1728360459978,False,True,False,False,False,False,False,False
1695978913954,False,True,False,False,False,False,False,False
1833464291476,True,False,True,False,False,True,False,True
1770598230848,True,False,True,False,False,True,False,True
1953815687508,True,False,True,False,True,False,True,False
1597852533474,False,True,False,False,False,False,False,False
1703902249006,True,False,True,False,False,True,False,True
1794722115954,True,False,True,False,True,False,True,False
1953470701128,True,False,True,False,True,False,True,False
1896958441164,True,False,True,False,False,True,False,True
1548647190262,False,True,False,False,False,False,False,False
1942701152670,True,False,True,False,True,False,True,False
1826796852988,False,True,False,False,False,False,False,False
1967464235658,True,False,True,False,True,False,True,False
1081597645826,True,False,False,True,False,True,False,True
1172410281354,True,False,False,True,False,True,False,True
1231156470848,True,False,True,False,False,True,False,True
1143204893824,True,False,False,True,True,False,False,True
1140665666022,True,False,True,False,False,True,True,False
1362296969552,True,False,True,False,True,False,True,False
1056848347896,True,False,True,False,False,True,False,True
1309601021790,True,False,False,True,False,True,False,True
1452475345930,True,False,True,False,False,True,False,True
1309920155220,True,False,True,False,False,True,False,True
1085728708976,True,False,True,False,False,True,True,False
1018423137458,True,False,True,False,False,True,False,True
1266711405222,True,False,True,False,False,True,True,False
1276565235412,True,False,True,False,False,True,True,False
1505492543948,True,False,True,False,False,True,False,True
1080994537002,True,False,True,False,False,True,False,True
1053363492930,True,False,True,False,False,True,False,True
1200061286406,True,False,True,False,False,True,False,True
1269586497508,True,False,True,False,False,True,True,False
1375327486828,False,True,False,False,False,False,False,False
1401370629392,True,False,True,False,False,True,False,True
1768086823020,False,True,False,False,False,False,False,False
1795385706508,True,False,True,False,False,True,False,True
1801418007330,False,True,False,False,False,False,False,False
1527730860988,True,False,True,False,False,True,True,False
1616317580350,True,False,True,False,True,False,False,True
1575044542414,True,False,True,False,False,True,True,False
1733485383948,True,False,False,True,False,True,False,True
2017988998204,True,False,True,False,False,True,False,True
1961788185742,True,False,True,False,False,True,False,True
1824592003104,True,False,True,False,False,True,False,True
1809672444358,True,False,True,False,False,True,True,False
1799206204668,True,False,False,True,False,True,False,True
1655383983684,True,False,True,False,True,False,True,False
1939248828978,True,False,True,False,False,True,False,True
1178716811314,True,False,True,False,True,False,True,False
1026626092802,True,False,True,False,False,True,True,False
1188563006712,True,False,True,False,True,False,False,True
1113641441070,True,False,True,False,False,True,False,True
1368912224284,True,False,True,False,True,False,True,False
1125724714398,True,False,True,False,True,False,False,True
1427361356360,True,False,True,False,False,True,False,True
1366383557322,True,False,False,True,False,True,True,False
1417500749028,True,False,True,False,False,True,True,False
1189532224174,True,False,True,False,False,True,False,True
1023472112558,True,False,True,False,True,False,True,False
1106344127484,True,False,True,False,True,False,True,False
1167315274878,True,False,True,False,False,True,False,True
1305432342048,True,False,True,False,False,True,True,False
1670552594870,True,False,True,False,True,False,True,False
1584516493738,True,False,True,False,True,False,True,False
1772163758478,True,False,True,False,True,False,False,True
1840442276654,True,False,True,False,True,False,True,False
1536585463578,True,False,False,True,False,True,False,True
1624533514172,True,False,True,False,False,True,True,False
1684550943622,False,True,False,False,False,False,False,False
1788383082644,True,False,True,False,True,False,True,False
1852837248632,True,False,True,False,False,True,True,False
1990954517444,True,False,True,False,False,True,False,True
1859825712744,True,False,True,False,True,False,True,False
1860450673628,False,True,False,False,False,False,False,False
1864910115496,True,False,True,False,False,True,False,True
1517525823556,True,False,True,False,True,False,True,False
1523542072352,True,False,True,False,False,True,False,True
1507368863182,True,False,True,False,True,False,True,False
1920794771186,False,True,False,False,False,False,False,False
1955721165214,True,False,True,False,True,False,True,False
1102875169514,True,False,True,False,False,True,True,False
1217491976698,False,True,False,False,False,False,False,False
1194323121784,True,False,True,False,True,False,False,True
1205445040852,True,False,False,True,False,True,False,True
1447058583244,True,False,True,False,True,False,True,False
1254015647102,True,False,True,False,False,True,False,True
1468347694816,False,True,False,False,False,False,False,False
1021295939748,True,False,True,False,False,True,False,True
1103208086490,True,False,True,False,False,True,True,False
1132111679830,True,False,True,False,False,True,False,True
1201652441084,True,False,True,False,False,True,True,False
1484881237740,False,True,False,False,False,False,False,False
1383258282214,True,False,True,False,True,False,False,True
1488684422330,True,False,True,False,True,False,True,False
1423597963292,True,False,True,False,False,True,False,True
1393744985356,True,False,True,False,True,False,True,False
1023808657952,True,False,True,False,False,True,True,False
1025397417306,True,False,True,False,False,True,True,False
1281630463284,True,False,False,True,True,False,True,False
1421660839886,True,False,True,False,True,False,True,False
1329895091606,True,False,True,False,False,True,True,False
1119721168340,True,False,True,False,True,False,True,False
1119727972196,True,False,True,False,True,False,True,False
1153386276730,True,False,True,False,True,False,True,False
1134017305050,True,False,True,False,True,False,False,True
1285788840748,True,False,True,False,True,False,True,False
1400101635030,True,False,True,False,True,False,True,False
1367391506616,True,False,True,False,True,False,True,False
1704256863786,True,False,True,False,True,False,True,False
1555664484382,True,False,True,False,True,False,True,False
1556289873560,True,False,True,False,True,False,True,False
1509616702070,True,False,True,False,False,True,False,True
1814124328634,True,False,False,True,False,True,False,True
1548367094126,True,False,True,False,True,False,True,False
1659819815230,True,False,True,False,True,False,True,False
1538533626162,False,True,False,False,False,False,False,False
1622050256692,True,False,True,False,False,True,False,True
1918600983688,False,True,False,False,False,False,False,False
1702678942572,True,False,True,False,True,False,True,False
1614088318024,True,False,False,True,False,True,True,False
1651550713532,True,False,True,False,True,False,True,False
1659809005760,False,True,False,False,False,False,False,False
1742988433898,True,False,True,False,False,True,True,False
1791887521984,True,False,True,False,False,True,False,True
1887141707582,True,False,True,False,False,True,False,True
1773481542760,True,False,True,False,True,False,True,False
1804600569532,True,False,True,False,False,True,True,False
1816654058022,True,False,True,False,True,False,False,True
1978604025204,True,False,True,False,True,False,True,False
1841120157682,True,False,True,False,False,True,False,True
1946542342538,True,False,True,False,False,True,False,True
66050075768,False,True,False,False,False,False,False,False
138125302524,True,False,True,False,True,False,True,False
228620846286,True,False,True,False,True,False,True,False
308636993822,True,False,True,False,False,True,False,True
479145687350,False,True,False,False,False,False,False,False
100357028142,True,False,True,False,False,True,False,True
136879565140,True,False,False,True,False,True,False,True
27027801024,True,False,True,False,False,True,True,False
475356263212,True,False,True,False,True,False,True,False
302632766700,True,False,False,True,False,True,False,True
373746209672,True,False,True,False,False,True,True,False
243860294788,True,False,True,False,False,True,False,True
205764623368,True,False,True,False,True,False,True,False
26359347800,True,False,True,False,True,False,True,False
207340203808,True,False,False,True,True,False,False,True
481684690274,True,False,True,False,False,True,True,False
274353252094,False,True,False,False,False,False,False,False
451207583564,True,False,True,False,False,True,True,False
467086783762,True,False,True,False,False,True,False,True
331807212378,True,False,True,False,False,True,True,False
243557668716,True,False,True,False,False,True,True,False
223239917212,True,False,True,False,True,False,True,False
503611663552,True,False,True,False,True,False,True,False
297554186516,True,False,True,False,False,True,True,False
464887932400,True,False,True,False,True,False,True,False
278803598212,True,False,True,False,False,True,False,True
675697320984,True,False,True,False,False,True,True,False
571227269504,True,False,False,True,False,True,False,True
831594021352,True,False,True,False,False,True,True,False
868427022080,True,False,False,True,False,True,False,True
866835894446,True,False,True,False,False,True,False,True
833817871570,True,False,True,False,False,True,False,True
805566202716,True,False,True,False,False,True,True,False
587116398464,True,False,True,False,True,False,True,False
611890644668,True,False,True,False,True,False,True,False
678888851914,True,False,True,False,False,True,False,True
883690661850,True,False,True,False,False,True,True,False
881473239472,True,False,True,False,False,True,True,False
557889767028,True,False,True,False,True,False,True,False
742678166574,True,False,True,False,False,True,False,True
551856081708,True,False,True,False,True,False,True,False
799844492910,True,False,True,False,False,True,True,False
924301447126,False,True,False,False,False,False,False,False
947805613158,True,False,True,False,False,True,False,True
867173424468,True,False,True,False,True,False,False,True
897015919668,True,False,False,True,False,True,False,True
922432992942,True,False,True,False,False,True,False,True
54984151246,True,False,True,False,True,False,True,False
302320765458,True,False,True,False,False,True,True,False
503328187616,True,False,True,False,True,False,True,False
122944620104,True,False,True,False,True,False,True,False
226777667978,True,False,True,False,False,True,True,False
287738407260,False,True,False,False,False,False,False,False
8300321622,True,False,False,True,False,True,False,True
375040759926,True,False,True,False,False,True,True,False
339158581072,True,False,True,False,False,True,True,False
410275778222,True,False,True,False,True,False,True,False
59756276682,True,False,True,False,False,True,True,False
260750090626,True,False,True,False,True,False,True,False
182633493280,False,True,False,False,False,False,False,False
230281022718,True,False,False,True,False,True,False,True
119461679350,True,False,True,False,False,True,True,False
157563147470,True,False,True,False,False,True,False,True
232815084966,True,False,True,False,False,True,True,False
264873944432,True,False,False,True,False,True,False,True
412848344646,True,False,True,False,True,False,True,False
665880283356,True,False,True,False,True,False,True,False
746223981934,True,False,True,False,True,False,False,True
551255160500,True,False,True,False,True,False,False,True
521732176726,True,False,True,False,True,False,True,False
542374605344,True,False,True,False,False,True,True,False
516663700588,True,False,True,False,False,True,False,True
770995707816,True,False,False,True,True,False,False,True
893229215636,True,False,True,False,False,True,False,True
782426907374,True,False,True,False,True,False,True,False
500157523404,True,False,False,True,False,True,False,True
693844143314,True,False,True,False,True,False,True,False
664956602764,True,False,True,False,True,False,True,False
694483720186,True,False,True,False,False,True,False,True
558272932720,True,False,True,False,False,True,True,False
784031465730,False,True,False,False,False,False,False,False
838640194584,False,True,False,False,False,False,False,False
745583146878,False,True,False,False,False,False,False,False
913233430592,True,False,True,False,False,True,False,True
764013672078,True,False,False,True,True,False,True,False
949442151422,True,False,True,False,True,False,True,False
721157871028,True,False,False,True,False,True,True,False
791960774480,True,False,True,False,False,True,False,True
882780440266,True,False,True,False,True,False,True,False
107647921244,True,False,False,True,True,False,False,True
62240344362,False,True,False,False,False,False,False,False
12393307628,True,False,False,True,True,False,False,True
82889829092,True,False,True,False,True,False,True,False
130198444002,True,False,True,False,False,True,True,False
261648749680,True,False,True,False,False,True,False,True
473109460528,True,False,True,False,False,True,False,True
360084511540,True,False,True,False,False,True,True,False
383261757640,True,False,True,False,True,False,False,True
143541918966,True,False,True,False,True,False,True,False
157527441142,True,False,True,False,False,True,False,True
435038483388,True,False,True,False,True,False,True,False
469333996208,True,False,True,False,True,False,False,True
332131386920,False,True,False,False,False,False,False,False
127042447436,True,False,True,False,True,False,False,True
479478458786,True,False,True,False,True,False,True,False
336292839476,True,False,True,False,False,True,True,False
414391596936,False,True,False,False,False,False,False,False
645210541288,True,False,True,False,True,False,True,False
691561229506,True,False,True,False,False,True,True,False
906213416890,True,False,True,False,False,True,True,False
953527299366,True,False,True,False,False,True,False,True
881124474690,True,False,True,False,False,True,True,False
646183891496,True,False,True,False,True,False,True,False
800178495494,True,False,True,False,False,True,False,True
893527637616,True,False,True,False,True,False,True,False
808441878452,True,False,True,False,True,False,True,False
896711027036,True,False,True,False,False,True,True,False
619799996522,True,False,True,False,True,False,True,False
864293370540,True,False,True,False,True,False,True,False
803661213528,True,False,True,False,True,False,True,False
623317739880,False,True,False,False,False,False,False,False
699520171024,True,False,True,False,True,False,True,False
696360066384,True,False,True,False,True,False,True,False
920520768860,False,True,False,False,False,False,False,False
934181411880,True,False,True,False,False,True,False,True
752541954664,True,False,True,False,False,True,False,True
755409034088,True,False,True,False,True,False,True,False
54667642850,True,False,True,False,True,False,True,False
110543578198,True,False,True,False,False,True,False,True
154677370916,False,True,False,False,False,False,False,False
190240795776,True,False,True,False,True,False,True,False
368045946668,True,False,True,False,False,True,False,True
389331529786,True,False,True,False,False,True,True,False
442349105234,False,True,False,False,False,False,False,False
13408892008,True,False,True,False,True,False,False,True
104541441028,True,False,True,False,True,False,True,False
347432674228,False,True,False,False,False,False,False,False
106730945044,False,True,False,False,False,False,False,False
179122934694,True,False,True,False,True,False,False,True
680223048,True,False,True,False,False,True,True,False
292176585566,True,False,True,False,False,True,True,False
442997022756,True,False,True,False,True,False,True,False
432518006756,False,True,False,False,False,False,False,False
19441370426,True,False,True,False,True,False,True,False
188990020626,False,True,False,False,False,False,False,False
167725731518,False,True,False,False,False,False,False,False
269952579624,True,False,True,False,False,True,True,False
383000889132,True,False,True,False,True,False,True,False
666520895460,True,False,False,True,True,False,False,True
732559738716,True,False,False,True,False,True,False,True
550634008666,True,False,True,False,True,False,True,False
731616452486,True,False,True,False,True,False,True,False
644304903444,True,False,True,False,False,True,False,True
520456077122,True,False,True,False,False,True,True,False
707166404490,True,False,True,False,False,True,False,True
725901143618,True,False,True,False,True,False,True,False
779869537692,True,False,True,False,True,False,True,False
904972998420,True,False,True,False,True,False,True,False
506822876206,True,False,True,False,False,True,False,True
757667859260,True,False,False,True,False,True,True,False
940243573256,True,False,True,False,False,True,True,False
613822733802,True,False,True,False,True,False,True,False
953870852940,True,False,True,False,True,False,True,False
714174803242,True,False,True,False,False,True,False,True
739573203038,True,False,True,False,False,True,False,True
782125796918,True,False,True,False,True,False,True,False
969777244204,True,False,True,False,False,True,True,False
1102115643654,True,False,True,False,False,True,False,True
1115145329214,True,False,True,False,False,True,False,True
1252001514476,True,False,True,False,True,False,True,False
1135785213406,True,False,True,False,True,False,True,False
1463780272720,True,False,True,False,False,True,False,True
1035454386322,True,False,True,False,False,True,False,True
1134520752310,False,True,False,False,False,False,False,False
1194549747562,True,False,True,False,False,True,False,True
1068790610478,True,False,False,True,True,False,False,True
1294886244260,True,False,True,False,True,False,True,False
1481578277188,False,True,False,False,False,False,False,False
1475218301922,True,False,True,False,False,True,False,True
1017023964208,True,False,True,False,True,False,True,False
1237700919138,True,False,True,False,False,True,False,True
1081156352176,True,False,True,False,True,False,True,False
1038943025784,True,False,True,False,False,True,True,False
1359947152442,False,True,False,False,False,False,False,False
1448223987176,True,False,False,True,False,True,True,False
1413918446828,True,False,True,False,False,True,True,False
1227241306384,True,False,True,False,False,True,False,True
1390130956322,True,False,True,False,False,True,False,True
1753987379628,True,False,True,False,False,True,True,False
1931794370842,True,False,True,False,False,True,False,True
1855904394582,True,False,True,False,False,True,True,False
1812723061200,True,False,True,False,False,True,False,True
1772720782820,True,False,True,False,True,False,True,False
1856857609998,True,False,True,False,True,False,True,False
1974031511414,True,False,False,True,False,True,False,True
1557138838784,True,False,True,False,True,False,True,False
1533325166706,True,False,True,False,False,True,False,True
1579050945654,True,False,True,False,False,True,False,True
1683527197198,True,False,True,False,False,True,False,True
1993112220538,True,False,True,False,False,True,True,False
1573330772862,True,False,False,True,False,True,False,True
1720332680622,True,False,True,False,True,False,True,False
1918153839034,False,True,False,False,False,False,False,False
1867652485042,True,False,True,False,False,True,True,False
1714006925854,True,False,True,False,False,True,True,False
1674319748668,True,False,True,False,False,True,True,False
1884186556982,True,False,True,False,True,False,True,False
1503185109644,True,False,True,False,True,False,False,True
1172348170574,True,False,True,False,True,False,False,True
1031378488058,False,True,False,False,False,False,False,False
1096792925306,False,True,False,False,False,False,False,False
1010107874430,True,False,True,False,True,False,True,False
1256815470628,True,False,True,False,False,True,True,False
1413358500246,True,False,True,False,False,True,True,False
1253962805592,True,False,True,False,False,True,True,False
1158043013734,False,True,False,False,False,False,False,False
1475558527534,True,False,True,False,False,True,True,False
1290769271092,False,True,False,False,False,False,False,False
1148546645104,True,False,True,False,True,False,True,False
1294590121372,True,False,True,False,False,True,True,False
1907075236664,True,False,True,False,False,True,False,True
1811191631446,True,False,False,True,False,True,False,True
1553055707726,True,False,False,True,False,True,False,True
2000122910218,True,False,True,False,True,False,False,True
1916940407192,True,False,True,False,True,False,True,False
1929328525724,True,False,True,False,False,True,True,False
1612419173446,True,False,True,False,False,True,True,False
1499369731594,True,False,True,False,False,True,True,False
1792138920242,True,False,True,False,True,False,True,False
1854370446712,True,False,True,False,False,True,False,True
1834361722882,True,False,True,False,False,True,False,True
1621965311036,True,False,True,False,False,True,True,False
1885818609784,True,False,True,False,True,False,True,False
1886451608530,True,False,True,False,True,False,True,False
1041475374934,True,False,True,False,False,True,False,True
1260874463276,True,False,True,False,True,False,True,False
1488219614630,True,False,True,False,True,False,True,False
1360269966640,False,True,False,False,False,False,False,False
1342177021106,True,False,True,False,True,False,True,False
1350115903532,True,False,True,False,False,True,True,False
1115146871146,True,False,True,False,False,True,True,False
1075456216598,True,False,True,False,True,False,True,False
1146892294200,True,False,True,False,False,True,True,False
1128160781896,True,False,True,False,False,True,False,True
1144362038174,True,False,True,False,True,False,True,False
1493940066182,False,True,False,False,False,False,False,False
1271366282664,True,False,True,False,False,True,True,False
1388214549302,False,True,False,False,False,False,False,False
1373283928140,False,True,False,False,False,False,False,False
1270719626388,True,False,True,False,False,True,False,True
1432015426798,True,False,True,False,True,False,True,False
1327887918032,True,False,True,False,True,False,True,False
1140557920668,False,True,False,False,False,False,False,False
1003714612534,True,False,True,False,False,True,False,True
1077066470722,True,False,True,False,False,True,False,True
1098331012298,True,False,True,False,False,True,False,True
1125010907358,True,False,True,False,False,True,True,False
1372979889710,True,False,True,False,False,True,True,False
1475236626374,True,False,True,False,True,False,True,False
1351719255434,True,False,True,False,False,True,False,True
1496804346796,True,False,True,False,False,True,False,True
1766364791140,True,False,True,False,False,True,False,True
1999423412650,True,False,True,False,True,False,True,False
1798129970594,False,True,False,False,False,False,False,False
1864804962390,True,False,True,False,False,True,False,True
1723202206398,True,False,True,False,False,True,True,False
1795599360390,True,False,True,False,False,True,False,True
1888629797626,True,False,True,False,True,False,True,False
1558089160682,True,False,True,False,False,True,True,False
1510448132916,True,False,True,False,False,True,False,True
1569535529864,True,False,True,False,True,False,True,False
1720990201926,False,True,False,False,False,False,False,False
1788292521410,True,False,False,True,True,False,True,False
1768930353244,True,False,True,False,True,False,True,False
1989927801684,True,False,True,False,True,False,False,True
1929272661768,True,False,True,False,False,True,False,True
1941349887552,True,False,True,False,False,True,True,False
1232021369536,False,True,False,False,False,False,False,False
1260289747360,True,False,True,False,True,False,True,False
1462538899772,True,False,True,False,True,False,True,False
1356501558724,True,False,True,False,False,True,True,False
1143453222484,False,True,False,False,False,False,False,False
1210129978756,True,False,True,False,True,False,True,False
1173304160886,False,True,False,False,False,False,False,False
1115517814166,True,False,True,False,False,True,True,False
1440652270260,True,False,False,True,True,False,True,False
1467967357856,True,False,True,False,True,False,True,False
1483810498156,False,True,False,False,False,False,False,False
1381258568842,True,False,True,False,True,False,True,False
1387928177774,True,False,True,False,True,False,True,False
1156168489152,False,True,False,False,False,False,False,False
1231410120520,True,False,True,False,True,False,True,False
1351117831464,True,False,True,False,True,False,True,False
1451460301012,True,False,True,False,True,False,True,False
1638461913522,True,False,True,False,False,True,False,True
1764822827498,False,True,False,False,False,False,False,False
1756256364828,True,False,True,False,False,True,True,False
1881351408498,True,False,True,False,False,True,False,True
1524459509020,True,False,True,False,False,True,False,True
1573041203010,True,False,True,False,False,True,False,True
1627021593948,True,False,True,False,False,True,False,True
1597175318090,True,False,True,False,False,True,True,False
1716560017066,True,False,True,False,True,False,True,False
1827372782296,False,True,False,False,False,False,False,False
1811820603362,True,False,True,False,True,False,True,False
1551151701790,True,False,True,False,True,False,True,False
1750878232986,True,False,False,True,False,True,False,True
1495897704000,True,False,True,False,False,True,True,False
1747054486338,True,False,True,False,True,False,True,False
1939474075232,False,True,False,False,False,False,False,False
1836612110186,True,False,True,False,False,True,False,True
1831518964418,True,False,True,False,True,False,True,False
51528248740,True,False,True,False,False,True,True,False
132168123250,True,False,True,False,True,False,False,True
307133184224,False,True,False,False,False,False,False,False
264902595996,True,False,True,False,False,True,True,False
384611793870,True,False,True,False,False,True,True,False
463026735084,True,False,True,False,False,True,True,False
231889361690,True,False,True,False,False,True,True,False
324927610524,True,False,True,False,False,True,False,True
487179397678,True,False,True,False,True,False,True,False
162337135800,True,False,True,False,False,True,False,True
4853817838,True,False,True,False,False,True,True,False
2317539374,False,True,False,False,False,False,False,False
316651755108,True,False,True,False,False,True,False,True
449371940424,True,False,True,False,True,False,True,False
73766948502,True,False,False,True,False,True,False,True
140447106282,True,False,True,False,False,True,False,True
461787022750,True,False,True,False,False,True,True,False
607831201486,True,False,True,False,False,True,False,True
693556662482,True,False,True,False,False,True,False,True
665618154100,True,False,True,False,False,True,False,True
813888023356,True,False,True,False,True,False,True,False
889153493866,True,False,False,True,False,True,False,True
591340422244,True,False,True,False,True,False,True,False
832959635824,True,False,True,False,False,True,False,True
766924522800,True,False,True,False,True,False,True,False
578927761410,True,False,True,False,True,False,True,False
675770630350,False,True,False,False,False,False,False,False
698647844914,True,False,True,False,True,False,True,False
753583794878,True,False,True,False,True,False,True,False
932344354516,True,False,True,False,False,True,True,False
455765807962,True,False,True,False,True,False,True,False
470689551488,True,False,False,True,False,True,False,True
166837551308,True,False,True,False,True,False,True,False
135089331706,True,False,False,True,True,False,True,False
150313459962,True,False,True,False,False,True,False,True
206513315454,True,False,True,False,True,False,True,False
393223770322,True,False,False,True,True,False,True,False
195740467318,True,False,True,False,False,True,True,False
374184790904,True,False,True,False,False,True,False,True
434202901178,True,False,True,False,False,True,False,True
414833702704,True,False,True,False,True,False,True,False
725345832368,True,False,True,False,True,False,True,False
527209799456,True,False,True,False,True,False,True,False
825681245710,True,False,True,False,False,True,True,False
545335150742,False,True,False,False,False,False,False,False
572957450610,True,False,True,False,False,True,True,False
774901506372,True,False,True,False,False,True,False,True
896192633874,True,False,True,False,True,False,True,False
949216206188,True,False,True,False,True,False,False,True
947635561600,True,False,True,False,False,True,True,False
658026579204,False,True,False,False,False,False,False,False
831082817014,True,False,False,True,False,True,True,False
738376702996,True,False,True,False,True,False,True,False
664405782414,False,True,False,False,False,False,False,False
898086466764,True,False,True,False,False,True,True,False
920953047986,False,True,False,False,False,False,False,False
848880442572,True,False,True,False,False,True,True,False
32467903972,True,False,True,False,True,False,True,False
138834811372,True,False,True,False,True,False,True,False
42957329332,True,False,True,False,False,True,True,False
193798984592,True,False,True,False,True,False,True,False
72812777030,True,False,True,False,False,True,True,False
276349220874,False,True,False,False,False,False,False,False
96620603928,True,False,True,False,False,True,False,True
25490102266,True,False,True,False,False,True,False,True
126786466400,True,False,True,False,False,True,False,True
409380601244,True,False,True,False,False,True,False,True
307763315302,True,False,True,False,True,False,True,False
68684034936,True,False,True,False,False,True,False,True
55986763040,False,True,False,False,False,False,False,False
311594294350,False,True,False,False,False,False,False,False
415741484524,True,False,True,False,False,True,True,False
340818105146,True,False,True,False,False,True,True,False
585275038342,True,False,False,True,True,False,False,True
993926654140,True,False,True,False,True,False,True,False
914867122528,False,True,False,False,False,False,False,False
755152648120,True,False,True,False,True,False,True,False
656734828260,True,False,True,False,False,True,True,False
550375834610,True,False,True,False,True,False,True,False
724371855044,True,False,True,False,True,False,True,False
713578014918,True,False,True,False,False,True,True,False
720880193968,True,False,True,False,False,True,False,True
505594099766,False,True,False,False,False,False,False,False
820261256952,True,False,True,False,False,True,False,True
846622574856,True,False,False,True,False,True,False,True
762780537132,False,True,False,False,False,False,False,False
869779108386,True,False,True,False,False,True,True,False
792309041712,True,False,True,False,True,False,True,False
764694326754,True,False,True,False,True,False,True,False
750094554832,True,False,True,False,True,False,True,False
707552595926,True,False,True,False,True,False,True,False
713895663070,False,True,False,False,False,False,False,False
996808225550,True,False,True,False,False,True,False,True
878043674802,True,False,False,True,True,False,False,True
241442885694,True,False,False,True,True,False,True,False
35695268700,True,False,True,False,False,True,False,True
116340333938,True,False,True,False,False,True,True,False
481797562854,False,True,False,False,False,False,False,False
365284027616,True,False,True,False,True,False,True,False
475460770930,True,False,True,False,True,False,True,False
43961951314,True,False,True,False,False,True,True,False
212245056994,True,False,True,False,True,False,True,False
120176050392,True,False,True,False,True,False,True,False
24923679438,True,False,True,False,True,False,True,False
439907123608,False,True,False,False,False,False,False,False
51884657224,True,False,False,True,True,False,True,False
159209063646,False,True,False,False,False,False,False,False
256997234232,True,False,True,False,True,False,True,False
502444654608,True,False,True,False,True,False,True,False
257960605658,True,False,True,False,False,True,False,True
24921236586,True,False,True,False,False,True,True,False
187176451274,True,False,True,False,True,False,False,True
352906947534,True,False,True,False,False,True,True,False
264958041156,True,False,True,False,False,True,True,False
457376420896,True,False,False,True,True,False,False,True
507205084010,True,False,True,False,False,True,True,False
527538283704,False,True,False,False,False,False,False,False
599299291384,True,False,True,False,False,True,False,True
986979215174,True,False,True,False,False,True,False,True
762816647486,True,False,True,False,False,True,False,True
985083319072,True,False,True,False,True,False,True,False
856481318488,True,False,True,False,False,True,False,True
957772315376,True,False,True,False,False,True,True,False
923795004560,False,True,False,False,False,False,False,False
599298938334,False,True,False,False,False,False,False,False
498653893092,True,False,True,False,False,True,False,True
712980498692,True,False,True,False,False,True,True,False
535494352840,True,False,True,False,False,True,False,True
667899311284,True,False,False,True,False,True,False,True
798388034872,True,False,True,False,False,True,False,True
800297010844,True,False,True,False,False,True,True,False
692319497602,True,False,True,False,True,False,True,False
912995015736,False,True,False,False,False,False,False,False
795208300986,True,False,True,False,False,True,True,False
954594419680,True,False,True,False,False,True,True,False
943489258476,True,False,True,False,True,False,True,False
959041665890,True,False,True,False,True,False,True,False
929189292654,True,False,True,False,False,True,True,False
904745746228,True,False,True,False,True,False,True,False
990473626552,True,False,True,False,True,False,True,False
756154373676,False,True,False,False,False,False,False,False
878412703166,False,True,False,False,False,False,False,False
778066858228,True,False,True,False,False,True,False,True
922860438616,True,False,True,False,True,False,True,False
886338986310,False,True,False,False,False,False,False,False
990751098910,True,False,False,True,False,True,True,False
1312718292956,True,False,False,True,True,False,True,False
1027597706658,True,False,True,False,False,True,True,False
1079352206552,True,False,False,True,False,True,False,True
994586563972,False,True,False,False,False,False,False,False
1291456322974,True,False,True,False,False,True,False,True
1266374082456,False,True,False,False,False,False,False,False
1456249178078,True,False,True,False,True,False,True,False
1274956093804,True,False,True,False,False,True,False,True
1040291250434,False,True,False,False,False,False,False,False
1096490073082,True,False,True,False,False,True,False,True
1089817063396,True,False,True,False,False,True,False,True
1438449890218,True,False,True,False,False,True,False,True
1483858501386,True,False,True,False,True,False,False,True
1288909436794,True,False,True,False,True,False,False,True
1091434373472,True,False,True,False,True,False,True,False
1263527341610,False,True,False,False,False,False,False,False
1440379881940,True,False,True,False,False,True,True,False
1296222526878,True,False,True,False,False,True,True,False
1719146715494,True,False,True,False,True,False,True,False
1551488999986,True,False,True,False,True,False,True,False
1778209947606,True,False,True,False,False,True,False,True
1530872500528,True,False,True,False,False,True,False,True
1717568742420,True,False,True,False,True,False,True,False
1615017417666,True,False,True,False,True,False,True,False
1729014784278,True,False,True,False,False,True,False,True
1978570055712,True,False,True,False,True,False,True,False
1803624347786,True,False,True,False,False,True,False,True
1909366848964,False,True,False,False,False,False,False,False
1939843250772,True,False,True,False,True,False,False,True
1960474541624,True,False,True,False,True,False,True,False
1937933192010,True,False,True,False,False,True,False,True
1737878028572,True,False,True,False,False,True,False,True
1595307189828,True,False,True,False,False,True,True,False
1613731817022,False,True,False,False,False,False,False,False
1964893211486,True,False,True,False,True,False,True,False
1779157140434,True,False,False,True,False,True,False,True
1782964507778,True,False,True,False,True,False,False,True
1824241654912,True,False,True,False,True,False,False,True
1931557794798,True,False,True,False,False,True,False,True
1803611019332,True,False,True,False,True,False,True,False
1879816600578,True,False,True,False,True,False,True,False
1575318045186,False,True,False,False,False,False,False,False
1634064990220,True,False,True,False,False,True,True,False
1588336314960,True,False,True,False,False,True,False,True
1593113403824,True,False,True,False,True,False,True,False
1642009996366,True,False,True,False,True,False,True,False
1718855456168,True,False,True,False,True,False,False,True
1868714362090,True,False,False,True,False,True,False,True
1973823889384,True,False,True,False,True,False,True,False
1943019612238,True,False,True,False,False,True,True,False
1112395782454,True,False,False,True,True,False,False,True
1002865117118,True,False,False,True,True,False,True,False
1212424738786,True,False,True,False,False,True,True,False
1332758089132,True,False,True,False,False,True,False,True
1448339300948,True,False,True,False,True,False,True,False
1196572248966,True,False,True,False,True,False,True,False
1477570242312,True,False,True,False,False,True,False,True
1341667524732,True,False,True,False,False,True,True,False
1133670807734,True,False,True,False,True,False,False,True
1030169468754,False,True,False,False,False,False,False,False
1177169889420,True,False,True,False,False,True,True,False
1489929835494,True,False,True,False,False,True,True,False
1334342062734,True,False,True,False,False,True,True,False
1358797125370,True,False,True,False,True,False,True,False
1106397100176,True,False,True,False,False,True,True,False
1099728475152,True,False,True,False,False,True,True,False
1660113523622,True,False,True,False,True,False,True,False
1675359927240,True,False,True,False,True,False,True,False
1691552791788,True,False,True,False,False,True,True,False
1533755381780,True,False,True,False,False,True,False,True
1523282513858,True,False,True,False,True,False,False,True
1868732806616,True,False,True,False,False,True,True,False
1986532374472,False,True,False,False,False,False,False,False
1697298089636,True,False,True,False,True,False,True,False
1971939482464,True,False,True,False,False,True,True,False
1860508434398,True,False,True,False,True,False,True,False
1947498430528,False,True,False,False,False,False,False,False
1628698347936,True,False,True,False,True,False,False,True
1720445147684,False,True,False,False,False,False,False,False
1559160259008,True,False,True,False,False,True,True,False
1639489391746,True,False,True,False,False,True,False,True
1946556582582,False,True,False,False,False,False,False,False
1970355664708,True,False,True,False,False,True,False,True
1320343540218,True,False,False,True,True,False,False,True
1162227853134,True,False,True,False,False,True,False,True
1134616918220,True,False,True,False,False,True,False,True
1448638125876,True,False,True,False,True,False,True,False
1249526601448,True,False,True,False,False,True,False,True
1078378257092,True,False,True,False,False,True,False,True
1123148274992,True,False,True,False,True,False,True,False
1201911176968,True,False,True,False,False,True,True,False
1400661434758,True,False,True,False,True,False,True,False
1053947990558,True,False,True,False,False,True,True,False
1196520468454,True,False,True,False,True,False,True,False
1093014971218,True,False,True,False,False,True,True,False
1411172153534,True,False,True,False,True,False,True,False
1454677030700,True,False,True,False,True,False,True,False
1598800743188,True,False,True,False,True,False,True,False
1667702860200,True,False,True,False,False,True,True,False
1538797678402,True,False,True,False,True,False,True,False
1849335639162,False,True,False,False,False,False,False,False
1729321572020,True,False,True,False,False,True,False,True
1595328282608,True,False,True,False,False,True,False,True
1636611426818,True,False,False,True,False,True,True,False
1932850455250,True,False,True,False,False,True,False,True
1983656754474,True,False,True,False,False,True,False,True
1842352921638,True,False,True,False,True,False,True,False
1936974108652,True,False,True,False,False,True,True,False
1900788143272,True,False,True,False,True,False,True,False
1985250756702,True,False,True,False,False,True,True,False
1732797736730,True,False,True,False,True,False,True,False
1531809669538,True,False,True,False,True,False,True,False
1781379556680,True,False,True,False,True,False,False,True
1742962258066,True,False,True,False,True,False,True,False
1972836506930,True,False,True,False,False,True,True,False
1929977103306,True,False,True,False,False,True,False,True
1976334746234,True,False,True,False,False,True,True,False
1591841914448,True,False,True,False,False,True,False,True
1709947007238,False,True,False,False,False,False,False,False
1831881743180,True,False,True,False,False,True,False,True
1160991566222,True,False,True,False,True,False,True,False
1415633332124,True,False,True,False,False,True,True,False
1322602114422,True,False,True,False,False,True,True,False
1017167127212,False,True,False,False,False,False,False,False
1114644608056,True,False,True,False,False,True,False,True
1311820521194,True,False,True,False,False,True,False,True
1294369420116,True,False,True,False,True,False,False,True
1301354028994,True,False,True,False,False,True,False,True
1274999214056,True,False,True,False,True,False,False,True
1309925708818,False,True,False,False,False,False,False,False
1501710737054,True,False,False,True,True,False,True,False
1388032454068,True,False,True,False,False,True,True,False
1398485187804,True,False,True,False,False,True,False,True
1295610042810,True,False,True,False,True,False,True,False
1440718800798,False,True,False,False,False,False,False,False
1123856796932,True,False,True,False,False,True,True,False
1008920303938,True,False,True,False,False,True,False,True
1316907621746,True,False,True,False,False,True,False,True
1326426594648,False,True,False,False,False,False,False,False
1476944203628,True,False,True,False,True,False,True,False
1591536388108,True,False,True,False,True,False,True,False
1630586232700,True,False,True,False,True,False,True,False
1706475881696,True,False,True,False,False,True,True,False
1742989749616,True,False,True,False,True,False,True,False
1719184947274,True,False,True,False,True,False,True,False
1755690674948,True,False,True,False,False,True,True,False
1964302776998,True,False,True,False,True,False,True,False
1773485932134,True,False,True,False,True,False,True,False
1798248662094,True,False,True,False,True,False,True,False
1996696469186,True,False,True,False,True,False,True,False
1780461368898,True,False,True,False,True,False,True,False
1963672349032,True,False,True,False,False,True,False,True
1681089628536,True,False,False,True,False,True,False,True
1695064490174,True,False,True,False,False,True,False,True
1666801481296,True,False,True,False,False,True,False,True
1825896413660,True,False,True,False,False,True,False,True
1545186105422,False,True,False,False,False,False,False,False
1570900588906,True,False,True,False,True,False,True,False
1537559477704,True,False,True,False,True,False,True,False
1756328565562,True,False,True,False,True,False,True,False
1596327640516,True,False,True,False,True,False,False,True
1704919656978,True,False,True,False,False,True,True,False
1687126971238,False,True,False,False,False,False,False,False
1908450077932,True,False,True,False,True,False,True,False
1846843789632,True,False,True,False,False,True,False,True
2000202371778,True,False,True,False,False,True,True,False
2001335351458,True,False,True,False,True,False,True,False
2136275782406,True,False,False,True,False,True,False,True
2146754800354,True,False,True,False,True,False,True,False
2009594425548,True,False,False,True,False,True,False,True
2322042042980,True,False,False,True,True,False,False,True
2356967176474,True,False,True,False,False,True,False,True
2454132354902,False,True,False,False,False,False,False,False
2162655268914,True,False,True,False,True,False,True,False
2122009862060,True,False,True,False,True,False,True,False
2222666726080,True,False,False,True,False,True,False,True
2288400774700,True,False,True,False,True,False,True,False
2136596227314,True,False,True,False,True,False,True,False
2074679853000,True,False,True,False,False,True,True,False
2456664073164,True,False,False,True,True,False,True,False
2473490692756,True,False,True,False,False,True,True,False
2025805258682,True,False,True,False,True,False,True,False
2131549347918,False,True,False,False,False,False,False,False
2329673058132,False,True,False,False,False,False,False,False
2321112063990,True,False,True,False,False,True,True,False
2349050623688,False,True,False,False,False,False,False,False
2423344708964,True,False,False,True,False,True,False,True
2403030762790,True,False,True,False,True,False,True,False
2511272622984,True,False,True,False,False,True,True,False
2710988620348,False,True,False,False,False,False,False,False
2525887590270,True,False,True,False,False,True,True,False
2535414047562,True,False,True,False,False,True,True,False
2894517398044,True,False,True,False,False,True,True,False
2822452050718,True,False,True,False,False,True,True,False
2768789029914,True,False,False,True,True,False,True,False
2842773407530,False,True,False,False,False,False,False,False
2514782655330,True,False,True,False,True,False,True,False
2557345455250,True,False,True,False,False,True,False,True
2517002196400,True,False,False,True,False,True,False,True
2593841381430,True,False,True,False,False,True,True,False
2540505505812,True,False,True,False,True,False,True,False
2841517337880,True,False,True,False,True,False,True,False
2603357557040,True,False,True,False,False,True,False,True
2717984318952,True,False,True,False,True,False,True,False
2511912453246,True,False,True,False,True,False,True,False
2818005663534,True,False,True,False,False,True,False,True
2846583799658,True,False,True,False,True,False,True,False
2769413890298,True,False,False,True,False,True,False,True
2979297886532,True,False,True,False,False,True,True,False
2669108969132,True,False,True,False,False,True,False,True
2768801101200,True,False,True,False,True,False,False,True
2980267228584,True,False,True,False,True,False,True,False
2989488438040,False,True,False,False,False,False,False,False
2067733471976,True,False,True,False,False,True,True,False
2066477327354,True,False,True,False,False,True,True,False
2453211924096,True,False,True,False,True,False,True,False
2250951861044,True,False,False,True,False,True,False,True
2165244846224,True,False,True,False,True,False,True,False
2303674796150,True,False,True,False,True,False,True,False
2457989139150,True,False,False,True,False,True,False,True
2127439983466,True,False,True,False,True,False,True,False
2029319601570,True,False,True,False,True,False,True,False
2184900772350,True,False,True,False,True,False,True,False
2192523898230,True,False,True,False,True,False,True,False
2353832247500,True,False,True,False,False,True,True,False
2464643174646,True,False,True,False,True,False,True,False
2295724123082,True,False,True,False,True,False,True,False
2504016764022,True,False,True,False,False,True,True,False
2470041897488,True,False,False,True,True,False,False,True
2240168000852,False,True,False,False,False,False,False,False
2158573903096,True,False,True,False,False,True,False,True
2317021448758,True,False,True,False,False,True,True,False
2448466916696,True,False,True,False,True,False,True,False
2323993508014,False,True,False,False,False,False,False,False
2576720526196,True,False,False,True,True,False,False,True
2519576124662,True,False,True,False,True,False,True,False
2549437821326,True,False,False,True,False,True,False,True
2910452366924,True,False,True,False,False,True,False,True
2934903272108,True,False,False,True,False,True,False,True
2947935325668,True,False,True,False,True,False,False,True
2728810289206,True,False,True,False,False,True,True,False
2609751226330,True,False,True,False,False,True,True,False
2739621644252,False,True,False,False,False,False,False,False
2839305485348,True,False,True,False,False,True,False,True
2863447639576,False,True,False,False,False,False,False,False
2618658846528,True,False,True,False,False,True,False,True
2741849676592,True,False,False,True,True,False,False,True
2635158118608,True,False,True,False,True,False,True,False
2098499019908,True,False,True,False,False,True,True,False
2202339047310,True,False,True,False,False,True,False,True
2141057939642,True,False,True,False,False,True,False,True
2208037902102,False,True,False,False,False,False,False,False
2255348861120,False,True,False,False,False,False,False,False
2067718202754,True,False,True,False,False,True,True,False
2239818679846,True,False,True,False,False,True,False,True
2218544940998,True,False,True,False,False,True,False,True
2175671601614,True,False,True,False,False,True,False,True
2187084632058,True,False,True,False,True,False,True,False
2239157206602,True,False,True,False,False,True,True,False
2261079745628,True,False,True,False,True,False,True,False
2200126993414,False,True,False,False,False,False,False,False
2158536737684,True,False,False,True,True,False,True,False
2882458722488,True,False,True,False,False,True,False,True
2537957915336,True,False,True,False,False,True,False,True
2507142624866,True,False,True,False,False,True,False,True
2559858403958,True,False,True,False,False,True,True,False
2582399023420,True,False,True,False,True,False,True,False
2572230294506,True,False,False,True,False,True,True,False
2524284699106,True,False,True,False,True,False,True,False
2572566260882,True,False,True,False,True,False,True,False
2575102867726,True,False,False,True,False,True,False,True
2885305921966,True,False,True,False,False,True,True,False
2750377637032,True,False,True,False,True,False,True,False
2709743922210,True,False,True,False,False,True,False,True
2984720273586,True,False,True,False,True,False,True,False
2806593066480,True,False,True,False,False,True,True,False
2859615101370,True,False,True,False,True,False,True,False
2196016745384,True,False,True,False,False,True,True,False
2134425676952,True,False,True,False,False,True,False,True
2494808332390,True,False,True,False,True,False,True,False
2370023401214,True,False,True,False,True,False,True,False
2213492642818,True,False,True,False,True,False,True,False
2334483386772,False,True,False,False,False,False,False,False
2495770569830,True,False,True,False,True,False,True,False
2303021112950,True,False,True,False,True,False,True,False
2109990675818,True,False,True,False,True,False,False,True
2327168483560,True,False,True,False,False,True,True,False
2375441402166,True,False,True,False,False,True,True,False
2352890905972,True,False,True,False,False,True,True,False
2335436125434,True,False,True,False,False,True,True,False
2525289193700,True,False,True,False,False,True,True,False
2631022673518,True,False,True,False,False,True,False,True
2750092547042,False,True,False,False,False,False,False,False
2507819345122,True,False,True,False,True,False,True,False
2737397518644,True,False,True,False,True,False,False,True
2767245507482,False,True,False,False,False,False,False,False
2512921160094,True,False,True,False,True,False,True,False
2874251762592,False,True,False,False,False,False,False,False
2853938874716,True,False,True,False,False,True,True,False
2794559435140,True,False,True,False,True,False,True,False
2943469233704,True,False,True,False,False,True,True,False
2893317806284,True,False,True,False,False,True,True,False
2589752131066,True,False,True,False,False,True,False,True
2665005631362,False,True,False,False,False,False,False,False
2524965048478,True,False,True,False,False,True,True,False
2537359668092,True,False,True,False,False,True,True,False
2803111988798,True,False,True,False,False,True,True,False
2898685987470,True,False,True,False,False,True,False,True
2713911119338,True,False,True,False,True,False,False,True
2750742809862,True,False,True,False,True,False,True,False
2564682314160,True,False,True,False,True,False,False,True
2609444218370,True,False,True,False,True,False,False,True
2739626208640,True,False,True,False,False,True,True,False
2927594897836,True,False,True,False,True,False,False,True
2874582791730,True,False,True,False,True,False,True,False
2974278553556,True,False,True,False,False,True,True,False
3032323094574,True,False,True,False,True,False,False,True
3081551193216,False,True,False,False,False,False,False,False
3082179455318,True,False,True,False,False,True,True,False
3254593823192,False,True,False,False,False,False,False,False
3054249059720,True,False,True,False,False,True,True,False
3060605986446,False,True,False,False,False,False,False,False
3105063776034,True,False,True,False,True,False,True,False
3141261309094,True,False,True,False,False,True,False,True
3291751853516,True,False,True,False,False,True,True,False
3210768327876,True,False,True,False,False,True,True,False
3231100544148,True,False,True,False,False,True,True,False
3128860415280,False,True,False,False,False,False,False,False
3369537299010,True,False,True,False,False,True,True,False
3427633934158,True,False,True,False,False,True,True,False
3361276462506,True,False,False,True,False,True,False,True
3066950694138,True,False,True,False,False,True,False,True
3486708882038,False,True,False,False,False,False,False,False
3504813091640,True,False,True,False,False,True,False,True
3742309960226,True,False,True,False,True,False,False,True
3547342853386,True,False,True,False,True,False,True,False
3816909168116,True,False,True,False,True,False,True,False
3834373826414,False,True,False,False,False,False,False,False
3902643397880,False,True,False,False,False,False,False,False
3940108717178,True,False,True,False,False,True,False,True
3835333870262,True,False,True,False,False,True,True,False
3791524023860,True,False,True,False,False,True,False,True
3762313342948,True,False,True,False,False,True,True,False
3701678286838,True,False,True,False,True,False,True,False
3614997242926,True,False,True,False,False,True,True,False
3873781686892,True,False,False,True,True,False,True,False
3948717945438,True,False,True,False,False,True,False,True
3648309602164,True,False,True,False,True,False,True,False
3561633900236,True,False,True,False,True,False,True,False
3713095627450,True,False,True,False,False,True,False,True
3699759132424,True,False,True,False,True,False,True,False
3616235874668,True,False,True,False,False,True,False,True
3613065992398,True,False,True,False,False,True,False,True
3926456543844,True,False,True,False,False,True,True,False
3823277335870,True,False,True,False,False,True,True,False
3636900530168,True,False,True,False,True,False,True,False
3184779970200,True,False,True,False,False,True,True,False
3263835343314,True,False,True,False,False,True,True,False
3500380888268,False,True,False,False,False,False,False,False
3300355283668,True,False,True,False,True,False,True,False
3324802912430,True,False,True,False,True,False,True,False
3321616524292,False,True,False,False,False,False,False,False
3221949969362,True,False,True,False,False,True,False,True
3155259984578,True,False,True,False,True,False,True,False
3108276247684,True,False,True,False,True,False,True,False
3447380526060,True,False,True,False,False,True,False,True
3266393874348,True,False,True,False,True,False,True,False
3292433664786,True,False,False,True,False,True,True,False
3145080218232,True,False,True,False,False,True,True,False
3201912342556,True,False,True,False,True,False,True,False
3304483726356,True,False,True,False,True,False,True,False
3202259018406,True,False,True,False,True,False,True,False
3221938783182,True,False,True,False,True,False,False,True
3503585599030,True,False,True,False,False,True,True,False
3372141995996,True,False,True,False,False,True,True,False
3642629294252,True,False,False,True,False,True,False,True
3524518331034,True,False,True,False,True,False,True,False
3784884529094,False,True,False,False,False,False,False,False
3966503524640,True,False,True,False,False,True,False,True
3847447837856,True,False,True,False,False,True,False,True
3666145858370,True,False,True,False,False,True,False,True
3741720406238,True,False,True,False,True,False,True,False
3647109097920,True,False,True,False,False,True,True,False
3729030014630,True,False,True,False,False,True,False,True
3696638237546,True,False,True,False,False,True,False,True
3855076634410,False,True,False,False,False,False,False,False
3864612617156,True,False,False,True,True,False,True,False
3610885535834,True,False,True,False,True,False,True,False
3515625705904,True,False,True,False,False,True,True,False
3642956492370,True,False,True,False,False,True,True,False
3516593385804,True,False,True,False,False,True,False,True
3782660932634,True,False,True,False,True,False,True,False
3974126047556,True,False,True,False,False,True,True,False
3800771366414,True,False,True,False,False,True,False,True
3966187518990,True,False,True,False,True,False,True,False
3922061865274,True,False,True,False,False,True,True,False
3541362139358,True,False,False,True,False,True,False,True
3710599845260,True,False,True,False,True,False,False,True
3052330107866,True,False,False,True,False,True,False,True
3180290366850,True,False,True,False,True,False,True,False
3133933857954,False,True,False,False,False,False,False,False
3323516480664,True,False,True,False,True,False,True,False
3428937934466,True,False,True,False,True,False,True,False
3270477109518,True,False,True,False,True,False,True,False
3339389004470,True,False,False,True,True,False,False,True
3247601759462,True,False,False,True,False,True,False,True
3149816032606,True,False,True,False,False,True,True,False
3050099557872,True,False,False,True,False,True,True,False
3339684197628,True,False,True,False,False,True,True,False
3475583690392,True,False,True,False,True,False,True,False
3390812376678,True,False,True,False,True,False,True,False
3400967070354,True,False,True,False,False,True,True,False
3183477713966,True,False,True,False,False,True,True,False
3155548578564,True,False,True,False,True,False,True,False
3134595106914,True,False,True,False,True,False,False,True
3459732839514,True,False,True,False,False,True,True,False
3327646712614,True,False,False,True,False,True,True,False
3386705458242,True,False,True,False,False,True,False,True
3652755892394,True,False,True,False,True,False,True,False
3577184142254,True,False,True,False,True,False,True,False
3541629562984,False,True,False,False,False,False,False,False
3567361105452,True,False,False,True,False,True,False,True
3513700805754,True,False,True,False,False,True,False,True
3634990421188,True,False,True,False,False,True,False,True
3677553096100,True,False,True,False,False,True,True,False
3967441850236,True,False,True,False,False,True,True,False
3693076271492,True,False,False,True,False,True,True,False
3663551145870,True,False,True,False,False,True,False,True
3593387441422,True,False,True,False,True,False,True,False
3677850886306,True,False,True,False,False,True,True,False
3835008165530,True,False,True,False,True,False,True,False
3832786155588,True,False,True,False,False,True,False,True
3854691886252,True,False,True,False,True,False,True,False
3827704072264,True,False,False,True,False,True,False,True
3855963453174,True,False,True,False,True,False,True,False
3897565553494,True,False,False,True,False,True,False,True
3549261509560,True,False,True,False,False,True,False,True
3596896338668,True,False,True,False,False,True,True,False
3578479725632,True,False,True,False,True,False,True,False
3620073888052,True,False,True,False,True,False,True,False
3662935685990,True,False,False,True,False,True,False,True
3010779264404,True,False,True,False,False,True,True,False
3084447029254,True,False,False,True,False,True,False,True
3017757044442,False,True,False,False,False,False,False,False
3172396894866,True,False,True,False,False,True,True,False
3186048113174,True,False,True,False,True,False,True,False
3182557560386,False,True,False,False,False,False,False,False
3027618736210,True,False,True,False,False,True,True,False
3244481393140,True,False,True,False,False,True,False,True
3297190142270,True,False,True,False,True,False,True,False
3453413233484,True,False,True,False,True,False,True,False
3139997154752,True,False,True,False,True,False,False,True
3311472545548,True,False,True,False,True,False,True,False
3381320141692,False,True,False,False,False,False,False,False
3363855181558,True,False,False,True,False,True,False,True
3292418473822,True,False,True,False,True,False,True,False
3119704074970,True,False,True,False,False,True,True,False
3360060136246,True,False,True,False,True,False,False,True
3436586111696,True,False,True,False,True,False,True,False
3577869077076,True,False,True,False,False,True,True,False
3688050280984,True,False,True,False,False,True,False,True
3494033667568,True,False,True,False,False,True,False,True
3578173519134,True,False,True,False,False,True,False,True
3858869086952,True,False,True,False,False,True,True,False
3747740766172,True,False,False,True,True,False,True,False
3945559581972,True,False,True,False,False,True,False,True
3853807792326,False,True,False,False,False,False,False,False
3803648402774,False,True,False,False,False,False,False,False
3660735549452,True,False,True,False,True,False,True,False
3505144550736,True,False,True,False,False,True,False,True
3796644568408,True,False,True,False,False,True,False,True
3514693459692,False,True,False,False,False,False,False,False
3622018697446,True,False,True,False,False,True,False,True
3613756575418,True,False,True,False,False,True,True,False
3546129201250,True,False,True,False,True,False,True,False
3594406227260,True,False,True,False,True,False,True,False
3796980054810,False,True,False,False,False,False,False,False
3969075744902,True,False,True,False,True,False,True,False
2263052396024,True,False,False,True,False,True,False,True
2383079971158,True,False,True,False,True,False,True,False
2434190384824,True,False,True,False,True,False,True,False
2286233851666,True,False,False,True,False,True,True,False
2026203821164,False,True,False,False,False,False,False,False
2031293692084,False,True,False,False,False,False,False,False
2272595963460,True,False,True,False,True,False,True,False
2198283484050,True,False,True,False,False,True,False,True
2164621979790,True,False,True,False,True,False,True,False
2116362039748,False,True,False,False,False,False,False,False
2334810783380,True,False,True,False,False,True,True,False
2444033883978,True,False,False,True,False,True,False,True
2505634175818,True,False,False,True,False,True,False,True
2308147773264,True,False,True,False,False,True,False,True
2176699558432,True,False,True,False,True,False,True,False
2164009695340,True,False,False,True,False,True,False,True
2396746790114,True,False,True,False,False,True,True,False
2265932077804,True,False,True,False,False,True,False,True
2305310404370,True,False,True,False,True,False,True,False
2518344247304,False,True,False,False,False,False,False,False
2535176134324,True,False,False,True,False,True,False,True
2936509065728,True,False,True,False,True,False,False,True
2664727015150,True,False,True,False,False,True,False,True
2592350221050,True,False,True,False,False,True,True,False
2709515856736,True,False,False,True,True,False,True,False
2732042515764,True,False,True,False,False,True,False,True
2682196815224,True,False,True,False,True,False,True,False
2825727522128,True,False,True,False,False,True,True,False
2860327097546,True,False,True,False,False,True,True,False
2767621538938,True,False,True,False,False,True,True,False
2921935754812,True,False,True,False,False,True,False,True
2728847988760,True,False,False,True,False,True,True,False
2876191984950,True,False,True,False,True,False,True,False
2920963792512,True,False,True,False,False,True,False,True
2683148065332,True,False,True,False,True,False,True,False
2869217532212,True,False,True,False,True,False,False,True
2782843701358,True,False,True,False,False,True,True,False
2970185037010,True,False,True,False,False,True,True,False
2224039469498,True,False,True,False,False,True,True,False
2010675404446,True,False,False,True,True,False,False,True
2096739729736,True,False,True,False,True,False,True,False
2329791875470,True,False,True,False,True,False,True,False
2476812153070,True,False,True,False,False,True,True,False
2035430374238,True,False,True,False,False,True,True,False
2048444284836,True,False,True,False,False,True,False,True
2232926251874,True,False,True,False,False,True,True,False
2136398055754,False,True,False,False,False,False,False,False
2164036130580,True,False,True,False,False,True,False,True
2509798172678,True,False,False,True,False,True,False,True
2482813735738,True,False,True,False,True,False,True,False
2350729951338,True,False,True,False,True,False,True,False
2293571387592,True,False,False,True,False,True,False,True
2358342620352,True,False,True,False,False,True,False,True
2429786182690,True,False,True,False,False,True,False,True
2216116994360,True,False,True,False,False,True,True,False
2167853298960,True,False,True,False,True,False,True,False
2194839752992,True,False,True,False,False,True,True,False
2129762920826,True,False,True,False,False,True,False,True
2328204730254,True,False,True,False,True,False,True,False
2359321312144,True,False,True,False,True,False,False,True
2357739557872,False,True,False,False,False,False,False,False
2286932372342,True,False,True,False,False,True,False,True
2550446955268,False,True,False,False,False,False,False,False
2609831939636,True,False,True,False,True,False,False,True
2559662317920,True,False,False,True,False,True,True,False
2532986858582,True,False,True,False,True,False,False,True
2582839967940,True,False,True,False,False,True,False,True
2633643419672,True,False,True,False,True,False,True,False
2714615883530,True,False,True,False,False,True,False,True
2544725750060,True,False,True,False,False,True,True,False
2712701667226,True,False,True,False,False,True,False,True
2557759265352,True,False,True,False,False,True,True,False
2934323444154,True,False,True,False,False,True,True,False
2928299132732,True,False,True,False,False,True,False,True
2883844947394,True,False,True,False,False,True,True,False
2528872681456,True,False,True,False,True,False,True,False
2708909344110,True,False,True,False,False,True,False,True
2948640295040,True,False,True,False,True,False,False,True
2911803464968,True,False,True,False,False,True,True,False
2575213290488,True,False,True,False,True,False,True,False
2630786951104,True,False,True,False,True,False,True,False
2719052371024,True,False,True,False,True,False,True,False
2629209304820,True,False,True,False,True,False,True,False
2658114360534,True,False,True,False,False,True,False,True
2921324228486,True,False,True,False,False,True,False,True
2879101653596,True,False,True,False,False,True,False,True
2084918211582,True,False,False,True,False,True,False,True
2095400429180,False,True,False,False,False,False,False,False
2070325169218,True,False,True,False,True,False,True,False
2360532526376,True,False,False,True,False,True,False,True
2288139377742,True,False,True,False,False,True,True,False
2314813250112,True,False,True,False,False,True,False,True
2264960796452,True,False,True,False,True,False,True,False
2155118506206,True,False,True,False,True,False,True,False
2174483068698,True,False,True,False,False,True,False,True
2069390298996,True,False,True,False,True,False,False,True
2396750949396,True,False,True,False,False,True,False,True
2032859926326,True,False,True,False,True,False,True,False
2018241457734,True,False,False,True,False,True,False,True
2095730348940,False,True,False,False,False,False,False,False
2357349919306,True,False,True,False,True,False,True,False
2486913930586,True,False,True,False,False,True,False,True
2274180015712,True,False,True,False,True,False,True,False
2300852653238,True,False,True,False,True,False,True,False
2349447904810,True,False,True,False,True,False,True,False
2298001273748,True,False,True,False,True,False,True,False
2550717985526,True,False,True,False,False,True,True,False
2787601487072,True,False,False,True,False,True,False,True
2931123904256,True,False,True,False,False,True,True,False
2782197045720,False,True,False,False,False,False,False,False
2971762231492,True,False,True,False,True,False,True,False
2565355958788,True,False,False,True,True,False,False,True
2704429996140,True,False,True,False,True,False,True,False
2752680789094,False,True,False,False,False,False,False,False
2944146507982,True,False,True,False,True,False,True,False
2885728826050,True,False,True,False,True,False,True,False
2756472911620,True,False,True,False,False,True,False,True
2692972993998,True,False,True,False,False,True,True,False
2769175626986,True,False,True,False,False,True,True,False
2531990253772,True,False,True,False,True,False,True,False
2637401904244,True,False,False,True,False,True,False,True
2949858795590,True,False,True,False,True,False,True,False
2863162051454,True,False,True,False,True,False,True,False
2810768782484,True,False,True,False,False,True,False,True
2837121102710,True,False,True,False,True,False,True,False
2891425867712,True,False,True,False,False,True,False,True
2838403883638,True,False,True,False,False,True,True,False
2691099449864,True,False,True,False,False,True,True,False
2699987817852,True,False,False,True,False,True,False,True
2691097787710,True,False,True,False,True,False,True,False
2833982466790,True,False,True,False,True,False,True,False
2786981922572,True,False,True,False,False,True,True,False
2858750589908,True,False,True,False,False,True,True,False
2042729480072,True,False,True,False,False,True,False,True
2208159693492,True,False,True,False,True,False,True,False
2349138522286,False,True,False,False,False,False,False,False
2502188278870,True,False,True,False,True,False,True,False
2430751470338,True,False,True,False,False,True,False,True
2215796880654,True,False,True,False,True,False,True,False
2177382328800,True,False,True,False,True,False,True,False
2416785805648,True,False,True,False,True,False,True,False
2321840750294,True,False,True,False,False,True,True,False
2351995398546,True,False,True,False,False,True,True,False
2047202103440,True,False,False,True,False,True,False,True
2107521277904,True,False,True,False,False,True,True,False
2150390358120,True,False,True,False,False,True,True,False
2090393467690,True,False,True,False,False,True,True,False
2199927358918,True,False,True,False,False,True,False,True
2405999325384,True,False,True,False,False,True,True,False
2324076898358,True,False,True,False,False,True,True,False
2529170144642,True,False,False,True,True,False,True,False
2613310223998,True,False,False,True,False,True,False,True
2510442185704,True,False,True,False,False,True,False,True
2636169774300,True,False,False,True,True,False,False,True
2633321922358,True,False,True,False,True,False,False,True
2903205227368,True,False,True,False,False,True,False,True
2942897697126,True,False,True,False,False,True,False,True
2798745936562,True,False,True,False,False,True,False,True
2584756960934,False,True,False,False,False,False,False,False
2636840422002,True,False,True,False,False,True,False,True
2786381454604,True,False,True,False,False,True,True,False
2811142621890,True,False,True,False,True,False,True,False
2989273584754,False,True,False,False,False,False,False,False
2805758112300,False,True,False,False,False,False,False,False
2885461857986,True,False,False,True,False,True,True,False
2617120213620,True,False,True,False,False,True,True,False
2505053091922,True,False,True,False,False,True,True,False
2878759867810,False,True,False,False,False,False,False,False
2913683489638,True,False,True,False,True,False,True,False
2928621470622,True,False,True,False,True,False,True,False
2708919629376,True,False,True,False,False,True,True,False
2746697076722,True,False,True,False,False,True,True,False
2645411850612,True,False,True,False,True,False,True,False
2740983858904,True,False,True,False,False,True,False,True
2949907053348,True,False,True,False,True,False,True,False
3134017946320,True,False,True,False,True,False,False,True
3063832066204,True,False,True,False,False,True,True,False
3356585782444,True,False,False,True,False,True,False,True
3340710362524,True,False,True,False,True,False,True,False
3435974704486,False,True,False,False,False,False,False,False
3055924909872,False,True,False,False,False,False,False,False
3040053017656,True,False,True,False,False,True,False,True
3046398604876,True,False,True,False,True,False,True,False
3148009565704,True,False,False,True,False,True,False,True
3093066561126,True,False,True,False,False,True,False,True
3230871626872,True,False,True,False,True,False,True,False
3369630612750,True,False,True,False,True,False,False,True
3357884566538,True,False,False,True,False,True,True,False
3210532380058,True,False,True,False,False,True,False,True
3224511853118,False,True,False,False,False,False,False,False
3205463954404,True,False,True,False,False,True,False,True
3128623560674,True,False,True,False,True,False,True,False
3259747576914,True,False,True,False,False,True,True,False
3492491903910,True,False,True,False,True,False,True,False
3318813050960,True,False,True,False,False,True,True,False
3420414487018,True,False,True,False,True,False,True,False
3015919333392,True,False,True,False,True,False,True,False
3720162562936,True,False,True,False,True,False,True,False
3581405592922,True,False,False,True,False,True,False,True
3730954160692,True,False,True,False,True,False,True,False
3681107628632,True,False,True,False,False,True,True,False
3810333101798,True,False,True,False,False,True,False,True
3837010730238,True,False,True,False,False,True,False,True
3505208805246,True,False,True,False,True,False,True,False
3922121864514,True,False,True,False,False,True,False,True
3737011510516,True,False,True,False,False,True,False,True
3923386678306,True,False,True,False,True,False,False,True
3965942447690,True,False,True,False,True,False,True,False
3631565891276,True,False,True,False,False,True,False,True
3583930709892,True,False,True,False,False,True,False,True
3732219630888,True,False,True,False,False,True,True,False
3783975466680,True,False,True,False,False,True,True,False
3999575830288,False,True,False,False,False,False,False,False
3589032071356,True,False,True,False,True,False,True,False
3585226997146,True,False,True,False,False,True,False,True
3805897978728,True,False,True,False,True,False,True,False
3753837627108,True,False,True,False,False,True,False,True
3186119929128,True,False,False,True,False,True,True,False
3013705939494,True,False,True,False,True,False,False,True
3235648740474,False,True,False,False,False,False,False,False
3314078448568,True,False,False,True,False,True,False,True
3059763122056,False,True,False,False,False,False,False,False
3128998030748,True,False,True,False,False,True,False,True
3308716769904,True,False,True,False,False,True,True,False
3308065627834,True,False,True,False,True,False,True,False
3435403369964,True,False,True,False,True,False,True,False
3168346773772,True,False,True,False,False,True,False,True
3126439652878,True,False,True,False,False,True,False,True
3498556309908,True,False,False,True,False,True,False,True
3432211766016,True,False,True,False,True,False,True,False
3240765399958,False,True,False,False,False,False,False,False
3174714763974,True,False,True,False,True,False,False,True
3466516299594,True,False,True,False,False,True,False,True
3698915611146,True,False,True,False,False,True,True,False
3707485854672,True,False,True,False,False,True,True,False
3654786228314,True,False,True,False,False,True,False,True
3566220222958,True,False,True,False,True,False,True,False
3632887932302,True,False,True,False,True,False,True,False
3784659920854,True,False,True,False,False,True,False,True
3767205544638,True,False,True,False,False,True,False,True
3817058578462,True,False,True,False,False,True,False,True
3733237154338,True,False,True,False,True,False,True,False
3615411910144,True,False,True,False,True,False,False,True
3525230358734,True,False,True,False,True,False,True,False
3728146654686,True,False,True,False,True,False,True,False
3693537807600,True,False,True,False,False,True,True,False
3544315830674,True,False,True,False,False,True,True,False
3875797663504,True,False,True,False,False,True,False,True
3996141246446,True,False,True,False,False,True,False,True
3924061006682,True,False,True,False,True,False,False,True
2684268980,True,False,True,False,True,False,True,False
3962480725052,True,False,False,True,True,False,False,True
3240705223492,True,False,True,False,True,False,True,False
3035265576166,True,False,True,False,False,True,True,False
3191803137886,True,False,True,False,False,True,False,True
3477257422420,True,False,True,False,False,True,True,False
3409941418588,True,False,False,True,False,True,False,True
3284211210186,False,True,False,False,False,False,False,False
3180360549216,True,False,True,False,True,False,True,False
3216878725814,True,False,True,False,True,False,True,False
3193388873504,True,False,True,False,False,True,True,False
3429632220792,True,False,True,False,True,False,True,False
3265474456978,False,True,False,False,False,False,False,False
3492495839036,True,False,True,False,False,True,False,True
3043531655310,True,False,True,False,False,True,False,True
3014014114344,True,False,False,True,False,True,False,True
3201034856520,True,False,True,False,False,True,False,True
3302953787428,True,False,True,False,True,False,True,False
3310897709688,True,False,True,False,True,False,True,False
3450606257362,True,False,True,False,False,True,False,True
3721743462804,True,False,True,False,True,False,True,False
3544571965598,True,False,True,False,False,True,False,True
3529021044782,True,False,True,False,False,True,True,False
3711281480846,True,False,True,False,True,False,False,True
3526809341494,True,False,False,True,True,False,False,True
3802736615512,True,False,True,False,False,True,True,False
3709037095856,True,False,True,False,True,False,True,False
3893206708862,False,True,False,False,False,False,False,False
3681752173280,True,False,True,False,False,True,True,False
3603329168116,True,False,True,False,False,True,False,True
3952279666132,True,False,True,False,True,False,False,True
3989439813492,True,False,True,False,False,True,False,True
3143575023976,False,True,False,False,False,False,False,False
3218512844140,True,False,True,False,False,True,True,False
3309960795820,True,False,True,False,True,False,True,False
3031830815376,True,False,True,False,False,True,False,True
3173759635240,False,True,False,False,False,False,False,False
3309656657278,True,False,True,False,False,True,True,False
3163581281134,True,False,True,False,True,False,True,False
3292804159202,False,True,False,False,False,False,False,False
3481726316968,True,False,True,False,True,False,True,False
3387751510082,True,False,True,False,True,False,True,False
3077870688156,True,False,False,True,True,False,True,False
3259168509554,True,False,True,False,True,False,True,False
3336332044002,True,False,True,False,False,True,True,False
3375377503822,True,False,True,False,False,True,True,False
3418882834508,True,False,True,False,False,True,False,True
3663999805416,True,False,True,False,True,False,True,False
3947214767774,True,False,True,False,False,True,False,True
3648460627366,True,False,False,True,False,True,False,True
3687182545324,True,False,True,False,True,False,True,False
3738946243072,True,False,True,False,False,True,False,True
3671313223716,True,False,True,False,False,True,False,True
3736730029418,True,False,True,False,True,False,False,True
3895161622190,True,False,True,False,True,False,True,False
3938036903246,True,False,True,False,False,True,False,True
3836397592334,False,True,False,False,False,False,False,False
3866889694198,True,False,True,False,True,False,True,False
3724652049064,True,False,True,False,False,True,True,False
3515738429608,True,False,True,False,False,True,True,False
3955806078536,True,False,True,False,True,False,True,False
3846266996694,True,False,True,False,True,False,True,False
2057865535570,True,False,True,False,False,True,True,False
2202325569244,False,True,False,False,False,False,False,False
2371882256734,True,False,True,False,True,False,True,False
2389665342778,True,False,True,False,True,False,True,False
2096291478600,False,True,False,False,False,False,False,False
2189957762030,True,False,True,False,False,True,True,False
2024225476470,True,False,True,False,False,True,False,True
1985485970230,True,False,False,True,False,True,True,False
2455721396082,False,True,False,False,False,False,False,False
2319518168164,True,False,True,False,False,True,True,False
2363333736326,True,False,True,False,True,False,True,False
2334124693730,True,False,True,False,False,True,True,False
2163583644270,True,False,True,False,True,False,True,False
2294409016818,True,False,True,False,False,True,True,False
2473488129588,True,False,False,True,False,True,False,True
2481113044930,True,False,True,False,True,False,True,False
2049936407618,False,True,False,False,False,False,False,False
2228069739734,True,False,True,False,True,False,True,False
2455104578378,False,True,False,False,False,False,False,False
2561438143342,True,False,True,False,False,True,False,True
2824661844972,False,True,False,False,False,False,False,False
2797358930070,True,False,False,True,False,True,False,True
2997390180298,True,False,True,False,True,False,True,False
2947549796692,False,True,False,False,False,False,False,False
2912297114336,True,False,True,False,True,False,True,False
2570028471124,True,False,True,False,False,True,False,True
2630055929820,True,False,True,False,True,False,True,False
2738642099340,True,False,True,False,False,True,True,False
2830717707960,False,True,False,False,False,False,False,False
2970428196246,True,False,True,False,True,False,True,False
2930742757240,True,False,True,False,False,True,True,False
2763729279034,True,False,True,False,True,False,True,False
2553504278170,True,False,True,False,True,False,True,False
2802450743060,True,False,False,True,True,False,False,True
2734184044196,True,False,True,False,True,False,True,False
2993911170130,True,False,True,False,False,True,False,True
2926279713812,True,False,True,False,True,False,True,False
2533512890530,False,True,False,False,False,False,False,False
2518600791028,False,True,False,False,False,False,False,False
2536687385698,True,False,True,False,False,True,True,False
2785948977156,True,False,True,False,True,False,True,False
2835798735896,False,True,False,False,False,False,False,False
2382085232650,True,False,True,False,False,True,False,True
2422086125396,True,False,True,False,False,True,True,False
2393199895188,True,False,True,False,False,True,True,False
2064261295496,True,False,True,False,False,True,False,True
2220796437330,True,False,True,False,True,False,True,False
2495785137400,True,False,True,False,False,True,False,True
2378934452116,True,False,True,False,False,True,True,False
2105836861482,True,False,True,False,True,False,True,False
2006457612394,True,False,True,False,False,True,True,False
2023923253896,True,False,True,False,True,False,True,False
2256347994648,True,False,True,False,False,True,False,True
2087737491944,True,False,True,False,False,True,False,True
2066156413304,True,False,True,False,True,False,True,False
2413200455126,True,False,True,False,False,True,False,True
2438285266330,True,False,True,False,False,True,False,True
2458928526794,True,False,True,False,False,True,True,False
2320172085354,False,True,False,False,False,False,False,False
2391300295288,True,False,True,False,True,False,True,False
2102685224190,True,False,True,False,True,False,True,False
2605626746130,True,False,False,True,False,True,True,False
2568142528296,True,False,True,False,False,True,False,True
2751994899276,True,False,True,False,False,True,True,False
2793599518608,True,False,True,False,False,True,False,True
2762793981592,False,True,False,False,False,False,False,False
2766291590158,True,False,True,False,True,False,True,False
2619602491136,True,False,True,False,False,True,False,True
2809493587890,True,False,True,False,False,True,True,False
2832007646702,True,False,True,False,False,True,True,False
2870744481882,True,False,True,False,True,False,True,False
2836458395364,True,False,True,False,False,True,False,True
2916473058296,True,False,True,False,True,False,True,False
2822824263118,True,False,True,False,True,False,True,False
2894257771474,True,False,True,False,False,True,True,False
2860610756328,True,False,True,False,True,False,True,False
2079129500078,True,False,True,False,True,False,True,False
2218203361076,True,False,True,False,False,True,True,False
2009277519504,True,False,True,False,True,False,True,False
1992757911676,True,False,True,False,True,False,True,False
2161696091250,True,False,True,False,True,False,True,False
2481127334044,True,False,True,False,True,False,True,False
2473833470984,True,False,True,False,True,False,True,False
2503998878876,True,False,True,False,True,False,True,False
2128988810164,True,False,False,True,False,True,False,True
2376014960540,True,False,True,False,True,False,True,False
2360779721078,True,False,True,False,True,False,False,True
2326474633638,True,False,True,False,False,True,True,False
1999129253828,True,False,True,False,True,False,True,False
2170593204840,True,False,True,False,False,True,False,True
2039787892096,True,False,True,False,False,True,False,True
2014062422230,True,False,True,False,False,True,True,False
2085184785262,True,False,True,False,False,True,False,True
2222676111470,True,False,True,False,True,False,False,True
2421747115102,True,False,True,False,False,True,True,False
2467160715150,True,False,True,False,False,True,False,True
2744340377416,False,True,False,False,False,False,False,False
2964061369486,True,False,True,False,True,False,True,False
2771985657996,True,False,True,False,True,False,True,False
3003124594812,True,False,True,False,True,False,True,False
2992964433786,True,False,True,False,True,False,True,False
2736401017540,True,False,True,False,False,True,False,True
2669407749806,True,False,True,False,True,False,True,False
2735120378756,True,False,True,False,False,True,True,False
2832914597998,True,False,True,False,True,False,False,True
2900563065402,True,False,False,True,False,True,False,True
2754508301154,True,False,True,False,True,False,True,False
2674502030372,True,False,True,False,False,True,True,False
2724357584320,True,False,True,False,False,True,False,True
2813253658882,True,False,True,False,False,True,True,False
2871686209390,True,False,True,False,False,True,True,False
2922804813098,True,False,True,False,True,False,True,False
2928522416260,False,True,False,False,False,False,False,False
2070605473728,True,False,True,False,True,False,True,False
2054079466130,False,True,False,False,False,False,False,False
2304925104680,True,False,False,True,False,True,False,True
2478283816968,True,False,True,False,False,True,True,False
2444324649902,True,False,True,False,False,True,False,True
2354791671056,True,False,True,False,True,False,True,False
2243335751124,True,False,True,False,False,True,True,False
2009319681342,True,False,True,False,True,False,True,False
2148080179736,True,False,True,False,False,True,True,False
2354147710418,True,False,True,False,True,False,True,False
2386523461942,True,False,False,True,False,True,False,True
2304932791840,True,False,True,False,False,True,True,False
2290328661018,True,False,True,False,True,False,True,False
2005849035584,True,False,True,False,True,False,True,False
2234782139710,True,False,False,True,False,True,False,True
2193505044070,False,True,False,False,False,False,False,False
2254775241044,True,False,True,False,True,False,True,False
2219219099618,True,False,True,False,False,True,False,True
2571318840016,True,False,True,False,True,False,True,False
2547509855402,True,False,True,False,False,True,False,True
2628791673822,True,False,True,False,True,False,True,False
2839311793182,True,False,True,False,False,True,False,True
2974571331218,True,False,True,False,True,False,True,False
2762477396312,True,False,True,False,True,False,True,False
2578339811470,True,False,True,False,False,True,True,False
2591039679672,True,False,True,False,False,True,False,True
2512610148820,True,False,True,False,True,False,True,False
2693280439628,True,False,True,False,False,True,True,False
2917121933886,True,False,True,False,False,True,False,True
2753287964768,True,False,True,False,True,False,True,False
2871405757514,True,False,True,False,False,True,False,True
2686261056532,True,False,True,False,True,False,True,False
3009820261048,True,False,True,False,False,True,False,True
2985691790152,False,True,False,False,False,False,False,False
2864089190988,True,False,True,False,False,True,True,False
2938700872618,True,False,True,False,True,False,True,False
2941559031344,True,False,True,False,True,False,True,False
2552603607912,True,False,True,False,True,False,True,False
2687240379046,True,False,False,True,True,False,True,False
2628807577122,True,False,True,False,True,False,True,False
2890450607596,True,False,True,False,False,True,False,True
2974274325878,True,False,True,False,True,False,True,False
2765342486806,True,False,True,False,True,False,True,False
2759948830014,False,True,False,False,False,False,False,False
3235862039174,True,False,True,False,True,False,True,False
3038035764952,True,False,True,False,False,True,False,True
3058680109054,True,False,True,False,False,True,True,False
3484146097214,True,False,True,False,True,False,False,True
3419383458258,True,False,False,True,False,True,False,True
3319363020602,True,False,True,False,True,False,True,False
3373656269682,True,False,True,False,False,True,False,True
3442241824120,True,False,True,False,False,True,False,True
3475911947352,True,False,True,False,True,False,True,False
3338118322232,True,False,False,True,True,False,True,False
3421604335758,False,True,False,False,False,False,False,False
3472728584610,True,False,True,False,True,False,True,False
3054882722514,True,False,False,True,False,True,False,True
3156494439972,True,False,True,False,False,True,False,True
3162214713582,True,False,True,False,False,True,False,True
3305731333276,True,False,False,True,False,True,False,True
3301286759314,True,False,True,False,False,True,False,True
3414965017894,True,False,True,False,False,True,False,True
3454324772630,True,False,True,False,False,True,True,False
3492111315906,False,True,False,False,False,False,False,False
3571788672930,True,False,True,False,True,False,True,False
3574967552736,False,True,False,False,False,False,False,False
3596882304588,True,False,True,False,True,False,True,False
3527345046928,False,True,False,False,False,False,False,False
3835966019210,True,False,True,False,True,False,False,True
3984558801768,True,False,True,False,False,True,False,True
3939489987632,True,False,False,True,True,False,True,False
3718193088056,True,False,True,False,True,False,True,False
3742954230640,False,True,False,False,False,False,False,False
3639137161064,True,False,True,False,False,True,True,False
3654342262374,True,False,False,True,False,True,False,True
3506066999294,False,True,False,False,False,False,False,False
3524806123008,True,False,True,False,True,False,True,False
3577512251048,True,False,True,False,False,True,False,True
3742329196292,True,False,True,False,True,False,True,False
3758824637016,True,False,True,False,False,True,True,False
3755013969454,True,False,True,False,False,True,False,True
4000457206544,True,False,True,False,True,False,True,False
3248594489832,True,False,True,False,False,True,False,True
3136519179200,False,True,False,False,False,False,False,False
3223515577316,True,False,True,False,False,True,False,True
3253357668480,True,False,True,False,False,True,False,True
3502920904408,True,False,True,False,True,False,True,False
3429270628220,True,False,True,False,False,True,True,False
3196545201126,False,True,False,False,False,False,False,False
3170197618744,True,False,True,False,False,True,False,True
3332450564282,True,False,True,False,True,False,True,False
3457539484166,True,False,False,True,True,False,True,False
3148582748628,True,False,True,False,False,True,False,True
3198113323598,True,False,True,False,False,True,True,False
3462602442738,True,False,True,False,False,True,False,True
3393706172568,True,False,True,False,True,False,True,False
3492150929994,False,True,False,False,False,False,False,False
3601682375274,True,False,True,False,True,False,True,False
3657246813390,True,False,True,False,False,True,True,False
3964611892552,True,False,True,False,False,True,False,True
3867755088760,True,False,True,False,False,True,True,False
3679486694474,True,False,False,True,False,True,False,True
3898257218424,True,False,True,False,False,True,True,False
3765224528340,True,False,True,False,False,True,False,True
3788724561642,True,False,True,False,False,True,False,True
3899532388566,True,False,True,False,False,True,False,True
3796967986136,True,False,True,False,True,False,False,True
3898258983142,True,False,True,False,False,True,False,True
3665177606714,True,False,True,False,False,True,True,False
3671221701202,True,False,True,False,True,False,True,False
3618507409578,False,True,False,False,False,False,False,False
3662650854244,True,False,False,True,True,False,False,True
3959204503462,True,False,True,False,False,True,True,False
3979526614962,True,False,True,False,True,False,True,False
3996028734496,True,False,True,False,True,False,True,False
3926819908292,True,False,True,False,True,False,True,False
3921428369178,True,False,True,False,True,False,True,False
3509610800066,True,False,True,False,False,True,True,False
3610268873738,True,False,True,False,True,False,True,False
3960171250880,True,False,True,False,False,True,True,False
3955090275772,True,False,True,False,True,False,True,False
3885871571610,True,False,True,False,False,True,True,False
3964947861178,False,True,False,False,False,False,False,False
3919534790896,True,False,True,False,True,False,True,False
3795071260032,True,False,True,False,True,False,True,False
3048832758102,True,False,True,False,True,False,True,False
3139004885018,True,False,False,True,False,True,False,True
3361594014420,True,False,True,False,True,False,True,False
3404464254620,True,False,True,False,False,True,False,True
3247277919618,True,False,True,False,True,False,True,False
3230471737846,False,True,False,False,False,False,False,False
3166017219000,True,False,True,False,False,True,True,False
3235875726836,True,False,True,False,False,True,True,False
3473379198784,False,True,False,False,False,False,False,False
3474969092206,True,False,True,False,True,False,True,False
3436866515370,True,False,True,False,False,True,True,False
3093605398032,True,False,True,False,True,False,True,False
3139652879444,True,False,True,False,True,False,True,False
3277765611472,True,False,True,False,True,False,True,False
3437159543758,True,False,True,False,False,True,True,False
3427329502450,True,False,True,False,False,True,True,False
3228569138446,True,False,True,False,False,True,True,False
3052666410534,True,False,True,False,True,False,True,False
3161585246394,True,False,True,False,True,False,True,False
3326996784974,False,True,False,False,False,False,False,False
3352096338312,False,True,False,False,False,False,False,False
3352091046692,True,False,True,False,False,True,False,True
3467667495040,True,False,True,False,False,True,True,False
3636242867978,True,False,True,False,False,True,True,False
3540696941750,True,False,True,False,True,False,True,False
3757556222966,False,True,False,False,False,False,False,False
3951883854968,True,False,True,False,True,False,False,True
3991579777238,True,False,True,False,True,False,True,False
3502893692916,True,False,True,False,True,False,True,False
3703884130698,False,True,False,False,False,False,False,False
3727703825682,True,False,True,False,False,True,True,False
3848983688762,False,True,False,False,False,False,False,False
3568005855564,True,False,True,False,True,False,True,False
3658822396712,True,False,True,False,False,True,True,False
3696289706246,True,False,True,False,False,True,True,False
12086801182,True,False,False,True,False,True,False,True
3882037773180,True,False,True,False,False,True,False,True
3101903883246,True,False,True,False,True,False,True,False
3471169108632,True,False,True,False,False,True,False,True
3387671705326,True,False,True,False,False,True,True,False
3252082804184,True,False,True,False,False,True,True,False
3030795101650,True,False,True,False,False,True,False,True
3120982399174,True,False,True,False,True,False,True,False
3064450609812,True,False,True,False,True,False,True,False
3418813135064,True,False,True,False,True,False,True,False
3287681155550,True,False,True,False,False,True,True,False
3384832800554,True,False,True,False,True,False,True,False
3243195394478,True,False,True,False,True,False,False,True
3194934899904,True,False,True,False,False,True,True,False
3145398101616,False,True,False,False,False,False,False,False
3408620039434,True,False,True,False,True,False,True,False
3413378656186,True,False,True,False,False,True,False,True
3015870655692,True,False,True,False,True,False,True,False
3340690011230,True,False,True,False,False,True,False,True
3459763640736,True,False,True,False,False,True,True,False
3392139339506,True,False,True,False,True,False,True,False
3275914848492,True,False,True,False,False,True,True,False
3361650314102,True,False,True,False,False,True,True,False
3408955753988,True,False,True,False,True,False,True,False
3390862103736,True,False,True,False,False,True,False,True
3740753392102,False,True,False,False,False,False,False,False
3955078988298,True,False,False,True,False,True,True,False
3798536009378,True,False,True,False,False,True,True,False
3722364320774,True,False,True,False,False,True,False,True
3590262923510,True,False,True,False,True,False,True,False
3730614045630,True,False,True,False,False,True,True,False
3842695152894,True,False,True,False,True,False,False,True
3541033917380,True,False,True,False,False,True,False,True
3959203221354,False,True,False,False,False,False,False,False
3850301598190,True,False,True,False,True,False,True,False
3927776226258,False,True,False,False,False,False,False,False
3638854294810,False,True,False,False,False,False,False,False
3681709314916,True,False,True,False,False,True,False,True
3986850469490,True,False,False,True,False,True,False,True
2222722221654,False,True,False,False,False,False,False,False
2018873400048,True,False,False,True,False,True,False,True
2457686744702,True,False,True,False,False,True,False,True
2476437409038,True,False,True,False,True,False,True,False
2256065854376,True,False,True,False,True,False,True,False
2317036447706,True,False,False,True,False,True,False,True
2058276975396,True,False,True,False,True,False,False,True
2399284233488,True,False,True,False,False,True,False,True
2304673705804,False,True,False,False,False,False,False,False
2436123609700,True,False,True,False,True,False,True,False
2103333720682,False,True,False,False,False,False,False,False
2187794041520,False,True,False,False,False,False,False,False
2177012674994,True,False,True,False,True,False,False,True
2302108624604,True,False,True,False,False,True,False,True
2462460987736,True,False,False,True,True,False,True,False
2457063828392,False,True,False,False,False,False,False,False
2012862293628,True,False,True,False,False,True,True,False
2125275436298,False,True,False,False,False,False,False,False
2074460695618,False,True,False,False,False,False,False,False
2147812225022,True,False,True,False,False,True,False,True
2070666456960,False,True,False,False,False,False,False,False
2442785103714,True,False,True,False,False,True,True,False
2285934206346,True,False,True,False,True,False,True,False
2474531132790,False,True,False,False,False,False,False,False
2405966493438,True,False,True,False,False,True,False,True
2398982389426,True,False,True,False,False,True,False,True
2678680110420,True,False,True,False,True,False,False,True
2589791168124,True,False,True,False,True,False,True,False
2986055976266,True,False,True,False,False,True,True,False
2991443459960,False,True,False,False,False,False,False,False
2512016558810,True,False,True,False,False,True,True,False
2830489723326,True,False,True,False,False,True,False,True
2886357091188,True,False,True,False,True,False,True,False
2521510887132,True,False,True,False,True,False,True,False
2749489843738,True,False,True,False,True,False,True,False
2874923221318,True,False,True,False,True,False,True,False
2878081614214,True,False,True,False,True,False,True,False
2885070279922,True,False,True,False,True,False,True,False
2709505961300,True,False,True,False,False,True,False,True
2533274172126,False,True,False,False,False,False,False,False
2702515078448,True,False,True,False,False,True,True,False
2960021606470,True,False,True,False,True,False,True,False
2054792244346,True,False,True,False,False,True,False,True
2079557947348,True,False,True,False,True,False,True,False
2149430037666,True,False,True,False,False,True,True,False
2215472736426,True,False,True,False,True,False,True,False
2109733133698,False,True,False,False,False,False,False,False
2044646472506,True,False,False,True,True,False,True,False
2127519319256,True,False,True,False,False,True,True,False
2348824331918,True,False,True,False,False,True,True,False
2463772342962,True,False,True,False,True,False,True,False
2373900928382,True,False,True,False,False,True,True,False
2393902748090,True,False,True,False,False,True,True,False
2396126875248,False,True,False,False,False,False,False,False
2132293130500,True,False,True,False,False,True,False,True
2217074498502,False,True,False,False,False,False,False,False
2349154326884,True,False,True,False,False,True,True,False
2399971210312,False,True,False,False,False,False,False,False
2170686441554,True,False,True,False,True,False,True,False
2095764145318,True,False,True,False,True,False,True,False
2338337580220,True,False,True,False,True,False,True,False
2339942769666,True,False,True,False,False,True,True,False
2450753949050,True,False,False,True,True,False,True,False
2353595677608,True,False,True,False,True,False,True,False
2022123848674,True,False,True,False,False,True,True,False
2439649720050,True,False,True,False,False,True,True,False
2486971111962,True,False,True,False,False,True,False,True
2428221923936,True,False,True,False,False,True,True,False
2680957258126,True,False,True,False,False,True,False,True
2621902040986,False,True,False,False,False,False,False,False
2582846577660,True,False,True,False,False,True,True,False
2946709426820,True,False,True,False,False,True,False,True
2848597688384,True,False,True,False,False,True,False,True
2808595510546,True,False,True,False,True,False,True,False
2556180516394,True,False,True,False,False,True,False,True
2518723009426,True,False,True,False,False,True,False,True
2693669549376,True,False,True,False,False,True,False,True
2660651098770,True,False,True,False,True,False,True,False
2822900541888,False,True,False,False,False,False,False,False
2649842264778,True,False,True,False,False,True,False,True
2632683258090,True,False,True,False,False,True,False,True
2859388378892,False,True,False,False,False,False,False,False
2883533860052,False,True,False,False,False,False,False,False
2144935167258,True,False,True,False,False,True,False,True
2219556525402,True,False,True,False,False,True,True,False
2027764920620,True,False,False,True,True,False,False,True
2138905387802,False,True,False,False,False,False,False,False
2354190751050,True,False,True,False,True,False,False,True
2289731873636,False,True,False,False,False,False,False,False
2420867960866,True,False,True,False,True,False,False,True
2097006002988,False,True,False,False,False,False,False,False
2387226640552,True,False,True,False,True,False,True,False
2285292036558,True,False,True,False,False,True,False,True
2280224089776,True,False,True,False,True,False,True,False
2228756970814,False,True,False,False,False,False,False,False
2046504322564,True,False,True,False,True,False,False,True
2304006415184,True,False,True,False,True,False,True,False
2104311962130,True,False,True,False,True,False,True,False
2167190070148,True,False,True,False,True,False,True,False
2054142089772,False,True,False,False,False,False,False,False
2450734396638,True,False,True,False,False,True,True,False
2629800277988,True,False,False,True,False,True,False,True
2615824812524,True,False,True,False,False,True,False,True
2889203332176,True,False,True,False,False,True,False,True
2871412712378,True,False,True,False,False,True,True,False
2956838772124,True,False,False,True,False,True,False,True
2644416706774,True,False,False,True,False,True,False,True
2767934480958,True,False,True,False,False,True,False,True
2884778867810,True,False,True,False,True,False,True,False
2873668137514,True,False,True,False,False,True,False,True
2897479441814,True,False,True,False,False,True,False,True
2538657826844,True,False,True,False,True,False,True,False
2738060261126,True,False,False,True,False,True,False,True
2514534093194,True,False,True,False,True,False,True,False
2604385601282,False,True,False,False,False,False,False,False
2714559900974,True,False,True,False,True,False,True,False
2793633065946,True,False,True,False,True,False,True,False
2520263591164,False,True,False,False,False,False,False,False
2579958787198,False,True,False,False,False,False,False,False
2668220199686,True,False,True,False,True,False,True,False
2837468087082,True,False,True,False,True,False,False,True
2031614799254,True,False,True,False,True,False,False,True
2142438880524,True,False,True,False,False,True,True,False
2089725319612,False,True,False,False,False,False,False,False
2036708752932,True,False,True,False,False,True,False,True
2304381086906,True,False,True,False,False,True,True,False
2007826402756,True,False,True,False,False,True,True,False
2121507684562,True,False,True,False,True,False,True,False
2037995691354,True,False,True,False,True,False,True,False
2152294147972,True,False,True,False,False,True,True,False
2089412765338,True,False,True,False,True,False,False,True
2146884439716,False,True,False,False,False,False,False,False
2135147564586,True,False,True,False,False,True,False,True
2089748655344,True,False,True,False,True,False,True,False
2139915631588,True,False,True,False,False,True,False,True
2403138653094,True,False,True,False,False,True,False,True
2442196989822,True,False,True,False,True,False,True,False
2408225550122,True,False,True,False,True,False,True,False
2638715055090,True,False,True,False,True,False,True,False
2556478106036,False,True,False,False,False,False,False,False
2668242575778,True,False,True,False,True,False,True,False
2651421600968,True,False,True,False,False,True,True,False
2944804712996,True,False,True,False,True,False,True,False
2862895742038,True,False,False,True,False,True,False,True
2794311044214,True,False,True,False,False,True,True,False
2907026386098,False,True,False,False,False,False,False,False
2675573482372,True,False,True,False,False,True,False,True
2556826950200,True,False,True,False,False,True,True,False
2834973159000,True,False,False,True,False,True,False,True
2909892810758,False,True,False,False,False,False,False,False
2547913207092,True,False,True,False,False,True,True,False
2590458618918,True,False,True,False,False,True,True,False
2751748675092,True,False,True,False,True,False,True,False
2594916071014,True,False,True,False,True,False,True,False
2648578840534,True,False,True,False,True,False,True,False
2506333938782,True,False,True,False,False,True,True,False
2699385367820,True,False,True,False,True,False,False,True
2690819030958,True,False,True,False,False,True,False,True
2668270751864,False,True,False,False,False,False,False,False
2931167483446,True,False,True,False,True,False,True,False
3042563674562,False,True,False,False,False,False,False,False
3047647523830,True,False,True,False,True,False,True,False
3482009036504,True,False,True,False,False,True,True,False
3253083618982,True,False,True,False,True,False,True,False
3253725790688,True,False,True,False,False,True,False,True
3154660154184,True,False,True,False,True,False,True,False
3169913916912,True,False,True,False,False,True,False,True
3445832823644,True,False,True,False,False,True,False,True
3426788957248,True,False,True,False,True,False,True,False
3078757454022,True,False,True,False,False,True,True,False
3230535542220,True,False,True,False,False,True,False,True
3294995024578,False,True,False,False,False,False,False,False
3363251594716,True,False,True,False,True,False,False,True
3284519309944,True,False,True,False,True,False,True,False
3131494451496,True,False,True,False,False,True,True,False
3235642422808,True,False,True,False,True,False,True,False
3439167803540,True,False,True,False,False,True,False,True
3291213134698,True,False,True,False,False,True,True,False
3262936392344,True,False,True,False,False,True,False,True
3540427374060,True,False,True,False,False,True,False,True
3658557010896,False,True,False,False,False,False,False,False
3517564876624,True,False,False,True,False,True,False,True
3799853411064,True,False,True,False,False,True,False,True
3907480167006,True,False,True,False,False,True,False,True
3923383988258,True,False,True,False,False,True,True,False
3838611137950,True,False,True,False,True,False,True,False
3561708699934,True,False,True,False,False,True,False,True
3523928608758,True,False,True,False,True,False,True,False
3558542018334,True,False,True,False,True,False,True,False
3731905418096,True,False,False,True,False,True,True,False
3740165953048,True,False,True,False,False,True,False,True
3775088037142,True,False,True,False,False,True,True,False
3809056881632,True,False,True,False,False,True,True,False
3531890144754,True,False,True,False,True,False,False,True
3549986214552,True,False,True,False,True,False,True,False
3995155176506,True,False,True,False,True,False,True,False
3828442132566,True,False,True,False,False,True,False,True
3930363961516,True,False,True,False,True,False,True,False
3984676210736,True,False,True,False,False,True,True,False
3982454276392,True,False,True,False,True,False,True,False
3894817899876,True,False,True,False,False,True,False,True
3180720079708,True,False,True,False,True,False,True,False
3253751392528,True,False,False,True,True,False,False,True
3247725694920,True,False,True,False,False,True,False,True
3261056772940,False,True,False,False,False,False,False,False
3362352809440,True,False,False,True,False,True,False,True
3470002068050,False,True,False,False,False,False,False,False
3138486518482,True,False,True,False,False,True,False,True
3168332214364,True,False,True,False,False,True,False,True
3147706240980,True,False,True,False,False,True,True,False
3354086328536,True,False,False,True,False,True,True,False
3254710330248,True,False,True,False,False,True,True,False
3500152937352,True,False,True,False,False,True,False,True
3376637935586,True,False,True,False,True,False,True,False
3203918520832,False,True,False,False,False,False,False,False
3141382402144,True,False,True,False,False,True,True,False
3224877965746,True,False,True,False,False,True,True,False
3324893539572,True,False,True,False,True,False,False,True
3589700782942,True,False,True,False,True,False,True,False
3786865759662,True,False,True,False,True,False,True,False
3539866094266,True,False,False,True,True,False,False,True
3541140811470,True,False,True,False,False,True,False,True
3500797628052,True,False,False,True,False,True,True,False
3707192809942,True,False,True,False,True,False,True,False
3966608489238,True,False,False,True,True,False,True,False
3961533512034,True,False,False,True,False,True,True,False
3703681518358,True,False,True,False,False,True,False,True
3720184570982,True,False,True,False,False,True,True,False
3581123814038,True,False,True,False,False,True,False,True
3754168534290,True,False,True,False,False,True,True,False
3887833491858,True,False,True,False,False,True,True,False
3941184336736,True,False,True,False,False,True,True,False
3835459928846,False,True,False,False,False,False,False,False
3810995568052,True,False,True,False,True,False,False,True
3947528638908,True,False,True,False,True,False,True,False
3970075205206,True,False,True,False,True,False,True,False
3544301069316,True,False,True,False,True,False,True,False
3656071889518,True,False,True,False,False,True,True,False
3608447871462,True,False,True,False,True,False,True,False
3563041755824,True,False,False,True,False,True,False,True
3634802661628,True,False,False,True,True,False,True,False
3862777712118,True,False,True,False,False,True,False,True
3912940126298,True,False,True,False,False,True,False,True
3873889324696,True,False,True,False,False,True,True,False
3139089480820,True,False,True,False,False,True,True,False
3201980390210,True,False,True,False,False,True,True,False
3034333836576,False,True,False,False,False,False,False,False
3232459664618,False,True,False,False,False,False,False,False
3339792889808,True,False,False,True,False,True,False,True
3267700403058,True,False,True,False,False,True,True,False
3274050349676,True,False,True,False,True,False,False,True
3478864936964,True,False,True,False,False,True,True,False
3444230511888,True,False,True,False,True,False,False,True
3374700385794,True,False,True,False,True,False,True,False
3060683261150,True,False,True,False,False,True,True,False
3456306377056,True,False,True,False,True,False,True,False
3922097808044,True,False,True,False,False,True,False,True
3777936345084,True,False,False,True,False,True,False,True
3946219096868,True,False,True,False,True,False,True,False
3669682461864,False,True,False,False,False,False,False,False
3823693369684,True,False,True,False,False,True,False,True
3848128147238,True,False,True,False,False,True,False,True
3696026567768,True,False,True,False,True,False,True,False
3531857237366,True,False,True,False,False,True,True,False
3660783285012,False,True,False,False,False,False,False,False
3915737279696,True,False,True,False,True,False,True,False
3687464111634,True,False,False,True,False,True,False,True
3558875996590,True,False,True,False,False,True,False,True
3852582097118,True,False,True,False,True,False,False,True
3874485080892,True,False,True,False,False,True,True,False
3874168745692,True,False,False,True,False,True,False,True
3865282747070,True,False,True,False,True,False,False,True
3793529501814,True,False,True,False,True,False,True,False
3999595344588,True,False,True,False,False,True,True,False
3396640361564,True,False,True,False,True,False,True,False
3232825039116,True,False,True,False,False,True,False,True
3061351689840,True,False,True,False,False,True,True,False
3206145597830,True,False,True,False,False,True,True,False
3017544362612,True,False,True,False,False,True,False,True
3209959340658,True,False,True,False,False,True,True,False
3476036916616,True,False,True,False,False,True,True,False
3461751313614,True,False,True,False,False,True,False,True
3474127815640,True,False,True,False,True,False,True,False
3377935584968,True,False,True,False,True,False,False,True
3441742540340,True,False,True,False,False,True,True,False
3301410694916,True,False,True,False,False,True,True,False
3343321067284,True,False,True,False,True,False,False,True
3052456821838,True,False,True,False,False,True,True,False
3455058069636,False,True,False,False,False,False,False,False
3486186041852,True,False,True,False,True,False,True,False
3414744168244,True,False,True,False,False,True,True,False
3007694490236,True,False,True,False,True,False,False,True
3084855780856,True,False,False,True,True,False,False,True
3206783965726,True,False,True,False,False,True,False,True
3299810471852,True,False,True,False,False,True,True,False
3602704666764,True,False,True,False,True,False,True,False
3514113386546,False,True,False,False,False,False,False,False
3631285146596,True,False,False,True,False,True,True,False
3690353367002,True,False,True,False,False,True,True,False
3971983022578,True,False,True,False,False,True,False,True
3883723248464,True,False,True,False,False,True,False,True
3550337377640,False,True,False,False,False,False,False,False
3617332409960,True,False,True,False,False,True,False,True
3800220174560,True,False,True,False,True,False,True,False
3856424389958,True,False,True,False,True,False,False,True
3956447323746,True,False,True,False,False,True,False,True
3696064695290,True,False,True,False,False,True,False,True
3770048997992,False,True,False,False,False,False,False,False
3759889039152,True,False,True,False,True,False,True,False
3968496907126,True,False,True,False,True,False,False,True
3797688458054,True,False,True,False,False,True,False,True
3939307216802,True,False,True,False,True,False,True,False
105897342724,True,False,True,False,False,True,False,True
205608047806,False,True,False,False,False,False,False,False
399290157688,True,False,True,False,False,True,True,False
264348592810,True,False,True,False,False,True,True,False
248469216420,True,False,True,False,False,True,True,False
89086246322,False,True,False,False,False,False,False,False
225951125566,True,False,True,False,True,False,True,False
272937332900,True,False,True,False,True,False,True,False
417082945610,True,False,True,False,False,True,True,False
492027065080,True,False,True,False,False,True,False,True
383433436368,True,False,True,False,False,True,True,False
38270347200,True,False,True,False,True,False,True,False
160204881952,True,False,True,False,False,True,False,True
211647179408,True,False,True,False,True,False,True,False
123700413846,True,False,True,False,False,True,True,False
47182831386,True,False,True,False,True,False,False,True
145924042934,True,False,False,True,False,True,False,True
401526079010,True,False,True,False,True,False,True,False
412961763528,False,True,False,False,False,False,False,False
419954889600,True,False,True,False,True,False,True,False
702198266036,True,False,True,False,False,True,True,False
802214293158,True,False,True,False,True,False,True,False
869216733838,True,False,True,False,False,True,True,False
821592110884,True,False,True,False,False,True,True,False
953367472620,True,False,True,False,True,False,False,True
824153161116,True,False,True,False,True,False,True,False
933072676356,True,False,True,False,False,True,False,True
973065429838,True,False,True,False,False,True,False,True
497722114690,True,False,True,False,False,True,False,True
585362221274,True,False,True,False,True,False,True,False
792698698808,True,False,True,False,False,True,True,False
905412503810,True,False,True,False,False,True,True,False
831759632034,True,False,True,False,True,False,True,False
572348337414,True,False,False,True,False,True,False,True
583468795288,True,False,True,False,False,True,False,True
769228275900,True,False,True,False,False,True,False,True
874321070958,True,False,True,False,True,False,True,False
797807042008,False,True,False,False,False,False,False,False
787966240512,True,False,True,False,True,False,True,False
107528438318,True,False,True,False,False,True,True,False
39262042202,True,False,True,False,False,True,True,False
145637088368,True,False,True,False,True,False,True,False
275808947738,True,False,True,False,False,True,False,True
307260337010,True,False,True,False,False,True,False,True
383445456770,False,True,False,False,False,False,False,False
401241696320,True,False,True,False,True,False,False,True
214559969696,True,False,True,False,False,True,False,True
399342371944,True,False,True,False,False,True,False,True
401252456740,True,False,True,False,False,True,False,True
253928292910,True,False,True,False,False,True,False,True
159289088698,True,False,True,False,False,True,True,False
25933889784,True,False,True,False,True,False,True,False
192639877120,True,False,True,False,False,True,True,False
148503589450,True,False,True,False,True,False,True,False
205653687308,True,False,True,False,True,False,True,False
234880143248,True,False,True,False,True,False,False,True
417450186004,True,False,True,False,False,True,True,False
447923312008,True,False,True,False,False,True,False,True
722250685892,True,False,True,False,False,True,True,False
917514145996,True,False,True,False,False,True,False,True
955942987016,True,False,True,False,True,False,True,False
897520113580,True,False,True,False,True,False,False,True
794954602264,True,False,True,False,True,False,True,False
892759053028,False,True,False,False,False,False,False,False
683857074878,True,False,True,False,True,False,True,False
712115750334,True,False,True,False,True,False,False,True
833405593838,True,False,True,False,False,True,False,True
632397920654,True,False,True,False,False,True,True,False
508554864992,True,False,True,False,False,True,True,False
995632005626,True,False,True,False,True,False,True,False
760036071842,True,False,False,True,True,False,False,True
958484030652,True,False,True,False,False,True,False,True
777812001356,True,False,True,False,True,False,False,True
908951693050,True,False,True,False,True,False,True,False
617803718584,False,True,False,False,False,False,False,False
637485246388,True,False,True,False,True,False,True,False
598753476462,True,False,True,False,True,False,True,False
798464887026,True,False,True,False,True,False,True,False
768949966538,True,False,True,False,False,True,True,False
941036206368,True,False,True,False,True,False,True,False
913411538428,False,True,False,False,False,False,False,False
815627826676,False,True,False,False,False,False,False,False
198303729850,True,False,True,False,False,True,False,True
198617420914,True,False,True,False,False,True,False,True
351349756254,True,False,True,False,False,True,False,True
430414680830,True,False,True,False,True,False,True,False
470097776400,True,False,True,False,False,True,False,True
198632287788,True,False,True,False,True,False,True,False
213250002546,False,True,False,False,False,False,False,False
289124983586,True,False,False,True,True,False,True,False
410732145124,False,True,False,False,False,False,False,False
348835779224,True,False,True,False,False,True,True,False
409798484922,True,False,True,False,True,False,True,False
256421054342,True,False,True,False,False,True,False,True
94794025998,True,False,True,False,False,True,False,True
3995833709532,True,False,True,False,False,True,False,True
505338869522,True,False,True,False,False,True,False,True
351985428624,True,False,False,True,True,False,False,True
487569064050,False,True,False,False,False,False,False,False
78615374350,True,False,True,False,True,False,True,False
30980520642,True,False,True,False,False,True,True,False
279289602118,True,False,True,False,True,False,True,False
659971938874,True,False,True,False,False,True,True,False
530434891960,True,False,True,False,False,True,True,False
509785583870,False,True,False,False,False,False,False,False
847302765986,True,False,True,False,True,False,True,False
617757427932,False,True,False,False,False,False,False,False
533612864288,True,False,True,False,True,False,True,False
571087835178,False,True,False,False,False,False,False,False
771452983574,True,False,True,False,False,True,False,True
977504615288,True,False,True,False,False,True,True,False
773669046998,True,False,True,False,False,True,False,True
607898282050,True,False,True,False,False,True,False,True
809533840218,True,False,True,False,True,False,True,False
708264616026,True,False,True,False,True,False,True,False
96730695928,True,False,True,False,True,False,True,False
245643114218,True,False,True,False,True,False,True,False
296446491166,True,False,True,False,False,True,False,True
315504999308,True,False,True,False,False,True,False,True
474894822466,True,False,True,False,False,True,False,True
354568451534,True,False,True,False,True,False,True,False
348201949340,True,False,True,False,True,False,True,False
496483965754,True,False,True,False,True,False,True,False
31019654128,True,False,True,False,False,True,False,True
54200126732,False,True,False,False,False,False,False,False
44361442088,True,False,True,False,False,True,True,False
321867772332,True,False,True,False,False,True,False,True
394586430012,True,False,True,False,False,True,False,True
486041992572,True,False,True,False,True,False,True,False
137686518008,True,False,True,False,True,False,True,False
317416597026,True,False,False,True,False,True,True,False
407591446338,True,False,True,False,False,True,True,False
21822083496,True,False,True,False,True,False,True,False
254555449274,True,False,True,False,True,False,True,False
101522073998,True,False,True,False,True,False,True,False
94217703016,True,False,True,False,True,False,True,False
227576531402,True,False,False,True,False,True,False,True
272020737138,True,False,True,False,False,True,True,False
399360596354,True,False,True,False,False,True,True,False
412679527432,True,False,True,False,False,True,True,False
491742939822,True,False,True,False,True,False,True,False
270756202258,True,False,True,False,True,False,True,False
653664302838,False,True,False,False,False,False,False,False
504121984672,True,False,True,False,False,True,True,False
876244411768,True,False,True,False,True,False,True,False
857198907030,True,False,True,False,True,False,True,False
954367688126,True,False,False,True,False,True,True,False
855935052042,True,False,True,False,False,True,False,True
976285817172,True,False,True,False,True,False,True,False
725432014388,True,False,True,False,True,False,True,False
604760076918,False,True,False,False,False,False,False,False
750187789418,True,False,True,False,False,True,False,True
815277977750,True,False,True,False,False,True,True,False
990544860702,True,False,False,True,False,True,False,True
787664977666,False,True,False,False,False,False,False,False
948959543506,True,False,True,False,True,False,False,True
518743227498,True,False,True,False,True,False,True,False
813074262938,True,False,True,False,True,False,True,False
774974711140,True,False,True,False,False,True,False,True
1384560136012,True,False,True,False,True,False,True,False
1020703408342,True,False,True,False,False,True,True,False
1153743381000,True,False,True,False,True,False,False,True
1037520830988,True,False,True,False,False,True,True,False
1306157039024,False,True,False,False,False,False,False,False
1094336929328,True,False,True,False,True,False,True,False
1223564016070,True,False,True,False,False,True,True,False
1183254978088,True,False,False,True,False,True,True,False
1261039489398,True,False,True,False,False,True,False,True
1265805364180,True,False,True,False,False,True,False,True
1250877842610,True,False,True,False,True,False,False,True
1007364672164,True,False,True,False,False,True,True,False
1137553214628,True,False,True,False,True,False,True,False
1096268685104,True,False,True,False,True,False,True,False
1371566865882,True,False,True,False,False,True,True,False
1397266254886,False,True,False,False,False,False,False,False
1650316764692,True,False,True,False,True,False,True,False
1546491580600,True,False,True,False,True,False,True,False
1975774739462,True,False,True,False,False,True,True,False
1727495570430,True,False,True,False,False,True,True,False
1703057442144,True,False,True,False,True,False,True,False
1647156484102,False,True,False,False,False,False,False,False
1538582813696,True,False,True,False,True,False,True,False
1758298287058,True,False,True,False,False,True,True,False
1749088215092,True,False,True,False,True,False,True,False
1860847066326,True,False,True,False,False,True,True,False
1996429290462,True,False,True,False,False,True,True,False
1502347457118,True,False,True,False,False,True,True,False
1598885053410,False,True,False,False,False,False,False,False
1541419856138,False,True,False,False,False,False,False,False
1759856152388,True,False,True,False,True,False,True,False
1753204486728,True,False,True,False,False,True,False,True
1924343558262,True,False,True,False,False,True,False,True
1949760327666,False,True,False,False,False,False,False,False
1934832352092,False,True,False,False,False,False,False,False
1223616128040,True,False,True,False,False,True,False,True
1345229084078,True,False,True,False,True,False,True,False
1223955823654,False,True,False,False,False,False,False,False
1148387676334,True,False,True,False,True,False,True,False
1429694041208,True,False,True,False,False,True,False,True
1298559138480,True,False,True,False,False,True,True,False
1320156899276,True,False,True,False,False,True,True,False
1365889052696,True,False,True,False,False,True,False,True
1077876237974,False,True,False,False,False,False,False,False
1082005711332,True,False,False,True,True,False,True,False
1092161009304,True,False,True,False,False,True,True,False
1206178282888,True,False,True,False,False,True,False,True
1201733809540,True,False,True,False,False,True,True,False
1145202347484,False,True,False,False,False,False,False,False
1151546523378,True,False,True,False,False,True,False,True
1362397291018,True,False,True,False,True,False,True,False
1456367840068,True,False,True,False,True,False,True,False
1570336250124,True,False,True,False,True,False,True,False
1873253454616,True,False,True,False,False,True,False,True
1934217874546,False,True,False,False,False,False,False,False
1881513712350,True,False,False,True,False,True,False,True
1566881027636,True,False,True,False,False,True,False,True
1621176468896,True,False,True,False,False,True,True,False
1948849371302,False,True,False,False,False,False,False,False
1948538529850,False,True,False,False,False,False,False,False
1526528444720,True,False,True,False,True,False,True,False
1785934497866,True,False,False,True,True,False,False,True
1863093899738,True,False,True,False,True,False,False,True
1772921042458,True,False,True,False,True,False,True,False
1931042398846,True,False,True,False,True,False,True,False
1699915154654,True,False,True,False,False,True,False,True
1579253069782,True,False,False,True,False,True,True,False
1618939819324,True,False,True,False,False,True,False,True
1671016072278,False,True,False,False,False,False,False,False
1660540835806,True,False,True,False,False,True,False,True
1965356582688,True,False,True,False,True,False,True,False
1995526325190,True,False,False,True,True,False,False,True
1171503790952,True,False,True,False,True,False,False,True
1424887572292,True,False,True,False,False,True,False,True
1369944769656,False,True,False,False,False,False,False,False
1362656626934,True,False,False,True,False,True,False,True
1020072781968,True,False,True,False,True,False,False,True
1144856453684,True,False,True,False,False,True,True,False
1114039928126,True,False,True,False,True,False,True,False
1226441051382,True,False,True,False,False,True,False,True
1359806556384,True,False,True,False,True,False,True,False
1286150484884,True,False,True,False,False,True,True,False
1405215923618,True,False,True,False,True,False,True,False
1504284432308,True,False,True,False,False,True,True,False
1103871301164,False,True,False,False,False,False,False,False
1185473992060,True,False,True,False,True,False,True,False
1495060149072,True,False,True,False,True,False,True,False
1448370447234,True,False,True,False,True,False,True,False
1336615855412,True,False,True,False,True,False,True,False
1021642819162,True,False,True,False,True,False,True,False
1076259157108,True,False,True,False,True,False,True,False
1080385077690,True,False,True,False,False,True,False,True
1040705384132,True,False,True,False,True,False,True,False
1178815748590,True,False,True,False,False,True,False,True
1348694316504,True,False,True,False,True,False,True,False
1326157956308,True,False,True,False,True,False,False,True
1513495638464,False,True,False,False,False,False,False,False
1684607164418,True,False,False,True,True,False,True,False
1567441024878,True,False,True,False,False,True,True,False
1655390310316,False,True,False,False,False,False,False,False
1556655601370,True,False,True,False,False,True,True,False
1749398278850,True,False,True,False,False,True,True,False
1826877393978,True,False,True,False,True,False,True,False
1842761155116,True,False,True,False,True,False,True,False
1530941925022,True,False,True,False,True,False,False,True
1649996604408,True,False,True,False,True,False,True,False
1543958658666,True,False,True,False,True,False,True,False
1509027956024,False,True,False,False,False,False,False,False
1769387576492,True,False,True,False,False,True,False,True
1637643362188,True,False,True,False,True,False,True,False
1558572416038,True,False,True,False,False,True,False,True
1738614924640,True,False,True,False,False,True,False,True
1817347032408,True,False,True,False,True,False,True,False
1904991246834,True,False,False,True,False,True,True,False
1016270404104,True,False,True,False,False,True,False,True
1219485018124,True,False,True,False,False,True,False,True
1047079042164,True,False,True,False,False,True,True,False
1077552747994,False,True,False,False,False,False,False,False
1440802481652,True,False,False,True,True,False,True,False
1472859049022,True,False,True,False,False,True,False,True
1049625098952,True,False,True,False,True,False,True,False
1053130393414,True,False,True,False,True,False,True,False
1019466848468,True,False,True,False,True,False,False,True
1152518362600,True,False,True,False,False,True,True,False
1332535595088,False,True,False,False,False,False,False,False
1512265044974,True,False,True,False,False,True,False,True
1112479620530,True,False,False,True,False,True,False,True
1032146406276,True,False,True,False,True,False,False,True
1355062230420,True,False,True,False,False,True,False,True
1457317580800,True,False,True,False,False,True,False,True
1175685303244,True,False,True,False,False,True,False,True
1019792130876,False,True,False,False,False,False,False,False
1446531677790,False,True,False,False,False,False,False,False
1388117524082,True,False,True,False,False,True,False,True
1604636148292,True,False,True,False,False,True,False,True
1513190817088,True,False,True,False,True,False,True,False
1520496196622,True,False,True,False,False,True,False,True
1541140717254,True,False,False,True,False,True,False,True
1545268981182,True,False,True,False,True,False,True,False
1711016160204,True,False,True,False,True,False,True,False
1921515564394,True,False,True,False,True,False,True,False
1955813042804,True,False,True,False,False,True,True,False
1606561050524,True,False,True,False,False,True,False,True
1860254868566,True,False,True,False,False,True,True,False
2016486150006,False,True,False,False,False,False,False,False
1686232162322,True,False,True,False,True,False,False,True
1637667730478,True,False,False,True,False,True,True,False
2001535469370,False,True,False,False,False,False,False,False
1889779845604,True,False,True,False,False,True,False,True
1968522638654,True,False,True,False,True,False,True,False
1588151922894,True,False,True,False,True,False,True,False
1507820875028,True,False,True,False,True,False,True,False
1731974799988,True,False,True,False,False,True,False,True
82804314748,True,False,True,False,True,False,False,True
226008581602,True,False,False,True,False,True,False,True
2463036290,True,False,True,False,False,True,False,True
23130690108,False,True,False,False,False,False,False,False
107911755646,True,False,True,False,True,False,False,True
238098810934,True,False,True,False,False,True,False,True
204441237610,True,False,True,False,True,False,True,False
324444872450,True,False,True,False,True,False,True,False
322865286238,True,False,True,False,False,True,True,False
328263806464,True,False,True,False,True,False,True,False
423516732012,True,False,True,False,False,True,True,False
29771496318,True,False,True,False,True,False,True,False
112973428918,True,False,True,False,True,False,True,False
109164172092,True,False,True,False,False,True,True,False
108212897716,True,False,True,False,False,True,False,True
247904611242,True,False,True,False,False,True,False,True
282832618738,True,False,False,True,False,True,False,True
346336568556,True,False,True,False,True,False,True,False
416522348420,True,False,True,False,True,False,True,False
219683408814,True,False,True,False,False,True,False,True
163786331996,True,False,True,False,True,False,True,False
239684800962,True,False,True,False,False,True,False,True
583538772664,True,False,True,False,True,False,True,False
594330900840,True,False,True,False,True,False,False,True
782001373558,True,False,True,False,False,True,False,True
774376483804,True,False,True,False,False,True,True,False
676562407498,True,False,True,False,True,False,False,True
784517872244,True,False,False,True,False,True,False,True
793733840202,True,False,False,True,False,True,True,False
553701898820,False,True,False,False,False,False,False,False
531164278916,False,True,False,False,False,False,False,False
897577721950,True,False,True,False,False,True,True,False
981084072002,True,False,True,False,True,False,True,False
188251321056,True,False,True,False,True,False,True,False
51410734702,True,False,True,False,False,True,False,True
117460565350,True,False,True,False,True,False,True,False
285413953320,True,False,True,False,False,True,True,False
432117138616,True,False,True,False,False,True,False,True
470225889684,True,False,True,False,False,True,True,False
284470314384,True,False,True,False,True,False,True,False
235595316806,True,False,False,True,False,True,False,True
70482649476,True,False,True,False,True,False,True,False
373076688792,True,False,True,False,False,True,False,True
471825408746,True,False,True,False,True,False,True,False
363875262388,True,False,True,False,False,True,True,False
211115711000,True,False,True,False,True,False,False,True
145401923116,True,False,True,False,False,True,False,True
468628589210,True,False,True,False,False,True,False,True
280345932356,True,False,True,False,False,True,True,False
473713343912,True,False,True,False,False,True,False,True
473391112822,True,False,True,False,True,False,True,False
409257994808,True,False,False,True,False,True,True,False
430218246078,True,False,True,False,False,True,False,True
184789976454,True,False,True,False,True,False,True,False
269251934888,True,False,True,False,False,True,True,False
404832824548,False,True,False,False,False,False,False,False
748989020150,False,True,False,False,False,False,False,False
1002702897516,False,True,False,False,False,False,False,False
640739118902,True,False,True,False,True,False,True,False
844280401228,True,False,True,False,False,True,True,False
827757996202,False,True,False,False,False,False,False,False
684535334698,True,False,True,False,False,True,True,False
882348203202,True,False,False,True,False,True,False,True
841402763968,True,False,True,False,False,True,False,True
896021319446,True,False,True,False,True,False,True,False
628354177542,True,False,True,False,False,True,False,True
656615246684,True,False,True,False,False,True,False,True
562957203682,True,False,True,False,False,True,True,False
596618532376,False,True,False,False,False,False,False,False
561371494798,True,False,True,False,True,False,True,False
1000486987646,True,False,True,False,True,False,True,False
886179283970,True,False,False,True,True,False,False,True
777595256214,True,False,True,False,True,False,True,False
813163418204,True,False,True,False,True,False,True,False
841745888178,True,False,True,False,True,False,True,False
915092730812,True,False,True,False,False,True,False,True
950329261184,False,True,False,False,False,False,False,False
58358277266,True,False,False,True,False,True,False,True
224739185208,True,False,True,False,True,False,True,False
109789058158,False,True,False,False,False,False,False,False
123769212466,True,False,True,False,True,False,True,False
401593038352,True,False,True,False,False,True,False,True
339047318820,True,False,True,False,True,False,True,False
245384764336,True,False,True,False,True,False,True,False
177760817030,True,False,True,False,False,True,False,True
485434823982,True,False,True,False,False,True,False,True
420344685848,True,False,True,False,False,True,True,False
7543663194,True,False,True,False,False,True,False,True
58672598074,False,True,False,False,False,False,False,False
86933667164,True,False,True,False,True,False,True,False
107891877476,True,False,True,False,False,True,True,False
261239573048,True,False,True,False,True,False,True,False
221253799910,True,False,True,False,False,True,True,False
82510109918,True,False,True,False,True,False,True,False
146654088600,True,False,True,False,True,False,True,False
460360648614,False,True,False,False,False,False,False,False
599093829984,True,False,True,False,False,True,True,False
848342392790,True,False,True,False,False,True,True,False
753413967838,True,False,True,False,True,False,True,False
564824751790,True,False,False,True,False,True,False,True
895669151086,True,False,True,False,True,False,True,False
808039553568,True,False,True,False,True,False,True,False
826130054702,True,False,True,False,False,True,True,False
950278963600,True,False,True,False,True,False,True,False
946475124382,True,False,False,True,True,False,False,True
552741555338,True,False,True,False,False,True,True,False
579403962932,False,True,False,False,False,False,False,False
580999953850,True,False,True,False,True,False,False,True
571791546702,True,False,True,False,False,True,True,False
915014512558,True,False,True,False,False,True,False,True
839454529966,True,False,True,False,False,True,True,False
929950275196,True,False,True,False,False,True,True,False
879771834246,True,False,True,False,True,False,True,False
719446283356,True,False,False,True,True,False,True,False
520992907922,False,True,False,False,False,False,False,False
772152461466,True,False,True,False,False,True,True,False
921084915278,True,False,True,False,False,True,True,False
24732052920,True,False,True,False,True,False,True,False
19341773036,False,True,False,False,False,False,False,False
191756519196,True,False,True,False,True,False,True,False
400987934878,True,False,True,False,True,False,True,False
411167071598,True,False,True,False,True,False,True,False
295589288394,True,False,False,True,True,False,False,True
80315540742,True,False,True,False,False,True,False,True
222885422616,True,False,True,False,True,False,True,False
293702286394,True,False,True,False,True,False,False,True
35843564992,True,False,False,True,False,True,False,True
133021846518,True,False,True,False,False,True,True,False
281606263732,True,False,True,False,False,True,True,False
387026607736,False,True,False,False,False,False,False,False
31114105504,True,False,True,False,True,False,False,True
52067225366,True,False,True,False,False,True,True,False
299401847430,True,False,True,False,False,True,True,False
504524556208,True,False,True,False,False,True,True,False
271156024490,True,False,True,False,True,False,True,False
481666342034,True,False,True,False,True,False,True,False
300053318762,True,False,True,False,False,True,True,False
264804818994,True,False,True,False,True,False,True,False
377208159070,True,False,True,False,False,True,False,True
549606774728,True,False,True,False,False,True,True,False
621997101214,True,False,True,False,False,True,True,False
580718922522,False,True,False,False,False,False,False,False
784561192144,True,False,True,False,True,False,True,False
828693499192,True,False,True,False,False,True,True,False
959512898794,True,False,False,True,False,True,True,False
589306401124,True,False,False,True,False,True,False,True
1006837312926,True,False,True,False,True,False,True,False
944617076830,True,False,True,False,False,True,True,False
535937969692,True,False,True,False,False,True,True,False
714703946604,True,False,True,False,False,True,True,False
624541597552,True,False,True,False,False,True,False,True
784877353098,True,False,True,False,True,False,True,False
629941679500,True,False,True,False,False,True,True,False
569930173298,True,False,True,False,False,True,True,False
630591991232,True,False,True,False,True,False,True,False
811887493966,True,False,True,False,True,False,True,False
912864347900,False,True,False,False,False,False,False,False
867460373846,True,False,True,False,False,True,False,True
943663410138,True,False,True,False,False,True,False,True
1179206292790,False,True,False,False,False,False,False,False
1242704774518,True,False,True,False,False,True,True,False
1407813234868,True,False,True,False,True,False,True,False
1278911152276,False,True,False,False,False,False,False,False
1418294645124,True,False,True,False,False,True,False,True
1111265984532,True,False,True,False,True,False,True,False
1114451944360,True,False,True,False,False,True,False,True
1086823295372,True,False,True,False,False,True,True,False
1015989776002,True,False,True,False,False,True,True,False
1454802742834,True,False,True,False,False,True,True,False
1484329733928,False,True,False,False,False,False,False,False
1420824071060,True,False,True,False,False,True,False,True
1364003010332,True,False,True,False,False,True,True,False
1020773087926,True,False,True,False,False,True,False,True
1000449263502,True,False,True,False,False,True,True,False
1091904272326,True,False,True,False,True,False,True,False
1247812109934,False,True,False,False,False,False,False,False
1335759783302,True,False,False,True,False,True,False,True
1718666019190,True,False,True,False,False,True,False,True
1738360776748,True,False,True,False,True,False,True,False
1584982212830,True,False,True,False,True,False,True,False
1658332054176,True,False,False,True,False,True,False,True
1964740844494,True,False,True,False,True,False,True,False
1505312361282,True,False,True,False,True,False,True,False
1646284916478,True,False,True,False,False,True,True,False
1665972869976,True,False,True,False,False,True,True,False
1736785247716,True,False,True,False,False,True,False,True
1640898542410,False,True,False,False,False,False,False,False
1898080141220,True,False,False,True,False,True,False,True
2000648273530,True,False,True,False,True,False,True,False
1670412481610,True,False,False,True,False,True,False,True
1827266227080,True,False,False,True,True,False,False,True
1931095418842,True,False,False,True,False,True,True,False
1881230818762,False,True,False,False,False,False,False,False
1847898325074,True,False,True,False,False,True,False,True
1926644897408,True,False,True,False,False,True,False,True
1861244269572,True,False,True,False,True,False,True,False
1934280749232,True,False,True,False,False,True,False,True
1920629859250,True,False,True,False,False,True,True,False
1946033072102,True,False,True,False,True,False,True,False
1186547934800,True,False,True,False,True,False,True,False
1463727900650,True,False,True,False,True,False,True,False
1311339695956,True,False,True,False,True,False,True,False
1469132924518,True,False,True,False,False,True,False,True
1480573144882,True,False,True,False,False,True,False,True
1342435364074,True,False,True,False,True,False,False,True
1389112568498,True,False,False,True,False,True,True,False
1448805698300,False,True,False,False,False,False,False,False
1301803387990,False,True,False,False,False,False,False,False
1373882570008,True,False,True,False,False,True,False,True
1204351157706,True,False,True,False,False,True,True,False
1420571591832,True,False,True,False,True,False,True,False
1392949544794,True,False,True,False,False,True,False,True
1381209998490,True,False,True,False,False,True,True,False
1380565030670,True,False,False,True,False,True,False,True
1426930434672,True,False,True,False,False,True,False,True
1554557748122,False,True,False,False,False,False,False,False
1661229575060,True,False,True,False,True,False,True,False
1574236756216,False,True,False,False,False,False,False,False
1829220284700,True,False,True,False,False,True,True,False
1876209540766,True,False,True,False,False,True,True,False
1955271617368,True,False,True,False,False,True,False,True
1953664412872,True,False,True,False,True,False,False,True
1912078012246,True,False,False,True,False,True,False,True
1688240271378,True,False,True,False,False,True,True,False
1538683514384,True,False,True,False,True,False,True,False
1892729880940,False,True,False,False,False,False,False,False
1990527427340,True,False,False,True,False,True,False,True
1490367227520,True,False,True,False,False,True,True,False
1464657229492,True,False,True,False,False,True,True,False
1052521310000,True,False,False,True,False,True,False,True
1176047627398,True,False,True,False,True,False,False,True
1011881824542,False,True,False,False,False,False,False,False
1129687666586,True,False,True,False,True,False,True,False
1349726581874,True,False,True,False,False,True,False,True
1324335617276,True,False,True,False,True,False,False,True
1137921642706,False,True,False,False,False,False,False,False
1009965719266,True,False,True,False,True,False,True,False
1128088325660,False,True,False,False,False,False,False,False
1221122441306,True,False,False,True,False,True,False,True
1366543274052,True,False,True,False,False,True,True,False
1419889708274,False,True,False,False,False,False,False,False
1236998919122,False,True,False,False,False,False,False,False
1101422617348,True,False,True,False,False,True,False,True
1126829131594,True,False,True,False,False,True,False,True
1199546830990,True,False,True,False,False,True,False,True
1422751672778,True,False,True,False,True,False,True,False
1612609201848,True,False,True,False,False,True,False,True
1583721660268,True,False,True,False,False,True,False,True
1577689082628,True,False,False,True,False,True,True,False
1623417884630,True,False,True,False,False,True,False,True
1657057592726,True,False,True,False,False,True,False,True
1659931450688,True,False,True,False,True,False,False,True
1868217917230,True,False,True,False,True,False,True,False
1877111097872,True,False,True,False,True,False,True,False
1743771347274,True,False,True,False,False,True,False,True
1972694924792,True,False,True,False,False,True,False,True
1788530175562,True,False,True,False,True,False,True,False
1778371829102,False,True,False,False,False,False,False,False
1930477668342,True,False,True,False,True,False,True,False
1588161600274,False,True,False,False,False,False,False,False
1738042884610,True,False,True,False,False,True,False,True
1897423055746,True,False,True,False,True,False,True,False
1956801311742,False,True,False,False,False,False,False,False
1696775036848,True,False,True,False,True,False,False,True
1996522257312,True,False,True,False,False,True,True,False
1974918877930,True,False,True,False,True,False,True,False
1880615614144,True,False,True,False,True,False,True,False
1747262808236,True,False,True,False,True,False,False,True
1207811067882,True,False,True,False,False,True,False,True
1127491964800,True,False,True,False,True,False,True,False
1109708854910,True,False,True,False,False,True,True,False
1197355966132,True,False,True,False,True,False,False,True
1151949018636,True,False,True,False,True,False,True,False
1119887285064,True,False,True,False,False,True,True,False
1231011852488,True,False,True,False,False,True,True,False
1275461551834,True,False,True,False,False,True,True,False
1335789621646,True,False,True,False,True,False,True,False
1302770968704,True,False,True,False,True,False,False,True
1337069353138,True,False,True,False,False,True,False,True
1340566055112,True,False,True,False,True,False,True,False
1470395926106,True,False,True,False,True,False,True,False
1291633931292,True,False,True,False,False,True,False,True
1143370335020,True,False,True,False,False,True,True,False
1132573823638,True,False,True,False,True,False,True,False
1177033906224,True,False,True,False,True,False,True,False
1056698942478,True,False,True,False,False,True,False,True
1086862636602,True,False,True,False,False,True,False,True
1052257971580,True,False,True,False,False,True,True,False
1042412735358,True,False,True,False,False,True,False,True
1686000169424,True,False,True,False,False,True,False,True
1680282037762,False,True,False,False,False,False,False,False
1699975081502,True,False,True,False,False,True,True,False
1666954160944,True,False,True,False,False,True,True,False
1504062772708,True,False,True,False,False,True,False,True
1678069680478,False,True,False,False,False,False,False,False
1883506479972,True,False,True,False,True,False,True,False
1793631991636,True,False,True,False,True,False,True,False
1933037534354,True,False,True,False,False,True,False,True
1560595394162,True,False,False,True,False,True,True,False
1573609505452,True,False,True,False,True,False,True,False
1589171110428,True,False,True,False,True,False,True,False
1515837623190,False,True,False,False,False,False,False,False
1631091158686,True,False,True,False,False,True,True,False
1671091296014,True,False,False,True,False,True,False,True
1665060356266,True,False,True,False,False,True,False,True
1879396183932,True,False,True,False,True,False,True,False
1618712315680,True,False,True,False,True,False,True,False
1850498992188,False,True,False,False,False,False,False,False
1803195115058,True,False,True,False,True,False,True,False
1885102095756,False,True,False,False,False,False,False,False
1931145645768,True,False,True,False,False,True,True,False
1888289542850,True,False,True,False,False,True,False,True
13195973872,True,False,True,False,False,True,True,False
68117182288,True,False,True,False,False,True,True,False
81456752056,True,False,False,True,False,True,False,True
106225303240,True,False,False,True,True,False,True,False
182748530390,True,False,True,False,True,False,True,False
411680196990,True,False,False,True,True,False,False,True
353571517702,True,False,True,False,False,True,True,False
414854793374,True,False,True,False,False,True,False,True
51632853564,False,True,False,False,False,False,False,False
103389621624,True,False,True,False,True,False,True,False
208800465714,True,False,True,False,True,False,True,False
235465897192,True,False,True,False,False,True,True,False
171010320052,True,False,True,False,True,False,True,False
191974678296,True,False,True,False,True,False,False,True
358025290462,True,False,True,False,True,False,False,True
250371495754,True,False,True,False,True,False,True,False
68760136216,True,False,True,False,True,False,False,True
199571446956,True,False,True,False,False,True,False,True
203379393818,True,False,True,False,True,False,False,True
435482556110,True,False,True,False,False,True,True,False
362776953602,True,False,False,True,False,True,False,True
474544674140,True,False,True,False,False,True,True,False
10667508134,True,False,True,False,True,False,True,False
15120726336,True,False,True,False,False,True,True,False
109421747500,True,False,False,True,False,True,False,True
158634273346,True,False,True,False,False,True,True,False
468853782286,False,True,False,False,False,False,False,False
316428886798,True,False,True,False,True,False,True,False
632358411592,True,False,True,False,False,True,True,False
745388400246,True,False,True,False,True,False,True,False
540264306690,False,True,False,False,False,False,False,False
607895814936,True,False,True,False,False,True,True,False
949235006276,True,False,True,False,False,True,True,False
562836651760,True,False,True,False,False,True,False,True
527264861762,True,False,True,False,False,True,True,False
593955199914,True,False,True,False,False,True,False,True
787950445228,True,False,True,False,False,True,False,True
994341796578,True,False,True,False,False,True,False,True
709831629942,True,False,True,False,False,True,True,False
773966260534,True,False,True,False,False,True,False,True
993693956426,True,False,True,False,True,False,True,False
585382438298,True,False,True,False,True,False,True,False
550758722650,False,True,False,False,False,False,False,False
209780871710,True,False,True,False,True,False,True,False
70070308364,True,False,True,False,True,False,True,False
57046343678,True,False,True,False,True,False,True,False
247864421918,True,False,True,False,True,False,True,False
248190182284,True,False,True,False,True,False,False,True
128819320524,True,False,True,False,True,False,True,False
70410205990,True,False,False,True,False,True,True,False
225039069216,False,True,False,False,False,False,False,False
325044664636,True,False,True,False,False,True,True,False
335525092846,True,False,True,False,False,True,False,True
486009287012,True,False,True,False,True,False,True,False
299305184374,True,False,True,False,False,True,True,False
251674916736,True,False,True,False,False,True,True,False
195495548304,True,False,True,False,True,False,True,False
350769354340,True,False,True,False,False,True,True,False
369827307862,True,False,False,True,False,True,True,False
448881271112,True,False,True,False,False,True,False,True
454273038366,True,False,True,False,False,True,True,False
542206848712,False,True,False,False,False,False,False,False
731156851258,True,False,True,False,True,False,True,False
654326687698,True,False,True,False,True,False,True,False
713386366788,True,False,True,False,False,True,False,True
773390161156,True,False,False,True,False,True,False,True
967401433596,True,False,True,False,False,True,False,True
777189515426,False,True,False,False,False,False,False,False
989614755340,True,False,True,False,True,False,True,False
884836154160,True,False,False,True,False,True,True,False
678422878864,True,False,True,False,False,True,False,True
665408969492,True,False,True,False,True,False,False,True
574280074862,True,False,True,False,False,True,False,True
678752117894,True,False,True,False,False,True,False,True
681607429366,True,False,True,False,True,False,True,False
873386283080,True,False,True,False,True,False,True,False
666706870166,True,False,True,False,True,False,True,False
635260773590,True,False,True,False,True,False,True,False
654317038698,True,False,True,False,False,True,False,True
811171766956,True,False,True,False,False,True,False,True
850556544702,True,False,True,False,False,True,False,True
812443662366,False,True,False,False,False,False,False,False
775938084992,False,True,False,False,False,False,False,False
99549573700,True,False,True,False,True,False,True,False
208460319766,False,True,False,False,False,False,False,False
153839370712,True,False,True,False,False,True,True,False
191003800930,True,False,True,False,False,True,False,True
443107574148,True,False,True,False,False,True,False,True
277369921326,False,True,False,False,False,False,False,False
66234870680,True,False,True,False,False,True,True,False
49726224850,True,False,True,False,False,True,False,True
159270725708,True,False,True,False,False,True,True,False
275785748832,True,False,True,False,False,True,True,False
424711121270,True,False,True,False,False,True,False,True
304382003252,True,False,True,False,False,True,True,False
124004814342,False,True,False,False,False,False,False,False
476128118922,True,False,True,False,False,True,False,True
350077744140,True,False,True,False,False,True,False,True
500274154412,True,False,True,False,False,True,False,True
660285306618,True,False,True,False,False,True,True,False
624411847362,False,True,False,False,False,False,False,False
486298182772,True,False,True,False,True,False,True,False
865402749256,True,False,True,False,True,False,True,False
674289652712,True,False,True,False,False,True,False,True
794301577910,False,True,False,False,False,False,False,False
907984246592,True,False,True,False,True,False,True,False
612675426952,True,False,True,False,True,False,False,True
742211466532,True,False,True,False,False,True,True,False
619333822244,False,True,False,False,False,False,False,False
706972165204,True,False,True,False,False,True,False,True
762852609366,False,True,False,False,False,False,False,False
797137588174,True,False,True,False,False,True,False,True
920026648590,True,False,True,False,True,False,True,False
510129318992,True,False,True,False,False,True,True,False
491396420268,True,False,True,False,True,False,False,True
526309534362,True,False,True,False,True,False,True,False
530127712290,True,False,True,False,True,False,True,False
741285442534,True,False,True,False,False,True,True,False
840343970384,False,True,False,False,False,False,False,False
842881383818,True,False,True,False,False,True,False,True
912098903996,False,True,False,False,False,False,False,False
839083921084,False,True,False,False,False,False,False,False
238355659596,True,False,True,False,False,True,True,False
391706605730,False,True,False,False,False,False,False,False
27529057220,True,False,True,False,False,True,True,False
116431936004,True,False,True,False,False,True,True,False
275512176650,True,False,True,False,True,False,True,False
332663559070,True,False,True,False,True,False,True,False
202150013772,True,False,True,False,True,False,True,False
3993969948702,True,False,True,False,True,False,True,False
77368132038,True,False,True,False,True,False,True,False
30064784024,True,False,True,False,True,False,True,False
426947394838,True,False,True,False,False,True,False,True
404090112766,True,False,True,False,False,True,False,True
429493678456,True,False,True,False,True,False,True,False
155804619528,True,False,False,True,False,True,False,True
4000350564012,True,False,True,False,False,True,False,True
436183018624,False,True,False,False,False,False,False,False
277744217862,True,False,True,False,False,True,True,False
341884870866,True,False,True,False,False,True,True,False
266947026414,True,False,True,False,True,False,False,True
472067542788,True,False,True,False,True,False,True,False
537771272862,True,False,True,False,True,False,True,False
593331100106,True,False,True,False,True,False,False,True
744149773726,False,True,False,False,False,False,False,False
833068099656,True,False,True,False,False,True,False,True
683856202432,True,False,True,False,True,False,False,True
697809442824,True,False,True,False,False,True,False,True
754977205994,True,False,True,False,False,True,True,False
677786733162,True,False,True,False,True,False,True,False
611441938418,True,False,True,False,True,False,True,False
628918264562,True,False,True,False,False,True,True,False
819740173426,True,False,True,False,False,True,False,True
886113118296,False,True,False,False,False,False,False,False
1038466944988,True,False,True,False,False,True,True,False
1032745285356,True,False,True,False,True,False,True,False
1113390326132,True,False,True,False,True,False,True,False
1222309438366,True,False,True,False,True,False,True,False
1075955926628,True,False,True,False,False,True,True,False
1044507839310,True,False,True,False,False,True,False,True
1496657629596,True,False,True,False,False,True,True,False
1447132170240,True,False,True,False,True,False,True,False
1463949995462,False,True,False,False,False,False,False,False
1239454032730,True,False,True,False,False,True,True,False
1029568953314,False,True,False,False,False,False,False,False
1208651771140,True,False,True,False,True,False,False,True
1424551963752,True,False,True,False,False,True,False,True
1267390374948,True,False,True,False,True,False,False,True
1358204925422,True,False,True,False,False,True,False,True
1155952371806,True,False,True,False,True,False,True,False
1116277264906,True,False,True,False,True,False,True,False
1363940797278,True,False,True,False,True,False,False,True
1292807120156,True,False,False,True,False,True,False,True
1440455583848,True,False,True,False,False,True,True,False
1470629307260,True,False,True,False,False,True,False,True
1531241831972,True,False,True,False,False,True,False,True
1638254615860,False,True,False,False,False,False,False,False
1766205976940,True,False,True,False,False,True,False,True
2006579150870,False,True,False,False,False,False,False,False
1675114126762,True,False,True,False,True,False,False,True
1859582107062,True,False,True,False,False,True,False,True
1606178090950,True,False,True,False,False,True,True,False
1487435262526,True,False,True,False,False,True,False,True
1663027299796,True,False,True,False,True,False,True,False
1547439789570,True,False,True,False,True,False,True,False
1771606993522,True,False,True,False,True,False,True,False
1810355823758,True,False,True,False,False,True,True,False
1808446193666,False,True,False,False,False,False,False,False
1650658158234,True,False,False,True,True,False,True,False
1855145221070,True,False,True,False,False,True,True,False
1925636727818,True,False,True,False,False,True,True,False
1199483529848,False,True,False,False,False,False,False,False
1334740171080,True,False,True,False,True,False,True,False
1347773711602,True,False,True,False,True,False,True,False
1293162009420,True,False,True,False,False,True,False,True
1272536716596,True,False,True,False,True,False,True,False
1317307667026,True,False,True,False,True,False,False,True
1428115645836,True,False,True,False,True,False,True,False
1130256284314,True,False,True,False,True,False,True,False
1145184462086,True,False,True,False,False,True,False,True
1303625177424,True,False,True,False,False,True,False,True
1481131961024,True,False,True,False,False,True,False,True
1455409741578,True,False,True,False,True,False,True,False
1261396051170,True,False,True,False,False,True,True,False
1168691575994,True,False,True,False,True,False,True,False
1047405236098,True,False,False,True,True,False,True,False
1088687019748,True,False,True,False,False,True,True,False
1157266274298,True,False,True,False,False,True,True,False
1031539442828,True,False,True,False,False,True,True,False
1182673418168,True,False,True,False,False,True,False,True
1205223335958,True,False,False,True,False,True,True,False
1386530733060,True,False,True,False,False,True,False,True
1271265656690,True,False,True,False,False,True,True,False
1484004736488,True,False,False,True,True,False,False,True
1563356711800,True,False,True,False,False,True,True,False
1590354732322,True,False,True,False,True,False,True,False
1705925939456,True,False,True,False,True,False,True,False
1710999405430,True,False,True,False,False,True,True,False
1773248872868,False,True,False,False,False,False,False,False
1828173559076,True,False,True,False,False,True,True,False
1630685442130,True,False,True,False,True,False,True,False
1537974087834,True,False,False,True,False,True,False,True
1636717491306,True,False,True,False,False,True,False,True
1520832796196,True,False,True,False,False,True,False,True
1682140415438,True,False,True,False,False,True,True,False
1809778188156,True,False,True,False,False,True,True,False
1904720700522,True,False,False,True,False,True,False,True
1922802583044,True,False,True,False,True,False,True,False
1946940302422,True,False,True,False,False,True,False,True
1983136876776,True,False,True,False,True,False,True,False
1867225445538,True,False,True,False,False,True,True,False
1886603715736,False,True,False,False,False,False,False,False
1941213477068,True,False,False,True,False,True,True,False
1910099541550,True,False,True,False,False,True,False,True
1610689975154,True,False,True,False,True,False,True,False
1742782755348,True,False,True,False,False,True,False,True
1778972450640,True,False,True,False,False,True,True,False
1075605196802,True,False,False,True,True,False,True,False
1169591444088,False,True,False,False,False,False,False,False
1232788457748,True,False,True,False,True,False,True,False
1255636164436,True,False,True,False,True,False,True,False
1276286077830,True,False,True,False,False,True,True,False
1061023745348,True,False,False,True,True,False,True,False
1185175829268,True,False,False,True,False,True,True,False
1164214193122,True,False,True,False,True,False,True,False
1068326479650,True,False,True,False,False,True,False,True
1056566144828,True,False,True,False,True,False,True,False
1127362798494,True,False,True,False,False,True,False,True
1298183922046,True,False,True,False,True,False,True,False
1077851652228,True,False,True,False,False,True,False,True
1038802135386,True,False,True,False,False,True,False,True
1177558349642,True,False,True,False,True,False,True,False
1147713208470,True,False,True,False,False,True,True,False
1309313929914,True,False,True,False,True,False,True,False
1343293887254,True,False,False,True,False,True,False,True
1371867386128,True,False,False,True,False,True,True,False
1443313594612,True,False,False,True,True,False,True,False
1496984755696,True,False,True,False,True,False,True,False
1747158786444,True,False,True,False,False,True,True,False
1672863844566,True,False,True,False,False,True,False,True
1549341459180,True,False,True,False,False,True,False,True
1778912602140,True,False,True,False,False,True,True,False
1841158315404,True,False,True,False,True,False,True,False
1668122313222,False,True,False,False,False,False,False,False
1664952304296,True,False,True,False,False,True,True,False
1520155071158,True,False,True,False,True,False,True,False
1697646936112,False,True,False,False,False,False,False,False
1864024517926,True,False,True,False,False,True,False,True
1882761499606,True,False,True,False,True,False,True,False
1886571487876,True,False,True,False,False,True,True,False
1699223978676,True,False,True,False,False,True,True,False
1595714802970,True,False,True,False,False,True,False,True
2005625990228,True,False,True,False,False,True,True,False
1939262017954,True,False,True,False,False,True,True,False
1655411889616,True,False,True,False,False,True,True,False
1779881013454,True,False,True,False,False,True,False,True
1163281919204,True,False,True,False,True,False,True,False
1189317904086,True,False,True,False,False,True,True,False
1316642339732,True,False,True,False,True,False,True,False
1283942417592,True,False,True,False,True,False,True,False
1356026085016,True,False,True,False,False,True,True,False
1217604373914,True,False,True,False,True,False,True,False
1020108245528,True,False,True,False,True,False,False,True
1468446611138,True,False,True,False,True,False,True,False
1257274795730,False,True,False,False,False,False,False,False
1269657899746,True,False,True,False,True,False,True,False
1148383277314,True,False,True,False,True,False,False,True
1411286888442,True,False,True,False,False,True,True,False
1495748417756,True,False,True,False,True,False,True,False
1638294308520,True,False,True,False,True,False,True,False
1773561003528,True,False,True,False,False,True,False,True
1919298449538,True,False,True,False,False,True,True,False
1819595708622,True,False,True,False,False,True,True,False
1622120495186,True,False,True,False,True,False,True,False
1726904665496,True,False,True,False,True,False,True,False
1810734833722,True,False,True,False,True,False,False,True
1966321750064,True,False,True,False,False,True,True,False
1830736905770,False,True,False,False,False,False,False,False
1868839658352,True,False,True,False,False,True,False,True
1509699339914,True,False,True,False,True,False,False,True
1578596669800,True,False,True,False,False,True,True,False
1681475316980,True,False,True,False,True,False,True,False
1722443889516,True,False,True,False,False,True,True,False
1791338017156,True,False,True,False,False,True,False,True
1889444364086,True,False,True,False,True,False,True,False
1877708977150,True,False,True,False,False,True,True,False
1527822246928,True,False,True,False,False,True,False,True
1600856710656,True,False,True,False,True,False,True,False
1503043062904,True,False,False,True,True,False,True,False
1722778368482,True,False,True,False,False,True,False,True
1886935628470,True,False,True,False,False,True,False,True
1937411683132,True,False,True,False,True,False,True,False
114231971936,True,False,True,False,True,False,True,False
112649437628,True,False,True,False,True,False,True,False
122184638158,True,False,True,False,True,False,True,False
125031583862,True,False,False,True,False,True,False,True
336508597682,True,False,False,True,False,True,False,True
478757960962,True,False,False,True,True,False,True,False
283788912578,True,False,True,False,True,False,True,False
342843273530,True,False,True,False,True,False,True,False
3986408053648,True,False,True,False,False,True,True,False
32018711350,True,False,True,False,True,False,True,False
226654389340,False,True,False,False,False,False,False,False
480357379096,True,False,True,False,True,False,False,True
430514375732,True,False,True,False,False,True,False,True
24378299680,False,True,False,False,False,False,False,False
332686817246,False,True,False,False,False,False,False,False
313958126758,True,False,True,False,True,False,True,False
451440734536,True,False,True,False,True,False,False,True
200629543700,True,False,True,False,False,True,False,True
668939613494,False,True,False,False,False,False,False,False
759121593784,False,True,False,False,False,False,False,False
729908443460,True,False,False,True,False,True,False,True
521623941792,True,False,True,False,True,False,False,True
861370165246,True,False,True,False,False,True,True,False
926128697452,True,False,True,False,True,False,True,False
817868489548,True,False,False,True,False,True,False,True
882325453274,True,False,True,False,False,True,True,False
711202256438,True,False,True,False,False,True,True,False
997274521580,True,False,False,True,False,True,False,True
962670436630,True,False,True,False,False,True,False,True
951563914568,True,False,True,False,False,True,False,True
580044196366,True,False,False,True,False,True,False,True
583219396778,True,False,False,True,False,True,False,True
595284602144,True,False,True,False,False,True,False,True
924863305586,True,False,True,False,True,False,True,False
806109389776,True,False,True,False,True,False,True,False
826427822896,True,False,True,False,True,False,True,False
776588093636,True,False,True,False,True,False,True,False
525772543492,False,True,False,False,False,False,False,False
694367801554,True,False,False,True,False,True,False,True
591179018592,True,False,True,False,False,True,True,False
44114736280,False,True,False,False,False,False,False,False
84438213910,False,True,False,False,False,False,False,False
229860156116,True,False,True,False,True,False,True,False
98408389250,True,False,True,False,True,False,False,True
401947428118,True,False,True,False,False,True,False,True
367654613390,False,True,False,False,False,False,False,False
338138811560,True,False,False,True,False,True,False,True
464825284204,True,False,True,False,False,True,False,True
132075462052,True,False,True,False,False,True,False,True
52377615282,True,False,True,False,True,False,True,False
338145993346,False,True,False,False,False,False,False,False
381340204390,True,False,True,False,False,True,False,True
246990764630,True,False,True,False,False,True,False,True
366396982966,True,False,True,False,False,True,True,False
329872128944,True,False,True,False,True,False,True,False
399732728280,True,False,True,False,True,False,True,False
213368622342,True,False,True,False,False,True,True,False
296239628844,False,True,False,False,False,False,False,False
337516120126,True,False,True,False,True,False,True,False
329255006410,True,False,True,False,True,False,True,False
611201273274,True,False,True,False,False,True,False,True
974765402240,True,False,True,False,False,True,True,False
963021849876,True,False,True,False,True,False,True,False
926201449840,True,False,True,False,True,False,True,False
694694368770,True,False,True,False,True,False,True,False
633748571886,True,False,True,False,True,False,True,False
709314401028,True,False,True,False,False,True,False,True
918867697046,True,False,True,False,True,False,False,True
994451745784,True,False,True,False,False,True,False,True
557870111272,True,False,True,False,True,False,True,False
662657356320,False,True,False,False,False,False,False,False
840456485512,True,False,True,False,False,True,True,False
997631481576,True,False,True,False,True,False,False,True
206953837642,True,False,True,False,False,True,False,True
209806528970,True,False,False,True,False,True,False,True
171729404604,True,False,True,False,True,False,True,False
145065713084,True,False,True,False,False,True,False,True
328896260384,True,False,True,False,False,True,True,False
490528303998,True,False,True,False,False,True,False,True
275231550428,True,False,True,False,True,False,True,False
133913656678,True,False,True,False,True,False,True,False
443183402540,True,False,True,False,False,True,False,True
365402620014,True,False,False,True,False,True,False,True
457478606338,True,False,True,False,False,True,False,True
365716939742,True,False,True,False,False,True,False,True
235228138722,True,False,True,False,False,True,False,True
171724064052,True,False,True,False,False,True,True,False
86639539840,True,False,True,False,False,True,False,True
438440284612,True,False,True,False,False,True,False,True
274287433784,True,False,True,False,False,True,True,False
510512584338,True,False,True,False,False,True,False,True
746743811458,True,False,True,False,True,False,True,False
732440391362,True,False,True,False,False,True,True,False
817867509122,True,False,True,False,False,True,True,False
766749763186,True,False,True,False,True,False,True,False
800717019874,False,True,False,False,False,False,False,False
746748447608,False,True,False,False,False,False,False,False
944248407466,True,False,True,False,False,True,True,False
779753115330,True,False,True,False,False,True,False,True
821664142548,True,False,True,False,True,False,False,True
839130212454,True,False,True,False,False,True,True,False
867405041420,True,False,True,False,True,False,True,False
640703320908,True,False,True,False,False,True,False,True
564502023646,True,False,False,True,False,True,True,False
599102304876,True,False,True,False,False,True,False,True
717860983696,True,False,True,False,False,True,False,True
823905506074,True,False,True,False,True,False,True,False
855657178400,True,False,True,False,True,False,True,False
789933386934,True,False,True,False,False,True,True,False
127609018126,True,False,True,False,False,True,True,False
106665751870,True,False,True,False,True,False,False,True
332418539234,True,False,True,False,True,False,False,True
346705025372,True,False,True,False,True,False,True,False
93332203942,True,False,True,False,True,False,True,False
167002261896,False,True,False,False,False,False,False,False
414985508440,True,False,True,False,True,False,True,False
435315332016,True,False,True,False,False,True,True,False
21242440300,True,False,True,False,True,False,True,False
30766982268,False,True,False,False,False,False,False,False
67930001486,True,False,True,False,False,True,False,True
209859778544,True,False,True,False,True,False,True,False
381949443788,True,False,False,True,False,True,False,True
499121027190,True,False,True,False,False,True,False,True
63803955230,True,False,False,True,False,True,False,True
186055480366,True,False,True,False,False,True,True,False
252746902482,True,False,False,True,False,True,True,False
423235459982,True,False,True,False,False,True,True,False
419433838860,True,False,True,False,False,True,True,False
526727272802,True,False,False,True,True,False,True,False
725193098234,True,False,False,True,False,True,False,True
815995199584,True,False,True,False,False,True,False,True
937602410922,True,False,True,False,True,False,True,False
753128155356,True,False,True,False,False,True,False,True
902041634040,True,False,True,False,False,True,False,True
793773437376,False,True,False,False,False,False,False,False
850616069682,True,False,True,False,False,True,False,True
916341550158,False,True,False,False,False,False,False,False
815699099902,True,False,True,False,False,True,False,True
969063779614,True,False,True,False,False,True,False,True
672480521166,False,True,False,False,False,False,False,False
502928520578,True,False,True,False,True,False,True,False
700424700488,True,False,True,False,False,True,False,True
745829859500,False,True,False,False,False,False,False,False
810600461122,False,True,False,False,False,False,False,False
1013185100082,False,True,False,False,False,False,False,False
949668425414,True,False,True,False,False,True,True,False
880780193320,False,True,False,False,False,False,False,False
557875708784,True,False,True,False,False,True,False,True
651862309964,True,False,True,False,True,False,True,False
693142808276,True,False,True,False,False,True,True,False
837603873716,True,False,True,False,True,False,False,True
979223160888,True,False,True,False,False,True,True,False
1229048119408,True,False,True,False,False,True,True,False
1137283656038,True,False,True,False,True,False,False,True
1342411327422,True,False,True,False,False,True,False,True
1263339196174,True,False,False,True,False,True,False,True
1406235997828,True,False,True,False,False,True,False,True
1112228151936,True,False,True,False,False,True,False,True
1063010359942,True,False,True,False,False,True,True,False
1040788849238,True,False,True,False,False,True,True,False
1097622862672,True,False,True,False,False,True,False,True
1267494146928,False,True,False,False,False,False,False,False
1491025328438,True,False,True,False,False,True,True,False
1460862037622,True,False,True,False,False,True,False,True
1111256290718,True,False,True,False,False,True,False,True
1494174599024,True,False,True,False,False,True,False,True
1365586231408,True,False,False,True,False,True,True,False
1458944369804,True,False,True,False,False,True,False,True
1247177202582,True,False,True,False,False,True,False,True
1006814714626,True,False,True,False,False,True,False,True
1427523900674,False,True,False,False,False,False,False,False
1310664999410,True,False,True,False,False,True,False,True
1540544033734,True,False,True,False,True,False,True,False
1573568558728,True,False,True,False,True,False,True,False
1687245355168,False,True,False,False,False,False,False,False
1560243327444,True,False,True,False,False,True,True,False
1645024645586,True,False,False,True,False,True,False,True
1610721448200,True,False,True,False,True,False,True,False
1519916675464,True,False,True,False,True,False,False,True
1914914402610,True,False,True,False,False,True,False,True
1707556607700,True,False,True,False,False,True,True,False
1646598664042,False,True,False,False,False,False,False,False
1533232709696,True,False,False,True,False,True,False,True
1735175253526,True,False,True,False,False,True,True,False
1559276481362,True,False,False,True,False,True,False,True
1723749825322,True,False,True,False,False,True,False,True
1693279522212,True,False,True,False,False,True,False,True
1549765018756,True,False,True,False,True,False,False,True
1955867402646,True,False,True,False,False,True,True,False
1797757588062,True,False,True,False,True,False,True,False
1984769307774,True,False,True,False,True,False,True,False
1924126491214,True,False,True,False,False,True,True,False
1976503129140,True,False,True,False,True,False,True,False
1954596239996,False,True,False,False,False,False,False,False
1335769892734,True,False,True,False,False,True,True,False
1374832110940,True,False,True,False,False,True,False,True
1458023383770,True,False,True,False,False,True,True,False
1109085157874,True,False,True,False,False,True,False,True
1344368561170,True,False,True,False,False,True,False,True
1353900739014,True,False,True,False,True,False,False,True
1184635137078,True,False,False,True,False,True,False,True
1167813985372,True,False,False,True,False,True,False,True
1128763234106,True,False,True,False,False,True,True,False
1031265064898,True,False,True,False,False,True,False,True
1192888364104,True,False,True,False,True,False,True,False
1499308016318,False,True,False,False,False,False,False,False
1046210704896,True,False,True,False,True,False,True,False
1150993742614,True,False,True,False,False,True,True,False
1104651698714,False,True,False,False,False,False,False,False
1204667071258,False,True,False,False,False,False,False,False
1322459682218,True,False,True,False,False,True,True,False
1273245645400,True,False,True,False,True,False,True,False
1325324444700,True,False,True,False,True,False,True,False
1438357582702,True,False,True,False,True,False,True,False
1518356190250,True,False,True,False,True,False,True,False
1592975834820,True,False,True,False,True,False,True,False
1762842684422,True,False,True,False,False,True,False,True
1624416336940,True,False,True,False,True,False,True,False
1632681735826,False,True,False,False,False,False,False,False
1801593883454,True,False,True,False,False,True,False,True
1745389567720,True,False,True,False,False,True,True,False
1975927256912,True,False,True,False,False,True,False,True
2001959739410,True,False,True,False,True,False,True,False
1958423816572,True,False,True,False,True,False,True,False
1928264760468,False,True,False,False,False,False,False,False
1912073583998,True,False,True,False,True,False,False,True
1627922289116,True,False,True,False,True,False,False,True
1940029227772,True,False,False,True,False,True,False,True
1784141271978,True,False,True,False,False,True,True,False
1827642620694,True,False,True,False,True,False,True,False
1840963064676,True,False,True,False,False,True,False,True
1938455841436,True,False,True,False,True,False,True,False
1222374608236,True,False,True,False,False,True,False,True
1045525039770,True,False,True,False,False,True,False,True
1157930194056,True,False,True,False,False,True,True,False
1156026611590,False,True,False,False,False,False,False,False
1221108183268,True,False,True,False,False,True,False,True
1206510579268,True,False,True,False,False,True,True,False
1449409472394,True,False,True,False,False,True,False,True
1258253234464,True,False,True,False,False,True,False,True
1491324431352,True,False,True,False,False,True,True,False
1003940402986,True,False,True,False,False,True,True,False
1208107250324,True,False,True,False,False,True,False,True
1266214469300,False,True,False,False,False,False,False,False
1169363184278,False,True,False,False,False,False,False,False
1083305890328,True,False,True,False,True,False,True,False
1061077852720,True,False,False,True,False,True,False,True
1238265553208,True,False,True,False,True,False,False,True
1356687233332,True,False,True,False,True,False,True,False
1260805643686,True,False,True,False,True,False,True,False
1404964133494,True,False,True,False,False,True,True,False
1110327194146,True,False,True,False,False,True,True,False
1169066605482,False,True,False,False,False,False,False,False
1150951586236,True,False,True,False,False,True,False,True
1063651579066,True,False,True,False,True,False,False,True
1171923656342,True,False,True,False,True,False,True,False
1700894761596,True,False,True,False,False,True,True,False
1710735363008,True,False,True,False,False,True,False,True
1987296315264,True,False,True,False,False,True,False,True
1747562264796,True,False,False,True,False,True,False,True
1599938421316,True,False,True,False,False,True,True,False
1683766977322,True,False,True,False,True,False,True,False
1681529974326,False,True,False,False,False,False,False,False
1633592392372,True,False,False,True,False,True,True,False
1915234420326,True,False,True,False,True,False,True,False
1835217062602,True,False,True,False,True,False,True,False
1530053026378,False,True,False,False,False,False,False,False
1748826197412,True,False,True,False,False,True,True,False
1699617275360,True,False,True,False,True,False,True,False
1874570064412,True,False,True,False,True,False,True,False
1923462221812,True,False,True,False,False,True,False,True
1975223475860,True,False,True,False,False,True,True,False
1676143525976,True,False,True,False,True,False,True,False
1806324306306,True,False,False,True,True,False,True,False
1774562050434,True,False,True,False,True,False,True,False
1013802776258,True,False,True,False,False,True,False,True
1134160067904,True,False,True,False,False,True,False,True
1255128584958,True,False,True,False,False,True,False,True
1264972612298,True,False,True,False,True,False,True,False
1297360762060,False,True,False,False,False,False,False,False
1177679459574,True,False,True,False,True,False,True,False
1096063917876,True,False,True,False,True,False,True,False
1485037483850,True,False,True,False,False,True,True,False
1335169960360,False,True,False,False,False,False,False,False
1393268812038,True,False,True,False,False,True,True,False
1010628812766,True,False,True,False,False,True,False,True
1203679359594,True,False,True,False,False,True,False,True
1080805496016,True,False,True,False,True,False,True,False
1385304429316,True,False,True,False,True,False,False,True
1027487437122,True,False,True,False,False,True,True,False
1045907805532,True,False,True,False,False,True,True,False
1232603240100,True,False,True,False,True,False,True,False
1238963745496,True,False,True,False,False,True,False,True
1364367386742,True,False,True,False,False,True,False,True
1499310135606,True,False,True,False,True,False,True,False
1462170501528,True,False,True,False,True,False,False,True
1308173453522,False,True,False,False,False,False,False,False
1858100803938,True,False,True,False,True,False,True,False
1988595249622,True,False,True,False,False,True,True,False
1543136462102,True,False,True,False,True,False,False,True
1694589318952,True,False,True,False,True,False,True,False
1667596566376,True,False,False,True,False,True,False,True
1587596646132,False,True,False,False,False,False,False,False
1539970586794,True,False,True,False,False,True,False,True
1976550935660,True,False,True,False,False,True,True,False
1925120960614,True,False,True,False,True,False,True,False
1972433028392,True,False,True,False,False,True,True,False
1611696490450,True,False,True,False,True,False,True,False
1579319153690,True,False,True,False,True,False,True,False
1740318980052,True,False,True,False,False,True,False,True
1786358371602,True,False,True,False,False,True,False,True
1785097086244,True,False,True,False,True,False,True,False
2189787680642,True,False,False,True,True,False,True,False
2086269029750,True,False,True,False,False,True,False,True
2048490600434,True,False,True,False,True,False,False,True
2016425944152,True,False,True,False,False,True,True,False
2120574041160,True,False,True,False,True,False,True,False
2498731943670,False,True,False,False,False,False,False,False
2387918295692,True,False,True,False,False,True,True,False
2365061139298,False,True,False,False,False,False,False,False
2425388981788,True,False,False,True,False,True,False,True
2435237873170,True,False,True,False,False,True,True,False
2073267491426,True,False,True,False,False,True,False,True
2093271125950,True,False,True,False,True,False,True,False
2100578823726,True,False,True,False,False,True,False,True
2134563442642,False,True,False,False,False,False,False,False
2102814920678,False,True,False,False,False,False,False,False
2267287860948,True,False,True,False,False,True,False,True
2313325136968,True,False,True,False,True,False,True,False
2441922728062,True,False,True,False,True,False,True,False
2137394789772,False,True,False,False,False,False,False,False
2070398548740,True,False,True,False,True,False,True,False
2182161658064,True,False,True,False,False,True,True,False
2163431430756,True,False,True,False,False,True,True,False
2137071349144,True,False,True,False,False,True,False,True
2161530519278,True,False,True,False,True,False,True,False
2497470231452,True,False,True,False,False,True,False,True
2289488155802,True,False,True,False,False,True,False,True
2342836606496,True,False,True,False,True,False,False,True
2447619793814,True,False,True,False,True,False,True,False
2396839524950,True,False,True,False,True,False,True,False
2480023289366,True,False,True,False,True,False,True,False
2358083564450,True,False,True,False,False,True,False,True
2687334337828,True,False,True,False,False,True,True,False
2736870860040,False,True,False,False,False,False,False,False
2567960955488,True,False,True,False,True,False,True,False
2548261335084,True,False,True,False,True,False,True,False
2583521276188,True,False,False,True,True,False,False,True
2633362188314,True,False,True,False,False,True,False,True
2773699929318,True,False,True,False,False,True,False,True
2731499959326,True,False,True,False,True,False,True,False
2694356697146,True,False,False,True,False,True,True,False
2810563977286,True,False,True,False,False,True,False,True
2975034624210,True,False,True,False,True,False,True,False
2758777146248,True,False,True,False,False,True,False,True
2583822417710,True,False,True,False,False,True,False,True
2771165617194,False,True,False,False,False,False,False,False
2737520996362,True,False,True,False,False,True,False,True
2765147882750,True,False,True,False,False,True,False,True
2572739834604,False,True,False,False,False,False,False,False
2649889055516,True,False,False,True,False,True,False,True
2998523999018,True,False,True,False,False,True,True,False
2784200998634,True,False,True,False,True,False,True,False
2991223307926,True,False,True,False,False,True,False,True
2080916649074,True,False,True,False,True,False,True,False
2132682665646,True,False,True,False,False,True,False,True
2291754616546,True,False,False,True,False,True,False,True
2324143395378,True,False,False,True,True,False,False,True
2314927176368,False,True,False,False,False,False,False,False
2434316309270,True,False,True,False,False,True,False,True
2042824556172,True,False,True,False,True,False,False,True
2182545654306,True,False,True,False,True,False,True,False
2435281518554,True,False,False,True,False,True,False,True
2343212739732,True,False,True,False,True,False,True,False
2223481367560,True,False,True,False,False,True,False,True
2164113241800,True,False,True,False,False,True,False,True
2273015872782,True,False,True,False,True,False,True,False
2392719451296,False,True,False,False,False,False,False,False
2415892062012,True,False,True,False,False,True,False,True
2282542532472,True,False,True,False,False,True,True,False
2220328116206,True,False,True,False,True,False,True,False
2260967930262,True,False,True,False,False,True,False,True
2642921908594,False,True,False,False,False,False,False,False
2629590806802,True,False,True,False,False,True,False,True
2677854477376,False,True,False,False,False,False,False,False
2665792698430,True,False,True,False,False,True,True,False
2641977337774,True,False,True,False,False,True,True,False
2989020120774,True,False,True,False,True,False,True,False
2645808594604,True,False,True,False,True,False,True,False
2886798361696,True,False,True,False,True,False,True,False
2506392417558,True,False,False,True,True,False,False,True
2715952694444,False,True,False,False,False,False,False,False
2669922827880,False,True,False,False,False,False,False,False
2627995270220,True,False,True,False,False,True,False,True
2810886639460,True,False,True,False,False,True,False,True
2840744682958,True,False,True,False,False,True,False,True
2919814269180,True,False,True,False,False,True,False,True
2599766909898,False,True,False,False,False,False,False,False
2124685851728,True,False,True,False,False,True,False,True
2129771590490,True,False,True,False,True,False,True,False
2123751209384,True,False,True,False,False,True,True,False
2336796923550,True,False,True,False,False,True,False,True
2309486625766,False,True,False,False,False,False,False,False
2052958512376,True,False,True,False,False,True,False,True
2072325216566,False,True,False,False,False,False,False,False
2130109346558,True,False,True,False,False,True,False,True
2085655236088,True,False,True,False,False,True,True,False
2184724222928,True,False,True,False,False,True,False,True
2033912655928,False,True,False,False,False,False,False,False
2204421979412,True,False,True,False,True,False,True,False
2306340481504,True,False,True,False,False,True,True,False
2053253732294,False,True,False,False,False,False,False,False
2213293564190,True,False,True,False,True,False,True,False
2108184516782,False,True,False,False,False,False,False,False
2245996260250,True,False,True,False,False,True,False,True
2362200112268,True,False,True,False,True,False,False,True
2335530776156,True,False,True,False,False,True,False,True
2259976287304,False,True,False,False,False,False,False,False
2112015671952,True,False,True,False,True,False,True,False
2334588623500,True,False,True,False,True,False,True,False
2457790692804,True,False,True,False,False,True,True,False
2486059423216,True,False,True,False,False,True,True,False
2437469640534,True,False,True,False,False,True,False,True
2353971783866,False,True,False,False,False,False,False,False
2593346809268,True,False,True,False,True,False,True,False
2609552727938,True,False,True,False,True,False,True,False
2677181261788,True,False,True,False,False,True,False,True
2754012936754,True,False,True,False,True,False,True,False
2780380226534,True,False,True,False,True,False,False,True
2719756207516,True,False,True,False,False,True,False,True
2708953270588,True,False,True,False,False,True,False,True
2877866652424,True,False,True,False,True,False,True,False
2975035610280,True,False,True,False,True,False,True,False
2892459445000,True,False,True,False,True,False,True,False
2776557892524,True,False,True,False,True,False,True,False
2793083094310,True,False,True,False,True,False,True,False
2848646574190,True,False,True,False,False,True,False,True
2753093591948,True,False,True,False,True,False,True,False
2677835103182,False,True,False,False,False,False,False,False
2577826080200,False,True,False,False,False,False,False,False
2683873854612,True,False,True,False,True,False,True,False
2961056944740,False,True,False,False,False,False,False,False
2929944546466,True,False,True,False,True,False,True,False
2942325482534,True,False,True,False,False,True,False,True
2904862658960,True,False,True,False,True,False,True,False
2929952434142,True,False,True,False,True,False,True,False
2366678150810,True,False,True,False,False,True,True,False
2296197354522,True,False,True,False,False,True,False,True
2439081001950,True,False,True,False,False,True,False,True
2066646875206,True,False,True,False,False,True,True,False
2161274135310,True,False,True,False,False,True,False,True
2115551734658,True,False,True,False,False,True,True,False
2346382322848,True,False,True,False,False,True,False,True
2474661435940,True,False,True,False,True,False,True,False
2291129585276,True,False,False,True,False,True,False,True
2396553961024,True,False,True,False,False,True,False,True
2449904528082,True,False,True,False,False,True,True,False
2018056716076,True,False,True,False,False,True,False,True
2424785168948,False,True,False,False,False,False,False,False
2481944842434,True,False,True,False,False,True,True,False
2457821059640,True,False,True,False,False,True,False,True
2162849086298,True,False,True,False,True,False,True,False
2136186805784,True,False,True,False,True,False,True,False
2490222689534,True,False,False,True,False,True,False,True
2432120486298,True,False,True,False,True,False,True,False
2562590964824,True,False,True,False,True,False,True,False
2741996820152,False,True,False,False,False,False,False,False
2692146156428,True,False,True,False,False,True,True,False
2920116720782,True,False,False,True,False,True,False,True
2879161655740,True,False,True,False,True,False,True,False
2818204216492,False,True,False,False,False,False,False,False
2966157650296,True,False,True,False,True,False,True,False
2631828997364,True,False,True,False,False,True,False,True
2578803888384,True,False,True,False,True,False,True,False
2604219247790,True,False,True,False,False,True,False,True
2575626421272,True,False,True,False,True,False,False,True
2986494276876,True,False,True,False,True,False,True,False
2998559054132,False,True,False,False,False,False,False,False
2882039419828,True,False,True,False,False,True,False,True
2822349667156,True,False,True,False,False,True,False,True
2550847363610,True,False,True,False,False,True,True,False
2997922402708,True,False,True,False,True,False,True,False
2763577447804,True,False,True,False,True,False,True,False
2802952977004,True,False,True,False,True,False,True,False
2523562088366,True,False,True,False,False,True,False,True
2587696214868,True,False,True,False,True,False,True,False
2673115722514,True,False,True,False,False,True,False,True
2893467898570,True,False,True,False,False,True,False,True
2912832839348,True,False,False,True,False,True,True,False
3179811915404,True,False,True,False,False,True,False,True
3357628332118,False,True,False,False,False,False,False,False
3302703319356,True,False,True,False,False,True,False,True
3008058543498,True,False,True,False,False,True,False,True
3090284178756,True,False,True,False,True,False,True,False
3163639463344,True,False,True,False,True,False,True,False
3113139269246,True,False,True,False,False,True,False,True
3176643369820,True,False,True,False,True,False,False,True
3137577373210,True,False,True,False,True,False,True,False
3211878439030,True,False,True,False,True,False,True,False
3172827611974,True,False,True,False,True,False,True,False
3471289758376,True,False,True,False,True,False,True,False
3034735365742,True,False,True,False,False,True,True,False
3237940000896,True,False,True,False,True,False,False,True
3255089533148,True,False,True,False,False,True,False,True
3461787518646,True,False,True,False,False,True,True,False
3384319266538,True,False,True,False,True,False,True,False
3665934606534,True,False,True,False,False,True,False,True
3599893647550,True,False,True,False,False,True,False,True
3698961071542,True,False,True,False,False,True,False,True
3696727773368,True,False,True,False,False,True,False,True
3713890132430,True,False,True,False,True,False,False,True
3895496250632,True,False,True,False,False,True,True,False
3540218913348,True,False,True,False,True,False,True,False
5273793234,True,False,True,False,False,True,True,False
3765340039416,True,False,True,False,False,True,True,False
3716732189122,False,True,False,False,False,False,False,False
3817071910854,True,False,True,False,False,True,False,True
3889784998970,False,True,False,False,False,False,False,False
3917725801482,True,False,True,False,True,False,True,False
3896142278134,True,False,True,False,False,True,False,True
3762452625320,True,False,True,False,True,False,True,False
3586575171646,True,False,True,False,False,True,False,True
3715170797058,False,True,False,False,False,False,False,False
3562434681238,True,False,True,False,False,True,True,False
3634517869864,True,False,True,False,True,False,False,True
3622464886184,True,False,True,False,False,True,True,False
3865355162420,True,False,True,False,True,False,True,False
3067460311876,True,False,True,False,False,True,True,False
3310348595640,True,False,True,False,True,False,True,False
3471655811816,True,False,True,False,True,False,True,False
3242415645372,True,False,True,False,False,True,False,True
3024287999450,True,False,True,False,False,True,True,False
3177334378200,True,False,True,False,True,False,True,False
3388807964036,True,False,True,False,False,True,False,True
3317993495272,True,False,True,False,False,True,True,False
3294787043604,True,False,True,False,True,False,True,False
3443073671426,False,True,False,False,False,False,False,False
3166850750770,False,True,False,False,False,False,False,False
3451042391010,True,False,False,True,True,False,False,True
3725350612604,True,False,True,False,False,True,True,False
3678044694546,False,True,False,False,False,False,False,False
3741230443674,True,False,True,False,True,False,True,False
3686933717478,True,False,True,False,True,False,True,False
3927926181176,True,False,True,False,False,True,False,True
3820297081698,True,False,False,True,False,True,False,True
3847288474420,False,True,False,False,False,False,False,False
3636143242296,True,False,True,False,False,True,True,False
3509784394864,True,False,True,False,False,True,True,False
3651069278610,True,False,False,True,True,False,False,True
3672981611120,False,True,False,False,False,False,False,False
3602183849020,True,False,False,True,False,True,True,False
3832686838308,True,False,True,False,True,False,True,False
3909537690568,True,False,True,False,True,False,True,False
3714259112098,True,False,True,False,True,False,True,False
3921281647324,True,False,False,True,True,False,False,True
3048051904712,True,False,True,False,False,True,False,True
3320148929378,True,False,True,False,False,True,True,False
3069964842322,True,False,True,False,True,False,True,False
3411947161682,True,False,False,True,False,True,False,True
3332550958760,True,False,True,False,True,False,False,True
3325573809860,True,False,True,False,False,True,True,False
3364316188536,True,False,True,False,False,True,True,False
3056609548852,True,False,True,False,False,True,True,False
3430334721104,True,False,True,False,False,True,True,False
3047116834594,True,False,True,False,False,True,True,False
3165228453362,True,False,True,False,True,False,True,False
3174427184594,True,False,True,False,False,True,True,False
3183335510804,True,False,True,False,False,True,True,False
3460835718092,True,False,True,False,True,False,True,False
3290333148252,True,False,True,False,False,True,False,True
3268745971868,True,False,True,False,False,True,False,True
3448778451252,False,True,False,False,False,False,False,False
3569087331252,True,False,True,False,False,True,False,True
3546875572348,True,False,True,False,True,False,True,False
3690710167164,True,False,True,False,False,True,True,False
3497348727142,True,False,True,False,True,False,False,True
3911393899930,True,False,True,False,False,True,True,False
3943792103670,False,True,False,False,False,False,False,False
3891086782666,True,False,True,False,True,False,True,False
3649418003446,True,False,True,False,True,False,True,False
3760874755674,True,False,True,False,False,True,True,False
3951705409568,True,False,True,False,False,True,False,True
3866618264716,True,False,True,False,False,True,True,False
3903763065144,False,True,False,False,False,False,False,False
3625958491244,False,True,False,False,False,False,False,False
3826946131546,True,False,True,False,True,False,True,False
3028071252744,True,False,True,False,False,True,False,True
3399574945104,True,False,True,False,False,True,True,False
3316722511248,False,True,False,False,False,False,False,False
3203347611186,False,True,False,False,False,False,False,False
3094760887972,True,False,True,False,False,True,True,False
3182078408684,True,False,False,True,False,True,False,True
3424979796702,True,False,False,True,False,True,False,True
3160496422308,True,False,True,False,True,False,False,True
3157010229266,True,False,True,False,True,False,True,False
3020799667980,True,False,True,False,False,True,False,True
3667561724164,True,False,True,False,True,False,True,False
3579619897900,True,False,True,False,True,False,False,True
3614532532772,True,False,True,False,True,False,True,False
3725671714746,True,False,True,False,False,True,True,False
3794884194974,True,False,True,False,True,False,True,False
3783455693072,True,False,False,True,False,True,True,False
3833009450856,True,False,True,False,False,True,True,False
3849200375462,True,False,True,False,False,True,True,False
3794275337286,True,False,True,False,False,True,True,False
3939696625266,True,False,True,False,False,True,False,True
3786022539360,True,False,True,False,True,False,True,False
3827618693012,True,False,True,False,False,True,False,True
3999395602042,True,False,True,False,False,True,False,True
3608824355724,True,False,True,False,True,False,True,False
3624703429830,True,False,True,False,False,True,False,True
3725361629942,True,False,True,False,False,True,False,True
3964120566738,True,False,False,True,False,True,False,True
3760278347068,True,False,True,False,False,True,False,True
3850132223674,True,False,True,False,False,True,False,True
3873310629162,True,False,True,False,True,False,True,False
3690438638144,True,False,True,False,False,True,False,True
3559314571928,True,False,True,False,False,True,False,True
3988273658428,True,False,True,False,False,True,False,True
3939061939356,True,False,True,False,True,False,True,False
3979706162556,True,False,True,False,True,False,False,True
3864133368354,True,False,True,False,False,True,False,True
3792057512794,True,False,True,False,True,False,True,False
3814606170138,True,False,True,False,True,False,False,True
2254964456538,True,False,False,True,True,False,False,True
2290526066404,False,True,False,False,False,False,False,False
2264794977126,True,False,False,True,False,True,False,True
2263213827942,True,False,True,False,True,False,True,False
2309580618350,True,False,True,False,True,False,True,False
2472144684448,True,False,True,False,True,False,True,False
2473735737024,True,False,True,False,True,False,True,False
2034297556282,False,True,False,False,False,False,False,False
2107963658018,True,False,True,False,True,False,True,False
2201644230464,False,True,False,False,False,False,False,False
2270212648822,True,False,True,False,False,True,True,False
2459465757450,False,True,False,False,False,False,False,False
2082863199662,True,False,True,False,True,False,False,True
2242572912714,True,False,True,False,False,True,True,False
2256553317402,True,False,True,False,False,True,True,False
2334027794846,True,False,True,False,False,True,False,True
2054948302704,True,False,True,False,False,True,True,False
2086681832008,True,False,False,True,False,True,False,True
2291168088114,True,False,True,False,False,True,False,True
2462634986936,True,False,True,False,False,True,False,True
2694717560192,True,False,True,False,False,True,True,False
2562955555220,True,False,True,False,False,True,False,True
2737588229210,True,False,True,False,False,True,False,True
2529617946534,True,False,False,True,False,True,False,True
2545172873300,True,False,True,False,True,False,True,False
2528028683382,True,False,False,True,False,True,False,True
2805529898146,True,False,True,False,True,False,True,False
2834121717062,True,False,True,False,False,True,False,True
2957317890064,True,False,False,True,True,False,False,True
2900476594244,True,False,False,True,False,True,True,False
2740146709220,True,False,True,False,True,False,True,False
2554397787014,True,False,False,True,True,False,True,False
2645209414134,True,False,True,False,False,True,False,True
2841745448384,True,False,True,False,True,False,True,False
2929702267934,True,False,True,False,True,False,False,True
2925894901878,True,False,True,False,True,False,True,False
2955110773448,True,False,True,False,False,True,False,True
2717272569544,True,False,True,False,True,False,True,False
2513091535952,True,False,False,True,False,True,False,True
2736313791570,True,False,False,True,True,False,True,False
2842369326066,True,False,True,False,False,True,False,True
2875078044776,True,False,True,False,False,True,False,True
2560114433194,True,False,True,False,True,False,True,False
2750312944730,True,False,True,False,True,False,False,True
2751583453404,False,True,False,False,False,False,False,False
2227680894986,True,False,True,False,False,True,True,False
2189597949598,True,False,True,False,True,False,True,False
2346123239324,False,True,False,False,False,False,False,False
2404539964208,True,False,True,False,True,False,True,False
2509322597500,True,False,True,False,False,True,True,False
2421061008186,True,False,True,False,False,True,False,True
2436936277348,True,False,True,False,False,True,False,True
2213746530042,True,False,True,False,False,True,False,True
2344556983052,True,False,True,False,False,True,True,False
2389003205452,True,False,True,False,False,True,False,True
2456648322254,True,False,True,False,False,True,False,True
2122590823072,True,False,True,False,True,False,True,False
2124176659828,True,False,True,False,True,False,True,False
2363593266548,True,False,False,True,False,True,False,True
2298508345050,False,True,False,False,False,False,False,False
2431555197292,True,False,True,False,False,True,True,False
2486497296046,True,False,True,False,True,False,True,False
2515998505310,True,False,True,False,True,False,True,False
2524264005060,True,False,True,False,True,False,True,False
2656024749786,True,False,True,False,True,False,True,False
2531570568160,False,True,False,False,False,False,False,False
2910068393398,True,False,True,False,True,False,True,False
2907836304188,True,False,True,False,False,True,True,False
2988163169754,True,False,True,False,False,True,False,True
2793534144638,True,False,False,True,False,True,True,False
2726826595858,True,False,True,False,True,False,False,True
2660794154510,True,False,True,False,False,True,False,True
2965605692190,True,False,True,False,True,False,True,False
2917985908000,True,False,True,False,False,True,True,False
2887493429500,True,False,True,False,False,True,False,True
2562067080734,True,False,False,True,False,True,False,True
2766850999258,True,False,True,False,False,True,True,False
2842110044268,True,False,True,False,False,True,True,False
2789722318292,True,False,False,True,False,True,False,True
2063497555414,False,True,False,False,False,False,False,False
2085726702530,True,False,True,False,False,True,True,False
2319102869012,False,True,False,False,False,False,False,False
2456897931850,True,False,True,False,True,False,True,False
2095581616398,False,True,False,False,False,False,False,False
2326416161624,True,False,True,False,True,False,False,True
2410879379430,True,False,True,False,False,True,True,False
2364528995242,True,False,True,False,False,True,False,True
2093662713112,True,False,True,False,False,True,True,False
2086983882690,True,False,True,False,True,False,True,False
2456273501790,True,False,False,True,False,True,True,False
2404200928248,True,False,True,False,True,False,False,True
2028591626982,True,False,True,False,False,True,True,False
2478201331750,True,False,True,False,True,False,False,True
2323562767396,True,False,True,False,True,False,True,False
2593114943734,False,True,False,False,False,False,False,False
2734093445590,True,False,True,False,True,False,True,False
2582981973214,True,False,True,False,False,True,True,False
2990346096824,True,False,True,False,True,False,False,True
2702987322574,True,False,True,False,True,False,True,False
2699171035128,True,False,True,False,False,True,False,True
2524536245040,True,False,True,False,True,False,True,False
2808717073468,True,False,True,False,True,False,True,False
2884604152142,True,False,True,False,False,True,True,False
2621084223934,True,False,True,False,False,True,True,False
2874781241758,False,True,False,False,False,False,False,False
2812862473902,True,False,True,False,True,False,True,False
2109890479634,True,False,True,False,False,True,False,True
2065771982068,True,False,False,True,True,False,True,False
2129595366538,True,False,True,False,True,False,False,True
2095628992420,True,False,True,False,True,False,True,False
2248989917098,False,True,False,False,False,False,False,False
2183578328004,True,False,True,False,True,False,False,True
2133733357856,True,False,True,False,True,False,True,False
2245814893738,True,False,True,False,False,True,True,False
2188975059564,True,False,True,False,False,True,True,False
2345515569256,True,False,True,False,True,False,True,False
2468079826158,True,False,True,False,True,False,True,False
2211172456090,True,False,True,False,False,True,True,False
2251822021456,True,False,True,False,True,False,True,False
2162285086372,True,False,True,False,False,True,False,True
2339451870910,True,False,True,False,False,True,True,False
2412169646282,True,False,True,False,True,False,False,True
2340411159456,True,False,True,False,True,False,True,False
2262619112790,True,False,True,False,True,False,True,False
2134675083640,True,False,False,True,False,True,False,True
2089912499610,True,False,True,False,True,False,True,False
2239781738748,True,False,False,True,False,True,False,True
2234693127242,True,False,False,True,True,False,True,False
2276919330900,True,False,True,False,True,False,False,True
2372178708358,True,False,True,False,True,False,True,False
2707137610616,True,False,False,True,False,True,False,True
2520446585160,True,False,True,False,True,False,True,False
2705562559364,True,False,True,False,False,True,True,False
2674751755570,True,False,True,False,False,True,False,True
2798900940152,True,False,True,False,False,True,True,False
2773192227806,True,False,True,False,False,True,False,True
2843036776078,False,True,False,False,False,False,False,False
2813205569832,True,False,True,False,True,False,True,False
2604290060512,True,False,True,False,False,True,True,False
2589056332990,True,False,False,True,False,True,False,True
2814802845948,True,False,True,False,False,True,True,False
2977051030430,True,False,True,False,False,True,True,False
2911970669796,True,False,True,False,False,True,False,True
2851632142580,True,False,True,False,False,True,False,True
2629358845194,False,True,False,False,False,False,False,False
2971957053538,True,False,True,False,False,True,True,False
2959249500740,True,False,True,False,True,False,True,False
3008162171276,True,False,True,False,False,True,False,True
2702713222844,True,False,True,False,False,True,False,True
2654773776866,False,True,False,False,False,False,False,False
2626205241936,True,False,False,True,True,False,True,False
2596679485870,True,False,True,False,True,False,True,False
2826874353174,True,False,False,True,False,True,True,False
2829728430570,True,False,True,False,True,False,True,False
2869426494758,True,False,True,False,True,False,False,True
2959914402836,False,True,False,False,False,False,False,False
3171946063442,True,False,False,True,False,True,True,False
3036374523446,True,False,True,False,False,True,False,True
3045272290904,True,False,True,False,True,False,True,False
3241486547732,True,False,True,False,True,False,True,False
3023356557212,True,False,True,False,False,True,True,False
3170060096116,True,False,True,False,True,False,True,False
3273556143256,True,False,True,False,False,True,False,True
3292308293662,True,False,True,False,False,True,False,True
3292639270376,True,False,True,False,True,False,True,False
3439967946310,True,False,True,False,True,False,True,False
3030031181308,True,False,False,True,False,True,True,False
3282766415926,True,False,True,False,True,False,True,False
3333881642828,True,False,True,False,True,False,True,False
3357378727824,True,False,True,False,True,False,True,False
3259263737678,True,False,True,False,True,False,True,False
3346264847498,True,False,True,False,False,True,False,True
3468526629296,True,False,True,False,False,True,False,True
3035436353966,False,True,False,False,False,False,False,False
3022741879998,True,False,True,False,True,False,True,False
3252308184910,True,False,True,False,True,False,True,False
3514237612454,True,False,True,False,False,True,False,True
3567589943940,True,False,True,False,False,True,True,False
3635212078184,True,False,True,False,False,True,False,True
3812716568470,True,False,True,False,False,True,True,False
3930516337260,False,True,False,False,False,False,False,False
3646040088874,True,False,True,False,True,False,True,False
3961641865606,True,False,True,False,True,False,True,False
3873688422884,True,False,True,False,False,True,False,True
3785425825472,True,False,False,True,True,False,True,False
3759387799734,True,False,True,False,True,False,True,False
3741263885336,True,False,True,False,True,False,True,False
3720306708674,True,False,True,False,False,True,False,True
3655858137426,True,False,True,False,False,True,False,True
3817474984612,True,False,True,False,False,True,False,True
3929242150728,True,False,False,True,False,True,True,False
3847951915886,True,False,False,True,False,True,False,True
3846693453684,False,True,False,False,False,False,False,False
3899089721246,True,False,True,False,True,False,True,False
3890530037096,True,False,True,False,True,False,True,False
3114841728618,True,False,True,False,False,True,True,False
3011010774298,True,False,True,False,False,True,True,False
3116437897690,True,False,True,False,True,False,True,False
3487292840512,True,False,True,False,False,True,True,False
3288201425568,True,False,False,True,True,False,True,False
3402195641324,True,False,True,False,False,True,True,False
3424424989652,True,False,True,False,False,True,True,False
3032944527222,True,False,True,False,False,True,False,True
3375857331546,True,False,True,False,False,True,True,False
3441271869800,True,False,True,False,False,True,True,False
3301890166424,True,False,True,False,False,True,False,True
3321574818870,False,True,False,False,False,False,False,False
3205324321552,True,False,True,False,False,True,True,False
3114845183738,True,False,True,False,True,False,False,True
3416478247298,True,False,False,True,False,True,False,True
3473636760932,False,True,False,False,False,False,False,False
3448239747782,True,False,True,False,True,False,False,True
3242831472498,True,False,True,False,True,False,True,False
3090728859546,True,False,True,False,False,True,False,True
3461912359228,True,False,True,False,False,True,True,False
3741298861240,True,False,True,False,False,True,True,False
3554297245862,True,False,True,False,True,False,True,False
3712735896602,True,False,True,False,False,True,False,True
3920709303652,True,False,True,False,True,False,False,True
3732129815328,False,True,False,False,False,False,False,False
3742285138866,True,False,True,False,True,False,True,False
3606373399778,True,False,True,False,True,False,True,False
3572719731854,True,False,True,False,False,True,False,True
3552083275756,False,True,False,False,False,False,False,False
3614002170566,True,False,True,False,False,True,True,False
3497162042932,True,False,False,True,True,False,True,False
3981055818776,False,True,False,False,False,False,False,False
3889281174930,True,False,True,False,False,True,False,True
3694311018000,True,False,False,True,False,True,True,False
3620333923094,False,True,False,False,False,False,False,False
3536833169392,True,False,False,True,True,False,True,False
3786077171430,True,False,True,False,False,True,False,True
3506367250656,True,False,True,False,False,True,True,False
3711484063282,True,False,True,False,False,True,True,False
3684499323434,True,False,True,False,False,True,False,True
3851513860098,True,False,True,False,False,True,False,True
3989940963194,True,False,True,False,True,False,True,False
3826745234384,False,True,False,False,False,False,False,False
3089074581606,True,False,True,False,True,False,False,True
3374847166940,True,False,True,False,False,True,False,True
3458672900844,True,False,True,False,False,True,True,False
3317382297888,True,False,True,False,True,False,False,True
3032265415620,True,False,True,False,False,True,True,False
3391390816362,True,False,False,True,False,True,False,True
3286281944182,True,False,True,False,True,False,True,False
3457740905280,True,False,True,False,False,True,False,True
2997946770706,False,True,False,False,False,False,False,False
3010979883018,True,False,True,False,True,False,True,False
3027161156908,True,False,True,False,True,False,False,True
3191016092790,True,False,True,False,False,True,False,True
3477086491822,True,False,True,False,False,True,True,False
3306585257258,True,False,True,False,True,False,True,False
3452317261794,True,False,True,False,True,False,True,False
3357392213458,True,False,False,True,False,True,True,False
3369138588744,True,False,True,False,True,False,True,False
3184666700186,True,False,True,False,True,False,True,False
3231984287344,True,False,True,False,True,False,True,False
3054183544976,True,False,False,True,True,False,True,False
3100537131236,True,False,True,False,True,False,True,False
3059898880432,True,False,True,False,False,True,False,True
3481560550650,False,True,False,False,False,False,False,False
3325333756132,True,False,True,False,True,False,True,False
3523134349642,True,False,True,False,True,False,True,False
3679035963988,True,False,True,False,False,True,False,True
3949235681292,True,False,True,False,True,False,True,False
3803508693106,True,False,True,False,False,True,True,False
3970842312862,True,False,True,False,False,True,False,True
3987039083686,True,False,True,False,True,False,True,False
3940354496604,True,False,True,False,False,True,False,True
3641896052900,False,True,False,False,False,False,False,False
3727950525086,True,False,True,False,True,False,True,False
3598090993402,True,False,True,False,False,True,False,True
3613337799876,True,False,False,True,False,True,True,False
3615236142206,True,False,True,False,True,False,True,False
3800656632182,True,False,True,False,True,False,False,True
3842901559684,True,False,True,False,False,True,False,True
3679990517590,True,False,True,False,False,True,True,False
3954955805806,True,False,True,False,True,False,True,False
3582209703620,True,False,False,True,True,False,False,True
3596503974742,True,False,True,False,False,True,True,False
3610779045024,False,True,False,False,False,False,False,False
3901640367840,True,False,True,False,False,True,True,False
3111669758276,True,False,True,False,False,True,True,False
3429819933896,True,False,True,False,True,False,True,False
3457446719668,True,False,True,False,False,True,True,False
3162171540844,True,False,True,False,False,True,False,True
3234243465660,True,False,True,False,False,True,False,True
3468581113554,True,False,True,False,True,False,True,False
3125957982884,True,False,True,False,False,True,True,False
3222489254012,True,False,True,False,True,False,True,False
3325994349312,True,False,True,False,False,True,True,False
3404119690724,True,False,False,True,False,True,True,False
3341890130428,True,False,True,False,False,True,True,False
3265043612804,True,False,True,False,False,True,True,False
3352693421194,True,False,True,False,True,False,True,False
3475890198510,True,False,True,False,True,False,True,False
3709241793420,True,False,True,False,False,True,True,False
3925156452450,True,False,True,False,False,True,False,True
3599087830408,True,False,True,False,False,True,True,False
3629553749070,True,False,True,False,True,False,True,False
3722276468590,False,True,False,False,False,False,False,False
3653041208134,True,False,True,False,False,True,True,False
3499678116662,True,False,True,False,False,True,True,False
3864181853008,True,False,True,False,True,False,True,False
3802912664354,True,False,True,False,False,True,False,True
3778464909490,True,False,True,False,False,True,False,True
3937537792212,True,False,True,False,True,False,False,True
3751472711184,True,False,True,False,False,True,True,False
3930235942492,True,False,True,False,False,True,False,True
3640037756120,True,False,True,False,False,True,True,False
3713386614732,True,False,True,False,True,False,True,False
3980730466882,True,False,True,False,False,True,False,True
2170410575986,True,False,True,False,True,False,True,False
2150095646220,True,False,True,False,True,False,True,False
2371720648582,True,False,True,False,True,False,True,False
2504439245910,True,False,True,False,False,True,False,True
2018353774474,True,False,True,False,False,True,False,True
2234581291150,True,False,True,False,True,False,True,False
2142181585280,True,False,True,False,False,True,False,True
2435572989694,True,False,True,False,True,False,True,False
2173276219324,True,False,True,False,False,True,False,True
2201530333938,True,False,True,False,False,True,True,False
2016738457018,True,False,True,False,True,False,False,True
2140571257606,True,False,True,False,False,True,True,False
2095176078022,False,True,False,False,False,False,False,False
2282502747364,True,False,True,False,True,False,False,True
1999289447282,True,False,True,False,True,False,True,False
2064384676262,True,False,True,False,False,True,True,False
2025336242802,False,True,False,False,False,False,False,False
2212358547098,True,False,True,False,True,False,True,False
2072640020178,True,False,True,False,True,False,True,False
2418418090438,True,False,True,False,True,False,True,False
2339356417324,True,False,True,False,True,False,True,False
2422556031652,True,False,True,False,False,True,False,True
2538738437784,True,False,True,False,False,True,True,False
2828637623900,False,True,False,False,False,False,False,False
2795301602706,True,False,True,False,True,False,True,False
2842600289522,True,False,True,False,True,False,True,False
2644172187878,True,False,True,False,False,True,False,True
2744828649182,True,False,True,False,False,True,True,False
2510508465262,True,False,True,False,True,False,False,True
2517810744824,True,False,True,False,True,False,True,False
2886437377550,True,False,True,False,False,True,True,False
2862947424878,True,False,True,False,True,False,True,False
2620333921680,True,False,True,False,True,False,True,False
2584137776398,True,False,True,False,False,True,False,True
2895316347532,True,False,True,False,True,False,True,False
2535904068220,False,True,False,False,False,False,False,False
2505093566554,True,False,True,False,False,True,False,True
2743552168998,True,False,True,False,False,True,False,True
2956926869566,False,True,False,False,False,False,False,False
2766413862042,True,False,True,False,True,False,False,True
2799770673504,True,False,False,True,True,False,False,True
2216506490650,True,False,True,False,False,True,True,False
2314287101966,True,False,True,False,True,False,False,True
2474638582690,True,False,False,True,False,True,False,True
2277787472414,True,False,False,True,False,True,False,True
2353676945822,True,False,True,False,False,True,True,False
2052355000856,True,False,True,False,True,False,True,False
2003153009012,False,True,False,False,False,False,False,False
2222241783770,True,False,True,False,True,False,True,False
2008543440940,True,False,True,False,True,False,True,False
2362251598086,True,False,True,False,False,True,False,True
2452438089156,True,False,True,False,True,False,True,False
2482287338374,True,False,True,False,False,True,True,False
2125366332906,False,True,False,False,False,False,False,False
2098065837246,True,False,True,False,False,True,True,False
1993298627016,True,False,True,False,True,False,True,False
2298118833884,True,False,True,False,False,True,False,True
2275264752192,True,False,True,False,False,True,False,True
2735320437624,True,False,True,False,False,True,True,False
2797564990940,True,False,True,False,True,False,True,False
2917583997762,True,False,True,False,True,False,True,False
2807393269194,True,False,True,False,False,True,True,False
2793749434296,True,False,True,False,True,False,True,False
2849003710086,True,False,True,False,True,False,True,False
2910923941112,True,False,True,False,True,False,True,False
2601661376450,True,False,True,False,True,False,True,False
2718508383288,True,False,True,False,False,True,False,True
2953475626708,True,False,True,False,False,True,True,False
2986504082432,False,True,False,False,False,False,False,False
2956978149720,True,False,True,False,False,True,True,False
2522263459804,False,True,False,False,False,False,False,False
2640381529932,True,False,True,False,False,True,True,False
2695004646568,True,False,True,False,True,False,True,False
2670553868216,True,False,False,True,False,True,False,True
2925512549056,True,False,False,True,True,False,False,True
2883919697720,True,False,True,False,True,False,True,False
2601676144292,True,False,True,False,False,True,True,False
2570863651084,True,False,True,False,True,False,True,False
2966184770224,True,False,True,False,False,True,True,False
2070084414462,True,False,True,False,False,True,True,False
2175187843708,False,True,False,False,False,False,False,False
2456499373958,True,False,True,False,False,True,False,True
2392056068978,True,False,True,False,True,False,True,False
2278372897286,True,False,True,False,True,False,False,True
2353626750028,True,False,True,False,True,False,False,True
2050736684984,True,False,True,False,False,True,False,True
2195210780346,True,False,True,False,True,False,True,False
2030404670662,False,True,False,False,False,False,False,False
2455248596996,True,False,True,False,False,True,True,False
2375242075134,False,True,False,False,False,False,False,False
2474631000976,True,False,False,True,False,True,False,True
2513367685442,True,False,True,False,False,True,False,True
2185014861224,True,False,True,False,True,False,True,False
2250432347674,True,False,True,False,False,True,True,False
2228849430954,True,False,True,False,False,True,True,False
2319963154654,True,False,False,True,True,False,True,False
2385383791010,True,False,True,False,True,False,True,False
2267571423006,True,False,True,False,True,False,False,True
2342821571358,True,False,True,False,True,False,True,False
2483172190612,True,False,True,False,True,False,False,True
2517146526404,True,False,True,False,False,True,False,True
2515561194348,True,False,True,False,False,True,False,True
2692727727858,True,False,True,False,False,True,False,True
2572404304914,True,False,True,False,True,False,True,False
2798158932626,True,False,True,False,True,False,False,True
2786719771914,True,False,True,False,False,True,True,False
2974051682666,True,False,True,False,False,True,True,False
2767373025610,True,False,True,False,True,False,False,True
2938526158604,True,False,True,False,True,False,True,False
2803579906986,False,True,False,False,False,False,False,False
2523816261774,False,True,False,False,False,False,False,False
2681647313916,True,False,True,False,True,False,True,False
2754034187732,True,False,True,False,False,True,True,False
2942960201994,True,False,True,False,False,True,False,True
2925819640682,True,False,True,False,False,True,True,False
2086629977808,True,False,True,False,False,True,False,True
2243488234192,True,False,True,False,True,False,True,False
2135530855364,True,False,True,False,True,False,True,False
2151730498782,True,False,True,False,False,True,False,True
2497179936290,True,False,False,True,False,True,True,False
2502261062896,True,False,True,False,False,True,False,True
2281276214610,True,False,True,False,False,True,True,False
2380025791924,True,False,True,False,True,False,True,False
2435594739868,True,False,True,False,False,True,True,False
2233672179370,True,False,True,False,False,True,True,False
2185074257156,True,False,True,False,True,False,True,False
2235878263660,True,False,True,False,False,True,False,True
2287639164440,True,False,True,False,True,False,False,True
2156162802012,False,True,False,False,False,False,False,False
2054885640380,True,False,True,False,False,True,False,True
2218411791978,True,False,False,True,False,True,True,False
2411764537378,True,False,True,False,False,True,False,True
2435577025494,True,False,True,False,True,False,False,True
2417804725284,False,True,False,False,False,False,False,False
2480983015708,True,False,True,False,True,False,True,False
2107281606096,True,False,True,False,False,True,True,False
2159680696978,True,False,True,False,True,False,True,False
2213667716372,True,False,True,False,True,False,True,False
2256212371156,True,False,True,False,False,True,False,True
2425437352516,False,True,False,False,False,False,False,False
2271776093680,True,False,True,False,False,True,False,True
2452438471810,True,False,True,False,True,False,True,False
2727378584126,False,True,False,False,False,False,False,False
2563226062162,True,False,True,False,False,True,False,True
2545126363974,False,True,False,False,False,False,False,False
2617862181348,True,False,True,False,True,False,False,True
2690569674694,True,False,True,False,False,True,False,True
2620086938062,True,False,True,False,False,True,False,True
2651842819236,True,False,True,False,False,True,True,False
2722968735490,True,False,True,False,False,True,True,False
2916974362230,True,False,True,False,True,False,True,False
2698178086566,True,False,False,True,False,True,False,True
2761037469574,True,False,True,False,False,True,True,False
2874715299862,True,False,True,False,False,True,False,True
2895032901014,True,False,True,False,False,True,False,True
2592140971002,True,False,True,False,False,True,True,False
2677884323684,False,True,False,False,False,False,False,False
2535628434510,True,False,True,False,True,False,True,False
2773126589702,True,False,True,False,True,False,True,False
2804555476770,False,True,False,False,False,False,False,False
3058199947450,True,False,True,False,False,True,True,False
3178536927700,True,False,True,False,False,True,True,False
3203319515216,True,False,True,False,True,False,True,False
3403035840168,True,False,True,False,False,True,True,False
3141404148206,False,True,False,False,False,False,False,False
3049653896266,True,False,True,False,True,False,True,False
3497041365412,True,False,True,False,False,True,False,True
3485278988910,True,False,True,False,False,True,True,False
3337641538788,True,False,True,False,False,True,False,True
3478305191680,True,False,True,False,False,True,False,True
3223640317956,True,False,True,False,True,False,False,True
3207116905248,True,False,True,False,True,False,True,False
3136318689464,True,False,True,False,True,False,False,True
3167447215690,True,False,True,False,False,True,True,False
3261437017546,True,False,True,False,False,True,False,True
3413201976136,True,False,True,False,True,False,True,False
3565909109748,True,False,True,False,False,True,True,False
3624333873346,False,True,False,False,False,False,False,False
3517018842286,True,False,True,False,True,False,True,False
3916781511946,True,False,True,False,False,True,True,False
3585310010436,True,False,True,False,False,True,False,True
3627547453336,True,False,True,False,True,False,False,True
3621828817374,True,False,True,False,False,True,False,True
3754227702530,True,False,False,True,False,True,True,False
3793279083390,True,False,True,False,False,True,False,True
3907265640032,True,False,True,False,True,False,True,False
3872987692318,True,False,False,True,True,False,True,False
3505280532512,True,False,True,False,False,True,True,False
3642763013118,True,False,True,False,True,False,True,False
3716425158618,True,False,True,False,False,True,True,False
3746592859910,True,False,True,False,False,True,False,True
3534170241714,False,True,False,False,False,False,False,False
3933282523868,True,False,True,False,False,True,False,True
3869783640160,True,False,True,False,True,False,True,False
3859304396776,True,False,True,False,True,False,True,False
3665323162188,True,False,True,False,True,False,True,False
3740579056220,True,False,True,False,True,False,True,False
3568787053146,True,False,True,False,False,True,True,False
3587846367564,True,False,True,False,False,True,False,True
3974908942184,True,False,True,False,True,False,True,False
3833608561354,True,False,False,True,False,True,False,True
3815191796770,True,False,True,False,True,False,True,False
3260512931420,True,False,True,False,False,True,False,True
3253829815866,True,False,True,False,False,True,True,False
3317657358676,True,False,True,False,False,True,False,True
3056986138814,True,False,False,True,False,True,False,True
3104933574302,True,False,True,False,True,False,True,False
3377366363994,True,False,True,False,False,True,True,False
3078245288508,True,False,True,False,True,False,True,False
3057293605674,True,False,False,True,True,False,True,False
3141761132526,True,False,True,False,True,False,True,False
3137619563896,True,False,True,False,False,True,False,True
3128098021036,True,False,True,False,True,False,True,False
3244636605464,True,False,False,True,False,True,True,False
3489440165572,True,False,True,False,True,False,True,False
3049688296686,True,False,True,False,True,False,True,False
3183375581970,True,False,True,False,True,False,True,False
3268452168194,True,False,True,False,False,True,False,True
3430073022858,False,True,False,False,False,False,False,False
3513565484254,True,False,True,False,True,False,True,False
3625015659968,True,False,True,False,True,False,True,False
3520888529580,True,False,True,False,True,False,True,False
3528825168746,False,True,False,False,False,False,False,False
3826345944268,True,False,True,False,True,False,True,False
3834604916600,True,False,True,False,False,True,True,False
3898105968246,True,False,True,False,True,False,True,False
3965101504362,True,False,True,False,False,True,False,True
3897478110950,True,False,True,False,False,True,True,False
3730757960872,False,True,False,False,False,False,False,False
3876492156806,True,False,True,False,True,False,False,True
3903167541940,True,False,True,False,True,False,True,False
3696168995028,False,True,False,False,False,False,False,False
3687901052522,True,False,True,False,False,True,True,False
3793962006340,True,False,True,False,False,True,False,True
3017889349912,True,False,True,False,True,False,True,False
3015023606814,True,False,True,False,True,False,True,False
3353497709610,True,False,True,False,False,True,False,True
3147139722010,True,False,True,False,False,True,True,False
3322711348382,True,False,True,False,True,False,True,False
3205208990288,True,False,True,False,False,True,False,True
3072814592372,True,False,True,False,True,False,False,True
3124891651994,True,False,True,False,False,True,False,True
3278559386656,True,False,True,False,True,False,True,False
3454779105324,True,False,True,False,False,True,True,False
3412244101192,True,False,True,False,True,False,True,False
3257611559250,True,False,True,False,True,False,True,False
3236340642718,True,False,True,False,False,True,False,True
3301751804098,True,False,True,False,False,True,False,True
3408754985280,True,False,True,False,False,True,False,True
3366525632348,True,False,True,False,False,True,False,True
3084890154088,True,False,True,False,False,True,True,False
3145217694062,True,False,True,False,False,True,False,True
3245885343276,True,False,True,False,False,True,True,False
3213819704048,True,False,False,True,False,True,False,True
2984564847546,True,False,True,False,False,True,True,False
3494811346826,True,False,True,False,True,False,True,False
3488776955720,True,False,True,False,True,False,True,False
3649425366270,True,False,True,False,True,False,True,False
3858995042076,True,False,True,False,False,True,False,True
3591654013194,True,False,True,False,False,True,False,True
3642142691382,False,True,False,False,False,False,False,False
3822810664140,True,False,True,False,False,True,True,False
3868536442418,True,False,True,False,True,False,True,False
3954908837474,True,False,True,False,True,False,True,False
3657677409706,True,False,False,True,True,False,False,True
3669437443808,True,False,True,False,False,True,True,False
3982181488426,True,False,True,False,False,True,True,False
3940599044856,True,False,True,False,True,False,True,False
3725020024718,True,False,True,False,False,True,False,True
3546877268826,True,False,True,False,False,True,False,True
3732945324814,True,False,True,False,True,False,True,False
3740576766770,True,False,False,True,True,False,True,False
3018880566652,False,True,False,False,False,False,False,False
3332589520780,True,False,True,False,False,True,False,True
3426573903214,True,False,True,False,False,True,True,False
3115726863678,True,False,True,False,False,True,True,False
3015407552838,True,False,True,False,True,False,True,False
3129065375280,True,False,True,False,False,True,False,True
3316725339406,True,False,True,False,False,True,False,True
3501204610398,True,False,True,False,True,False,True,False
3262116536074,True,False,True,False,False,True,True,False
3064277360168,True,False,True,False,False,True,False,True
3220176782076,True,False,True,False,False,True,False,True
3246205660970,True,False,True,False,False,True,False,True
3164288802560,True,False,True,False,False,True,False,True
3346228140602,True,False,True,False,True,False,True,False
3250015801096,True,False,True,False,True,False,True,False
3209720974798,False,True,False,False,False,False,False,False
3208768591444,True,False,True,False,True,False,True,False
3474531067118,True,False,True,False,False,True,False,True
3393887463336,False,True,False,False,False,False,False,False
3365932776430,True,False,True,False,False,True,False,True
3707251327516,True,False,False,True,False,True,True,False
3712968048364,True,False,True,False,False,True,False,True
3613913299584,False,True,False,False,False,False,False,False
3779957459972,True,False,True,False,False,True,False,True
3781232504228,False,True,False,False,False,False,False,False
3965708676294,True,False,True,False,False,True,True,False
3633283279478,True,False,True,False,True,False,True,False
3920967588254,True,False,True,False,True,False,True,False
3959388995270,True,False,True,False,False,True,False,True
3745037594164,False,True,False,False,False,False,False,False
3591677476654,True,False,True,False,True,False,True,False
3876490244482,True,False,True,False,False,True,True,False
3791396623386,True,False,True,False,True,False,True,False
3760592068182,True,False,True,False,True,False,True,False
3807583667358,False,True,False,False,False,False,False,False
3587251246992,True,False,True,False,False,True,False,True
3712672050226,True,False,True,False,True,False,True,False
3661242000722,True,False,True,False,True,False,True,False
3885086947336,True,False,True,False,True,False,True,False
854430574,True,False,True,False,False,True,False,True
2020939597504,True,False,False,True,False,True,True,False
2004747539802,True,False,True,False,True,False,True,False
2075898177118,True,False,True,False,True,False,True,False
2355322152176,True,False,True,False,False,True,False,True
2361989945980,True,False,True,False,False,True,True,False
2053973296124,True,False,True,False,True,False,True,False
2172085419848,True,False,True,False,False,True,False,True
2104139919698,True,False,True,False,False,True,False,True
2180659719822,True,False,True,False,False,True,False,True
2341007117458,True,False,True,False,True,False,True,False
2436897729422,True,False,True,False,True,False,True,False
2119075783498,True,False,True,False,True,False,True,False
2117492416594,True,False,True,False,False,True,True,False
2048280919018,False,True,False,False,False,False,False,False
2028589261430,True,False,True,False,True,False,False,True
2136226777064,True,False,True,False,True,False,True,False
2212114031838,True,False,True,False,True,False,True,False
2351495307316,True,False,True,False,True,False,True,False
2359127404140,True,False,True,False,True,False,True,False
2354673254864,True,False,True,False,False,True,True,False
2292761944566,True,False,True,False,True,False,True,False
2749340986044,True,False,True,False,False,True,False,True
2618189929940,True,False,True,False,False,True,False,True
2725196815948,True,False,True,False,True,False,True,False
2671857790290,True,False,True,False,False,True,True,False
2753784023088,True,False,True,False,True,False,True,False
2970651644226,True,False,True,False,False,True,True,False
2841727790482,True,False,True,False,True,False,True,False
2594698742816,True,False,True,False,False,True,False,True
2537235938878,True,False,True,False,False,True,False,True
2718211932190,True,False,False,True,False,True,False,True
2632490276436,False,True,False,False,False,False,False,False
2793158444946,True,False,True,False,False,True,False,True
2770604142972,True,False,True,False,False,True,True,False
2714106272028,True,False,False,True,False,True,True,False
2786820166132,True,False,True,False,True,False,True,False
2821119584440,True,False,False,True,False,True,False,True
2043220278254,True,False,True,False,False,True,True,False
2129888093894,True,False,True,False,True,False,True,False
2391538079772,True,False,True,False,True,False,False,True
2344850141346,True,False,True,False,True,False,True,False
2312465999304,True,False,True,False,False,True,True,False
2285786280950,True,False,True,False,False,True,True,False
2409305491996,True,False,True,False,True,False,True,False
2434720901706,True,False,True,False,False,True,False,True
2108002169748,True,False,True,False,False,True,True,False
2074661789398,True,False,True,False,False,True,False,True
2268029856244,False,True,False,False,False,False,False,False
2281680318328,True,False,True,False,False,True,False,True
2449332138498,True,False,False,True,False,True,False,True
2348369597992,True,False,True,False,True,False,False,True
2309000042384,True,False,True,False,False,True,True,False
2496975686950,False,True,False,False,False,False,False,False
2191165901408,True,False,True,False,False,True,False,True
2142601468956,False,True,False,False,False,False,False,False
2379470230882,True,False,True,False,True,False,True,False
2142923449446,True,False,True,False,False,True,False,True
2222302996346,True,False,True,False,True,False,False,True
2016235616360,True,False,True,False,False,True,True,False
2407740673396,True,False,True,False,True,False,True,False
2378844263028,True,False,True,False,False,True,True,False
2326142368578,True,False,False,True,False,True,False,True
2598551115510,True,False,True,False,False,True,False,True
2518224831202,True,False,False,True,False,True,False,True
2786833621148,True,False,True,False,False,True,False,True
2922103341354,True,False,True,False,True,False,True,False
2519512727938,True,False,True,False,False,True,True,False
2851325990290,True,False,True,False,True,False,True,False
2852272906534,True,False,True,False,False,True,True,False
2956419894614,True,False,False,True,False,True,False,True
2733507373514,True,False,True,False,False,True,True,False
2600455003128,True,False,True,False,True,False,True,False
2741433932440,True,False,True,False,False,True,True,False
2898299371386,True,False,False,True,True,False,True,False
2832885641180,True,False,True,False,False,True,False,True
2587773354460,True,False,False,True,False,True,False,True
2578259825232,True,False,False,True,False,True,True,False
2574127327980,False,True,False,False,False,False,False,False
2663987276866,True,False,True,False,True,False,True,False
2737962456932,True,False,False,True,False,True,False,True
2879893593968,True,False,True,False,False,True,True,False
2962456782628,True,False,True,False,True,False,False,True
2955775179380,True,False,True,False,False,True,True,False
2951969450414,True,False,True,False,False,True,True,False
2198116516154,True,False,True,False,True,False,True,False
2238124288346,True,False,False,True,False,True,False,True
2021581546254,True,False,False,True,False,True,False,True
2183840389478,True,False,True,False,True,False,True,False
2260672341112,True,False,False,True,False,True,False,True
2372443664818,True,False,True,False,True,False,True,False
2439755737610,False,True,False,False,False,False,False,False
2398155251096,False,True,False,False,False,False,False,False
2053997944380,True,False,True,False,False,True,True,False
2206079565636,False,True,False,False,False,False,False,False
2167027100962,True,False,False,True,False,True,False,True
2261013423292,True,False,True,False,False,True,False,True
2327689876662,True,False,True,False,False,True,True,False
2428029826104,True,False,True,False,False,True,False,True
2475345043984,True,False,True,False,False,True,False,True
2075866303658,True,False,True,False,True,False,False,True
2388949112736,True,False,False,True,False,True,False,True
2313061102166,True,False,True,False,False,True,False,True
2277178822912,True,False,True,False,True,False,True,False
2457215912984,True,False,True,False,False,True,False,True
2444204170808,False,True,False,False,False,False,False,False
2207344380604,True,False,True,False,True,False,False,True
2160044762314,True,False,True,False,False,True,True,False
2376592292514,False,True,False,False,False,False,False,False
2414371503510,True,False,True,False,False,True,False,True
2569305083184,False,True,False,False,False,False,False,False
2646149106414,True,False,True,False,False,True,False,True
2898882299742,True,False,True,False,True,False,True,False
2897292154840,True,False,True,False,True,False,True,False
2861105433566,True,False,True,False,False,True,True,False
2556295254774,True,False,True,False,True,False,True,False
2522338053454,False,True,False,False,False,False,False,False
2854131560370,True,False,True,False,True,False,True,False
2656623336142,True,False,True,False,True,False,True,False
2700751434568,True,False,True,False,True,False,True,False
2648362978718,True,False,True,False,False,True,False,True
2595027657206,True,False,True,False,False,True,False,True
2882374385550,True,False,True,False,False,True,True,False
2800767185062,True,False,True,False,False,True,False,True
2811895429592,True,False,False,True,False,True,False,True
2820455668608,True,False,False,True,False,True,False,True
2938571671660,True,False,True,False,False,True,False,True
2834447513826,True,False,True,False,False,True,False,True
2804607110494,True,False,True,False,True,False,True,False
2859854129794,True,False,True,False,False,True,True,False
2154334943896,True,False,True,False,True,False,True,False
2155614978604,True,False,True,False,True,False,True,False
2429316335462,True,False,True,False,True,False,True,False
2414704847140,True,False,True,False,False,True,True,False
2393116259306,True,False,True,False,True,False,False,True
2502031969630,True,False,True,False,False,True,False,True
1998776100648,True,False,True,False,False,True,False,True
2353446015160,True,False,True,False,True,False,True,False
2368064939392,True,False,True,False,True,False,True,False
2007654993700,False,True,False,False,False,False,False,False
2131175062158,True,False,True,False,True,False,True,False
2060357947156,True,False,False,True,False,True,False,True
2079730295842,True,False,False,True,False,True,False,True
2108945714010,True,False,True,False,False,True,True,False
2374072670336,True,False,True,False,False,True,False,True
2142616617484,True,False,True,False,True,False,True,False
2028301682326,True,False,True,False,True,False,True,False
2037510644416,True,False,True,False,True,False,True,False
2164202132344,True,False,True,False,False,True,True,False
2024501446242,True,False,True,False,False,True,True,False
2359160772324,False,True,False,False,False,False,False,False
2285501374388,True,False,True,False,False,True,True,False
2328051952500,True,False,True,False,False,True,False,True
2706516915816,True,False,False,True,False,True,False,True
2958936923930,True,False,False,True,False,True,False,True
2791289891920,False,True,False,False,False,False,False,False
2944325964822,True,False,False,True,False,True,True,False
2605237410572,True,False,True,False,False,True,False,True
2884972782382,True,False,True,False,False,True,False,True
2895764379942,True,False,True,False,False,True,False,True
2947205997084,False,True,False,False,False,False,False,False
2553149791998,True,False,True,False,False,True,True,False
2567441770776,False,True,False,False,False,False,False,False
2717311614994,False,True,False,False,False,False,False,False
2887174331946,True,False,True,False,True,False,True,False
2650959459418,True,False,True,False,False,True,False,True
2738604051446,True,False,True,False,True,False,True,False
2536331565012,True,False,True,False,False,True,False,True
2861162865302,True,False,True,False,True,False,True,False
2905292400456,True,False,True,False,True,False,False,True
2845613559308,True,False,True,False,True,False,True,False
3158299815762,False,True,False,False,False,False,False,False
3139259478104,True,False,True,False,False,True,True,False
3302141088526,True,False,True,False,True,False,True,False
3328817153178,True,False,True,False,True,False,True,False
3249755026382,True,False,True,False,False,True,True,False
3372316461334,True,False,True,False,True,False,True,False
3093863566590,True,False,True,False,True,False,True,False
3158632935156,False,True,False,False,False,False,False,False
3373278168040,True,False,False,True,False,True,True,False
3265327038776,True,False,False,True,False,True,False,True
3247213960560,True,False,True,False,True,False,False,True
3425329752966,True,False,True,False,True,False,True,False
3348500522692,True,False,True,False,False,True,False,True
3270713893402,True,False,True,False,False,True,False,True
3217071736010,False,True,False,False,False,False,False,False
3339625232646,True,False,False,True,False,True,True,False
3303104561956,True,False,True,False,True,False,True,False
3397738953730,True,False,True,False,False,True,True,False
3613620749144,True,False,True,False,False,True,True,False
3607600544310,False,True,False,False,False,False,False,False
3517098324038,True,False,True,False,True,False,True,False
3754607618260,True,False,True,False,True,False,True,False
3538716192910,False,True,False,False,False,False,False,False
3572681560668,True,False,True,False,False,True,False,True
3624734328176,True,False,True,False,False,True,True,False
3601559198660,True,False,True,False,False,True,False,True
3558064629220,True,False,True,False,True,False,True,False
3692057465040,True,False,True,False,True,False,True,False
3812402634658,True,False,False,True,True,False,True,False
3881611865024,True,False,True,False,False,True,True,False
3544099569848,True,False,True,False,False,True,True,False
3526324825526,True,False,True,False,True,False,True,False
3612059383378,True,False,True,False,False,True,True,False
3608573216016,True,False,True,False,True,False,True,False
3627617510748,True,False,True,False,True,False,True,False
3615874865798,True,False,True,False,True,False,True,False
3903216605434,True,False,True,False,False,True,True,False
3972117765136,True,False,False,True,True,False,False,True
3861939535254,True,False,True,False,False,True,True,False
3857192964384,True,False,False,True,False,True,False,True
3985149844606,True,False,True,False,False,True,False,True
3230414807090,True,False,True,False,True,False,True,False
3059592575086,True,False,True,False,True,False,True,False
3124678405354,False,True,False,False,False,False,False,False
3310109101888,True,False,True,False,True,False,True,False
3365357506124,True,False,True,False,False,True,True,False
3198370638332,True,False,True,False,True,False,False,True
3007860579264,True,False,True,False,False,True,False,True
3108202645208,False,True,False,False,False,False,False,False
3416508038412,True,False,False,True,False,True,True,False
3055456449708,True,False,True,False,False,True,False,True
3405680304274,True,False,True,False,False,True,True,False
3410132237564,True,False,True,False,False,True,False,True
3510154716190,True,False,False,True,True,False,False,True
3447917571562,True,False,True,False,True,False,True,False
3041199323518,True,False,True,False,True,False,True,False
3120890443256,True,False,True,False,False,True,True,False
3203124796482,True,False,True,False,False,True,False,True
3225987094024,True,False,True,False,False,True,True,False
3475570387458,True,False,False,True,True,False,False,True
3547309973892,True,False,True,False,True,False,True,False
3861976627156,True,False,True,False,False,True,True,False
3859755625568,True,False,True,False,False,True,True,False
3805156649830,True,False,False,True,False,True,False,True
3502214499238,True,False,True,False,False,True,False,True
3630171078336,True,False,False,True,False,True,False,True
3620343178820,True,False,False,True,False,True,False,True
3982960922696,True,False,True,False,False,True,True,False
3997258620962,False,True,False,False,False,False,False,False
3051300291040,True,False,True,False,False,True,True,False
3108777031044,True,False,True,False,True,False,True,False
3155446120680,True,False,True,False,True,False,True,False
3156719753972,True,False,True,False,False,True,False,True
3018906448346,True,False,True,False,False,True,False,True
3175126262706,True,False,True,False,False,True,False,True
3272614932036,True,False,True,False,False,True,True,False
3474874592424,True,False,True,False,True,False,True,False
3499323657774,False,True,False,False,False,False,False,False
3248806275134,True,False,True,False,False,True,True,False
3428216036244,True,False,True,False,False,True,False,True
3353907007654,True,False,True,False,True,False,False,True
3309784881850,False,True,False,False,False,False,False,False
3343761840282,True,False,True,False,False,True,False,True
3063994187558,True,False,True,False,True,False,True,False
3060815762732,True,False,True,False,False,True,False,True
3056691127546,True,False,True,False,True,False,True,False
3069713302892,True,False,True,False,False,True,True,False
3507895388298,True,False,True,False,False,True,False,True
3337376791746,True,False,False,True,True,False,True,False
3462158220490,True,False,True,False,True,False,True,False
3503445195124,True,False,False,True,False,True,False,True
3128148097220,True,False,True,False,True,False,True,False
3335494426536,True,False,True,False,False,True,False,True
3480919443440,True,False,True,False,False,True,True,False
3451399760182,True,False,True,False,False,True,False,True
3288179562600,True,False,True,False,False,True,True,False
3544093851898,False,True,False,False,False,False,False,False
3629186616356,True,False,True,False,True,False,True,False
3958446841780,False,True,False,False,False,False,False,False
3831764250028,True,False,False,True,True,False,False,True
3959434026736,True,False,True,False,False,True,False,True
3795589095648,True,False,True,False,False,True,True,False
3567897546628,True,False,False,True,True,False,True,False
3580915841322,True,False,True,False,True,False,True,False
3670144379398,False,True,False,False,False,False,False,False
3595528238148,True,False,True,False,False,True,False,True
3890813900066,True,False,True,False,True,False,True,False
3820336051840,True,False,True,False,False,True,False,True
3742230567444,True,False,True,False,True,False,True,False
3856854026858,True,False,True,False,False,True,False,True
3595225686378,True,False,True,False,False,True,False,True
3687625291780,True,False,True,False,False,True,True,False
3985461621780,True,False,False,True,False,True,False,True
3908931591154,False,True,False,False,False,False,False,False
3037373863808,True,False,True,False,False,True,True,False
3224386769390,True,False,True,False,True,False,True,False
3220901710234,True,False,True,False,False,True,True,False
3496811469776,True,False,True,False,True,False,True,False
3488561544142,True,False,True,False,True,False,True,False
3194549439172,True,False,True,False,False,True,False,True
3121218119712,True,False,True,False,False,True,False,True
3175502498808,True,False,True,False,False,True,False,True
3139307587700,True,False,False,True,False,True,False,True
3154876979130,True,False,True,False,True,False,True,False
3323154514570,True,False,True,False,False,True,False,True
3503513534880,True,False,True,False,True,False,True,False
3302837191786,True,False,True,False,False,True,True,False
3231053001256,True,False,True,False,False,True,True,False
3107529708670,True,False,True,False,False,True,True,False
3123410874486,True,False,True,False,True,False,True,False
3341872093418,True,False,False,True,False,True,False,True
3196456123428,True,False,True,False,False,True,True,False
3218692679122,False,True,False,False,False,False,False,False
3018647192014,True,False,True,False,False,True,False,True
3022788383334,False,True,False,False,False,False,False,False
3261247465386,True,False,True,False,False,True,False,True
3313944445788,True,False,True,False,False,True,True,False
3885776114916,True,False,True,False,False,True,True,False
3917530181172,True,False,False,True,True,False,False,True
3758452284242,True,False,True,False,True,False,True,False
3896265943976,True,False,False,True,True,False,False,True
3910884034514,True,False,True,False,True,False,True,False
3994700192802,True,False,True,False,True,False,True,False
3959772866986,True,False,True,False,False,True,False,True
3714634651042,True,False,False,True,False,True,False,True
3567948299216,False,True,False,False,False,False,False,False
3610800597550,True,False,False,True,False,True,False,True
3595250231352,False,True,False,False,False,False,False,False
3530479175788,True,False,False,True,False,True,False,True
3842913512128,True,False,True,False,True,False,True,False
3774013361260,True,False,True,False,True,False,True,False
3620677232198,True,False,True,False,True,False,True,False
3684813173882,True,False,True,False,True,False,True,False
3694662115028,True,False,True,False,True,False,True,False
3948344440562,True,False,True,False,True,False,True,False
3930887241238,False,True,False,False,False,False,False,False
3836903489504,True,False,True,False,True,False,True,False
3873740169046,False,True,False,False,False,False,False,False
